"File","Guid"
"Assets\_Recovery\0 (1).unity","0000000000000000e000000000000000"
"Assets\_Recovery\0 (2).unity","0000000000000000e000000000000000"
"Assets\_Recovery\0 (3).unity","0000000000000000e000000000000000"
"Assets\_Recovery\0 (4).unity","0000000000000000e000000000000000"
"Assets\_Recovery\0 (5).unity","0000000000000000e000000000000000"
"Assets\_Recovery\0.unity","0000000000000000e000000000000000"
"Assets\RecursosUnificados\BranchPedrao\_Recovery\0 (1).unity","0000000000000000e000000000000000"
"Assets\RecursosUnificados\BranchPedrao\_Recovery\0 (2).unity","0000000000000000e000000000000000"
"Assets\RecursosUnificados\BranchPedrao\_Recovery\0 (3).unity","0000000000000000e000000000000000"
"Assets\RecursosUnificados\BranchPedrao\_Recovery\0.unity","0000000000000000e000000000000000"
"Assets\RecursosUnificados\BranchPedrao\Scenes\bla.unity","0000000000000000e000000000000000"
"Assets\RecursosUnificados\BranchPedrao\Scenes\Cena do JHON.unity","0000000000000000e000000000000000"
"Assets\RecursosUnificados\BranchPedrao\Scenes\CenaDoCT.unity","0000000000000000e000000000000000"
"Assets\RecursosUnificados\BranchPedrao\Settings\Scenes\URP2DSceneTemplate.unity","0000000000000000e000000000000000"
"Assets\RecursosUnificados\ChegaComJhon\_Recovery\0 (5).unity","0000000000000000e000000000000000"
"Assets\RecursosUnificados\ChegaComJhon\Scenes\bla.unity","0000000000000000e000000000000000"
"Assets\RecursosUnificados\ChegaComJhon\Scenes\CenaDoCT.unity","0000000000000000e000000000000000"
"Assets\RecursosUnificados\ChegaComJhon\Scenes\ServerHub.unity","0000000000000000e000000000000000"
"Assets\RecursosUnificados\ChegaComJhon\Settings\PlayMode\NewPlayModeScenario.asset","0000000000000000e000000000000000"
"Assets\RecursosUnificados\ColegaTeste\_Recovery\0.unity","0000000000000000e000000000000000"
"Assets\RecursosUnificados\ColegaTeste\Decoracao_Background.unity","0000000000000000e000000000000000"
"Assets\RecursosUnificados\ColegaTeste\PlatformerSet1\Map Assets\Decoration\Decoration.prefab","0000000000000000e000000000000000"
"Assets\RecursosUnificados\ColegaTeste\PlatformerSet1\Map Assets\Decoration\other_and_decorative_0.asset","0000000000000000e000000000000000"
"Assets\RecursosUnificados\ColegaTeste\PlatformerSet1\Map Assets\Decoration\other_and_decorative_1.asset","0000000000000000e000000000000000"
"Assets\RecursosUnificados\ColegaTeste\PlatformerSet1\Map Assets\Decoration\other_and_decorative_10.asset","0000000000000000e000000000000000"
"Assets\RecursosUnificados\ColegaTeste\PlatformerSet1\Map Assets\Decoration\other_and_decorative_11.asset","0000000000000000e000000000000000"
"Assets\RecursosUnificados\ColegaTeste\PlatformerSet1\Map Assets\Decoration\other_and_decorative_12.asset","0000000000000000e000000000000000"
"Assets\RecursosUnificados\ColegaTeste\PlatformerSet1\Map Assets\Decoration\other_and_decorative_13.asset","0000000000000000e000000000000000"
"Assets\RecursosUnificados\ColegaTeste\PlatformerSet1\Map Assets\Decoration\other_and_decorative_14.asset","0000000000000000e000000000000000"
"Assets\RecursosUnificados\ColegaTeste\PlatformerSet1\Map Assets\Decoration\other_and_decorative_15.asset","0000000000000000e000000000000000"
"Assets\RecursosUnificados\ColegaTeste\PlatformerSet1\Map Assets\Decoration\other_and_decorative_16.asset","0000000000000000e000000000000000"
"Assets\RecursosUnificados\ColegaTeste\PlatformerSet1\Map Assets\Decoration\other_and_decorative_17.asset","0000000000000000e000000000000000"
"Assets\RecursosUnificados\ColegaTeste\PlatformerSet1\Map Assets\Decoration\other_and_decorative_18.asset","0000000000000000e000000000000000"
"Assets\RecursosUnificados\ColegaTeste\PlatformerSet1\Map Assets\Decoration\other_and_decorative_19.asset","0000000000000000e000000000000000"
"Assets\RecursosUnificados\ColegaTeste\PlatformerSet1\Map Assets\Decoration\other_and_decorative_2.asset","0000000000000000e000000000000000"
"Assets\RecursosUnificados\ColegaTeste\PlatformerSet1\Map Assets\Decoration\other_and_decorative_20.asset","0000000000000000e000000000000000"
"Assets\RecursosUnificados\ColegaTeste\PlatformerSet1\Map Assets\Decoration\other_and_decorative_21.asset","0000000000000000e000000000000000"
"Assets\RecursosUnificados\ColegaTeste\PlatformerSet1\Map Assets\Decoration\other_and_decorative_22.asset","0000000000000000e000000000000000"
"Assets\RecursosUnificados\ColegaTeste\PlatformerSet1\Map Assets\Decoration\other_and_decorative_23.asset","0000000000000000e000000000000000"
"Assets\RecursosUnificados\ColegaTeste\PlatformerSet1\Map Assets\Decoration\other_and_decorative_24.asset","0000000000000000e000000000000000"
"Assets\RecursosUnificados\ColegaTeste\PlatformerSet1\Map Assets\Decoration\other_and_decorative_25.asset","0000000000000000e000000000000000"
"Assets\RecursosUnificados\ColegaTeste\PlatformerSet1\Map Assets\Decoration\other_and_decorative_26.asset","0000000000000000e000000000000000"
"Assets\RecursosUnificados\ColegaTeste\PlatformerSet1\Map Assets\Decoration\other_and_decorative_27.asset","0000000000000000e000000000000000"
"Assets\RecursosUnificados\ColegaTeste\PlatformerSet1\Map Assets\Decoration\other_and_decorative_28.asset","0000000000000000e000000000000000"
"Assets\RecursosUnificados\ColegaTeste\PlatformerSet1\Map Assets\Decoration\other_and_decorative_29.asset","0000000000000000e000000000000000"
"Assets\RecursosUnificados\ColegaTeste\PlatformerSet1\Map Assets\Decoration\other_and_decorative_3.asset","0000000000000000e000000000000000"
"Assets\RecursosUnificados\ColegaTeste\PlatformerSet1\Map Assets\Decoration\other_and_decorative_30.asset","0000000000000000e000000000000000"
"Assets\RecursosUnificados\ColegaTeste\PlatformerSet1\Map Assets\Decoration\other_and_decorative_31.asset","0000000000000000e000000000000000"
"Assets\RecursosUnificados\ColegaTeste\PlatformerSet1\Map Assets\Decoration\other_and_decorative_32.asset","0000000000000000e000000000000000"
"Assets\RecursosUnificados\ColegaTeste\PlatformerSet1\Map Assets\Decoration\other_and_decorative_33.asset","0000000000000000e000000000000000"
"Assets\RecursosUnificados\ColegaTeste\PlatformerSet1\Map Assets\Decoration\other_and_decorative_34.asset","0000000000000000e000000000000000"
"Assets\RecursosUnificados\ColegaTeste\PlatformerSet1\Map Assets\Decoration\other_and_decorative_35.asset","0000000000000000e000000000000000"
"Assets\RecursosUnificados\ColegaTeste\PlatformerSet1\Map Assets\Decoration\other_and_decorative_36.asset","0000000000000000e000000000000000"
"Assets\RecursosUnificados\ColegaTeste\PlatformerSet1\Map Assets\Decoration\other_and_decorative_37.asset","0000000000000000e000000000000000"
"Assets\RecursosUnificados\ColegaTeste\PlatformerSet1\Map Assets\Decoration\other_and_decorative_38.asset","0000000000000000e000000000000000"
"Assets\RecursosUnificados\ColegaTeste\PlatformerSet1\Map Assets\Decoration\other_and_decorative_39.asset","0000000000000000e000000000000000"
"Assets\RecursosUnificados\ColegaTeste\PlatformerSet1\Map Assets\Decoration\other_and_decorative_4.asset","0000000000000000e000000000000000"
"Assets\RecursosUnificados\ColegaTeste\PlatformerSet1\Map Assets\Decoration\other_and_decorative_40.asset","0000000000000000e000000000000000"
"Assets\RecursosUnificados\ColegaTeste\PlatformerSet1\Map Assets\Decoration\other_and_decorative_41.asset","0000000000000000e000000000000000"
"Assets\RecursosUnificados\ColegaTeste\PlatformerSet1\Map Assets\Decoration\other_and_decorative_42.asset","0000000000000000e000000000000000"
"Assets\RecursosUnificados\ColegaTeste\PlatformerSet1\Map Assets\Decoration\other_and_decorative_43.asset","0000000000000000e000000000000000"
"Assets\RecursosUnificados\ColegaTeste\PlatformerSet1\Map Assets\Decoration\other_and_decorative_44.asset","0000000000000000e000000000000000"
"Assets\RecursosUnificados\ColegaTeste\PlatformerSet1\Map Assets\Decoration\other_and_decorative_45.asset","0000000000000000e000000000000000"
"Assets\RecursosUnificados\ColegaTeste\PlatformerSet1\Map Assets\Decoration\other_and_decorative_46.asset","0000000000000000e000000000000000"
"Assets\RecursosUnificados\ColegaTeste\PlatformerSet1\Map Assets\Decoration\other_and_decorative_47.asset","0000000000000000e000000000000000"
"Assets\RecursosUnificados\ColegaTeste\PlatformerSet1\Map Assets\Decoration\other_and_decorative_48.asset","0000000000000000e000000000000000"
"Assets\RecursosUnificados\ColegaTeste\PlatformerSet1\Map Assets\Decoration\other_and_decorative_49.asset","0000000000000000e000000000000000"
"Assets\RecursosUnificados\ColegaTeste\PlatformerSet1\Map Assets\Decoration\other_and_decorative_5.asset","0000000000000000e000000000000000"
"Assets\RecursosUnificados\ColegaTeste\PlatformerSet1\Map Assets\Decoration\other_and_decorative_50.asset","0000000000000000e000000000000000"
"Assets\RecursosUnificados\ColegaTeste\PlatformerSet1\Map Assets\Decoration\other_and_decorative_51.asset","0000000000000000e000000000000000"
"Assets\RecursosUnificados\ColegaTeste\PlatformerSet1\Map Assets\Decoration\other_and_decorative_52.asset","0000000000000000e000000000000000"
"Assets\RecursosUnificados\ColegaTeste\PlatformerSet1\Map Assets\Decoration\other_and_decorative_53.asset","0000000000000000e000000000000000"
"Assets\RecursosUnificados\ColegaTeste\PlatformerSet1\Map Assets\Decoration\other_and_decorative_54.asset","0000000000000000e000000000000000"
"Assets\RecursosUnificados\ColegaTeste\PlatformerSet1\Map Assets\Decoration\other_and_decorative_55.asset","0000000000000000e000000000000000"
"Assets\RecursosUnificados\ColegaTeste\PlatformerSet1\Map Assets\Decoration\other_and_decorative_56.asset","0000000000000000e000000000000000"
"Assets\RecursosUnificados\ColegaTeste\PlatformerSet1\Map Assets\Decoration\other_and_decorative_57.asset","0000000000000000e000000000000000"
"Assets\RecursosUnificados\ColegaTeste\PlatformerSet1\Map Assets\Decoration\other_and_decorative_58.asset","0000000000000000e000000000000000"
"Assets\RecursosUnificados\ColegaTeste\PlatformerSet1\Map Assets\Decoration\other_and_decorative_59.asset","0000000000000000e000000000000000"
"Assets\RecursosUnificados\ColegaTeste\PlatformerSet1\Map Assets\Decoration\other_and_decorative_6.asset","0000000000000000e000000000000000"
"Assets\RecursosUnificados\ColegaTeste\PlatformerSet1\Map Assets\Decoration\other_and_decorative_60.asset","0000000000000000e000000000000000"
"Assets\RecursosUnificados\ColegaTeste\PlatformerSet1\Map Assets\Decoration\other_and_decorative_61.asset","0000000000000000e000000000000000"
"Assets\RecursosUnificados\ColegaTeste\PlatformerSet1\Map Assets\Decoration\other_and_decorative_62.asset","0000000000000000e000000000000000"
"Assets\RecursosUnificados\ColegaTeste\PlatformerSet1\Map Assets\Decoration\other_and_decorative_63.asset","0000000000000000e000000000000000"
"Assets\RecursosUnificados\ColegaTeste\PlatformerSet1\Map Assets\Decoration\other_and_decorative_64.asset","0000000000000000e000000000000000"
"Assets\RecursosUnificados\ColegaTeste\PlatformerSet1\Map Assets\Decoration\other_and_decorative_65.asset","0000000000000000e000000000000000"
"Assets\RecursosUnificados\ColegaTeste\PlatformerSet1\Map Assets\Decoration\other_and_decorative_66.asset","0000000000000000e000000000000000"
"Assets\RecursosUnificados\ColegaTeste\PlatformerSet1\Map Assets\Decoration\other_and_decorative_67.asset","0000000000000000e000000000000000"
"Assets\RecursosUnificados\ColegaTeste\PlatformerSet1\Map Assets\Decoration\other_and_decorative_7.asset","0000000000000000e000000000000000"
"Assets\RecursosUnificados\ColegaTeste\PlatformerSet1\Map Assets\Decoration\other_and_decorative_8.asset","0000000000000000e000000000000000"
"Assets\RecursosUnificados\ColegaTeste\PlatformerSet1\Map Assets\Decoration\other_and_decorative_9.asset","0000000000000000e000000000000000"
"Assets\RecursosUnificados\ColegaTeste\PlatformerSet1\Map Assets\TilepaletteLevel1\Level1_0.asset","0000000000000000e000000000000000"
"Assets\RecursosUnificados\ColegaTeste\PlatformerSet1\Map Assets\TilepaletteLevel1\Level1_1.asset","0000000000000000e000000000000000"
"Assets\RecursosUnificados\ColegaTeste\PlatformerSet1\Map Assets\TilepaletteLevel1\Level1_10.asset","0000000000000000e000000000000000"
"Assets\RecursosUnificados\ColegaTeste\PlatformerSet1\Map Assets\TilepaletteLevel1\Level1_100.asset","0000000000000000e000000000000000"
"Assets\RecursosUnificados\ColegaTeste\PlatformerSet1\Map Assets\TilepaletteLevel1\Level1_101.asset","0000000000000000e000000000000000"
"Assets\RecursosUnificados\ColegaTeste\PlatformerSet1\Map Assets\TilepaletteLevel1\Level1_102.asset","0000000000000000e000000000000000"
"Assets\RecursosUnificados\ColegaTeste\PlatformerSet1\Map Assets\TilepaletteLevel1\Level1_103.asset","0000000000000000e000000000000000"
"Assets\RecursosUnificados\ColegaTeste\PlatformerSet1\Map Assets\TilepaletteLevel1\Level1_104.asset","0000000000000000e000000000000000"
"Assets\RecursosUnificados\ColegaTeste\PlatformerSet1\Map Assets\TilepaletteLevel1\Level1_105.asset","0000000000000000e000000000000000"
"Assets\RecursosUnificados\ColegaTeste\PlatformerSet1\Map Assets\TilepaletteLevel1\Level1_106.asset","0000000000000000e000000000000000"
"Assets\RecursosUnificados\ColegaTeste\PlatformerSet1\Map Assets\TilepaletteLevel1\Level1_107.asset","0000000000000000e000000000000000"
"Assets\RecursosUnificados\ColegaTeste\PlatformerSet1\Map Assets\TilepaletteLevel1\Level1_108.asset","0000000000000000e000000000000000"
"Assets\RecursosUnificados\ColegaTeste\PlatformerSet1\Map Assets\TilepaletteLevel1\Level1_109.asset","0000000000000000e000000000000000"
"Assets\RecursosUnificados\ColegaTeste\PlatformerSet1\Map Assets\TilepaletteLevel1\Level1_11.asset","0000000000000000e000000000000000"
"Assets\RecursosUnificados\ColegaTeste\PlatformerSet1\Map Assets\TilepaletteLevel1\Level1_110.asset","0000000000000000e000000000000000"
"Assets\RecursosUnificados\ColegaTeste\PlatformerSet1\Map Assets\TilepaletteLevel1\Level1_12.asset","0000000000000000e000000000000000"
"Assets\RecursosUnificados\ColegaTeste\PlatformerSet1\Map Assets\TilepaletteLevel1\Level1_13.asset","0000000000000000e000000000000000"
"Assets\RecursosUnificados\ColegaTeste\PlatformerSet1\Map Assets\TilepaletteLevel1\Level1_14.asset","0000000000000000e000000000000000"
"Assets\RecursosUnificados\ColegaTeste\PlatformerSet1\Map Assets\TilepaletteLevel1\Level1_15.asset","0000000000000000e000000000000000"
"Assets\RecursosUnificados\ColegaTeste\PlatformerSet1\Map Assets\TilepaletteLevel1\Level1_16.asset","0000000000000000e000000000000000"
"Assets\RecursosUnificados\ColegaTeste\PlatformerSet1\Map Assets\TilepaletteLevel1\Level1_17.asset","0000000000000000e000000000000000"
"Assets\RecursosUnificados\ColegaTeste\PlatformerSet1\Map Assets\TilepaletteLevel1\Level1_18.asset","0000000000000000e000000000000000"
"Assets\RecursosUnificados\ColegaTeste\PlatformerSet1\Map Assets\TilepaletteLevel1\Level1_19.asset","0000000000000000e000000000000000"
"Assets\RecursosUnificados\ColegaTeste\PlatformerSet1\Map Assets\TilepaletteLevel1\Level1_2.asset","0000000000000000e000000000000000"
"Assets\RecursosUnificados\ColegaTeste\PlatformerSet1\Map Assets\TilepaletteLevel1\Level1_20.asset","0000000000000000e000000000000000"
"Assets\RecursosUnificados\ColegaTeste\PlatformerSet1\Map Assets\TilepaletteLevel1\Level1_21.asset","0000000000000000e000000000000000"
"Assets\RecursosUnificados\ColegaTeste\PlatformerSet1\Map Assets\TilepaletteLevel1\Level1_22.asset","0000000000000000e000000000000000"
"Assets\RecursosUnificados\ColegaTeste\PlatformerSet1\Map Assets\TilepaletteLevel1\Level1_23.asset","0000000000000000e000000000000000"
"Assets\RecursosUnificados\ColegaTeste\PlatformerSet1\Map Assets\TilepaletteLevel1\Level1_24.asset","0000000000000000e000000000000000"
"Assets\RecursosUnificados\ColegaTeste\PlatformerSet1\Map Assets\TilepaletteLevel1\Level1_25.asset","0000000000000000e000000000000000"
"Assets\RecursosUnificados\ColegaTeste\PlatformerSet1\Map Assets\TilepaletteLevel1\Level1_26.asset","0000000000000000e000000000000000"
"Assets\RecursosUnificados\ColegaTeste\PlatformerSet1\Map Assets\TilepaletteLevel1\Level1_27.asset","0000000000000000e000000000000000"
"Assets\RecursosUnificados\ColegaTeste\PlatformerSet1\Map Assets\TilepaletteLevel1\Level1_28.asset","0000000000000000e000000000000000"
"Assets\RecursosUnificados\ColegaTeste\PlatformerSet1\Map Assets\TilepaletteLevel1\Level1_29.asset","0000000000000000e000000000000000"
"Assets\RecursosUnificados\ColegaTeste\PlatformerSet1\Map Assets\TilepaletteLevel1\Level1_3.asset","0000000000000000e000000000000000"
"Assets\RecursosUnificados\ColegaTeste\PlatformerSet1\Map Assets\TilepaletteLevel1\Level1_30.asset","0000000000000000e000000000000000"
"Assets\RecursosUnificados\ColegaTeste\PlatformerSet1\Map Assets\TilepaletteLevel1\Level1_31.asset","0000000000000000e000000000000000"
"Assets\RecursosUnificados\ColegaTeste\PlatformerSet1\Map Assets\TilepaletteLevel1\Level1_32.asset","0000000000000000e000000000000000"
"Assets\RecursosUnificados\ColegaTeste\PlatformerSet1\Map Assets\TilepaletteLevel1\Level1_33.asset","0000000000000000e000000000000000"
"Assets\RecursosUnificados\ColegaTeste\PlatformerSet1\Map Assets\TilepaletteLevel1\Level1_34.asset","0000000000000000e000000000000000"
"Assets\RecursosUnificados\ColegaTeste\PlatformerSet1\Map Assets\TilepaletteLevel1\Level1_35.asset","0000000000000000e000000000000000"
"Assets\RecursosUnificados\ColegaTeste\PlatformerSet1\Map Assets\TilepaletteLevel1\Level1_36.asset","0000000000000000e000000000000000"
"Assets\RecursosUnificados\ColegaTeste\PlatformerSet1\Map Assets\TilepaletteLevel1\Level1_37.asset","0000000000000000e000000000000000"
"Assets\RecursosUnificados\ColegaTeste\PlatformerSet1\Map Assets\TilepaletteLevel1\Level1_38.asset","0000000000000000e000000000000000"
"Assets\RecursosUnificados\ColegaTeste\PlatformerSet1\Map Assets\TilepaletteLevel1\Level1_39.asset","0000000000000000e000000000000000"
"Assets\RecursosUnificados\ColegaTeste\PlatformerSet1\Map Assets\TilepaletteLevel1\Level1_4.asset","0000000000000000e000000000000000"
"Assets\RecursosUnificados\ColegaTeste\PlatformerSet1\Map Assets\TilepaletteLevel1\Level1_40.asset","0000000000000000e000000000000000"
"Assets\RecursosUnificados\ColegaTeste\PlatformerSet1\Map Assets\TilepaletteLevel1\Level1_41.asset","0000000000000000e000000000000000"
"Assets\RecursosUnificados\ColegaTeste\PlatformerSet1\Map Assets\TilepaletteLevel1\Level1_42.asset","0000000000000000e000000000000000"
"Assets\RecursosUnificados\ColegaTeste\PlatformerSet1\Map Assets\TilepaletteLevel1\Level1_43.asset","0000000000000000e000000000000000"
"Assets\RecursosUnificados\ColegaTeste\PlatformerSet1\Map Assets\TilepaletteLevel1\Level1_44.asset","0000000000000000e000000000000000"
"Assets\RecursosUnificados\ColegaTeste\PlatformerSet1\Map Assets\TilepaletteLevel1\Level1_45.asset","0000000000000000e000000000000000"
"Assets\RecursosUnificados\ColegaTeste\PlatformerSet1\Map Assets\TilepaletteLevel1\Level1_46.asset","0000000000000000e000000000000000"
"Assets\RecursosUnificados\ColegaTeste\PlatformerSet1\Map Assets\TilepaletteLevel1\Level1_47.asset","0000000000000000e000000000000000"
"Assets\RecursosUnificados\ColegaTeste\PlatformerSet1\Map Assets\TilepaletteLevel1\Level1_48.asset","0000000000000000e000000000000000"
"Assets\RecursosUnificados\ColegaTeste\PlatformerSet1\Map Assets\TilepaletteLevel1\Level1_49.asset","0000000000000000e000000000000000"
"Assets\RecursosUnificados\ColegaTeste\PlatformerSet1\Map Assets\TilepaletteLevel1\Level1_5.asset","0000000000000000e000000000000000"
"Assets\RecursosUnificados\ColegaTeste\PlatformerSet1\Map Assets\TilepaletteLevel1\Level1_50.asset","0000000000000000e000000000000000"
"Assets\RecursosUnificados\ColegaTeste\PlatformerSet1\Map Assets\TilepaletteLevel1\Level1_51.asset","0000000000000000e000000000000000"
"Assets\RecursosUnificados\ColegaTeste\PlatformerSet1\Map Assets\TilepaletteLevel1\Level1_52.asset","0000000000000000e000000000000000"
"Assets\RecursosUnificados\ColegaTeste\PlatformerSet1\Map Assets\TilepaletteLevel1\Level1_53.asset","0000000000000000e000000000000000"
"Assets\RecursosUnificados\ColegaTeste\PlatformerSet1\Map Assets\TilepaletteLevel1\Level1_54.asset","0000000000000000e000000000000000"
"Assets\RecursosUnificados\ColegaTeste\PlatformerSet1\Map Assets\TilepaletteLevel1\Level1_55.asset","0000000000000000e000000000000000"
"Assets\RecursosUnificados\ColegaTeste\PlatformerSet1\Map Assets\TilepaletteLevel1\Level1_56.asset","0000000000000000e000000000000000"
"Assets\RecursosUnificados\ColegaTeste\PlatformerSet1\Map Assets\TilepaletteLevel1\Level1_57.asset","0000000000000000e000000000000000"
"Assets\RecursosUnificados\ColegaTeste\PlatformerSet1\Map Assets\TilepaletteLevel1\Level1_58.asset","0000000000000000e000000000000000"
"Assets\RecursosUnificados\ColegaTeste\PlatformerSet1\Map Assets\TilepaletteLevel1\Level1_59.asset","0000000000000000e000000000000000"
"Assets\RecursosUnificados\ColegaTeste\PlatformerSet1\Map Assets\TilepaletteLevel1\Level1_6.asset","0000000000000000e000000000000000"
"Assets\RecursosUnificados\ColegaTeste\PlatformerSet1\Map Assets\TilepaletteLevel1\Level1_60.asset","0000000000000000e000000000000000"
"Assets\RecursosUnificados\ColegaTeste\PlatformerSet1\Map Assets\TilepaletteLevel1\Level1_61.asset","0000000000000000e000000000000000"
"Assets\RecursosUnificados\ColegaTeste\PlatformerSet1\Map Assets\TilepaletteLevel1\Level1_62.asset","0000000000000000e000000000000000"
"Assets\RecursosUnificados\ColegaTeste\PlatformerSet1\Map Assets\TilepaletteLevel1\Level1_63.asset","0000000000000000e000000000000000"
"Assets\RecursosUnificados\ColegaTeste\PlatformerSet1\Map Assets\TilepaletteLevel1\Level1_64.asset","0000000000000000e000000000000000"
"Assets\RecursosUnificados\ColegaTeste\PlatformerSet1\Map Assets\TilepaletteLevel1\Level1_65.asset","0000000000000000e000000000000000"
"Assets\RecursosUnificados\ColegaTeste\PlatformerSet1\Map Assets\TilepaletteLevel1\Level1_66.asset","0000000000000000e000000000000000"
"Assets\RecursosUnificados\ColegaTeste\PlatformerSet1\Map Assets\TilepaletteLevel1\Level1_67.asset","0000000000000000e000000000000000"
"Assets\RecursosUnificados\ColegaTeste\PlatformerSet1\Map Assets\TilepaletteLevel1\Level1_68.asset","0000000000000000e000000000000000"
"Assets\RecursosUnificados\ColegaTeste\PlatformerSet1\Map Assets\TilepaletteLevel1\Level1_69.asset","0000000000000000e000000000000000"
"Assets\RecursosUnificados\ColegaTeste\PlatformerSet1\Map Assets\TilepaletteLevel1\Level1_7.asset","0000000000000000e000000000000000"
"Assets\RecursosUnificados\ColegaTeste\PlatformerSet1\Map Assets\TilepaletteLevel1\Level1_70.asset","0000000000000000e000000000000000"
"Assets\RecursosUnificados\ColegaTeste\PlatformerSet1\Map Assets\TilepaletteLevel1\Level1_71.asset","0000000000000000e000000000000000"
"Assets\RecursosUnificados\ColegaTeste\PlatformerSet1\Map Assets\TilepaletteLevel1\Level1_72.asset","0000000000000000e000000000000000"
"Assets\RecursosUnificados\ColegaTeste\PlatformerSet1\Map Assets\TilepaletteLevel1\Level1_73.asset","0000000000000000e000000000000000"
"Assets\RecursosUnificados\ColegaTeste\PlatformerSet1\Map Assets\TilepaletteLevel1\Level1_74.asset","0000000000000000e000000000000000"
"Assets\RecursosUnificados\ColegaTeste\PlatformerSet1\Map Assets\TilepaletteLevel1\Level1_75.asset","0000000000000000e000000000000000"
"Assets\RecursosUnificados\ColegaTeste\PlatformerSet1\Map Assets\TilepaletteLevel1\Level1_76.asset","0000000000000000e000000000000000"
"Assets\RecursosUnificados\ColegaTeste\PlatformerSet1\Map Assets\TilepaletteLevel1\Level1_77.asset","0000000000000000e000000000000000"
"Assets\RecursosUnificados\ColegaTeste\PlatformerSet1\Map Assets\TilepaletteLevel1\Level1_78.asset","0000000000000000e000000000000000"
"Assets\RecursosUnificados\ColegaTeste\PlatformerSet1\Map Assets\TilepaletteLevel1\Level1_79.asset","0000000000000000e000000000000000"
"Assets\RecursosUnificados\ColegaTeste\PlatformerSet1\Map Assets\TilepaletteLevel1\Level1_8.asset","0000000000000000e000000000000000"
"Assets\RecursosUnificados\ColegaTeste\PlatformerSet1\Map Assets\TilepaletteLevel1\Level1_80.asset","0000000000000000e000000000000000"
"Assets\RecursosUnificados\ColegaTeste\PlatformerSet1\Map Assets\TilepaletteLevel1\Level1_81.asset","0000000000000000e000000000000000"
"Assets\RecursosUnificados\ColegaTeste\PlatformerSet1\Map Assets\TilepaletteLevel1\Level1_82.asset","0000000000000000e000000000000000"
"Assets\RecursosUnificados\ColegaTeste\PlatformerSet1\Map Assets\TilepaletteLevel1\Level1_83.asset","0000000000000000e000000000000000"
"Assets\RecursosUnificados\ColegaTeste\PlatformerSet1\Map Assets\TilepaletteLevel1\Level1_84.asset","0000000000000000e000000000000000"
"Assets\RecursosUnificados\ColegaTeste\PlatformerSet1\Map Assets\TilepaletteLevel1\Level1_85.asset","0000000000000000e000000000000000"
"Assets\RecursosUnificados\ColegaTeste\PlatformerSet1\Map Assets\TilepaletteLevel1\Level1_86.asset","0000000000000000e000000000000000"
"Assets\RecursosUnificados\ColegaTeste\PlatformerSet1\Map Assets\TilepaletteLevel1\Level1_87.asset","0000000000000000e000000000000000"
"Assets\RecursosUnificados\ColegaTeste\PlatformerSet1\Map Assets\TilepaletteLevel1\Level1_88.asset","0000000000000000e000000000000000"
"Assets\RecursosUnificados\ColegaTeste\PlatformerSet1\Map Assets\TilepaletteLevel1\Level1_89.asset","0000000000000000e000000000000000"
"Assets\RecursosUnificados\ColegaTeste\PlatformerSet1\Map Assets\TilepaletteLevel1\Level1_9.asset","0000000000000000e000000000000000"
"Assets\RecursosUnificados\ColegaTeste\PlatformerSet1\Map Assets\TilepaletteLevel1\Level1_90.asset","0000000000000000e000000000000000"
"Assets\RecursosUnificados\ColegaTeste\PlatformerSet1\Map Assets\TilepaletteLevel1\Level1_91.asset","0000000000000000e000000000000000"
"Assets\RecursosUnificados\ColegaTeste\PlatformerSet1\Map Assets\TilepaletteLevel1\Level1_92.asset","0000000000000000e000000000000000"
"Assets\RecursosUnificados\ColegaTeste\PlatformerSet1\Map Assets\TilepaletteLevel1\Level1_93.asset","0000000000000000e000000000000000"
"Assets\RecursosUnificados\ColegaTeste\PlatformerSet1\Map Assets\TilepaletteLevel1\Level1_94.asset","0000000000000000e000000000000000"
"Assets\RecursosUnificados\ColegaTeste\PlatformerSet1\Map Assets\TilepaletteLevel1\Level1_95.asset","0000000000000000e000000000000000"
"Assets\RecursosUnificados\ColegaTeste\PlatformerSet1\Map Assets\TilepaletteLevel1\Level1_96.asset","0000000000000000e000000000000000"
"Assets\RecursosUnificados\ColegaTeste\PlatformerSet1\Map Assets\TilepaletteLevel1\Level1_97.asset","0000000000000000e000000000000000"
"Assets\RecursosUnificados\ColegaTeste\PlatformerSet1\Map Assets\TilepaletteLevel1\Level1_98.asset","0000000000000000e000000000000000"
"Assets\RecursosUnificados\ColegaTeste\PlatformerSet1\Map Assets\TilepaletteLevel1\Level1_99.asset","0000000000000000e000000000000000"
"Assets\RecursosUnificados\ColegaTeste\PlatformerSet1\Map Assets\TilepaletteLevel1\New Tile Palette.prefab","0000000000000000e000000000000000"
"Assets\RecursosUnificados\ColegaTeste\PlatformerSet1\Map Assets\TileplateLevel1Background\Level1Background.prefab","0000000000000000e000000000000000"
"Assets\RecursosUnificados\ColegaTeste\PlatformerSet1\Map Assets\TileplateLevel1Background\Level1Background_0.asset","0000000000000000e000000000000000"
"Assets\RecursosUnificados\ColegaTeste\PlatformerSet1\Map Assets\TileplateLevel1Background\Level1Background_1.asset","0000000000000000e000000000000000"
"Assets\RecursosUnificados\ColegaTeste\PlatformerSet1\Map Assets\TileplateLevel1Background\Level1Background_10.asset","0000000000000000e000000000000000"
"Assets\RecursosUnificados\ColegaTeste\PlatformerSet1\Map Assets\TileplateLevel1Background\Level1Background_100.asset","0000000000000000e000000000000000"
"Assets\RecursosUnificados\ColegaTeste\PlatformerSet1\Map Assets\TileplateLevel1Background\Level1Background_101.asset","0000000000000000e000000000000000"
"Assets\RecursosUnificados\ColegaTeste\PlatformerSet1\Map Assets\TileplateLevel1Background\Level1Background_102.asset","0000000000000000e000000000000000"
"Assets\RecursosUnificados\ColegaTeste\PlatformerSet1\Map Assets\TileplateLevel1Background\Level1Background_103.asset","0000000000000000e000000000000000"
"Assets\RecursosUnificados\ColegaTeste\PlatformerSet1\Map Assets\TileplateLevel1Background\Level1Background_104.asset","0000000000000000e000000000000000"
"Assets\RecursosUnificados\ColegaTeste\PlatformerSet1\Map Assets\TileplateLevel1Background\Level1Background_105.asset","0000000000000000e000000000000000"
"Assets\RecursosUnificados\ColegaTeste\PlatformerSet1\Map Assets\TileplateLevel1Background\Level1Background_106.asset","0000000000000000e000000000000000"
"Assets\RecursosUnificados\ColegaTeste\PlatformerSet1\Map Assets\TileplateLevel1Background\Level1Background_107.asset","0000000000000000e000000000000000"
"Assets\RecursosUnificados\ColegaTeste\PlatformerSet1\Map Assets\TileplateLevel1Background\Level1Background_108.asset","0000000000000000e000000000000000"
"Assets\RecursosUnificados\ColegaTeste\PlatformerSet1\Map Assets\TileplateLevel1Background\Level1Background_109.asset","0000000000000000e000000000000000"
"Assets\RecursosUnificados\ColegaTeste\PlatformerSet1\Map Assets\TileplateLevel1Background\Level1Background_11.asset","0000000000000000e000000000000000"
"Assets\RecursosUnificados\ColegaTeste\PlatformerSet1\Map Assets\TileplateLevel1Background\Level1Background_110.asset","0000000000000000e000000000000000"
"Assets\RecursosUnificados\ColegaTeste\PlatformerSet1\Map Assets\TileplateLevel1Background\Level1Background_111.asset","0000000000000000e000000000000000"
"Assets\RecursosUnificados\ColegaTeste\PlatformerSet1\Map Assets\TileplateLevel1Background\Level1Background_112.asset","0000000000000000e000000000000000"
"Assets\RecursosUnificados\ColegaTeste\PlatformerSet1\Map Assets\TileplateLevel1Background\Level1Background_12.asset","0000000000000000e000000000000000"
"Assets\RecursosUnificados\ColegaTeste\PlatformerSet1\Map Assets\TileplateLevel1Background\Level1Background_13.asset","0000000000000000e000000000000000"
"Assets\RecursosUnificados\ColegaTeste\PlatformerSet1\Map Assets\TileplateLevel1Background\Level1Background_14.asset","0000000000000000e000000000000000"
"Assets\RecursosUnificados\ColegaTeste\PlatformerSet1\Map Assets\TileplateLevel1Background\Level1Background_15.asset","0000000000000000e000000000000000"
"Assets\RecursosUnificados\ColegaTeste\PlatformerSet1\Map Assets\TileplateLevel1Background\Level1Background_16.asset","0000000000000000e000000000000000"
"Assets\RecursosUnificados\ColegaTeste\PlatformerSet1\Map Assets\TileplateLevel1Background\Level1Background_17.asset","0000000000000000e000000000000000"
"Assets\RecursosUnificados\ColegaTeste\PlatformerSet1\Map Assets\TileplateLevel1Background\Level1Background_18.asset","0000000000000000e000000000000000"
"Assets\RecursosUnificados\ColegaTeste\PlatformerSet1\Map Assets\TileplateLevel1Background\Level1Background_19.asset","0000000000000000e000000000000000"
"Assets\RecursosUnificados\ColegaTeste\PlatformerSet1\Map Assets\TileplateLevel1Background\Level1Background_2.asset","0000000000000000e000000000000000"
"Assets\RecursosUnificados\ColegaTeste\PlatformerSet1\Map Assets\TileplateLevel1Background\Level1Background_20.asset","0000000000000000e000000000000000"
"Assets\RecursosUnificados\ColegaTeste\PlatformerSet1\Map Assets\TileplateLevel1Background\Level1Background_21.asset","0000000000000000e000000000000000"
"Assets\RecursosUnificados\ColegaTeste\PlatformerSet1\Map Assets\TileplateLevel1Background\Level1Background_22.asset","0000000000000000e000000000000000"
"Assets\RecursosUnificados\ColegaTeste\PlatformerSet1\Map Assets\TileplateLevel1Background\Level1Background_23.asset","0000000000000000e000000000000000"
"Assets\RecursosUnificados\ColegaTeste\PlatformerSet1\Map Assets\TileplateLevel1Background\Level1Background_24.asset","0000000000000000e000000000000000"
"Assets\RecursosUnificados\ColegaTeste\PlatformerSet1\Map Assets\TileplateLevel1Background\Level1Background_25.asset","0000000000000000e000000000000000"
"Assets\RecursosUnificados\ColegaTeste\PlatformerSet1\Map Assets\TileplateLevel1Background\Level1Background_26.asset","0000000000000000e000000000000000"
"Assets\RecursosUnificados\ColegaTeste\PlatformerSet1\Map Assets\TileplateLevel1Background\Level1Background_27.asset","0000000000000000e000000000000000"
"Assets\RecursosUnificados\ColegaTeste\PlatformerSet1\Map Assets\TileplateLevel1Background\Level1Background_28.asset","0000000000000000e000000000000000"
"Assets\RecursosUnificados\ColegaTeste\PlatformerSet1\Map Assets\TileplateLevel1Background\Level1Background_29.asset","0000000000000000e000000000000000"
"Assets\RecursosUnificados\ColegaTeste\PlatformerSet1\Map Assets\TileplateLevel1Background\Level1Background_3.asset","0000000000000000e000000000000000"
"Assets\RecursosUnificados\ColegaTeste\PlatformerSet1\Map Assets\TileplateLevel1Background\Level1Background_30.asset","0000000000000000e000000000000000"
"Assets\RecursosUnificados\ColegaTeste\PlatformerSet1\Map Assets\TileplateLevel1Background\Level1Background_31.asset","0000000000000000e000000000000000"
"Assets\RecursosUnificados\ColegaTeste\PlatformerSet1\Map Assets\TileplateLevel1Background\Level1Background_32.asset","0000000000000000e000000000000000"
"Assets\RecursosUnificados\ColegaTeste\PlatformerSet1\Map Assets\TileplateLevel1Background\Level1Background_33.asset","0000000000000000e000000000000000"
"Assets\RecursosUnificados\ColegaTeste\PlatformerSet1\Map Assets\TileplateLevel1Background\Level1Background_34.asset","0000000000000000e000000000000000"
"Assets\RecursosUnificados\ColegaTeste\PlatformerSet1\Map Assets\TileplateLevel1Background\Level1Background_35.asset","0000000000000000e000000000000000"
"Assets\RecursosUnificados\ColegaTeste\PlatformerSet1\Map Assets\TileplateLevel1Background\Level1Background_36.asset","0000000000000000e000000000000000"
"Assets\RecursosUnificados\ColegaTeste\PlatformerSet1\Map Assets\TileplateLevel1Background\Level1Background_37.asset","0000000000000000e000000000000000"
"Assets\RecursosUnificados\ColegaTeste\PlatformerSet1\Map Assets\TileplateLevel1Background\Level1Background_38.asset","0000000000000000e000000000000000"
"Assets\RecursosUnificados\ColegaTeste\PlatformerSet1\Map Assets\TileplateLevel1Background\Level1Background_39.asset","0000000000000000e000000000000000"
"Assets\RecursosUnificados\ColegaTeste\PlatformerSet1\Map Assets\TileplateLevel1Background\Level1Background_4.asset","0000000000000000e000000000000000"
"Assets\RecursosUnificados\ColegaTeste\PlatformerSet1\Map Assets\TileplateLevel1Background\Level1Background_40.asset","0000000000000000e000000000000000"
"Assets\RecursosUnificados\ColegaTeste\PlatformerSet1\Map Assets\TileplateLevel1Background\Level1Background_41.asset","0000000000000000e000000000000000"
"Assets\RecursosUnificados\ColegaTeste\PlatformerSet1\Map Assets\TileplateLevel1Background\Level1Background_42.asset","0000000000000000e000000000000000"
"Assets\RecursosUnificados\ColegaTeste\PlatformerSet1\Map Assets\TileplateLevel1Background\Level1Background_43.asset","0000000000000000e000000000000000"
"Assets\RecursosUnificados\ColegaTeste\PlatformerSet1\Map Assets\TileplateLevel1Background\Level1Background_44.asset","0000000000000000e000000000000000"
"Assets\RecursosUnificados\ColegaTeste\PlatformerSet1\Map Assets\TileplateLevel1Background\Level1Background_45.asset","0000000000000000e000000000000000"
"Assets\RecursosUnificados\ColegaTeste\PlatformerSet1\Map Assets\TileplateLevel1Background\Level1Background_46.asset","0000000000000000e000000000000000"
"Assets\RecursosUnificados\ColegaTeste\PlatformerSet1\Map Assets\TileplateLevel1Background\Level1Background_47.asset","0000000000000000e000000000000000"
"Assets\RecursosUnificados\ColegaTeste\PlatformerSet1\Map Assets\TileplateLevel1Background\Level1Background_48.asset","0000000000000000e000000000000000"
"Assets\RecursosUnificados\ColegaTeste\PlatformerSet1\Map Assets\TileplateLevel1Background\Level1Background_49.asset","0000000000000000e000000000000000"
"Assets\RecursosUnificados\ColegaTeste\PlatformerSet1\Map Assets\TileplateLevel1Background\Level1Background_5.asset","0000000000000000e000000000000000"
"Assets\RecursosUnificados\ColegaTeste\PlatformerSet1\Map Assets\TileplateLevel1Background\Level1Background_50.asset","0000000000000000e000000000000000"
"Assets\RecursosUnificados\ColegaTeste\PlatformerSet1\Map Assets\TileplateLevel1Background\Level1Background_51.asset","0000000000000000e000000000000000"
"Assets\RecursosUnificados\ColegaTeste\PlatformerSet1\Map Assets\TileplateLevel1Background\Level1Background_52.asset","0000000000000000e000000000000000"
"Assets\RecursosUnificados\ColegaTeste\PlatformerSet1\Map Assets\TileplateLevel1Background\Level1Background_53.asset","0000000000000000e000000000000000"
"Assets\RecursosUnificados\ColegaTeste\PlatformerSet1\Map Assets\TileplateLevel1Background\Level1Background_54.asset","0000000000000000e000000000000000"
"Assets\RecursosUnificados\ColegaTeste\PlatformerSet1\Map Assets\TileplateLevel1Background\Level1Background_55.asset","0000000000000000e000000000000000"
"Assets\RecursosUnificados\ColegaTeste\PlatformerSet1\Map Assets\TileplateLevel1Background\Level1Background_56.asset","0000000000000000e000000000000000"
"Assets\RecursosUnificados\ColegaTeste\PlatformerSet1\Map Assets\TileplateLevel1Background\Level1Background_57.asset","0000000000000000e000000000000000"
"Assets\RecursosUnificados\ColegaTeste\PlatformerSet1\Map Assets\TileplateLevel1Background\Level1Background_58.asset","0000000000000000e000000000000000"
"Assets\RecursosUnificados\ColegaTeste\PlatformerSet1\Map Assets\TileplateLevel1Background\Level1Background_59.asset","0000000000000000e000000000000000"
"Assets\RecursosUnificados\ColegaTeste\PlatformerSet1\Map Assets\TileplateLevel1Background\Level1Background_6.asset","0000000000000000e000000000000000"
"Assets\RecursosUnificados\ColegaTeste\PlatformerSet1\Map Assets\TileplateLevel1Background\Level1Background_60.asset","0000000000000000e000000000000000"
"Assets\RecursosUnificados\ColegaTeste\PlatformerSet1\Map Assets\TileplateLevel1Background\Level1Background_61.asset","0000000000000000e000000000000000"
"Assets\RecursosUnificados\ColegaTeste\PlatformerSet1\Map Assets\TileplateLevel1Background\Level1Background_62.asset","0000000000000000e000000000000000"
"Assets\RecursosUnificados\ColegaTeste\PlatformerSet1\Map Assets\TileplateLevel1Background\Level1Background_63.asset","0000000000000000e000000000000000"
"Assets\RecursosUnificados\ColegaTeste\PlatformerSet1\Map Assets\TileplateLevel1Background\Level1Background_64.asset","0000000000000000e000000000000000"
"Assets\RecursosUnificados\ColegaTeste\PlatformerSet1\Map Assets\TileplateLevel1Background\Level1Background_65.asset","0000000000000000e000000000000000"
"Assets\RecursosUnificados\ColegaTeste\PlatformerSet1\Map Assets\TileplateLevel1Background\Level1Background_66.asset","0000000000000000e000000000000000"
"Assets\RecursosUnificados\ColegaTeste\PlatformerSet1\Map Assets\TileplateLevel1Background\Level1Background_67.asset","0000000000000000e000000000000000"
"Assets\RecursosUnificados\ColegaTeste\PlatformerSet1\Map Assets\TileplateLevel1Background\Level1Background_68.asset","0000000000000000e000000000000000"
"Assets\RecursosUnificados\ColegaTeste\PlatformerSet1\Map Assets\TileplateLevel1Background\Level1Background_69.asset","0000000000000000e000000000000000"
"Assets\RecursosUnificados\ColegaTeste\PlatformerSet1\Map Assets\TileplateLevel1Background\Level1Background_7.asset","0000000000000000e000000000000000"
"Assets\RecursosUnificados\ColegaTeste\PlatformerSet1\Map Assets\TileplateLevel1Background\Level1Background_70.asset","0000000000000000e000000000000000"
"Assets\RecursosUnificados\ColegaTeste\PlatformerSet1\Map Assets\TileplateLevel1Background\Level1Background_71.asset","0000000000000000e000000000000000"
"Assets\RecursosUnificados\ColegaTeste\PlatformerSet1\Map Assets\TileplateLevel1Background\Level1Background_72.asset","0000000000000000e000000000000000"
"Assets\RecursosUnificados\ColegaTeste\PlatformerSet1\Map Assets\TileplateLevel1Background\Level1Background_73.asset","0000000000000000e000000000000000"
"Assets\RecursosUnificados\ColegaTeste\PlatformerSet1\Map Assets\TileplateLevel1Background\Level1Background_74.asset","0000000000000000e000000000000000"
"Assets\RecursosUnificados\ColegaTeste\PlatformerSet1\Map Assets\TileplateLevel1Background\Level1Background_75.asset","0000000000000000e000000000000000"
"Assets\RecursosUnificados\ColegaTeste\PlatformerSet1\Map Assets\TileplateLevel1Background\Level1Background_76.asset","0000000000000000e000000000000000"
"Assets\RecursosUnificados\ColegaTeste\PlatformerSet1\Map Assets\TileplateLevel1Background\Level1Background_77.asset","0000000000000000e000000000000000"
"Assets\RecursosUnificados\ColegaTeste\PlatformerSet1\Map Assets\TileplateLevel1Background\Level1Background_78.asset","0000000000000000e000000000000000"
"Assets\RecursosUnificados\ColegaTeste\PlatformerSet1\Map Assets\TileplateLevel1Background\Level1Background_79.asset","0000000000000000e000000000000000"
"Assets\RecursosUnificados\ColegaTeste\PlatformerSet1\Map Assets\TileplateLevel1Background\Level1Background_8.asset","0000000000000000e000000000000000"
"Assets\RecursosUnificados\ColegaTeste\PlatformerSet1\Map Assets\TileplateLevel1Background\Level1Background_80.asset","0000000000000000e000000000000000"
"Assets\RecursosUnificados\ColegaTeste\PlatformerSet1\Map Assets\TileplateLevel1Background\Level1Background_81.asset","0000000000000000e000000000000000"
"Assets\RecursosUnificados\ColegaTeste\PlatformerSet1\Map Assets\TileplateLevel1Background\Level1Background_82.asset","0000000000000000e000000000000000"
"Assets\RecursosUnificados\ColegaTeste\PlatformerSet1\Map Assets\TileplateLevel1Background\Level1Background_83.asset","0000000000000000e000000000000000"
"Assets\RecursosUnificados\ColegaTeste\PlatformerSet1\Map Assets\TileplateLevel1Background\Level1Background_84.asset","0000000000000000e000000000000000"
"Assets\RecursosUnificados\ColegaTeste\PlatformerSet1\Map Assets\TileplateLevel1Background\Level1Background_85.asset","0000000000000000e000000000000000"
"Assets\RecursosUnificados\ColegaTeste\PlatformerSet1\Map Assets\TileplateLevel1Background\Level1Background_86.asset","0000000000000000e000000000000000"
"Assets\RecursosUnificados\ColegaTeste\PlatformerSet1\Map Assets\TileplateLevel1Background\Level1Background_87.asset","0000000000000000e000000000000000"
"Assets\RecursosUnificados\ColegaTeste\PlatformerSet1\Map Assets\TileplateLevel1Background\Level1Background_88.asset","0000000000000000e000000000000000"
"Assets\RecursosUnificados\ColegaTeste\PlatformerSet1\Map Assets\TileplateLevel1Background\Level1Background_89.asset","0000000000000000e000000000000000"
"Assets\RecursosUnificados\ColegaTeste\PlatformerSet1\Map Assets\TileplateLevel1Background\Level1Background_9.asset","0000000000000000e000000000000000"
"Assets\RecursosUnificados\ColegaTeste\PlatformerSet1\Map Assets\TileplateLevel1Background\Level1Background_90.asset","0000000000000000e000000000000000"
"Assets\RecursosUnificados\ColegaTeste\PlatformerSet1\Map Assets\TileplateLevel1Background\Level1Background_91.asset","0000000000000000e000000000000000"
"Assets\RecursosUnificados\ColegaTeste\PlatformerSet1\Map Assets\TileplateLevel1Background\Level1Background_92.asset","0000000000000000e000000000000000"
"Assets\RecursosUnificados\ColegaTeste\PlatformerSet1\Map Assets\TileplateLevel1Background\Level1Background_93.asset","0000000000000000e000000000000000"
"Assets\RecursosUnificados\ColegaTeste\PlatformerSet1\Map Assets\TileplateLevel1Background\Level1Background_94.asset","0000000000000000e000000000000000"
"Assets\RecursosUnificados\ColegaTeste\PlatformerSet1\Map Assets\TileplateLevel1Background\Level1Background_95.asset","0000000000000000e000000000000000"
"Assets\RecursosUnificados\ColegaTeste\PlatformerSet1\Map Assets\TileplateLevel1Background\Level1Background_96.asset","0000000000000000e000000000000000"
"Assets\RecursosUnificados\ColegaTeste\PlatformerSet1\Map Assets\TileplateLevel1Background\Level1Background_97.asset","0000000000000000e000000000000000"
"Assets\RecursosUnificados\ColegaTeste\PlatformerSet1\Map Assets\TileplateLevel1Background\Level1Background_98.asset","0000000000000000e000000000000000"
"Assets\RecursosUnificados\ColegaTeste\PlatformerSet1\Map Assets\TileplateLevel1Background\Level1Background_99.asset","0000000000000000e000000000000000"
"Assets\RecursosUnificados\ColegaTeste\PlatformerSet1\Scene\Demo.unity","0000000000000000e000000000000000"
"Assets\RecursosUnificados\ColegaTeste\ProjetoPlayerJhonas\Scenes\bla.unity","0000000000000000e000000000000000"
"Assets\RecursosUnificados\ColegaTeste\ProjetoPlayerJhonas\Settings\Scenes\URP2DSceneTemplate.unity","0000000000000000e000000000000000"
"Assets\RecursosUnificados\ColegaTeste\ProjetoTesteAssets\TileMap.prefab","0000000000000000e000000000000000"
"Assets\RecursosUnificados\ColegaTeste\ProjetoTesteAssets\Tiles\Dungeon Tile Set_0.asset","0000000000000000e000000000000000"
"Assets\RecursosUnificados\ColegaTeste\ProjetoTesteAssets\Tiles\Dungeon Tile Set_1.asset","0000000000000000e000000000000000"
"Assets\RecursosUnificados\ColegaTeste\ProjetoTesteAssets\Tiles\Dungeon Tile Set_10.asset","0000000000000000e000000000000000"
"Assets\RecursosUnificados\ColegaTeste\ProjetoTesteAssets\Tiles\Dungeon Tile Set_100.asset","0000000000000000e000000000000000"
"Assets\RecursosUnificados\ColegaTeste\ProjetoTesteAssets\Tiles\Dungeon Tile Set_101.asset","0000000000000000e000000000000000"
"Assets\RecursosUnificados\ColegaTeste\ProjetoTesteAssets\Tiles\Dungeon Tile Set_102.asset","0000000000000000e000000000000000"
"Assets\RecursosUnificados\ColegaTeste\ProjetoTesteAssets\Tiles\Dungeon Tile Set_103.asset","0000000000000000e000000000000000"
"Assets\RecursosUnificados\ColegaTeste\ProjetoTesteAssets\Tiles\Dungeon Tile Set_104.asset","0000000000000000e000000000000000"
"Assets\RecursosUnificados\ColegaTeste\ProjetoTesteAssets\Tiles\Dungeon Tile Set_105.asset","0000000000000000e000000000000000"
"Assets\RecursosUnificados\ColegaTeste\ProjetoTesteAssets\Tiles\Dungeon Tile Set_106.asset","0000000000000000e000000000000000"
"Assets\RecursosUnificados\ColegaTeste\ProjetoTesteAssets\Tiles\Dungeon Tile Set_107.asset","0000000000000000e000000000000000"
"Assets\RecursosUnificados\ColegaTeste\ProjetoTesteAssets\Tiles\Dungeon Tile Set_108.asset","0000000000000000e000000000000000"
"Assets\RecursosUnificados\ColegaTeste\ProjetoTesteAssets\Tiles\Dungeon Tile Set_109.asset","0000000000000000e000000000000000"
"Assets\RecursosUnificados\ColegaTeste\ProjetoTesteAssets\Tiles\Dungeon Tile Set_11.asset","0000000000000000e000000000000000"
"Assets\RecursosUnificados\ColegaTeste\ProjetoTesteAssets\Tiles\Dungeon Tile Set_110.asset","0000000000000000e000000000000000"
"Assets\RecursosUnificados\ColegaTeste\ProjetoTesteAssets\Tiles\Dungeon Tile Set_111 1.asset","0000000000000000e000000000000000"
"Assets\RecursosUnificados\ColegaTeste\ProjetoTesteAssets\Tiles\Dungeon Tile Set_111.asset","0000000000000000e000000000000000"
"Assets\RecursosUnificados\ColegaTeste\ProjetoTesteAssets\Tiles\Dungeon Tile Set_112 1.asset","0000000000000000e000000000000000"
"Assets\RecursosUnificados\ColegaTeste\ProjetoTesteAssets\Tiles\Dungeon Tile Set_112.asset","0000000000000000e000000000000000"
"Assets\RecursosUnificados\ColegaTeste\ProjetoTesteAssets\Tiles\Dungeon Tile Set_113 1.asset","0000000000000000e000000000000000"
"Assets\RecursosUnificados\ColegaTeste\ProjetoTesteAssets\Tiles\Dungeon Tile Set_113.asset","0000000000000000e000000000000000"
"Assets\RecursosUnificados\ColegaTeste\ProjetoTesteAssets\Tiles\Dungeon Tile Set_114.asset","0000000000000000e000000000000000"
"Assets\RecursosUnificados\ColegaTeste\ProjetoTesteAssets\Tiles\Dungeon Tile Set_115.asset","0000000000000000e000000000000000"
"Assets\RecursosUnificados\ColegaTeste\ProjetoTesteAssets\Tiles\Dungeon Tile Set_116.asset","0000000000000000e000000000000000"
"Assets\RecursosUnificados\ColegaTeste\ProjetoTesteAssets\Tiles\Dungeon Tile Set_117.asset","0000000000000000e000000000000000"
"Assets\RecursosUnificados\ColegaTeste\ProjetoTesteAssets\Tiles\Dungeon Tile Set_118.asset","0000000000000000e000000000000000"
"Assets\RecursosUnificados\ColegaTeste\ProjetoTesteAssets\Tiles\Dungeon Tile Set_119.asset","0000000000000000e000000000000000"
"Assets\RecursosUnificados\ColegaTeste\ProjetoTesteAssets\Tiles\Dungeon Tile Set_12.asset","0000000000000000e000000000000000"
"Assets\RecursosUnificados\ColegaTeste\ProjetoTesteAssets\Tiles\Dungeon Tile Set_120.asset","0000000000000000e000000000000000"
"Assets\RecursosUnificados\ColegaTeste\ProjetoTesteAssets\Tiles\Dungeon Tile Set_121.asset","0000000000000000e000000000000000"
"Assets\RecursosUnificados\ColegaTeste\ProjetoTesteAssets\Tiles\Dungeon Tile Set_122.asset","0000000000000000e000000000000000"
"Assets\RecursosUnificados\ColegaTeste\ProjetoTesteAssets\Tiles\Dungeon Tile Set_123.asset","0000000000000000e000000000000000"
"Assets\RecursosUnificados\ColegaTeste\ProjetoTesteAssets\Tiles\Dungeon Tile Set_124.asset","0000000000000000e000000000000000"
"Assets\RecursosUnificados\ColegaTeste\ProjetoTesteAssets\Tiles\Dungeon Tile Set_125.asset","0000000000000000e000000000000000"
"Assets\RecursosUnificados\ColegaTeste\ProjetoTesteAssets\Tiles\Dungeon Tile Set_126.asset","0000000000000000e000000000000000"
"Assets\RecursosUnificados\ColegaTeste\ProjetoTesteAssets\Tiles\Dungeon Tile Set_127.asset","0000000000000000e000000000000000"
"Assets\RecursosUnificados\ColegaTeste\ProjetoTesteAssets\Tiles\Dungeon Tile Set_128.asset","0000000000000000e000000000000000"
"Assets\RecursosUnificados\ColegaTeste\ProjetoTesteAssets\Tiles\Dungeon Tile Set_129.asset","0000000000000000e000000000000000"
"Assets\RecursosUnificados\ColegaTeste\ProjetoTesteAssets\Tiles\Dungeon Tile Set_13.asset","0000000000000000e000000000000000"
"Assets\RecursosUnificados\ColegaTeste\ProjetoTesteAssets\Tiles\Dungeon Tile Set_130.asset","0000000000000000e000000000000000"
"Assets\RecursosUnificados\ColegaTeste\ProjetoTesteAssets\Tiles\Dungeon Tile Set_131.asset","0000000000000000e000000000000000"
"Assets\RecursosUnificados\ColegaTeste\ProjetoTesteAssets\Tiles\Dungeon Tile Set_132.asset","0000000000000000e000000000000000"
"Assets\RecursosUnificados\ColegaTeste\ProjetoTesteAssets\Tiles\Dungeon Tile Set_14.asset","0000000000000000e000000000000000"
"Assets\RecursosUnificados\ColegaTeste\ProjetoTesteAssets\Tiles\Dungeon Tile Set_15.asset","0000000000000000e000000000000000"
"Assets\RecursosUnificados\ColegaTeste\ProjetoTesteAssets\Tiles\Dungeon Tile Set_16.asset","0000000000000000e000000000000000"
"Assets\RecursosUnificados\ColegaTeste\ProjetoTesteAssets\Tiles\Dungeon Tile Set_17.asset","0000000000000000e000000000000000"
"Assets\RecursosUnificados\ColegaTeste\ProjetoTesteAssets\Tiles\Dungeon Tile Set_18.asset","0000000000000000e000000000000000"
"Assets\RecursosUnificados\ColegaTeste\ProjetoTesteAssets\Tiles\Dungeon Tile Set_19.asset","0000000000000000e000000000000000"
"Assets\RecursosUnificados\ColegaTeste\ProjetoTesteAssets\Tiles\Dungeon Tile Set_2.asset","0000000000000000e000000000000000"
"Assets\RecursosUnificados\ColegaTeste\ProjetoTesteAssets\Tiles\Dungeon Tile Set_20.asset","0000000000000000e000000000000000"
"Assets\RecursosUnificados\ColegaTeste\ProjetoTesteAssets\Tiles\Dungeon Tile Set_21.asset","0000000000000000e000000000000000"
"Assets\RecursosUnificados\ColegaTeste\ProjetoTesteAssets\Tiles\Dungeon Tile Set_22.asset","0000000000000000e000000000000000"
"Assets\RecursosUnificados\ColegaTeste\ProjetoTesteAssets\Tiles\Dungeon Tile Set_23.asset","0000000000000000e000000000000000"
"Assets\RecursosUnificados\ColegaTeste\ProjetoTesteAssets\Tiles\Dungeon Tile Set_24.asset","0000000000000000e000000000000000"
"Assets\RecursosUnificados\ColegaTeste\ProjetoTesteAssets\Tiles\Dungeon Tile Set_25.asset","0000000000000000e000000000000000"
"Assets\RecursosUnificados\ColegaTeste\ProjetoTesteAssets\Tiles\Dungeon Tile Set_26.asset","0000000000000000e000000000000000"
"Assets\RecursosUnificados\ColegaTeste\ProjetoTesteAssets\Tiles\Dungeon Tile Set_27.asset","0000000000000000e000000000000000"
"Assets\RecursosUnificados\ColegaTeste\ProjetoTesteAssets\Tiles\Dungeon Tile Set_28.asset","0000000000000000e000000000000000"
"Assets\RecursosUnificados\ColegaTeste\ProjetoTesteAssets\Tiles\Dungeon Tile Set_29.asset","0000000000000000e000000000000000"
"Assets\RecursosUnificados\ColegaTeste\ProjetoTesteAssets\Tiles\Dungeon Tile Set_3.asset","0000000000000000e000000000000000"
"Assets\RecursosUnificados\ColegaTeste\ProjetoTesteAssets\Tiles\Dungeon Tile Set_30.asset","0000000000000000e000000000000000"
"Assets\RecursosUnificados\ColegaTeste\ProjetoTesteAssets\Tiles\Dungeon Tile Set_31.asset","0000000000000000e000000000000000"
"Assets\RecursosUnificados\ColegaTeste\ProjetoTesteAssets\Tiles\Dungeon Tile Set_32.asset","0000000000000000e000000000000000"
"Assets\RecursosUnificados\ColegaTeste\ProjetoTesteAssets\Tiles\Dungeon Tile Set_33.asset","0000000000000000e000000000000000"
"Assets\RecursosUnificados\ColegaTeste\ProjetoTesteAssets\Tiles\Dungeon Tile Set_34.asset","0000000000000000e000000000000000"
"Assets\RecursosUnificados\ColegaTeste\ProjetoTesteAssets\Tiles\Dungeon Tile Set_35.asset","0000000000000000e000000000000000"
"Assets\RecursosUnificados\ColegaTeste\ProjetoTesteAssets\Tiles\Dungeon Tile Set_36.asset","0000000000000000e000000000000000"
"Assets\RecursosUnificados\ColegaTeste\ProjetoTesteAssets\Tiles\Dungeon Tile Set_37.asset","0000000000000000e000000000000000"
"Assets\RecursosUnificados\ColegaTeste\ProjetoTesteAssets\Tiles\Dungeon Tile Set_38.asset","0000000000000000e000000000000000"
"Assets\RecursosUnificados\ColegaTeste\ProjetoTesteAssets\Tiles\Dungeon Tile Set_39.asset","0000000000000000e000000000000000"
"Assets\RecursosUnificados\ColegaTeste\ProjetoTesteAssets\Tiles\Dungeon Tile Set_4.asset","0000000000000000e000000000000000"
"Assets\RecursosUnificados\ColegaTeste\ProjetoTesteAssets\Tiles\Dungeon Tile Set_40.asset","0000000000000000e000000000000000"
"Assets\RecursosUnificados\ColegaTeste\ProjetoTesteAssets\Tiles\Dungeon Tile Set_41.asset","0000000000000000e000000000000000"
"Assets\RecursosUnificados\ColegaTeste\ProjetoTesteAssets\Tiles\Dungeon Tile Set_42.asset","0000000000000000e000000000000000"
"Assets\RecursosUnificados\ColegaTeste\ProjetoTesteAssets\Tiles\Dungeon Tile Set_43.asset","0000000000000000e000000000000000"
"Assets\RecursosUnificados\ColegaTeste\ProjetoTesteAssets\Tiles\Dungeon Tile Set_44.asset","0000000000000000e000000000000000"
"Assets\RecursosUnificados\ColegaTeste\ProjetoTesteAssets\Tiles\Dungeon Tile Set_45.asset","0000000000000000e000000000000000"
"Assets\RecursosUnificados\ColegaTeste\ProjetoTesteAssets\Tiles\Dungeon Tile Set_46.asset","0000000000000000e000000000000000"
"Assets\RecursosUnificados\ColegaTeste\ProjetoTesteAssets\Tiles\Dungeon Tile Set_47.asset","0000000000000000e000000000000000"
"Assets\RecursosUnificados\ColegaTeste\ProjetoTesteAssets\Tiles\Dungeon Tile Set_48.asset","0000000000000000e000000000000000"
"Assets\RecursosUnificados\ColegaTeste\ProjetoTesteAssets\Tiles\Dungeon Tile Set_49.asset","0000000000000000e000000000000000"
"Assets\RecursosUnificados\ColegaTeste\ProjetoTesteAssets\Tiles\Dungeon Tile Set_5.asset","0000000000000000e000000000000000"
"Assets\RecursosUnificados\ColegaTeste\ProjetoTesteAssets\Tiles\Dungeon Tile Set_50.asset","0000000000000000e000000000000000"
"Assets\RecursosUnificados\ColegaTeste\ProjetoTesteAssets\Tiles\Dungeon Tile Set_51.asset","0000000000000000e000000000000000"
"Assets\RecursosUnificados\ColegaTeste\ProjetoTesteAssets\Tiles\Dungeon Tile Set_52.asset","0000000000000000e000000000000000"
"Assets\RecursosUnificados\ColegaTeste\ProjetoTesteAssets\Tiles\Dungeon Tile Set_53.asset","0000000000000000e000000000000000"
"Assets\RecursosUnificados\ColegaTeste\ProjetoTesteAssets\Tiles\Dungeon Tile Set_54.asset","0000000000000000e000000000000000"
"Assets\RecursosUnificados\ColegaTeste\ProjetoTesteAssets\Tiles\Dungeon Tile Set_55.asset","0000000000000000e000000000000000"
"Assets\RecursosUnificados\ColegaTeste\ProjetoTesteAssets\Tiles\Dungeon Tile Set_56.asset","0000000000000000e000000000000000"
"Assets\RecursosUnificados\ColegaTeste\ProjetoTesteAssets\Tiles\Dungeon Tile Set_57.asset","0000000000000000e000000000000000"
"Assets\RecursosUnificados\ColegaTeste\ProjetoTesteAssets\Tiles\Dungeon Tile Set_58.asset","0000000000000000e000000000000000"
"Assets\RecursosUnificados\ColegaTeste\ProjetoTesteAssets\Tiles\Dungeon Tile Set_59.asset","0000000000000000e000000000000000"
"Assets\RecursosUnificados\ColegaTeste\ProjetoTesteAssets\Tiles\Dungeon Tile Set_6.asset","0000000000000000e000000000000000"
"Assets\RecursosUnificados\ColegaTeste\ProjetoTesteAssets\Tiles\Dungeon Tile Set_60.asset","0000000000000000e000000000000000"
"Assets\RecursosUnificados\ColegaTeste\ProjetoTesteAssets\Tiles\Dungeon Tile Set_61.asset","0000000000000000e000000000000000"
"Assets\RecursosUnificados\ColegaTeste\ProjetoTesteAssets\Tiles\Dungeon Tile Set_62.asset","0000000000000000e000000000000000"
"Assets\RecursosUnificados\ColegaTeste\ProjetoTesteAssets\Tiles\Dungeon Tile Set_63.asset","0000000000000000e000000000000000"
"Assets\RecursosUnificados\ColegaTeste\ProjetoTesteAssets\Tiles\Dungeon Tile Set_64.asset","0000000000000000e000000000000000"
"Assets\RecursosUnificados\ColegaTeste\ProjetoTesteAssets\Tiles\Dungeon Tile Set_65.asset","0000000000000000e000000000000000"
"Assets\RecursosUnificados\ColegaTeste\ProjetoTesteAssets\Tiles\Dungeon Tile Set_66.asset","0000000000000000e000000000000000"
"Assets\RecursosUnificados\ColegaTeste\ProjetoTesteAssets\Tiles\Dungeon Tile Set_67.asset","0000000000000000e000000000000000"
"Assets\RecursosUnificados\ColegaTeste\ProjetoTesteAssets\Tiles\Dungeon Tile Set_68.asset","0000000000000000e000000000000000"
"Assets\RecursosUnificados\ColegaTeste\ProjetoTesteAssets\Tiles\Dungeon Tile Set_69.asset","0000000000000000e000000000000000"
"Assets\RecursosUnificados\ColegaTeste\ProjetoTesteAssets\Tiles\Dungeon Tile Set_7.asset","0000000000000000e000000000000000"
"Assets\RecursosUnificados\ColegaTeste\ProjetoTesteAssets\Tiles\Dungeon Tile Set_70.asset","0000000000000000e000000000000000"
"Assets\RecursosUnificados\ColegaTeste\ProjetoTesteAssets\Tiles\Dungeon Tile Set_71.asset","0000000000000000e000000000000000"
"Assets\RecursosUnificados\ColegaTeste\ProjetoTesteAssets\Tiles\Dungeon Tile Set_72.asset","0000000000000000e000000000000000"
"Assets\RecursosUnificados\ColegaTeste\ProjetoTesteAssets\Tiles\Dungeon Tile Set_73.asset","0000000000000000e000000000000000"
"Assets\RecursosUnificados\ColegaTeste\ProjetoTesteAssets\Tiles\Dungeon Tile Set_74.asset","0000000000000000e000000000000000"
"Assets\RecursosUnificados\ColegaTeste\ProjetoTesteAssets\Tiles\Dungeon Tile Set_75.asset","0000000000000000e000000000000000"
"Assets\RecursosUnificados\ColegaTeste\ProjetoTesteAssets\Tiles\Dungeon Tile Set_76.asset","0000000000000000e000000000000000"
"Assets\RecursosUnificados\ColegaTeste\ProjetoTesteAssets\Tiles\Dungeon Tile Set_77.asset","0000000000000000e000000000000000"
"Assets\RecursosUnificados\ColegaTeste\ProjetoTesteAssets\Tiles\Dungeon Tile Set_78.asset","0000000000000000e000000000000000"
"Assets\RecursosUnificados\ColegaTeste\ProjetoTesteAssets\Tiles\Dungeon Tile Set_79.asset","0000000000000000e000000000000000"
"Assets\RecursosUnificados\ColegaTeste\ProjetoTesteAssets\Tiles\Dungeon Tile Set_8.asset","0000000000000000e000000000000000"
"Assets\RecursosUnificados\ColegaTeste\ProjetoTesteAssets\Tiles\Dungeon Tile Set_80.asset","0000000000000000e000000000000000"
"Assets\RecursosUnificados\ColegaTeste\ProjetoTesteAssets\Tiles\Dungeon Tile Set_81.asset","0000000000000000e000000000000000"
"Assets\RecursosUnificados\ColegaTeste\ProjetoTesteAssets\Tiles\Dungeon Tile Set_82.asset","0000000000000000e000000000000000"
"Assets\RecursosUnificados\ColegaTeste\ProjetoTesteAssets\Tiles\Dungeon Tile Set_83.asset","0000000000000000e000000000000000"
"Assets\RecursosUnificados\ColegaTeste\ProjetoTesteAssets\Tiles\Dungeon Tile Set_84.asset","0000000000000000e000000000000000"
"Assets\RecursosUnificados\ColegaTeste\ProjetoTesteAssets\Tiles\Dungeon Tile Set_85.asset","0000000000000000e000000000000000"
"Assets\RecursosUnificados\ColegaTeste\ProjetoTesteAssets\Tiles\Dungeon Tile Set_86.asset","0000000000000000e000000000000000"
"Assets\RecursosUnificados\ColegaTeste\ProjetoTesteAssets\Tiles\Dungeon Tile Set_87.asset","0000000000000000e000000000000000"
"Assets\RecursosUnificados\ColegaTeste\ProjetoTesteAssets\Tiles\Dungeon Tile Set_88.asset","0000000000000000e000000000000000"
"Assets\RecursosUnificados\ColegaTeste\ProjetoTesteAssets\Tiles\Dungeon Tile Set_89.asset","0000000000000000e000000000000000"
"Assets\RecursosUnificados\ColegaTeste\ProjetoTesteAssets\Tiles\Dungeon Tile Set_9.asset","0000000000000000e000000000000000"
"Assets\RecursosUnificados\ColegaTeste\ProjetoTesteAssets\Tiles\Dungeon Tile Set_90.asset","0000000000000000e000000000000000"
"Assets\RecursosUnificados\ColegaTeste\ProjetoTesteAssets\Tiles\Dungeon Tile Set_91.asset","0000000000000000e000000000000000"
"Assets\RecursosUnificados\ColegaTeste\ProjetoTesteAssets\Tiles\Dungeon Tile Set_92.asset","0000000000000000e000000000000000"
"Assets\RecursosUnificados\ColegaTeste\ProjetoTesteAssets\Tiles\Dungeon Tile Set_93.asset","0000000000000000e000000000000000"
"Assets\RecursosUnificados\ColegaTeste\ProjetoTesteAssets\Tiles\Dungeon Tile Set_94.asset","0000000000000000e000000000000000"
"Assets\RecursosUnificados\ColegaTeste\ProjetoTesteAssets\Tiles\Dungeon Tile Set_95.asset","0000000000000000e000000000000000"
"Assets\RecursosUnificados\ColegaTeste\ProjetoTesteAssets\Tiles\Dungeon Tile Set_96.asset","0000000000000000e000000000000000"
"Assets\RecursosUnificados\ColegaTeste\ProjetoTesteAssets\Tiles\Dungeon Tile Set_97.asset","0000000000000000e000000000000000"
"Assets\RecursosUnificados\ColegaTeste\ProjetoTesteAssets\Tiles\Dungeon Tile Set_98.asset","0000000000000000e000000000000000"
"Assets\RecursosUnificados\ColegaTeste\ProjetoTesteAssets\Tiles\Dungeon Tile Set_99.asset","0000000000000000e000000000000000"
"Assets\RecursosUnificados\ColegaTeste\Scenes\CenaDoColega.unity","0000000000000000e000000000000000"
"Assets\RecursosUnificados\ColegaTeste\Scenes\CenaDoCT.unity","0000000000000000e000000000000000"
"Assets\RecursosUnificados\ColegaTeste\Scenes\Mapa_Base.unity","0000000000000000e000000000000000"
"Assets\RecursosUnificados\ColegaTeste\Scenes\SampleScene.unity","0000000000000000e000000000000000"
"Assets\Scenes\bla.unity","0000000000000000e000000000000000"
"Assets\Scenes\CenaDoCT.unity","0000000000000000e000000000000000"
"Assets\Scenes\ServerHub.unity","0000000000000000e000000000000000"
"Assets\Scenes\Unificadas\Unified_BranchPedrao_Scenes_bla.unity","0000000000000000e000000000000000"
"Assets\Scenes\Unificadas\Unified_BranchPedrao_Scenes_Cena do JHON.unity","0000000000000000e000000000000000"
"Assets\Scenes\Unificadas\Unified_BranchPedrao_Scenes_Ceta big Peter.unity","0000000000000000e000000000000000"
"Assets\Scenes\Unificadas\Unified_ChegaComJhon_Scenes_bla.unity","0000000000000000e000000000000000"
"Assets\Scenes\Unificadas\Unified_ColegaTeste_Scenes_CenaDoColega.unity","0000000000000000e000000000000000"
"Assets\Settings\PlayMode\NewPlayModeScenario.asset","0000000000000000e000000000000000"
"Assets\Settings\Scenes\URP2DSceneTemplate.unity","0000000000000000e000000000000000"
"Assets\_Recovery\0 (1).unity","0000000000000000f000000000000000"
"Assets\_Recovery\0 (2).unity","0000000000000000f000000000000000"
"Assets\_Recovery\0 (3).unity","0000000000000000f000000000000000"
"Assets\_Recovery\0 (4).unity","0000000000000000f000000000000000"
"Assets\_Recovery\0 (5).unity","0000000000000000f000000000000000"
"Assets\_Recovery\0 (5).unity","0000000000000000f000000000000000"
"Assets\_Recovery\0.unity","0000000000000000f000000000000000"
"Assets\RecursosUnificados\BranchPedrao\_Recovery\0 (1).unity","0000000000000000f000000000000000"
"Assets\RecursosUnificados\BranchPedrao\_Recovery\0 (2).unity","0000000000000000f000000000000000"
"Assets\RecursosUnificados\BranchPedrao\_Recovery\0 (3).unity","0000000000000000f000000000000000"
"Assets\RecursosUnificados\BranchPedrao\_Recovery\0.unity","0000000000000000f000000000000000"
"Assets\RecursosUnificados\BranchPedrao\Scenes\bla.unity","0000000000000000f000000000000000"
"Assets\RecursosUnificados\ChegaComJhon\_Recovery\0 (5).unity","0000000000000000f000000000000000"
"Assets\RecursosUnificados\ChegaComJhon\_Recovery\0 (5).unity","0000000000000000f000000000000000"
"Assets\RecursosUnificados\ChegaComJhon\Scenes\bla.unity","0000000000000000f000000000000000"
"Assets\RecursosUnificados\ChegaComJhon\Scenes\ServerHub.unity","0000000000000000f000000000000000"
"Assets\RecursosUnificados\ColegaTeste\Decoracao_Background.unity","0000000000000000f000000000000000"
"Assets\RecursosUnificados\ColegaTeste\PlatformerSet1\Scene\Demo.unity","0000000000000000f000000000000000"
"Assets\RecursosUnificados\ColegaTeste\PlatformerSet1\Scene\Demo.unity","0000000000000000f000000000000000"
"Assets\RecursosUnificados\ColegaTeste\PlatformerSet1\Scene\Demo.unity","0000000000000000f000000000000000"
"Assets\RecursosUnificados\ColegaTeste\PlatformerSet1\Scene\DemoSettings.lighting","0000000000000000f000000000000000"
"Assets\RecursosUnificados\ColegaTeste\ProjetoPlayerJhonas\Scenes\bla.unity","0000000000000000f000000000000000"
"Assets\RecursosUnificados\ColegaTeste\Scenes\Mapa_Base.unity","0000000000000000f000000000000000"
"Assets\Scenes\bla.unity","0000000000000000f000000000000000"
"Assets\Scenes\ServerHub.unity","0000000000000000f000000000000000"
"Assets\Scenes\Unificadas\Unified_BranchPedrao_Scenes_bla.unity","0000000000000000f000000000000000"
"Assets\Scenes\Unificadas\Unified_BranchPedrao_Scenes_Ceta big Peter.unity","0000000000000000f000000000000000"
"Assets\Scenes\Unificadas\Unified_ChegaComJhon_Scenes_bla.unity","0000000000000000f000000000000000"
"Assets\RecursosUnificados\ChegaComJhon\Scenes\CenaDoCT.unity","01614664b831546d2ae94a42149d80ac"
"Assets\RecursosUnificados\ChegaComJhon\Scenes\ServerHub.unity","01614664b831546d2ae94a42149d80ac"
"Assets\Scenes\CenaDoCT.unity","01614664b831546d2ae94a42149d80ac"
"Assets\Scenes\ServerHub.unity","01614664b831546d2ae94a42149d80ac"
"Assets\RecursosUnificados\BranchPedrao\Settings\Renderer2D.asset","03cfc4915c15d504a9ed85ecc404e607"
"Assets\RecursosUnificados\ColegaTeste\ProjetoPlayerJhonas\Settings\Renderer2D.asset","03cfc4915c15d504a9ed85ecc404e607"
"Assets\Settings\Renderer2D.asset","03cfc4915c15d504a9ed85ecc404e607"
"Assets\Assets\UniversalRenderPipelineGlobalSettings.asset","04c410c9937594faa893a11dceb85f7e"
"Assets\RecursosUnificados\BranchPedrao\Assets\UniversalRenderPipelineGlobalSettings.asset","04c410c9937594faa893a11dceb85f7e"
"Assets\RecursosUnificados\BranchPedrao\Settings\Renderer2D.asset","04c410c9937594faa893a11dceb85f7e"
"Assets\RecursosUnificados\BranchPedrao\UniversalRenderPipelineGlobalSettings.asset","04c410c9937594faa893a11dceb85f7e"
"Assets\RecursosUnificados\ChegaComJhon\UniversalRenderPipelineGlobalSettings.asset","04c410c9937594faa893a11dceb85f7e"
"Assets\RecursosUnificados\ColegaTeste\ProjetoPlayerJhonas\Settings\Renderer2D.asset","04c410c9937594faa893a11dceb85f7e"
"Assets\RecursosUnificados\ColegaTeste\ProjetoTesteAssets\UniversalRenderPipelineGlobalSettings.asset","04c410c9937594faa893a11dceb85f7e"
"Assets\RecursosUnificados\ColegaTeste\UniversalRenderPipelineGlobalSettings.asset","04c410c9937594faa893a11dceb85f7e"
"Assets\Settings\Renderer2D.asset","04c410c9937594faa893a11dceb85f7e"
"Assets\UniversalRenderPipelineGlobalSettings.asset","04c410c9937594faa893a11dceb85f7e"
"Assets\Assets\DefaultVolumeProfile.asset","06437c1ff663d574d9447842ba0a72e4"
"Assets\DefaultVolumeProfile.asset","06437c1ff663d574d9447842ba0a72e4"
"Assets\RecursosUnificados\BranchPedrao\Assets\DefaultVolumeProfile.asset","06437c1ff663d574d9447842ba0a72e4"
"Assets\RecursosUnificados\ChegaComJhon\DefaultVolumeProfile.asset","06437c1ff663d574d9447842ba0a72e4"
"Assets\RecursosUnificados\ColegaTeste\DefaultVolumeProfile.asset","06437c1ff663d574d9447842ba0a72e4"
"Assets\RecursosUnificados\ColegaTeste\ProjetoTesteAssets\UniversalRenderPipelineGlobalSettings.asset","071e954febf155243a6c81e48f452644"
"Assets\RecursosUnificados\ColegaTeste\UniversalRenderPipelineGlobalSettings.asset","071e954febf155243a6c81e48f452644"
"Assets\RecursosUnificados\BranchPedrao\Scenes\Cena do JHON.unity","073797afb82c5a1438f328866b10b3f0"
"Assets\RecursosUnificados\BranchPedrao\Scenes\CenaDoCT.unity","073797afb82c5a1438f328866b10b3f0"
"Assets\RecursosUnificados\BranchPedrao\Settings\Scenes\URP2DSceneTemplate.unity","073797afb82c5a1438f328866b10b3f0"
"Assets\RecursosUnificados\ChegaComJhon\Scenes\CenaDoCT.unity","073797afb82c5a1438f328866b10b3f0"
"Assets\RecursosUnificados\ColegaTeste\_Recovery\0.unity","073797afb82c5a1438f328866b10b3f0"
"Assets\RecursosUnificados\ColegaTeste\ProjetoPlayerJhonas\Settings\Scenes\URP2DSceneTemplate.unity","073797afb82c5a1438f328866b10b3f0"
"Assets\RecursosUnificados\ColegaTeste\Scenes\CenaDoColega.unity","073797afb82c5a1438f328866b10b3f0"
"Assets\RecursosUnificados\ColegaTeste\Scenes\CenaDoCT.unity","073797afb82c5a1438f328866b10b3f0"
"Assets\RecursosUnificados\ColegaTeste\Scenes\SampleScene.unity","073797afb82c5a1438f328866b10b3f0"
"Assets\Scenes\CenaDoCT.unity","073797afb82c5a1438f328866b10b3f0"
"Assets\Scenes\Unificadas\Unified_BranchPedrao_Scenes_Cena do JHON.unity","073797afb82c5a1438f328866b10b3f0"
"Assets\Scenes\Unificadas\Unified_ColegaTeste_Scenes_CenaDoColega.unity","073797afb82c5a1438f328866b10b3f0"
"Assets\Settings\Scenes\URP2DSceneTemplate.unity","073797afb82c5a1438f328866b10b3f0"
"Assets\Assets\UniversalRenderPipelineGlobalSettings.asset","0849e84e3d62649e8882e9d6f056a017"
"Assets\RecursosUnificados\BranchPedrao\Assets\UniversalRenderPipelineGlobalSettings.asset","0849e84e3d62649e8882e9d6f056a017"
"Assets\RecursosUnificados\BranchPedrao\UniversalRenderPipelineGlobalSettings.asset","0849e84e3d62649e8882e9d6f056a017"
"Assets\RecursosUnificados\ChegaComJhon\UniversalRenderPipelineGlobalSettings.asset","0849e84e3d62649e8882e9d6f056a017"
"Assets\RecursosUnificados\ColegaTeste\ProjetoTesteAssets\UniversalRenderPipelineGlobalSettings.asset","0849e84e3d62649e8882e9d6f056a017"
"Assets\RecursosUnificados\ColegaTeste\UniversalRenderPipelineGlobalSettings.asset","0849e84e3d62649e8882e9d6f056a017"
"Assets\UniversalRenderPipelineGlobalSettings.asset","0849e84e3d62649e8882e9d6f056a017"
"Assets\Assets\UniversalRenderPipelineGlobalSettings.asset","08b2b5fb307b0d249860612774a987da"
"Assets\RecursosUnificados\BranchPedrao\Assets\UniversalRenderPipelineGlobalSettings.asset","08b2b5fb307b0d249860612774a987da"
"Assets\RecursosUnificados\BranchPedrao\UniversalRenderPipelineGlobalSettings.asset","08b2b5fb307b0d249860612774a987da"
"Assets\RecursosUnificados\ChegaComJhon\UniversalRenderPipelineGlobalSettings.asset","08b2b5fb307b0d249860612774a987da"
"Assets\RecursosUnificados\ColegaTeste\ProjetoTesteAssets\UniversalRenderPipelineGlobalSettings.asset","08b2b5fb307b0d249860612774a987da"
"Assets\RecursosUnificados\ColegaTeste\UniversalRenderPipelineGlobalSettings.asset","08b2b5fb307b0d249860612774a987da"
"Assets\UniversalRenderPipelineGlobalSettings.asset","08b2b5fb307b0d249860612774a987da"
"Assets\Assets\UniversalRenderPipelineGlobalSettings.asset","0951de5992461754fa73650732c4954c"
"Assets\RecursosUnificados\BranchPedrao\Assets\UniversalRenderPipelineGlobalSettings.asset","0951de5992461754fa73650732c4954c"
"Assets\RecursosUnificados\BranchPedrao\UniversalRenderPipelineGlobalSettings.asset","0951de5992461754fa73650732c4954c"
"Assets\RecursosUnificados\ChegaComJhon\UniversalRenderPipelineGlobalSettings.asset","0951de5992461754fa73650732c4954c"
"Assets\RecursosUnificados\ColegaTeste\ProjetoTesteAssets\UniversalRenderPipelineGlobalSettings.asset","0951de5992461754fa73650732c4954c"
"Assets\RecursosUnificados\ColegaTeste\UniversalRenderPipelineGlobalSettings.asset","0951de5992461754fa73650732c4954c"
"Assets\UniversalRenderPipelineGlobalSettings.asset","0951de5992461754fa73650732c4954c"
"Assets\Assets\DefaultVolumeProfile.asset","0b2db86121404754db890f4c8dfe81b2"
"Assets\DefaultVolumeProfile.asset","0b2db86121404754db890f4c8dfe81b2"
"Assets\RecursosUnificados\BranchPedrao\Assets\DefaultVolumeProfile.asset","0b2db86121404754db890f4c8dfe81b2"
"Assets\RecursosUnificados\ChegaComJhon\DefaultVolumeProfile.asset","0b2db86121404754db890f4c8dfe81b2"
"Assets\RecursosUnificados\ColegaTeste\DefaultVolumeProfile.asset","0b2db86121404754db890f4c8dfe81b2"
"Assets\_Recovery\0 (5).unity","0cd44c1031e13a943bb63640046fad76"
"Assets\_Recovery\0 (5).unity","0cd44c1031e13a943bb63640046fad76"
"Assets\_Recovery\0 (5).unity","0cd44c1031e13a943bb63640046fad76"
"Assets\RecursosUnificados\ChegaComJhon\_Recovery\0 (5).unity","0cd44c1031e13a943bb63640046fad76"
"Assets\RecursosUnificados\ChegaComJhon\_Recovery\0 (5).unity","0cd44c1031e13a943bb63640046fad76"
"Assets\RecursosUnificados\ChegaComJhon\_Recovery\0 (5).unity","0cd44c1031e13a943bb63640046fad76"
"Assets\RecursosUnificados\ChegaComJhon\Scenes\ServerHub.unity","0cd44c1031e13a943bb63640046fad76"
"Assets\RecursosUnificados\ChegaComJhon\Scenes\ServerHub.unity","0cd44c1031e13a943bb63640046fad76"
"Assets\RecursosUnificados\ChegaComJhon\Scenes\ServerHub.unity","0cd44c1031e13a943bb63640046fad76"
"Assets\Scenes\ServerHub.unity","0cd44c1031e13a943bb63640046fad76"
"Assets\Scenes\ServerHub.unity","0cd44c1031e13a943bb63640046fad76"
"Assets\Scenes\ServerHub.unity","0cd44c1031e13a943bb63640046fad76"
"Assets\Assets\UniversalRenderPipelineGlobalSettings.asset","0e9d5a909a1f7e84882a534d0d11e49f"
"Assets\RecursosUnificados\BranchPedrao\Assets\UniversalRenderPipelineGlobalSettings.asset","0e9d5a909a1f7e84882a534d0d11e49f"
"Assets\RecursosUnificados\BranchPedrao\UniversalRenderPipelineGlobalSettings.asset","0e9d5a909a1f7e84882a534d0d11e49f"
"Assets\RecursosUnificados\ChegaComJhon\UniversalRenderPipelineGlobalSettings.asset","0e9d5a909a1f7e84882a534d0d11e49f"
"Assets\RecursosUnificados\ColegaTeste\ProjetoTesteAssets\UniversalRenderPipelineGlobalSettings.asset","0e9d5a909a1f7e84882a534d0d11e49f"
"Assets\RecursosUnificados\ColegaTeste\UniversalRenderPipelineGlobalSettings.asset","0e9d5a909a1f7e84882a534d0d11e49f"
"Assets\UniversalRenderPipelineGlobalSettings.asset","0e9d5a909a1f7e84882a534d0d11e49f"
"Assets\Assets\UniversalRenderPipelineGlobalSettings.asset","0f4122b9a743b744abe2fb6a0a88868b"
"Assets\RecursosUnificados\BranchPedrao\Assets\UniversalRenderPipelineGlobalSettings.asset","0f4122b9a743b744abe2fb6a0a88868b"
"Assets\RecursosUnificados\BranchPedrao\UniversalRenderPipelineGlobalSettings.asset","0f4122b9a743b744abe2fb6a0a88868b"
"Assets\RecursosUnificados\ChegaComJhon\UniversalRenderPipelineGlobalSettings.asset","0f4122b9a743b744abe2fb6a0a88868b"
"Assets\RecursosUnificados\ColegaTeste\ProjetoTesteAssets\UniversalRenderPipelineGlobalSettings.asset","0f4122b9a743b744abe2fb6a0a88868b"
"Assets\RecursosUnificados\ColegaTeste\UniversalRenderPipelineGlobalSettings.asset","0f4122b9a743b744abe2fb6a0a88868b"
"Assets\UniversalRenderPipelineGlobalSettings.asset","0f4122b9a743b744abe2fb6a0a88868b"
"Assets\Assets\UniversalRenderPipelineGlobalSettings.asset","1097e90e1306e26439701489f391a6c0"
"Assets\RecursosUnificados\BranchPedrao\Assets\UniversalRenderPipelineGlobalSettings.asset","1097e90e1306e26439701489f391a6c0"
"Assets\RecursosUnificados\BranchPedrao\UniversalRenderPipelineGlobalSettings.asset","1097e90e1306e26439701489f391a6c0"
"Assets\RecursosUnificados\ChegaComJhon\UniversalRenderPipelineGlobalSettings.asset","1097e90e1306e26439701489f391a6c0"
"Assets\RecursosUnificados\ColegaTeste\ProjetoTesteAssets\UniversalRenderPipelineGlobalSettings.asset","1097e90e1306e26439701489f391a6c0"
"Assets\RecursosUnificados\ColegaTeste\UniversalRenderPipelineGlobalSettings.asset","1097e90e1306e26439701489f391a6c0"
"Assets\UniversalRenderPipelineGlobalSettings.asset","1097e90e1306e26439701489f391a6c0"
"Assets\RecursosUnificados\ColegaTeste\ProjetoTesteAssets\UniversalRenderPipelineGlobalSettings.asset","10b6c6d22e73dea46a8ab36b6eebd629"
"Assets\RecursosUnificados\ColegaTeste\UniversalRenderPipelineGlobalSettings.asset","10b6c6d22e73dea46a8ab36b6eebd629"
"Assets\RecursosUnificados\BranchPedrao\Settings\Renderer2D.asset","11145981673336645838492a2d98e247"
"Assets\RecursosUnificados\ColegaTeste\ProjetoPlayerJhonas\Settings\Renderer2D.asset","11145981673336645838492a2d98e247"
"Assets\Settings\Renderer2D.asset","11145981673336645838492a2d98e247"
"Assets\Assets\UniversalRenderPipelineGlobalSettings.asset","1121bb4e615ca3c48b214e79e841e823"
"Assets\RecursosUnificados\BranchPedrao\Assets\UniversalRenderPipelineGlobalSettings.asset","1121bb4e615ca3c48b214e79e841e823"
"Assets\RecursosUnificados\BranchPedrao\UniversalRenderPipelineGlobalSettings.asset","1121bb4e615ca3c48b214e79e841e823"
"Assets\RecursosUnificados\ChegaComJhon\UniversalRenderPipelineGlobalSettings.asset","1121bb4e615ca3c48b214e79e841e823"
"Assets\RecursosUnificados\ColegaTeste\ProjetoTesteAssets\UniversalRenderPipelineGlobalSettings.asset","1121bb4e615ca3c48b214e79e841e823"
"Assets\RecursosUnificados\ColegaTeste\UniversalRenderPipelineGlobalSettings.asset","1121bb4e615ca3c48b214e79e841e823"
"Assets\UniversalRenderPipelineGlobalSettings.asset","1121bb4e615ca3c48b214e79e841e823"
"Assets\RecursosUnificados\ColegaTeste\ProjetoTesteAssets\UniversalRenderPipelineGlobalSettings.asset","1134690bf9216164dbc75050e35b7900"
"Assets\RecursosUnificados\ColegaTeste\UniversalRenderPipelineGlobalSettings.asset","1134690bf9216164dbc75050e35b7900"
"Assets\Assets\UniversalRenderPipelineGlobalSettings.asset","12dc59547ea167a4ab435097dd0f9add"
"Assets\RecursosUnificados\BranchPedrao\Assets\UniversalRenderPipelineGlobalSettings.asset","12dc59547ea167a4ab435097dd0f9add"
"Assets\RecursosUnificados\BranchPedrao\UniversalRenderPipelineGlobalSettings.asset","12dc59547ea167a4ab435097dd0f9add"
"Assets\RecursosUnificados\ChegaComJhon\UniversalRenderPipelineGlobalSettings.asset","12dc59547ea167a4ab435097dd0f9add"
"Assets\RecursosUnificados\ColegaTeste\ProjetoTesteAssets\UniversalRenderPipelineGlobalSettings.asset","12dc59547ea167a4ab435097dd0f9add"
"Assets\RecursosUnificados\ColegaTeste\UniversalRenderPipelineGlobalSettings.asset","12dc59547ea167a4ab435097dd0f9add"
"Assets\UniversalRenderPipelineGlobalSettings.asset","12dc59547ea167a4ab435097dd0f9add"
"Assets\RecursosUnificados\ColegaTeste\ProjetoTesteAssets\UniversalRenderPipelineGlobalSettings.asset","14381521ff11cb74abe3fe65401c23be"
"Assets\RecursosUnificados\ColegaTeste\UniversalRenderPipelineGlobalSettings.asset","14381521ff11cb74abe3fe65401c23be"
"Assets\Assets\UniversalRenderPipelineGlobalSettings.asset","15d0c3709176029428a0da2f8cecf0b5"
"Assets\RecursosUnificados\BranchPedrao\Assets\UniversalRenderPipelineGlobalSettings.asset","15d0c3709176029428a0da2f8cecf0b5"
"Assets\RecursosUnificados\BranchPedrao\Settings\Renderer2D.asset","15d0c3709176029428a0da2f8cecf0b5"
"Assets\RecursosUnificados\BranchPedrao\UniversalRenderPipelineGlobalSettings.asset","15d0c3709176029428a0da2f8cecf0b5"
"Assets\RecursosUnificados\ChegaComJhon\UniversalRenderPipelineGlobalSettings.asset","15d0c3709176029428a0da2f8cecf0b5"
"Assets\RecursosUnificados\ColegaTeste\ProjetoPlayerJhonas\Settings\Renderer2D.asset","15d0c3709176029428a0da2f8cecf0b5"
"Assets\RecursosUnificados\ColegaTeste\ProjetoTesteAssets\UniversalRenderPipelineGlobalSettings.asset","15d0c3709176029428a0da2f8cecf0b5"
"Assets\RecursosUnificados\ColegaTeste\UniversalRenderPipelineGlobalSettings.asset","15d0c3709176029428a0da2f8cecf0b5"
"Assets\Settings\Renderer2D.asset","15d0c3709176029428a0da2f8cecf0b5"
"Assets\UniversalRenderPipelineGlobalSettings.asset","15d0c3709176029428a0da2f8cecf0b5"
"Assets\RecursosUnificados\ColegaTeste\ProjetoTesteAssets\UniversalRenderPipelineGlobalSettings.asset","179f794063d2a66478e6e726f84a65bc"
"Assets\RecursosUnificados\ColegaTeste\UniversalRenderPipelineGlobalSettings.asset","179f794063d2a66478e6e726f84a65bc"
"Assets\Assets\UniversalRenderPipelineGlobalSettings.asset","19349a0f9a7ed4c48a27445bcf92e5e1"
"Assets\RecursosUnificados\BranchPedrao\Assets\UniversalRenderPipelineGlobalSettings.asset","19349a0f9a7ed4c48a27445bcf92e5e1"
"Assets\RecursosUnificados\BranchPedrao\Settings\Renderer2D.asset","19349a0f9a7ed4c48a27445bcf92e5e1"
"Assets\RecursosUnificados\BranchPedrao\UniversalRenderPipelineGlobalSettings.asset","19349a0f9a7ed4c48a27445bcf92e5e1"
"Assets\RecursosUnificados\ChegaComJhon\UniversalRenderPipelineGlobalSettings.asset","19349a0f9a7ed4c48a27445bcf92e5e1"
"Assets\RecursosUnificados\ColegaTeste\ProjetoPlayerJhonas\Settings\Renderer2D.asset","19349a0f9a7ed4c48a27445bcf92e5e1"
"Assets\RecursosUnificados\ColegaTeste\ProjetoTesteAssets\UniversalRenderPipelineGlobalSettings.asset","19349a0f9a7ed4c48a27445bcf92e5e1"
"Assets\RecursosUnificados\ColegaTeste\UniversalRenderPipelineGlobalSettings.asset","19349a0f9a7ed4c48a27445bcf92e5e1"
"Assets\Settings\Renderer2D.asset","19349a0f9a7ed4c48a27445bcf92e5e1"
"Assets\UniversalRenderPipelineGlobalSettings.asset","19349a0f9a7ed4c48a27445bcf92e5e1"
"Assets\Assets\UniversalRenderPipelineGlobalSettings.asset","1ad53a96b58d3c3488dde4f14db1aaeb"
"Assets\RecursosUnificados\BranchPedrao\Assets\UniversalRenderPipelineGlobalSettings.asset","1ad53a96b58d3c3488dde4f14db1aaeb"
"Assets\RecursosUnificados\BranchPedrao\UniversalRenderPipelineGlobalSettings.asset","1ad53a96b58d3c3488dde4f14db1aaeb"
"Assets\RecursosUnificados\ChegaComJhon\UniversalRenderPipelineGlobalSettings.asset","1ad53a96b58d3c3488dde4f14db1aaeb"
"Assets\RecursosUnificados\ColegaTeste\ProjetoTesteAssets\UniversalRenderPipelineGlobalSettings.asset","1ad53a96b58d3c3488dde4f14db1aaeb"
"Assets\RecursosUnificados\ColegaTeste\UniversalRenderPipelineGlobalSettings.asset","1ad53a96b58d3c3488dde4f14db1aaeb"
"Assets\UniversalRenderPipelineGlobalSettings.asset","1ad53a96b58d3c3488dde4f14db1aaeb"
"Assets\Assets\UniversalRenderPipelineGlobalSettings.asset","1b95b5dcf48d1914c9e1e7405c7660e3"
"Assets\RecursosUnificados\BranchPedrao\Assets\UniversalRenderPipelineGlobalSettings.asset","1b95b5dcf48d1914c9e1e7405c7660e3"
"Assets\RecursosUnificados\BranchPedrao\UniversalRenderPipelineGlobalSettings.asset","1b95b5dcf48d1914c9e1e7405c7660e3"
"Assets\RecursosUnificados\ChegaComJhon\UniversalRenderPipelineGlobalSettings.asset","1b95b5dcf48d1914c9e1e7405c7660e3"
"Assets\RecursosUnificados\ColegaTeste\ProjetoTesteAssets\UniversalRenderPipelineGlobalSettings.asset","1b95b5dcf48d1914c9e1e7405c7660e3"
"Assets\RecursosUnificados\ColegaTeste\UniversalRenderPipelineGlobalSettings.asset","1b95b5dcf48d1914c9e1e7405c7660e3"
"Assets\UniversalRenderPipelineGlobalSettings.asset","1b95b5dcf48d1914c9e1e7405c7660e3"
"Assets\RecursosUnificados\ColegaTeste\ProjetoTesteAssets\UniversalRenderPipelineGlobalSettings.asset","1c3c6d69a645b804fa232004b96b7ad3"
"Assets\RecursosUnificados\ColegaTeste\UniversalRenderPipelineGlobalSettings.asset","1c3c6d69a645b804fa232004b96b7ad3"
"Assets\Assets\UniversalRenderPipelineGlobalSettings.asset","1edcd131364091c46a17cbff0b1de97a"
"Assets\RecursosUnificados\BranchPedrao\Assets\UniversalRenderPipelineGlobalSettings.asset","1edcd131364091c46a17cbff0b1de97a"
"Assets\RecursosUnificados\BranchPedrao\UniversalRenderPipelineGlobalSettings.asset","1edcd131364091c46a17cbff0b1de97a"
"Assets\RecursosUnificados\ChegaComJhon\UniversalRenderPipelineGlobalSettings.asset","1edcd131364091c46a17cbff0b1de97a"
"Assets\RecursosUnificados\ColegaTeste\ProjetoTesteAssets\UniversalRenderPipelineGlobalSettings.asset","1edcd131364091c46a17cbff0b1de97a"
"Assets\RecursosUnificados\ColegaTeste\UniversalRenderPipelineGlobalSettings.asset","1edcd131364091c46a17cbff0b1de97a"
"Assets\UniversalRenderPipelineGlobalSettings.asset","1edcd131364091c46a17cbff0b1de97a"
"Assets\Assets\UniversalRenderPipelineGlobalSettings.asset","20be25aac4e22ee49a7db76fb3df6de2"
"Assets\RecursosUnificados\BranchPedrao\Assets\UniversalRenderPipelineGlobalSettings.asset","20be25aac4e22ee49a7db76fb3df6de2"
"Assets\RecursosUnificados\BranchPedrao\UniversalRenderPipelineGlobalSettings.asset","20be25aac4e22ee49a7db76fb3df6de2"
"Assets\RecursosUnificados\ChegaComJhon\UniversalRenderPipelineGlobalSettings.asset","20be25aac4e22ee49a7db76fb3df6de2"
"Assets\RecursosUnificados\ColegaTeste\ProjetoTesteAssets\UniversalRenderPipelineGlobalSettings.asset","20be25aac4e22ee49a7db76fb3df6de2"
"Assets\RecursosUnificados\ColegaTeste\UniversalRenderPipelineGlobalSettings.asset","20be25aac4e22ee49a7db76fb3df6de2"
"Assets\UniversalRenderPipelineGlobalSettings.asset","20be25aac4e22ee49a7db76fb3df6de2"
"Assets\Assets\DefaultVolumeProfile.asset","221518ef91623a7438a71fef23660601"
"Assets\DefaultVolumeProfile.asset","221518ef91623a7438a71fef23660601"
"Assets\RecursosUnificados\BranchPedrao\Assets\DefaultVolumeProfile.asset","221518ef91623a7438a71fef23660601"
"Assets\RecursosUnificados\ChegaComJhon\DefaultVolumeProfile.asset","221518ef91623a7438a71fef23660601"
"Assets\RecursosUnificados\ColegaTeste\DefaultVolumeProfile.asset","221518ef91623a7438a71fef23660601"
"Assets\Assets\UniversalRenderPipelineGlobalSettings.asset","222cce62363a44a380c36bf03b392608"
"Assets\RecursosUnificados\BranchPedrao\Assets\UniversalRenderPipelineGlobalSettings.asset","222cce62363a44a380c36bf03b392608"
"Assets\RecursosUnificados\BranchPedrao\UniversalRenderPipelineGlobalSettings.asset","222cce62363a44a380c36bf03b392608"
"Assets\RecursosUnificados\ChegaComJhon\UniversalRenderPipelineGlobalSettings.asset","222cce62363a44a380c36bf03b392608"
"Assets\RecursosUnificados\ColegaTeste\ProjetoTesteAssets\UniversalRenderPipelineGlobalSettings.asset","222cce62363a44a380c36bf03b392608"
"Assets\RecursosUnificados\ColegaTeste\UniversalRenderPipelineGlobalSettings.asset","222cce62363a44a380c36bf03b392608"
"Assets\UniversalRenderPipelineGlobalSettings.asset","222cce62363a44a380c36bf03b392608"
"Assets\RecursosUnificados\BranchPedrao\Settings\Renderer2D.asset","24ec0e140fb444a44ab96ee80844e18e"
"Assets\RecursosUnificados\ColegaTeste\ProjetoPlayerJhonas\Settings\Renderer2D.asset","24ec0e140fb444a44ab96ee80844e18e"
"Assets\Settings\Renderer2D.asset","24ec0e140fb444a44ab96ee80844e18e"
"Assets\Assets\UniversalRenderPipelineGlobalSettings.asset","26a413214480ef144b2915d6ff4d0beb"
"Assets\RecursosUnificados\BranchPedrao\Assets\UniversalRenderPipelineGlobalSettings.asset","26a413214480ef144b2915d6ff4d0beb"
"Assets\RecursosUnificados\BranchPedrao\UniversalRenderPipelineGlobalSettings.asset","26a413214480ef144b2915d6ff4d0beb"
"Assets\RecursosUnificados\ChegaComJhon\UniversalRenderPipelineGlobalSettings.asset","26a413214480ef144b2915d6ff4d0beb"
"Assets\RecursosUnificados\ColegaTeste\ProjetoTesteAssets\UniversalRenderPipelineGlobalSettings.asset","26a413214480ef144b2915d6ff4d0beb"
"Assets\RecursosUnificados\ColegaTeste\UniversalRenderPipelineGlobalSettings.asset","26a413214480ef144b2915d6ff4d0beb"
"Assets\UniversalRenderPipelineGlobalSettings.asset","26a413214480ef144b2915d6ff4d0beb"
"Assets\RecursosUnificados\BranchPedrao\TextMesh Pro\Resources\TMP Settings.asset","2705215ac5b84b70bacc50632be6e391"
"Assets\RecursosUnificados\ColegaTeste\ProjetoPlayerJhonas\TextMesh Pro\Resources\TMP Settings.asset","2705215ac5b84b70bacc50632be6e391"
"Assets\TextMesh Pro\Resources\TMP Settings.asset","2705215ac5b84b70bacc50632be6e391"
"Assets\Assets\UniversalRenderPipelineGlobalSettings.asset","29868e73b638e48ca99a19ea58c48d90"
"Assets\RecursosUnificados\BranchPedrao\Assets\UniversalRenderPipelineGlobalSettings.asset","29868e73b638e48ca99a19ea58c48d90"
"Assets\RecursosUnificados\BranchPedrao\UniversalRenderPipelineGlobalSettings.asset","29868e73b638e48ca99a19ea58c48d90"
"Assets\RecursosUnificados\ChegaComJhon\UniversalRenderPipelineGlobalSettings.asset","29868e73b638e48ca99a19ea58c48d90"
"Assets\RecursosUnificados\ColegaTeste\ProjetoTesteAssets\UniversalRenderPipelineGlobalSettings.asset","29868e73b638e48ca99a19ea58c48d90"
"Assets\RecursosUnificados\ColegaTeste\UniversalRenderPipelineGlobalSettings.asset","29868e73b638e48ca99a19ea58c48d90"
"Assets\UniversalRenderPipelineGlobalSettings.asset","29868e73b638e48ca99a19ea58c48d90"
"Assets\Assets\DefaultVolumeProfile.asset","29fa0085f50d5e54f8144f766051a691"
"Assets\DefaultVolumeProfile.asset","29fa0085f50d5e54f8144f766051a691"
"Assets\RecursosUnificados\BranchPedrao\Assets\DefaultVolumeProfile.asset","29fa0085f50d5e54f8144f766051a691"
"Assets\RecursosUnificados\ChegaComJhon\DefaultVolumeProfile.asset","29fa0085f50d5e54f8144f766051a691"
"Assets\RecursosUnificados\ColegaTeste\DefaultVolumeProfile.asset","29fa0085f50d5e54f8144f766051a691"
"Assets\Assets\UniversalRenderPipelineGlobalSettings.asset","2a567b9b2733f8d47a700c3c85bed75b"
"Assets\RecursosUnificados\BranchPedrao\Assets\UniversalRenderPipelineGlobalSettings.asset","2a567b9b2733f8d47a700c3c85bed75b"
"Assets\RecursosUnificados\BranchPedrao\UniversalRenderPipelineGlobalSettings.asset","2a567b9b2733f8d47a700c3c85bed75b"
"Assets\RecursosUnificados\ChegaComJhon\UniversalRenderPipelineGlobalSettings.asset","2a567b9b2733f8d47a700c3c85bed75b"
"Assets\RecursosUnificados\ColegaTeste\ProjetoTesteAssets\UniversalRenderPipelineGlobalSettings.asset","2a567b9b2733f8d47a700c3c85bed75b"
"Assets\RecursosUnificados\ColegaTeste\UniversalRenderPipelineGlobalSettings.asset","2a567b9b2733f8d47a700c3c85bed75b"
"Assets\UniversalRenderPipelineGlobalSettings.asset","2a567b9b2733f8d47a700c3c85bed75b"
"Assets\Assets\UniversalRenderPipelineGlobalSettings.asset","2aed67ad60045d54ba3a00c91e2d2631"
"Assets\RecursosUnificados\BranchPedrao\Assets\UniversalRenderPipelineGlobalSettings.asset","2aed67ad60045d54ba3a00c91e2d2631"
"Assets\RecursosUnificados\BranchPedrao\UniversalRenderPipelineGlobalSettings.asset","2aed67ad60045d54ba3a00c91e2d2631"
"Assets\RecursosUnificados\ChegaComJhon\UniversalRenderPipelineGlobalSettings.asset","2aed67ad60045d54ba3a00c91e2d2631"
"Assets\RecursosUnificados\ColegaTeste\ProjetoTesteAssets\UniversalRenderPipelineGlobalSettings.asset","2aed67ad60045d54ba3a00c91e2d2631"
"Assets\RecursosUnificados\ColegaTeste\UniversalRenderPipelineGlobalSettings.asset","2aed67ad60045d54ba3a00c91e2d2631"
"Assets\UniversalRenderPipelineGlobalSettings.asset","2aed67ad60045d54ba3a00c91e2d2631"
"Assets\RecursosUnificados\ColegaTeste\ProjetoTesteAssets\UniversalRenderPipelineGlobalSettings.asset","2ca97df9d1801e84a8a8f2c53cb744f0"
"Assets\RecursosUnificados\ColegaTeste\UniversalRenderPipelineGlobalSettings.asset","2ca97df9d1801e84a8a8f2c53cb744f0"
"Assets\Assets\UniversalRenderPipelineGlobalSettings.asset","2d70cd6be91bd7843a39a54b51c15b13"
"Assets\RecursosUnificados\BranchPedrao\Assets\UniversalRenderPipelineGlobalSettings.asset","2d70cd6be91bd7843a39a54b51c15b13"
"Assets\RecursosUnificados\BranchPedrao\UniversalRenderPipelineGlobalSettings.asset","2d70cd6be91bd7843a39a54b51c15b13"
"Assets\RecursosUnificados\ChegaComJhon\UniversalRenderPipelineGlobalSettings.asset","2d70cd6be91bd7843a39a54b51c15b13"
"Assets\RecursosUnificados\ColegaTeste\ProjetoTesteAssets\UniversalRenderPipelineGlobalSettings.asset","2d70cd6be91bd7843a39a54b51c15b13"
"Assets\RecursosUnificados\ColegaTeste\UniversalRenderPipelineGlobalSettings.asset","2d70cd6be91bd7843a39a54b51c15b13"
"Assets\UniversalRenderPipelineGlobalSettings.asset","2d70cd6be91bd7843a39a54b51c15b13"
"Assets\_Recovery\0 (5).unity","2da0c512f12947e489f739169773d7ca"
"Assets\RecursosUnificados\ChegaComJhon\_Recovery\0 (5).unity","2da0c512f12947e489f739169773d7ca"
"Assets\Assets\UniversalRenderPipelineGlobalSettings.asset","2ec995e51a6e251468d2a3fd8a686257"
"Assets\RecursosUnificados\BranchPedrao\Assets\UniversalRenderPipelineGlobalSettings.asset","2ec995e51a6e251468d2a3fd8a686257"
"Assets\RecursosUnificados\BranchPedrao\UniversalRenderPipelineGlobalSettings.asset","2ec995e51a6e251468d2a3fd8a686257"
"Assets\RecursosUnificados\ChegaComJhon\UniversalRenderPipelineGlobalSettings.asset","2ec995e51a6e251468d2a3fd8a686257"
"Assets\RecursosUnificados\ColegaTeste\ProjetoTesteAssets\UniversalRenderPipelineGlobalSettings.asset","2ec995e51a6e251468d2a3fd8a686257"
"Assets\RecursosUnificados\ColegaTeste\UniversalRenderPipelineGlobalSettings.asset","2ec995e51a6e251468d2a3fd8a686257"
"Assets\UniversalRenderPipelineGlobalSettings.asset","2ec995e51a6e251468d2a3fd8a686257"
"Assets\_Recovery\0 (5).unity","306cc8c2b49d7114eaa3623786fc2126"
"Assets\RecursosUnificados\ChegaComJhon\_Recovery\0 (5).unity","306cc8c2b49d7114eaa3623786fc2126"
"Assets\_Recovery\0 (1).unity","311925a002f4447b3a28927169b83ea6"
"Assets\_Recovery\0 (2).unity","311925a002f4447b3a28927169b83ea6"
"Assets\_Recovery\0 (2).unity","311925a002f4447b3a28927169b83ea6"
"Assets\_Recovery\0 (2).unity","311925a002f4447b3a28927169b83ea6"
"Assets\_Recovery\0 (2).unity","311925a002f4447b3a28927169b83ea6"
"Assets\_Recovery\0 (3).unity","311925a002f4447b3a28927169b83ea6"
"Assets\_Recovery\0 (3).unity","311925a002f4447b3a28927169b83ea6"
"Assets\_Recovery\0 (3).unity","311925a002f4447b3a28927169b83ea6"
"Assets\_Recovery\0 (3).unity","311925a002f4447b3a28927169b83ea6"
"Assets\_Recovery\0 (4).unity","311925a002f4447b3a28927169b83ea6"
"Assets\_Recovery\0 (4).unity","311925a002f4447b3a28927169b83ea6"
"Assets\_Recovery\0 (4).unity","311925a002f4447b3a28927169b83ea6"
"Assets\_Recovery\0 (4).unity","311925a002f4447b3a28927169b83ea6"
"Assets\_Recovery\0.unity","311925a002f4447b3a28927169b83ea6"
"Assets\RecursosUnificados\BranchPedrao\_Recovery\0 (1).unity","311925a002f4447b3a28927169b83ea6"
"Assets\RecursosUnificados\BranchPedrao\_Recovery\0 (2).unity","311925a002f4447b3a28927169b83ea6"
"Assets\RecursosUnificados\BranchPedrao\_Recovery\0 (2).unity","311925a002f4447b3a28927169b83ea6"
"Assets\RecursosUnificados\BranchPedrao\_Recovery\0 (2).unity","311925a002f4447b3a28927169b83ea6"
"Assets\RecursosUnificados\BranchPedrao\_Recovery\0 (2).unity","311925a002f4447b3a28927169b83ea6"
"Assets\RecursosUnificados\BranchPedrao\_Recovery\0 (3).unity","311925a002f4447b3a28927169b83ea6"
"Assets\RecursosUnificados\BranchPedrao\_Recovery\0 (3).unity","311925a002f4447b3a28927169b83ea6"
"Assets\RecursosUnificados\BranchPedrao\_Recovery\0 (3).unity","311925a002f4447b3a28927169b83ea6"
"Assets\RecursosUnificados\BranchPedrao\_Recovery\0 (3).unity","311925a002f4447b3a28927169b83ea6"
"Assets\RecursosUnificados\BranchPedrao\_Recovery\0.unity","311925a002f4447b3a28927169b83ea6"
"Assets\RecursosUnificados\BranchPedrao\Scenes\bla.unity","311925a002f4447b3a28927169b83ea6"
"Assets\RecursosUnificados\BranchPedrao\Scenes\bla.unity","311925a002f4447b3a28927169b83ea6"
"Assets\RecursosUnificados\BranchPedrao\Scenes\bla.unity","311925a002f4447b3a28927169b83ea6"
"Assets\RecursosUnificados\BranchPedrao\Scenes\bla.unity","311925a002f4447b3a28927169b83ea6"
"Assets\RecursosUnificados\BranchPedrao\Scenes\Cena do JHON.unity","311925a002f4447b3a28927169b83ea6"
"Assets\RecursosUnificados\BranchPedrao\Scenes\CenaDoCT.unity","311925a002f4447b3a28927169b83ea6"
"Assets\RecursosUnificados\ChegaComJhon\Scenes\bla.unity","311925a002f4447b3a28927169b83ea6"
"Assets\RecursosUnificados\ChegaComJhon\Scenes\CenaDoCT.unity","311925a002f4447b3a28927169b83ea6"
"Assets\RecursosUnificados\ColegaTeste\_Recovery\0.unity","311925a002f4447b3a28927169b83ea6"
"Assets\RecursosUnificados\ColegaTeste\ProjetoPlayerJhonas\Scenes\bla.unity","311925a002f4447b3a28927169b83ea6"
"Assets\RecursosUnificados\ColegaTeste\ProjetoPlayerJhonas\Scenes\bla.unity","311925a002f4447b3a28927169b83ea6"
"Assets\RecursosUnificados\ColegaTeste\ProjetoPlayerJhonas\Scenes\bla.unity","311925a002f4447b3a28927169b83ea6"
"Assets\RecursosUnificados\ColegaTeste\ProjetoPlayerJhonas\Scenes\bla.unity","311925a002f4447b3a28927169b83ea6"
"Assets\RecursosUnificados\ColegaTeste\Scenes\CenaDoCT.unity","311925a002f4447b3a28927169b83ea6"
"Assets\Scenes\bla.unity","311925a002f4447b3a28927169b83ea6"
"Assets\Scenes\bla.unity","311925a002f4447b3a28927169b83ea6"
"Assets\Scenes\bla.unity","311925a002f4447b3a28927169b83ea6"
"Assets\Scenes\bla.unity","311925a002f4447b3a28927169b83ea6"
"Assets\Scenes\CenaDoCT.unity","311925a002f4447b3a28927169b83ea6"
"Assets\Scenes\Unificadas\Unified_BranchPedrao_Scenes_bla.unity","311925a002f4447b3a28927169b83ea6"
"Assets\Scenes\Unificadas\Unified_BranchPedrao_Scenes_bla.unity","311925a002f4447b3a28927169b83ea6"
"Assets\Scenes\Unificadas\Unified_BranchPedrao_Scenes_bla.unity","311925a002f4447b3a28927169b83ea6"
"Assets\Scenes\Unificadas\Unified_BranchPedrao_Scenes_bla.unity","311925a002f4447b3a28927169b83ea6"
"Assets\Scenes\Unificadas\Unified_BranchPedrao_Scenes_Cena do JHON.unity","311925a002f4447b3a28927169b83ea6"
"Assets\Scenes\Unificadas\Unified_BranchPedrao_Scenes_Ceta big Peter.unity","311925a002f4447b3a28927169b83ea6"
"Assets\Scenes\Unificadas\Unified_BranchPedrao_Scenes_Ceta big Peter.unity","311925a002f4447b3a28927169b83ea6"
"Assets\Scenes\Unificadas\Unified_BranchPedrao_Scenes_Ceta big Peter.unity","311925a002f4447b3a28927169b83ea6"
"Assets\Scenes\Unificadas\Unified_BranchPedrao_Scenes_Ceta big Peter.unity","311925a002f4447b3a28927169b83ea6"
"Assets\Scenes\Unificadas\Unified_ChegaComJhon_Scenes_bla.unity","311925a002f4447b3a28927169b83ea6"
"Assets\Assets\UniversalRenderPipelineGlobalSettings.asset","31321ba15b8f8eb4c954353edc038b1d"
"Assets\RecursosUnificados\BranchPedrao\Assets\UniversalRenderPipelineGlobalSettings.asset","31321ba15b8f8eb4c954353edc038b1d"
"Assets\RecursosUnificados\BranchPedrao\UniversalRenderPipelineGlobalSettings.asset","31321ba15b8f8eb4c954353edc038b1d"
"Assets\RecursosUnificados\ChegaComJhon\UniversalRenderPipelineGlobalSettings.asset","31321ba15b8f8eb4c954353edc038b1d"
"Assets\RecursosUnificados\ColegaTeste\ProjetoTesteAssets\UniversalRenderPipelineGlobalSettings.asset","31321ba15b8f8eb4c954353edc038b1d"
"Assets\RecursosUnificados\ColegaTeste\UniversalRenderPipelineGlobalSettings.asset","31321ba15b8f8eb4c954353edc038b1d"
"Assets\UniversalRenderPipelineGlobalSettings.asset","31321ba15b8f8eb4c954353edc038b1d"
"Assets\Assets\UniversalRenderPipelineGlobalSettings.asset","31d0dcc6f2dd4e4408d18036a2c93862"
"Assets\RecursosUnificados\BranchPedrao\Assets\UniversalRenderPipelineGlobalSettings.asset","31d0dcc6f2dd4e4408d18036a2c93862"
"Assets\RecursosUnificados\BranchPedrao\UniversalRenderPipelineGlobalSettings.asset","31d0dcc6f2dd4e4408d18036a2c93862"
"Assets\RecursosUnificados\ChegaComJhon\UniversalRenderPipelineGlobalSettings.asset","31d0dcc6f2dd4e4408d18036a2c93862"
"Assets\RecursosUnificados\ColegaTeste\ProjetoTesteAssets\UniversalRenderPipelineGlobalSettings.asset","31d0dcc6f2dd4e4408d18036a2c93862"
"Assets\RecursosUnificados\ColegaTeste\UniversalRenderPipelineGlobalSettings.asset","31d0dcc6f2dd4e4408d18036a2c93862"
"Assets\UniversalRenderPipelineGlobalSettings.asset","31d0dcc6f2dd4e4408d18036a2c93862"
"Assets\Assets\UniversalRenderPipelineGlobalSettings.asset","3302065f671a8450b82c9ddf07426f3a"
"Assets\RecursosUnificados\BranchPedrao\Assets\UniversalRenderPipelineGlobalSettings.asset","3302065f671a8450b82c9ddf07426f3a"
"Assets\RecursosUnificados\BranchPedrao\UniversalRenderPipelineGlobalSettings.asset","3302065f671a8450b82c9ddf07426f3a"
"Assets\RecursosUnificados\ChegaComJhon\UniversalRenderPipelineGlobalSettings.asset","3302065f671a8450b82c9ddf07426f3a"
"Assets\RecursosUnificados\ColegaTeste\ProjetoTesteAssets\UniversalRenderPipelineGlobalSettings.asset","3302065f671a8450b82c9ddf07426f3a"
"Assets\RecursosUnificados\ColegaTeste\UniversalRenderPipelineGlobalSettings.asset","3302065f671a8450b82c9ddf07426f3a"
"Assets\UniversalRenderPipelineGlobalSettings.asset","3302065f671a8450b82c9ddf07426f3a"
"Assets\_Recovery\0 (5).unity","3312d7739989d2b4e91e6319e9a96d76"
"Assets\RecursosUnificados\ChegaComJhon\_Recovery\0 (5).unity","3312d7739989d2b4e91e6319e9a96d76"
"Assets\Assets\UniversalRenderPipelineGlobalSettings.asset","33be2e9a5506b2843bdb2bdff9cad5e1"
"Assets\RecursosUnificados\BranchPedrao\Assets\UniversalRenderPipelineGlobalSettings.asset","33be2e9a5506b2843bdb2bdff9cad5e1"
"Assets\RecursosUnificados\BranchPedrao\UniversalRenderPipelineGlobalSettings.asset","33be2e9a5506b2843bdb2bdff9cad5e1"
"Assets\RecursosUnificados\ChegaComJhon\UniversalRenderPipelineGlobalSettings.asset","33be2e9a5506b2843bdb2bdff9cad5e1"
"Assets\RecursosUnificados\ColegaTeste\ProjetoTesteAssets\UniversalRenderPipelineGlobalSettings.asset","33be2e9a5506b2843bdb2bdff9cad5e1"
"Assets\RecursosUnificados\ColegaTeste\UniversalRenderPipelineGlobalSettings.asset","33be2e9a5506b2843bdb2bdff9cad5e1"
"Assets\UniversalRenderPipelineGlobalSettings.asset","33be2e9a5506b2843bdb2bdff9cad5e1"
"Assets\Assets\UniversalRenderPipelineGlobalSettings.asset","36f118343fc974119bee3d09e2111500"
"Assets\RecursosUnificados\BranchPedrao\Assets\UniversalRenderPipelineGlobalSettings.asset","36f118343fc974119bee3d09e2111500"
"Assets\RecursosUnificados\BranchPedrao\UniversalRenderPipelineGlobalSettings.asset","36f118343fc974119bee3d09e2111500"
"Assets\RecursosUnificados\ChegaComJhon\UniversalRenderPipelineGlobalSettings.asset","36f118343fc974119bee3d09e2111500"
"Assets\RecursosUnificados\ColegaTeste\ProjetoTesteAssets\UniversalRenderPipelineGlobalSettings.asset","36f118343fc974119bee3d09e2111500"
"Assets\RecursosUnificados\ColegaTeste\UniversalRenderPipelineGlobalSettings.asset","36f118343fc974119bee3d09e2111500"
"Assets\UniversalRenderPipelineGlobalSettings.asset","36f118343fc974119bee3d09e2111500"
"Assets\Assets\UniversalRenderPipelineGlobalSettings.asset","3923900e2b41b5e47bc25bfdcbcdc9e6"
"Assets\RecursosUnificados\BranchPedrao\Assets\UniversalRenderPipelineGlobalSettings.asset","3923900e2b41b5e47bc25bfdcbcdc9e6"
"Assets\RecursosUnificados\BranchPedrao\UniversalRenderPipelineGlobalSettings.asset","3923900e2b41b5e47bc25bfdcbcdc9e6"
"Assets\RecursosUnificados\ChegaComJhon\UniversalRenderPipelineGlobalSettings.asset","3923900e2b41b5e47bc25bfdcbcdc9e6"
"Assets\RecursosUnificados\ColegaTeste\ProjetoTesteAssets\UniversalRenderPipelineGlobalSettings.asset","3923900e2b41b5e47bc25bfdcbcdc9e6"
"Assets\RecursosUnificados\ColegaTeste\UniversalRenderPipelineGlobalSettings.asset","3923900e2b41b5e47bc25bfdcbcdc9e6"
"Assets\UniversalRenderPipelineGlobalSettings.asset","3923900e2b41b5e47bc25bfdcbcdc9e6"
"Assets\RecursosUnificados\ColegaTeste\ProjetoTesteAssets\UniversalRenderPipelineGlobalSettings.asset","39451254daebd6d40b52899c1f1c0c1b"
"Assets\RecursosUnificados\ColegaTeste\UniversalRenderPipelineGlobalSettings.asset","39451254daebd6d40b52899c1f1c0c1b"
"Assets\Assets\UniversalRenderPipelineGlobalSettings.asset","3a80877c579b9144ebdcc6d923bca303"
"Assets\RecursosUnificados\BranchPedrao\Assets\UniversalRenderPipelineGlobalSettings.asset","3a80877c579b9144ebdcc6d923bca303"
"Assets\RecursosUnificados\BranchPedrao\UniversalRenderPipelineGlobalSettings.asset","3a80877c579b9144ebdcc6d923bca303"
"Assets\RecursosUnificados\ChegaComJhon\UniversalRenderPipelineGlobalSettings.asset","3a80877c579b9144ebdcc6d923bca303"
"Assets\RecursosUnificados\ColegaTeste\ProjetoTesteAssets\UniversalRenderPipelineGlobalSettings.asset","3a80877c579b9144ebdcc6d923bca303"
"Assets\RecursosUnificados\ColegaTeste\UniversalRenderPipelineGlobalSettings.asset","3a80877c579b9144ebdcc6d923bca303"
"Assets\UniversalRenderPipelineGlobalSettings.asset","3a80877c579b9144ebdcc6d923bca303"
"Assets\Assets\UniversalRenderPipelineGlobalSettings.asset","3b21275fd12d65f49babb5286f040f2d"
"Assets\RecursosUnificados\BranchPedrao\Assets\UniversalRenderPipelineGlobalSettings.asset","3b21275fd12d65f49babb5286f040f2d"
"Assets\RecursosUnificados\BranchPedrao\UniversalRenderPipelineGlobalSettings.asset","3b21275fd12d65f49babb5286f040f2d"
"Assets\RecursosUnificados\ChegaComJhon\UniversalRenderPipelineGlobalSettings.asset","3b21275fd12d65f49babb5286f040f2d"
"Assets\RecursosUnificados\ColegaTeste\ProjetoTesteAssets\UniversalRenderPipelineGlobalSettings.asset","3b21275fd12d65f49babb5286f040f2d"
"Assets\RecursosUnificados\ColegaTeste\UniversalRenderPipelineGlobalSettings.asset","3b21275fd12d65f49babb5286f040f2d"
"Assets\UniversalRenderPipelineGlobalSettings.asset","3b21275fd12d65f49babb5286f040f2d"
"Assets\Assets\DefaultVolumeProfile.asset","3eb4b772797da9440885e8bd939e9560"
"Assets\DefaultVolumeProfile.asset","3eb4b772797da9440885e8bd939e9560"
"Assets\RecursosUnificados\BranchPedrao\Assets\DefaultVolumeProfile.asset","3eb4b772797da9440885e8bd939e9560"
"Assets\RecursosUnificados\ChegaComJhon\DefaultVolumeProfile.asset","3eb4b772797da9440885e8bd939e9560"
"Assets\RecursosUnificados\ColegaTeste\DefaultVolumeProfile.asset","3eb4b772797da9440885e8bd939e9560"
"Assets\Assets\UniversalRenderPipelineGlobalSettings.asset","3f6c848ca3d7bca4bbe846546ac701a1"
"Assets\RecursosUnificados\BranchPedrao\Assets\UniversalRenderPipelineGlobalSettings.asset","3f6c848ca3d7bca4bbe846546ac701a1"
"Assets\RecursosUnificados\BranchPedrao\Settings\Renderer2D.asset","3f6c848ca3d7bca4bbe846546ac701a1"
"Assets\RecursosUnificados\BranchPedrao\UniversalRenderPipelineGlobalSettings.asset","3f6c848ca3d7bca4bbe846546ac701a1"
"Assets\RecursosUnificados\ChegaComJhon\UniversalRenderPipelineGlobalSettings.asset","3f6c848ca3d7bca4bbe846546ac701a1"
"Assets\RecursosUnificados\ColegaTeste\ProjetoPlayerJhonas\Settings\Renderer2D.asset","3f6c848ca3d7bca4bbe846546ac701a1"
"Assets\RecursosUnificados\ColegaTeste\ProjetoTesteAssets\UniversalRenderPipelineGlobalSettings.asset","3f6c848ca3d7bca4bbe846546ac701a1"
"Assets\RecursosUnificados\ColegaTeste\UniversalRenderPipelineGlobalSettings.asset","3f6c848ca3d7bca4bbe846546ac701a1"
"Assets\Settings\Renderer2D.asset","3f6c848ca3d7bca4bbe846546ac701a1"
"Assets\UniversalRenderPipelineGlobalSettings.asset","3f6c848ca3d7bca4bbe846546ac701a1"
"Assets\RecursosUnificados\BranchPedrao\Settings\Renderer2D.asset","41439944d30ece34e96484bdb6645b55"
"Assets\RecursosUnificados\ColegaTeste\ProjetoPlayerJhonas\Settings\Renderer2D.asset","41439944d30ece34e96484bdb6645b55"
"Assets\Settings\Renderer2D.asset","41439944d30ece34e96484bdb6645b55"
"Assets\Assets\UniversalRenderPipelineGlobalSettings.asset","4431b1f1f743fbf4eb310a967890cbea"
"Assets\RecursosUnificados\BranchPedrao\Assets\UniversalRenderPipelineGlobalSettings.asset","4431b1f1f743fbf4eb310a967890cbea"
"Assets\RecursosUnificados\BranchPedrao\UniversalRenderPipelineGlobalSettings.asset","4431b1f1f743fbf4eb310a967890cbea"
"Assets\RecursosUnificados\ChegaComJhon\UniversalRenderPipelineGlobalSettings.asset","4431b1f1f743fbf4eb310a967890cbea"
"Assets\RecursosUnificados\ColegaTeste\ProjetoTesteAssets\UniversalRenderPipelineGlobalSettings.asset","4431b1f1f743fbf4eb310a967890cbea"
"Assets\RecursosUnificados\ColegaTeste\UniversalRenderPipelineGlobalSettings.asset","4431b1f1f743fbf4eb310a967890cbea"
"Assets\UniversalRenderPipelineGlobalSettings.asset","4431b1f1f743fbf4eb310a967890cbea"
"Assets\Assets\UniversalRenderPipelineGlobalSettings.asset","44fc62292b65ab04eabcf310e799ccf6"
"Assets\RecursosUnificados\BranchPedrao\Assets\UniversalRenderPipelineGlobalSettings.asset","44fc62292b65ab04eabcf310e799ccf6"
"Assets\RecursosUnificados\BranchPedrao\Settings\Renderer2D.asset","44fc62292b65ab04eabcf310e799ccf6"
"Assets\RecursosUnificados\BranchPedrao\UniversalRenderPipelineGlobalSettings.asset","44fc62292b65ab04eabcf310e799ccf6"
"Assets\RecursosUnificados\ChegaComJhon\UniversalRenderPipelineGlobalSettings.asset","44fc62292b65ab04eabcf310e799ccf6"
"Assets\RecursosUnificados\ColegaTeste\ProjetoPlayerJhonas\Settings\Renderer2D.asset","44fc62292b65ab04eabcf310e799ccf6"
"Assets\RecursosUnificados\ColegaTeste\ProjetoTesteAssets\UniversalRenderPipelineGlobalSettings.asset","44fc62292b65ab04eabcf310e799ccf6"
"Assets\RecursosUnificados\ColegaTeste\UniversalRenderPipelineGlobalSettings.asset","44fc62292b65ab04eabcf310e799ccf6"
"Assets\Settings\Renderer2D.asset","44fc62292b65ab04eabcf310e799ccf6"
"Assets\UniversalRenderPipelineGlobalSettings.asset","44fc62292b65ab04eabcf310e799ccf6"
"Assets\RecursosUnificados\ColegaTeste\ProjetoTesteAssets\UniversalRenderPipelineGlobalSettings.asset","47a45908f6db0cb44a0d5e961143afec"
"Assets\RecursosUnificados\ColegaTeste\UniversalRenderPipelineGlobalSettings.asset","47a45908f6db0cb44a0d5e961143afec"
"Assets\Assets\UniversalRenderPipelineGlobalSettings.asset","4b7b083e6b6734e8bb2838b0b50a0bc8"
"Assets\RecursosUnificados\BranchPedrao\Assets\UniversalRenderPipelineGlobalSettings.asset","4b7b083e6b6734e8bb2838b0b50a0bc8"
"Assets\RecursosUnificados\BranchPedrao\UniversalRenderPipelineGlobalSettings.asset","4b7b083e6b6734e8bb2838b0b50a0bc8"
"Assets\RecursosUnificados\ChegaComJhon\UniversalRenderPipelineGlobalSettings.asset","4b7b083e6b6734e8bb2838b0b50a0bc8"
"Assets\RecursosUnificados\ColegaTeste\ProjetoTesteAssets\UniversalRenderPipelineGlobalSettings.asset","4b7b083e6b6734e8bb2838b0b50a0bc8"
"Assets\RecursosUnificados\ColegaTeste\UniversalRenderPipelineGlobalSettings.asset","4b7b083e6b6734e8bb2838b0b50a0bc8"
"Assets\UniversalRenderPipelineGlobalSettings.asset","4b7b083e6b6734e8bb2838b0b50a0bc8"
"Assets\Assets\UniversalRenderPipelineGlobalSettings.asset","4d6d5de35fa45ef4a92119397a045cc9"
"Assets\RecursosUnificados\BranchPedrao\Assets\UniversalRenderPipelineGlobalSettings.asset","4d6d5de35fa45ef4a92119397a045cc9"
"Assets\RecursosUnificados\BranchPedrao\UniversalRenderPipelineGlobalSettings.asset","4d6d5de35fa45ef4a92119397a045cc9"
"Assets\RecursosUnificados\ChegaComJhon\UniversalRenderPipelineGlobalSettings.asset","4d6d5de35fa45ef4a92119397a045cc9"
"Assets\RecursosUnificados\ColegaTeste\ProjetoTesteAssets\UniversalRenderPipelineGlobalSettings.asset","4d6d5de35fa45ef4a92119397a045cc9"
"Assets\RecursosUnificados\ColegaTeste\UniversalRenderPipelineGlobalSettings.asset","4d6d5de35fa45ef4a92119397a045cc9"
"Assets\UniversalRenderPipelineGlobalSettings.asset","4d6d5de35fa45ef4a92119397a045cc9"
"Assets\RecursosUnificados\ColegaTeste\ProjetoTesteAssets\UniversalRenderPipelineGlobalSettings.asset","4dcc0502f8586f941b5c4a66717205e8"
"Assets\RecursosUnificados\ColegaTeste\UniversalRenderPipelineGlobalSettings.asset","4dcc0502f8586f941b5c4a66717205e8"
"Assets\Assets\UniversalRenderPipelineGlobalSettings.asset","4e034cc8ea2635c4e9f063e5ddc7ea7a"
"Assets\RecursosUnificados\BranchPedrao\Assets\UniversalRenderPipelineGlobalSettings.asset","4e034cc8ea2635c4e9f063e5ddc7ea7a"
"Assets\RecursosUnificados\BranchPedrao\UniversalRenderPipelineGlobalSettings.asset","4e034cc8ea2635c4e9f063e5ddc7ea7a"
"Assets\RecursosUnificados\ChegaComJhon\UniversalRenderPipelineGlobalSettings.asset","4e034cc8ea2635c4e9f063e5ddc7ea7a"
"Assets\RecursosUnificados\ColegaTeste\ProjetoTesteAssets\UniversalRenderPipelineGlobalSettings.asset","4e034cc8ea2635c4e9f063e5ddc7ea7a"
"Assets\RecursosUnificados\ColegaTeste\UniversalRenderPipelineGlobalSettings.asset","4e034cc8ea2635c4e9f063e5ddc7ea7a"
"Assets\UniversalRenderPipelineGlobalSettings.asset","4e034cc8ea2635c4e9f063e5ddc7ea7a"
"Assets\_Recovery\0 (5).unity","4e29b1a8efbd4b44bb3f3716e73f07ff"
"Assets\_Recovery\0 (5).unity","4e29b1a8efbd4b44bb3f3716e73f07ff"
"Assets\RecursosUnificados\ChegaComJhon\_Recovery\0 (5).unity","4e29b1a8efbd4b44bb3f3716e73f07ff"
"Assets\RecursosUnificados\ChegaComJhon\_Recovery\0 (5).unity","4e29b1a8efbd4b44bb3f3716e73f07ff"
"Assets\Assets\UniversalRenderPipelineGlobalSettings.asset","510a2f57334933e4a8dbabe4c30204e4"
"Assets\RecursosUnificados\BranchPedrao\Assets\UniversalRenderPipelineGlobalSettings.asset","510a2f57334933e4a8dbabe4c30204e4"
"Assets\RecursosUnificados\BranchPedrao\UniversalRenderPipelineGlobalSettings.asset","510a2f57334933e4a8dbabe4c30204e4"
"Assets\RecursosUnificados\ChegaComJhon\UniversalRenderPipelineGlobalSettings.asset","510a2f57334933e4a8dbabe4c30204e4"
"Assets\RecursosUnificados\ColegaTeste\ProjetoTesteAssets\UniversalRenderPipelineGlobalSettings.asset","510a2f57334933e4a8dbabe4c30204e4"
"Assets\RecursosUnificados\ColegaTeste\UniversalRenderPipelineGlobalSettings.asset","510a2f57334933e4a8dbabe4c30204e4"
"Assets\UniversalRenderPipelineGlobalSettings.asset","510a2f57334933e4a8dbabe4c30204e4"
"Assets\Assets\UniversalRenderPipelineGlobalSettings.asset","51eee22c2a633ef4aada830eed57c3fd"
"Assets\RecursosUnificados\BranchPedrao\Assets\UniversalRenderPipelineGlobalSettings.asset","51eee22c2a633ef4aada830eed57c3fd"
"Assets\RecursosUnificados\BranchPedrao\UniversalRenderPipelineGlobalSettings.asset","51eee22c2a633ef4aada830eed57c3fd"
"Assets\RecursosUnificados\ChegaComJhon\UniversalRenderPipelineGlobalSettings.asset","51eee22c2a633ef4aada830eed57c3fd"
"Assets\RecursosUnificados\ColegaTeste\ProjetoTesteAssets\UniversalRenderPipelineGlobalSettings.asset","51eee22c2a633ef4aada830eed57c3fd"
"Assets\RecursosUnificados\ColegaTeste\UniversalRenderPipelineGlobalSettings.asset","51eee22c2a633ef4aada830eed57c3fd"
"Assets\UniversalRenderPipelineGlobalSettings.asset","51eee22c2a633ef4aada830eed57c3fd"
"Assets\Assets\UniversalRenderPipelineGlobalSettings.asset","53626a513ea68ce47b59dc1299fe3959"
"Assets\RecursosUnificados\BranchPedrao\Assets\UniversalRenderPipelineGlobalSettings.asset","53626a513ea68ce47b59dc1299fe3959"
"Assets\RecursosUnificados\BranchPedrao\Settings\Renderer2D.asset","53626a513ea68ce47b59dc1299fe3959"
"Assets\RecursosUnificados\BranchPedrao\UniversalRenderPipelineGlobalSettings.asset","53626a513ea68ce47b59dc1299fe3959"
"Assets\RecursosUnificados\ChegaComJhon\UniversalRenderPipelineGlobalSettings.asset","53626a513ea68ce47b59dc1299fe3959"
"Assets\RecursosUnificados\ColegaTeste\ProjetoPlayerJhonas\Settings\Renderer2D.asset","53626a513ea68ce47b59dc1299fe3959"
"Assets\RecursosUnificados\ColegaTeste\ProjetoTesteAssets\UniversalRenderPipelineGlobalSettings.asset","53626a513ea68ce47b59dc1299fe3959"
"Assets\RecursosUnificados\ColegaTeste\UniversalRenderPipelineGlobalSettings.asset","53626a513ea68ce47b59dc1299fe3959"
"Assets\Settings\Renderer2D.asset","53626a513ea68ce47b59dc1299fe3959"
"Assets\UniversalRenderPipelineGlobalSettings.asset","53626a513ea68ce47b59dc1299fe3959"
"Assets\Assets\UniversalRenderPipelineGlobalSettings.asset","53864816eb00f2343b60e1a2c5a262ef"
"Assets\RecursosUnificados\BranchPedrao\Assets\UniversalRenderPipelineGlobalSettings.asset","53864816eb00f2343b60e1a2c5a262ef"
"Assets\RecursosUnificados\BranchPedrao\UniversalRenderPipelineGlobalSettings.asset","53864816eb00f2343b60e1a2c5a262ef"
"Assets\RecursosUnificados\ChegaComJhon\UniversalRenderPipelineGlobalSettings.asset","53864816eb00f2343b60e1a2c5a262ef"
"Assets\RecursosUnificados\ColegaTeste\ProjetoTesteAssets\UniversalRenderPipelineGlobalSettings.asset","53864816eb00f2343b60e1a2c5a262ef"
"Assets\RecursosUnificados\ColegaTeste\UniversalRenderPipelineGlobalSettings.asset","53864816eb00f2343b60e1a2c5a262ef"
"Assets\UniversalRenderPipelineGlobalSettings.asset","53864816eb00f2343b60e1a2c5a262ef"
"Assets\RecursosUnificados\BranchPedrao\Settings\Renderer2D.asset","53a11f4ebaebf4049b3638ef78dc9664"
"Assets\RecursosUnificados\ColegaTeste\ProjetoPlayerJhonas\Settings\Renderer2D.asset","53a11f4ebaebf4049b3638ef78dc9664"
"Assets\Settings\Renderer2D.asset","53a11f4ebaebf4049b3638ef78dc9664"
"Assets\Assets\DefaultVolumeProfile.asset","5485954d14dfb9a4c8ead8edb0ded5b1"
"Assets\DefaultVolumeProfile.asset","5485954d14dfb9a4c8ead8edb0ded5b1"
"Assets\RecursosUnificados\BranchPedrao\Assets\DefaultVolumeProfile.asset","5485954d14dfb9a4c8ead8edb0ded5b1"
"Assets\RecursosUnificados\ChegaComJhon\DefaultVolumeProfile.asset","5485954d14dfb9a4c8ead8edb0ded5b1"
"Assets\RecursosUnificados\ColegaTeste\DefaultVolumeProfile.asset","5485954d14dfb9a4c8ead8edb0ded5b1"
"Assets\Assets\DefaultVolumeProfile.asset","558a8e2b6826cf840aae193990ba9f2e"
"Assets\DefaultVolumeProfile.asset","558a8e2b6826cf840aae193990ba9f2e"
"Assets\RecursosUnificados\BranchPedrao\Assets\DefaultVolumeProfile.asset","558a8e2b6826cf840aae193990ba9f2e"
"Assets\RecursosUnificados\ChegaComJhon\DefaultVolumeProfile.asset","558a8e2b6826cf840aae193990ba9f2e"
"Assets\RecursosUnificados\ColegaTeste\DefaultVolumeProfile.asset","558a8e2b6826cf840aae193990ba9f2e"
"Assets\Assets\UniversalRenderPipelineGlobalSettings.asset","562b7ae4f629f144aa97780546fce7c6"
"Assets\RecursosUnificados\BranchPedrao\Assets\UniversalRenderPipelineGlobalSettings.asset","562b7ae4f629f144aa97780546fce7c6"
"Assets\RecursosUnificados\BranchPedrao\UniversalRenderPipelineGlobalSettings.asset","562b7ae4f629f144aa97780546fce7c6"
"Assets\RecursosUnificados\ChegaComJhon\UniversalRenderPipelineGlobalSettings.asset","562b7ae4f629f144aa97780546fce7c6"
"Assets\RecursosUnificados\ColegaTeste\ProjetoTesteAssets\UniversalRenderPipelineGlobalSettings.asset","562b7ae4f629f144aa97780546fce7c6"
"Assets\RecursosUnificados\ColegaTeste\UniversalRenderPipelineGlobalSettings.asset","562b7ae4f629f144aa97780546fce7c6"
"Assets\UniversalRenderPipelineGlobalSettings.asset","562b7ae4f629f144aa97780546fce7c6"
"Assets\Assets\UniversalRenderPipelineGlobalSettings.asset","56641cb88dcb31a4398a4997ef7a7a8c"
"Assets\RecursosUnificados\BranchPedrao\Assets\UniversalRenderPipelineGlobalSettings.asset","56641cb88dcb31a4398a4997ef7a7a8c"
"Assets\RecursosUnificados\BranchPedrao\UniversalRenderPipelineGlobalSettings.asset","56641cb88dcb31a4398a4997ef7a7a8c"
"Assets\RecursosUnificados\ChegaComJhon\UniversalRenderPipelineGlobalSettings.asset","56641cb88dcb31a4398a4997ef7a7a8c"
"Assets\RecursosUnificados\ColegaTeste\ProjetoTesteAssets\UniversalRenderPipelineGlobalSettings.asset","56641cb88dcb31a4398a4997ef7a7a8c"
"Assets\RecursosUnificados\ColegaTeste\UniversalRenderPipelineGlobalSettings.asset","56641cb88dcb31a4398a4997ef7a7a8c"
"Assets\UniversalRenderPipelineGlobalSettings.asset","56641cb88dcb31a4398a4997ef7a7a8c"
"Assets\RecursosUnificados\BranchPedrao\Settings\Renderer2D.asset","5688ab254e4c0634f8d6c8e0792331ca"
"Assets\RecursosUnificados\ColegaTeste\ProjetoPlayerJhonas\Settings\Renderer2D.asset","5688ab254e4c0634f8d6c8e0792331ca"
"Assets\Settings\Renderer2D.asset","5688ab254e4c0634f8d6c8e0792331ca"
"Assets\Assets\UniversalRenderPipelineGlobalSettings.asset","56a77a3e8d64f47b6afe9e3c95cb57d5"
"Assets\RecursosUnificados\BranchPedrao\Assets\UniversalRenderPipelineGlobalSettings.asset","56a77a3e8d64f47b6afe9e3c95cb57d5"
"Assets\RecursosUnificados\BranchPedrao\UniversalRenderPipelineGlobalSettings.asset","56a77a3e8d64f47b6afe9e3c95cb57d5"
"Assets\RecursosUnificados\ChegaComJhon\UniversalRenderPipelineGlobalSettings.asset","56a77a3e8d64f47b6afe9e3c95cb57d5"
"Assets\RecursosUnificados\ColegaTeste\ProjetoTesteAssets\UniversalRenderPipelineGlobalSettings.asset","56a77a3e8d64f47b6afe9e3c95cb57d5"
"Assets\RecursosUnificados\ColegaTeste\UniversalRenderPipelineGlobalSettings.asset","56a77a3e8d64f47b6afe9e3c95cb57d5"
"Assets\UniversalRenderPipelineGlobalSettings.asset","56a77a3e8d64f47b6afe9e3c95cb57d5"
"Assets\Assets\UniversalRenderPipelineGlobalSettings.asset","573620ae32aec764abd4d728906d2587"
"Assets\RecursosUnificados\BranchPedrao\Assets\UniversalRenderPipelineGlobalSettings.asset","573620ae32aec764abd4d728906d2587"
"Assets\RecursosUnificados\BranchPedrao\Settings\Renderer2D.asset","573620ae32aec764abd4d728906d2587"
"Assets\RecursosUnificados\BranchPedrao\UniversalRenderPipelineGlobalSettings.asset","573620ae32aec764abd4d728906d2587"
"Assets\RecursosUnificados\ChegaComJhon\UniversalRenderPipelineGlobalSettings.asset","573620ae32aec764abd4d728906d2587"
"Assets\RecursosUnificados\ColegaTeste\ProjetoPlayerJhonas\Settings\Renderer2D.asset","573620ae32aec764abd4d728906d2587"
"Assets\RecursosUnificados\ColegaTeste\ProjetoTesteAssets\UniversalRenderPipelineGlobalSettings.asset","573620ae32aec764abd4d728906d2587"
"Assets\RecursosUnificados\ColegaTeste\UniversalRenderPipelineGlobalSettings.asset","573620ae32aec764abd4d728906d2587"
"Assets\Settings\Renderer2D.asset","573620ae32aec764abd4d728906d2587"
"Assets\UniversalRenderPipelineGlobalSettings.asset","573620ae32aec764abd4d728906d2587"
"Assets\RecursosUnificados\BranchPedrao\Settings\Renderer2D.asset","57d7c4c16e2765b47a4d2069b311bffe"
"Assets\RecursosUnificados\ColegaTeste\ProjetoPlayerJhonas\Settings\Renderer2D.asset","57d7c4c16e2765b47a4d2069b311bffe"
"Assets\Settings\Renderer2D.asset","57d7c4c16e2765b47a4d2069b311bffe"
"Assets\RecursosUnificados\ChegaComJhon\Scenes\CenaDoCT.unity","593a2fe42fa9d37498c96f9a383b6521"
"Assets\Scenes\CenaDoCT.unity","593a2fe42fa9d37498c96f9a383b6521"
"Assets\Assets\UniversalRenderPipelineGlobalSettings.asset","594ea882c5a793440b60ff72d896021e"
"Assets\RecursosUnificados\BranchPedrao\Assets\UniversalRenderPipelineGlobalSettings.asset","594ea882c5a793440b60ff72d896021e"
"Assets\RecursosUnificados\BranchPedrao\UniversalRenderPipelineGlobalSettings.asset","594ea882c5a793440b60ff72d896021e"
"Assets\RecursosUnificados\ChegaComJhon\UniversalRenderPipelineGlobalSettings.asset","594ea882c5a793440b60ff72d896021e"
"Assets\RecursosUnificados\ColegaTeste\ProjetoTesteAssets\UniversalRenderPipelineGlobalSettings.asset","594ea882c5a793440b60ff72d896021e"
"Assets\RecursosUnificados\ColegaTeste\UniversalRenderPipelineGlobalSettings.asset","594ea882c5a793440b60ff72d896021e"
"Assets\UniversalRenderPipelineGlobalSettings.asset","594ea882c5a793440b60ff72d896021e"
"Assets\Assets\UniversalRenderPipelineGlobalSettings.asset","5a2a534753fbdb44e96c3c78b5a6999d"
"Assets\Assets\UniversalRenderPipelineGlobalSettings.asset","5a2a534753fbdb44e96c3c78b5a6999d"
"Assets\RecursosUnificados\BranchPedrao\Assets\UniversalRenderPipelineGlobalSettings.asset","5a2a534753fbdb44e96c3c78b5a6999d"
"Assets\RecursosUnificados\BranchPedrao\Assets\UniversalRenderPipelineGlobalSettings.asset","5a2a534753fbdb44e96c3c78b5a6999d"
"Assets\RecursosUnificados\BranchPedrao\UniversalRenderPipelineGlobalSettings.asset","5a2a534753fbdb44e96c3c78b5a6999d"
"Assets\RecursosUnificados\BranchPedrao\UniversalRenderPipelineGlobalSettings.asset","5a2a534753fbdb44e96c3c78b5a6999d"
"Assets\RecursosUnificados\ChegaComJhon\UniversalRenderPipelineGlobalSettings.asset","5a2a534753fbdb44e96c3c78b5a6999d"
"Assets\RecursosUnificados\ChegaComJhon\UniversalRenderPipelineGlobalSettings.asset","5a2a534753fbdb44e96c3c78b5a6999d"
"Assets\RecursosUnificados\ColegaTeste\ProjetoTesteAssets\UniversalRenderPipelineGlobalSettings.asset","5a2a534753fbdb44e96c3c78b5a6999d"
"Assets\RecursosUnificados\ColegaTeste\ProjetoTesteAssets\UniversalRenderPipelineGlobalSettings.asset","5a2a534753fbdb44e96c3c78b5a6999d"
"Assets\RecursosUnificados\ColegaTeste\UniversalRenderPipelineGlobalSettings.asset","5a2a534753fbdb44e96c3c78b5a6999d"
"Assets\RecursosUnificados\ColegaTeste\UniversalRenderPipelineGlobalSettings.asset","5a2a534753fbdb44e96c3c78b5a6999d"
"Assets\UniversalRenderPipelineGlobalSettings.asset","5a2a534753fbdb44e96c3c78b5a6999d"
"Assets\UniversalRenderPipelineGlobalSettings.asset","5a2a534753fbdb44e96c3c78b5a6999d"
"Assets\Assets\UniversalRenderPipelineGlobalSettings.asset","5c81372d981403744adbdda4433c9c11"
"Assets\RecursosUnificados\BranchPedrao\Assets\UniversalRenderPipelineGlobalSettings.asset","5c81372d981403744adbdda4433c9c11"
"Assets\RecursosUnificados\BranchPedrao\UniversalRenderPipelineGlobalSettings.asset","5c81372d981403744adbdda4433c9c11"
"Assets\RecursosUnificados\ChegaComJhon\UniversalRenderPipelineGlobalSettings.asset","5c81372d981403744adbdda4433c9c11"
"Assets\RecursosUnificados\ColegaTeste\ProjetoTesteAssets\UniversalRenderPipelineGlobalSettings.asset","5c81372d981403744adbdda4433c9c11"
"Assets\RecursosUnificados\ColegaTeste\UniversalRenderPipelineGlobalSettings.asset","5c81372d981403744adbdda4433c9c11"
"Assets\UniversalRenderPipelineGlobalSettings.asset","5c81372d981403744adbdda4433c9c11"
"Assets\Assets\UniversalRenderPipelineGlobalSettings.asset","5cdee82a77d13994f83b8fdabed7c301"
"Assets\RecursosUnificados\BranchPedrao\Assets\UniversalRenderPipelineGlobalSettings.asset","5cdee82a77d13994f83b8fdabed7c301"
"Assets\RecursosUnificados\BranchPedrao\UniversalRenderPipelineGlobalSettings.asset","5cdee82a77d13994f83b8fdabed7c301"
"Assets\RecursosUnificados\ChegaComJhon\UniversalRenderPipelineGlobalSettings.asset","5cdee82a77d13994f83b8fdabed7c301"
"Assets\RecursosUnificados\ColegaTeste\ProjetoTesteAssets\UniversalRenderPipelineGlobalSettings.asset","5cdee82a77d13994f83b8fdabed7c301"
"Assets\RecursosUnificados\ColegaTeste\UniversalRenderPipelineGlobalSettings.asset","5cdee82a77d13994f83b8fdabed7c301"
"Assets\UniversalRenderPipelineGlobalSettings.asset","5cdee82a77d13994f83b8fdabed7c301"
"Assets\Assets\UniversalRenderPipelineGlobalSettings.asset","5e7134d6e63e0bc47a1dd2669cedb379"
"Assets\RecursosUnificados\BranchPedrao\Assets\UniversalRenderPipelineGlobalSettings.asset","5e7134d6e63e0bc47a1dd2669cedb379"
"Assets\RecursosUnificados\BranchPedrao\UniversalRenderPipelineGlobalSettings.asset","5e7134d6e63e0bc47a1dd2669cedb379"
"Assets\RecursosUnificados\ChegaComJhon\UniversalRenderPipelineGlobalSettings.asset","5e7134d6e63e0bc47a1dd2669cedb379"
"Assets\RecursosUnificados\ColegaTeste\ProjetoTesteAssets\UniversalRenderPipelineGlobalSettings.asset","5e7134d6e63e0bc47a1dd2669cedb379"
"Assets\RecursosUnificados\ColegaTeste\UniversalRenderPipelineGlobalSettings.asset","5e7134d6e63e0bc47a1dd2669cedb379"
"Assets\UniversalRenderPipelineGlobalSettings.asset","5e7134d6e63e0bc47a1dd2669cedb379"
"Assets\Assets\UniversalRenderPipelineGlobalSettings.asset","5f1864addb451f54bae8c86d230f736e"
"Assets\RecursosUnificados\BranchPedrao\Assets\UniversalRenderPipelineGlobalSettings.asset","5f1864addb451f54bae8c86d230f736e"
"Assets\RecursosUnificados\BranchPedrao\UniversalRenderPipelineGlobalSettings.asset","5f1864addb451f54bae8c86d230f736e"
"Assets\RecursosUnificados\ChegaComJhon\UniversalRenderPipelineGlobalSettings.asset","5f1864addb451f54bae8c86d230f736e"
"Assets\RecursosUnificados\ColegaTeste\ProjetoTesteAssets\UniversalRenderPipelineGlobalSettings.asset","5f1864addb451f54bae8c86d230f736e"
"Assets\RecursosUnificados\ColegaTeste\UniversalRenderPipelineGlobalSettings.asset","5f1864addb451f54bae8c86d230f736e"
"Assets\UniversalRenderPipelineGlobalSettings.asset","5f1864addb451f54bae8c86d230f736e"
"Assets\Assets\UniversalRenderPipelineGlobalSettings.asset","6196f34ed825db14b81fb3eb0ea8d931"
"Assets\RecursosUnificados\BranchPedrao\Assets\UniversalRenderPipelineGlobalSettings.asset","6196f34ed825db14b81fb3eb0ea8d931"
"Assets\RecursosUnificados\BranchPedrao\UniversalRenderPipelineGlobalSettings.asset","6196f34ed825db14b81fb3eb0ea8d931"
"Assets\RecursosUnificados\ChegaComJhon\UniversalRenderPipelineGlobalSettings.asset","6196f34ed825db14b81fb3eb0ea8d931"
"Assets\RecursosUnificados\ColegaTeste\ProjetoTesteAssets\UniversalRenderPipelineGlobalSettings.asset","6196f34ed825db14b81fb3eb0ea8d931"
"Assets\RecursosUnificados\ColegaTeste\UniversalRenderPipelineGlobalSettings.asset","6196f34ed825db14b81fb3eb0ea8d931"
"Assets\UniversalRenderPipelineGlobalSettings.asset","6196f34ed825db14b81fb3eb0ea8d931"
"Assets\Assets\UniversalRenderPipelineGlobalSettings.asset","620b55b8040a88d468e94abe55bed5ba"
"Assets\RecursosUnificados\BranchPedrao\Assets\UniversalRenderPipelineGlobalSettings.asset","620b55b8040a88d468e94abe55bed5ba"
"Assets\RecursosUnificados\BranchPedrao\UniversalRenderPipelineGlobalSettings.asset","620b55b8040a88d468e94abe55bed5ba"
"Assets\RecursosUnificados\ChegaComJhon\UniversalRenderPipelineGlobalSettings.asset","620b55b8040a88d468e94abe55bed5ba"
"Assets\RecursosUnificados\ColegaTeste\ProjetoTesteAssets\UniversalRenderPipelineGlobalSettings.asset","620b55b8040a88d468e94abe55bed5ba"
"Assets\RecursosUnificados\ColegaTeste\UniversalRenderPipelineGlobalSettings.asset","620b55b8040a88d468e94abe55bed5ba"
"Assets\UniversalRenderPipelineGlobalSettings.asset","620b55b8040a88d468e94abe55bed5ba"
"Assets\Assets\UniversalRenderPipelineGlobalSettings.asset","63eaba0ebfb82cc43bde059b4a8c65f6"
"Assets\RecursosUnificados\BranchPedrao\Assets\UniversalRenderPipelineGlobalSettings.asset","63eaba0ebfb82cc43bde059b4a8c65f6"
"Assets\RecursosUnificados\BranchPedrao\UniversalRenderPipelineGlobalSettings.asset","63eaba0ebfb82cc43bde059b4a8c65f6"
"Assets\RecursosUnificados\ChegaComJhon\UniversalRenderPipelineGlobalSettings.asset","63eaba0ebfb82cc43bde059b4a8c65f6"
"Assets\RecursosUnificados\ColegaTeste\ProjetoTesteAssets\UniversalRenderPipelineGlobalSettings.asset","63eaba0ebfb82cc43bde059b4a8c65f6"
"Assets\RecursosUnificados\ColegaTeste\UniversalRenderPipelineGlobalSettings.asset","63eaba0ebfb82cc43bde059b4a8c65f6"
"Assets\UniversalRenderPipelineGlobalSettings.asset","63eaba0ebfb82cc43bde059b4a8c65f6"
"Assets\Assets\UniversalRenderPipelineGlobalSettings.asset","654c582f7f8a5a14dbd7d119cbde215d"
"Assets\RecursosUnificados\BranchPedrao\Assets\UniversalRenderPipelineGlobalSettings.asset","654c582f7f8a5a14dbd7d119cbde215d"
"Assets\RecursosUnificados\BranchPedrao\UniversalRenderPipelineGlobalSettings.asset","654c582f7f8a5a14dbd7d119cbde215d"
"Assets\RecursosUnificados\ChegaComJhon\UniversalRenderPipelineGlobalSettings.asset","654c582f7f8a5a14dbd7d119cbde215d"
"Assets\RecursosUnificados\ColegaTeste\ProjetoTesteAssets\UniversalRenderPipelineGlobalSettings.asset","654c582f7f8a5a14dbd7d119cbde215d"
"Assets\RecursosUnificados\ColegaTeste\UniversalRenderPipelineGlobalSettings.asset","654c582f7f8a5a14dbd7d119cbde215d"
"Assets\UniversalRenderPipelineGlobalSettings.asset","654c582f7f8a5a14dbd7d119cbde215d"
"Assets\Assets\UniversalRenderPipelineGlobalSettings.asset","65df88701913c224d95fc554db28381a"
"Assets\RecursosUnificados\BranchPedrao\Assets\UniversalRenderPipelineGlobalSettings.asset","65df88701913c224d95fc554db28381a"
"Assets\RecursosUnificados\BranchPedrao\UniversalRenderPipelineGlobalSettings.asset","65df88701913c224d95fc554db28381a"
"Assets\RecursosUnificados\ChegaComJhon\UniversalRenderPipelineGlobalSettings.asset","65df88701913c224d95fc554db28381a"
"Assets\RecursosUnificados\ColegaTeste\ProjetoTesteAssets\UniversalRenderPipelineGlobalSettings.asset","65df88701913c224d95fc554db28381a"
"Assets\RecursosUnificados\ColegaTeste\UniversalRenderPipelineGlobalSettings.asset","65df88701913c224d95fc554db28381a"
"Assets\UniversalRenderPipelineGlobalSettings.asset","65df88701913c224d95fc554db28381a"
"Assets\Assets\DefaultVolumeProfile.asset","66f335fb1ffd8684294ad653bf1c7564"
"Assets\DefaultVolumeProfile.asset","66f335fb1ffd8684294ad653bf1c7564"
"Assets\RecursosUnificados\BranchPedrao\Assets\DefaultVolumeProfile.asset","66f335fb1ffd8684294ad653bf1c7564"
"Assets\RecursosUnificados\ChegaComJhon\DefaultVolumeProfile.asset","66f335fb1ffd8684294ad653bf1c7564"
"Assets\RecursosUnificados\ColegaTeste\DefaultVolumeProfile.asset","66f335fb1ffd8684294ad653bf1c7564"
"Assets\RecursosUnificados\ChegaComJhon\Scenes\CenaDoCT.unity","6960e84d07fb87f47956e7a81d71c4e6"
"Assets\Scenes\CenaDoCT.unity","6960e84d07fb87f47956e7a81d71c4e6"
"Assets\Assets\UniversalRenderPipelineGlobalSettings.asset","6bb382f7de370af41b775f54182e491d"
"Assets\RecursosUnificados\BranchPedrao\Assets\UniversalRenderPipelineGlobalSettings.asset","6bb382f7de370af41b775f54182e491d"
"Assets\RecursosUnificados\BranchPedrao\UniversalRenderPipelineGlobalSettings.asset","6bb382f7de370af41b775f54182e491d"
"Assets\RecursosUnificados\ChegaComJhon\UniversalRenderPipelineGlobalSettings.asset","6bb382f7de370af41b775f54182e491d"
"Assets\RecursosUnificados\ColegaTeste\ProjetoTesteAssets\UniversalRenderPipelineGlobalSettings.asset","6bb382f7de370af41b775f54182e491d"
"Assets\RecursosUnificados\ColegaTeste\UniversalRenderPipelineGlobalSettings.asset","6bb382f7de370af41b775f54182e491d"
"Assets\UniversalRenderPipelineGlobalSettings.asset","6bb382f7de370af41b775f54182e491d"
"Assets\Assets\DefaultVolumeProfile.asset","6bd486065ce11414fa40e631affc4900"
"Assets\DefaultVolumeProfile.asset","6bd486065ce11414fa40e631affc4900"
"Assets\RecursosUnificados\BranchPedrao\Assets\DefaultVolumeProfile.asset","6bd486065ce11414fa40e631affc4900"
"Assets\RecursosUnificados\ChegaComJhon\DefaultVolumeProfile.asset","6bd486065ce11414fa40e631affc4900"
"Assets\RecursosUnificados\ColegaTeste\DefaultVolumeProfile.asset","6bd486065ce11414fa40e631affc4900"
"Assets\Assets\UniversalRenderPipelineGlobalSettings.asset","6cda457ac28612740adb23da5d39ea92"
"Assets\RecursosUnificados\BranchPedrao\Assets\UniversalRenderPipelineGlobalSettings.asset","6cda457ac28612740adb23da5d39ea92"
"Assets\RecursosUnificados\BranchPedrao\UniversalRenderPipelineGlobalSettings.asset","6cda457ac28612740adb23da5d39ea92"
"Assets\RecursosUnificados\ChegaComJhon\UniversalRenderPipelineGlobalSettings.asset","6cda457ac28612740adb23da5d39ea92"
"Assets\RecursosUnificados\ColegaTeste\ProjetoTesteAssets\UniversalRenderPipelineGlobalSettings.asset","6cda457ac28612740adb23da5d39ea92"
"Assets\RecursosUnificados\ColegaTeste\UniversalRenderPipelineGlobalSettings.asset","6cda457ac28612740adb23da5d39ea92"
"Assets\UniversalRenderPipelineGlobalSettings.asset","6cda457ac28612740adb23da5d39ea92"
"Assets\Assets\UniversalRenderPipelineGlobalSettings.asset","701880fecb344ea4c9cd0db3407ab287"
"Assets\RecursosUnificados\BranchPedrao\Assets\UniversalRenderPipelineGlobalSettings.asset","701880fecb344ea4c9cd0db3407ab287"
"Assets\RecursosUnificados\BranchPedrao\UniversalRenderPipelineGlobalSettings.asset","701880fecb344ea4c9cd0db3407ab287"
"Assets\RecursosUnificados\ChegaComJhon\UniversalRenderPipelineGlobalSettings.asset","701880fecb344ea4c9cd0db3407ab287"
"Assets\RecursosUnificados\ColegaTeste\ProjetoTesteAssets\UniversalRenderPipelineGlobalSettings.asset","701880fecb344ea4c9cd0db3407ab287"
"Assets\RecursosUnificados\ColegaTeste\UniversalRenderPipelineGlobalSettings.asset","701880fecb344ea4c9cd0db3407ab287"
"Assets\UniversalRenderPipelineGlobalSettings.asset","701880fecb344ea4c9cd0db3407ab287"
"Assets\Assets\DefaultVolumeProfile.asset","70afe9e12c7a7ed47911bb608a23a8ff"
"Assets\DefaultVolumeProfile.asset","70afe9e12c7a7ed47911bb608a23a8ff"
"Assets\RecursosUnificados\BranchPedrao\Assets\DefaultVolumeProfile.asset","70afe9e12c7a7ed47911bb608a23a8ff"
"Assets\RecursosUnificados\ChegaComJhon\DefaultVolumeProfile.asset","70afe9e12c7a7ed47911bb608a23a8ff"
"Assets\RecursosUnificados\ColegaTeste\DefaultVolumeProfile.asset","70afe9e12c7a7ed47911bb608a23a8ff"
"Assets\RecursosUnificados\BranchPedrao\TextMesh Pro\Resources\Fonts & Materials\LiberationSans SDF - Fallback.asset","71c1514a6bd24e1e882cebbe1904ce04"
"Assets\RecursosUnificados\BranchPedrao\TextMesh Pro\Resources\Fonts & Materials\LiberationSans SDF.asset","71c1514a6bd24e1e882cebbe1904ce04"
"Assets\RecursosUnificados\ChegaComJhon\TextMesh Pro\Resources\Fonts & Materials\LiberationSans SDF.asset","71c1514a6bd24e1e882cebbe1904ce04"
"Assets\RecursosUnificados\ColegaTeste\ProjetoPlayerJhonas\TextMesh Pro\Resources\Fonts & Materials\LiberationSans SDF - Fallback.asset","71c1514a6bd24e1e882cebbe1904ce04"
"Assets\TextMesh Pro\Resources\Fonts & Materials\LiberationSans SDF - Fallback.asset","71c1514a6bd24e1e882cebbe1904ce04"
"Assets\TextMesh Pro\Resources\Fonts & Materials\LiberationSans SDF.asset","71c1514a6bd24e1e882cebbe1904ce04"
"Assets\RecursosUnificados\ChegaComJhon\Scenes\bla.unity","72ece51f2901e7445ab60da3685d6b5f"
"Assets\RecursosUnificados\ColegaTeste\Scenes\CenaDoColega.unity","72ece51f2901e7445ab60da3685d6b5f"
"Assets\RecursosUnificados\ColegaTeste\Scenes\SampleScene.unity","72ece51f2901e7445ab60da3685d6b5f"
"Assets\Scenes\Unificadas\Unified_ChegaComJhon_Scenes_bla.unity","72ece51f2901e7445ab60da3685d6b5f"
"Assets\Scenes\Unificadas\Unified_ColegaTeste_Scenes_CenaDoColega.unity","72ece51f2901e7445ab60da3685d6b5f"
"Assets\Assets\UniversalRenderPipelineGlobalSettings.asset","73fe53b428c5b3440b7e87ee830b608a"
"Assets\RecursosUnificados\BranchPedrao\Assets\UniversalRenderPipelineGlobalSettings.asset","73fe53b428c5b3440b7e87ee830b608a"
"Assets\RecursosUnificados\BranchPedrao\UniversalRenderPipelineGlobalSettings.asset","73fe53b428c5b3440b7e87ee830b608a"
"Assets\RecursosUnificados\ChegaComJhon\UniversalRenderPipelineGlobalSettings.asset","73fe53b428c5b3440b7e87ee830b608a"
"Assets\RecursosUnificados\ColegaTeste\ProjetoTesteAssets\UniversalRenderPipelineGlobalSettings.asset","73fe53b428c5b3440b7e87ee830b608a"
"Assets\RecursosUnificados\ColegaTeste\UniversalRenderPipelineGlobalSettings.asset","73fe53b428c5b3440b7e87ee830b608a"
"Assets\UniversalRenderPipelineGlobalSettings.asset","73fe53b428c5b3440b7e87ee830b608a"
"Assets\RecursosUnificados\ChegaComJhon\Scenes\CenaDoCT.unity","76c392e42b5098c458856cdf6ecaaaa1"
"Assets\RecursosUnificados\ChegaComJhon\Scenes\ServerHub.unity","76c392e42b5098c458856cdf6ecaaaa1"
"Assets\Scenes\CenaDoCT.unity","76c392e42b5098c458856cdf6ecaaaa1"
"Assets\Scenes\ServerHub.unity","76c392e42b5098c458856cdf6ecaaaa1"
"Assets\Assets\UniversalRenderPipelineGlobalSettings.asset","77774d9009bb81447b048c907d4c6273"
"Assets\RecursosUnificados\BranchPedrao\Assets\UniversalRenderPipelineGlobalSettings.asset","77774d9009bb81447b048c907d4c6273"
"Assets\RecursosUnificados\BranchPedrao\Settings\Renderer2D.asset","77774d9009bb81447b048c907d4c6273"
"Assets\RecursosUnificados\BranchPedrao\UniversalRenderPipelineGlobalSettings.asset","77774d9009bb81447b048c907d4c6273"
"Assets\RecursosUnificados\ChegaComJhon\UniversalRenderPipelineGlobalSettings.asset","77774d9009bb81447b048c907d4c6273"
"Assets\RecursosUnificados\ColegaTeste\ProjetoPlayerJhonas\Settings\Renderer2D.asset","77774d9009bb81447b048c907d4c6273"
"Assets\RecursosUnificados\ColegaTeste\ProjetoTesteAssets\UniversalRenderPipelineGlobalSettings.asset","77774d9009bb81447b048c907d4c6273"
"Assets\RecursosUnificados\ColegaTeste\UniversalRenderPipelineGlobalSettings.asset","77774d9009bb81447b048c907d4c6273"
"Assets\Settings\Renderer2D.asset","77774d9009bb81447b048c907d4c6273"
"Assets\UniversalRenderPipelineGlobalSettings.asset","77774d9009bb81447b048c907d4c6273"
"Assets\RecursosUnificados\ColegaTeste\ProjetoTesteAssets\UniversalRenderPipelineGlobalSettings.asset","7ce2118f74614a94aa8a0cdf2e6062c3"
"Assets\RecursosUnificados\ColegaTeste\UniversalRenderPipelineGlobalSettings.asset","7ce2118f74614a94aa8a0cdf2e6062c3"
"Assets\Assets\UniversalRenderPipelineGlobalSettings.asset","80aa867ac363ac043847b06ad71604cd"
"Assets\RecursosUnificados\BranchPedrao\Assets\UniversalRenderPipelineGlobalSettings.asset","80aa867ac363ac043847b06ad71604cd"
"Assets\RecursosUnificados\BranchPedrao\UniversalRenderPipelineGlobalSettings.asset","80aa867ac363ac043847b06ad71604cd"
"Assets\RecursosUnificados\ChegaComJhon\UniversalRenderPipelineGlobalSettings.asset","80aa867ac363ac043847b06ad71604cd"
"Assets\RecursosUnificados\ColegaTeste\ProjetoTesteAssets\UniversalRenderPipelineGlobalSettings.asset","80aa867ac363ac043847b06ad71604cd"
"Assets\RecursosUnificados\ColegaTeste\UniversalRenderPipelineGlobalSettings.asset","80aa867ac363ac043847b06ad71604cd"
"Assets\UniversalRenderPipelineGlobalSettings.asset","80aa867ac363ac043847b06ad71604cd"
"Assets\Assets\DefaultVolumeProfile.asset","81180773991d8724ab7f2d216912b564"
"Assets\DefaultVolumeProfile.asset","81180773991d8724ab7f2d216912b564"
"Assets\RecursosUnificados\BranchPedrao\Assets\DefaultVolumeProfile.asset","81180773991d8724ab7f2d216912b564"
"Assets\RecursosUnificados\ChegaComJhon\DefaultVolumeProfile.asset","81180773991d8724ab7f2d216912b564"
"Assets\RecursosUnificados\ColegaTeste\DefaultVolumeProfile.asset","81180773991d8724ab7f2d216912b564"
"Assets\RecursosUnificados\ColegaTeste\ProjetoTesteAssets\UniversalRenderPipelineGlobalSettings.asset","81200413a40918d4d8702e94db29911c"
"Assets\RecursosUnificados\ColegaTeste\UniversalRenderPipelineGlobalSettings.asset","81200413a40918d4d8702e94db29911c"
"Assets\RecursosUnificados\BranchPedrao\TextMesh Pro\Resources\Sprite Assets\EmojiOne.asset","84a92b25f83d49b9bc132d206b370281"
"Assets\RecursosUnificados\ColegaTeste\ProjetoPlayerJhonas\TextMesh Pro\Resources\Sprite Assets\EmojiOne.asset","84a92b25f83d49b9bc132d206b370281"
"Assets\TextMesh Pro\Resources\Sprite Assets\EmojiOne.asset","84a92b25f83d49b9bc132d206b370281"
"Assets\Assets\UniversalRenderPipelineGlobalSettings.asset","8670f7ce4b60cef43bed36148aa1b0a2"
"Assets\RecursosUnificados\BranchPedrao\Assets\UniversalRenderPipelineGlobalSettings.asset","8670f7ce4b60cef43bed36148aa1b0a2"
"Assets\RecursosUnificados\BranchPedrao\UniversalRenderPipelineGlobalSettings.asset","8670f7ce4b60cef43bed36148aa1b0a2"
"Assets\RecursosUnificados\ChegaComJhon\UniversalRenderPipelineGlobalSettings.asset","8670f7ce4b60cef43bed36148aa1b0a2"
"Assets\RecursosUnificados\ColegaTeste\ProjetoTesteAssets\UniversalRenderPipelineGlobalSettings.asset","8670f7ce4b60cef43bed36148aa1b0a2"
"Assets\RecursosUnificados\ColegaTeste\UniversalRenderPipelineGlobalSettings.asset","8670f7ce4b60cef43bed36148aa1b0a2"
"Assets\UniversalRenderPipelineGlobalSettings.asset","8670f7ce4b60cef43bed36148aa1b0a2"
"Assets\RecursosUnificados\ChegaComJhon\Scenes\bla.unity","886251e9a18ece04ea8e61686c173e1b"
"Assets\RecursosUnificados\ColegaTeste\Scenes\CenaDoColega.unity","886251e9a18ece04ea8e61686c173e1b"
"Assets\RecursosUnificados\ColegaTeste\Scenes\SampleScene.unity","886251e9a18ece04ea8e61686c173e1b"
"Assets\Scenes\Unificadas\Unified_ChegaComJhon_Scenes_bla.unity","886251e9a18ece04ea8e61686c173e1b"
"Assets\Scenes\Unificadas\Unified_ColegaTeste_Scenes_CenaDoColega.unity","886251e9a18ece04ea8e61686c173e1b"
"Assets\RecursosUnificados\ColegaTeste\ProjetoTesteAssets\UniversalRenderPipelineGlobalSettings.asset","896d9004736809c4fb5973b7c12eb8b9"
"Assets\RecursosUnificados\ColegaTeste\UniversalRenderPipelineGlobalSettings.asset","896d9004736809c4fb5973b7c12eb8b9"
"Assets\Assets\DefaultVolumeProfile.asset","899c54efeace73346a0a16faa3afe726"
"Assets\DefaultVolumeProfile.asset","899c54efeace73346a0a16faa3afe726"
"Assets\RecursosUnificados\BranchPedrao\Assets\DefaultVolumeProfile.asset","899c54efeace73346a0a16faa3afe726"
"Assets\RecursosUnificados\ChegaComJhon\DefaultVolumeProfile.asset","899c54efeace73346a0a16faa3afe726"
"Assets\RecursosUnificados\ColegaTeste\DefaultVolumeProfile.asset","899c54efeace73346a0a16faa3afe726"
"Assets\Assets\UniversalRenderPipelineGlobalSettings.asset","8c3ee818f2efa514c889881ccb2e95a2"
"Assets\RecursosUnificados\BranchPedrao\Assets\UniversalRenderPipelineGlobalSettings.asset","8c3ee818f2efa514c889881ccb2e95a2"
"Assets\RecursosUnificados\BranchPedrao\UniversalRenderPipelineGlobalSettings.asset","8c3ee818f2efa514c889881ccb2e95a2"
"Assets\RecursosUnificados\ChegaComJhon\UniversalRenderPipelineGlobalSettings.asset","8c3ee818f2efa514c889881ccb2e95a2"
"Assets\RecursosUnificados\ColegaTeste\ProjetoTesteAssets\UniversalRenderPipelineGlobalSettings.asset","8c3ee818f2efa514c889881ccb2e95a2"
"Assets\RecursosUnificados\ColegaTeste\UniversalRenderPipelineGlobalSettings.asset","8c3ee818f2efa514c889881ccb2e95a2"
"Assets\UniversalRenderPipelineGlobalSettings.asset","8c3ee818f2efa514c889881ccb2e95a2"
"Assets\RecursosUnificados\BranchPedrao\Settings\Renderer2D.asset","8f96cd657dc40064aa21efcc7e50a2e7"
"Assets\RecursosUnificados\ColegaTeste\ProjetoPlayerJhonas\Settings\Renderer2D.asset","8f96cd657dc40064aa21efcc7e50a2e7"
"Assets\Settings\Renderer2D.asset","8f96cd657dc40064aa21efcc7e50a2e7"
"Assets\Assets\UniversalRenderPipelineGlobalSettings.asset","93446b5c5339d4f00b85c159e1159b7c"
"Assets\RecursosUnificados\BranchPedrao\Assets\UniversalRenderPipelineGlobalSettings.asset","93446b5c5339d4f00b85c159e1159b7c"
"Assets\RecursosUnificados\BranchPedrao\Settings\Renderer2D.asset","93446b5c5339d4f00b85c159e1159b7c"
"Assets\RecursosUnificados\BranchPedrao\UniversalRenderPipelineGlobalSettings.asset","93446b5c5339d4f00b85c159e1159b7c"
"Assets\RecursosUnificados\ChegaComJhon\UniversalRenderPipelineGlobalSettings.asset","93446b5c5339d4f00b85c159e1159b7c"
"Assets\RecursosUnificados\ColegaTeste\ProjetoPlayerJhonas\Settings\Renderer2D.asset","93446b5c5339d4f00b85c159e1159b7c"
"Assets\RecursosUnificados\ColegaTeste\ProjetoTesteAssets\UniversalRenderPipelineGlobalSettings.asset","93446b5c5339d4f00b85c159e1159b7c"
"Assets\RecursosUnificados\ColegaTeste\UniversalRenderPipelineGlobalSettings.asset","93446b5c5339d4f00b85c159e1159b7c"
"Assets\Settings\Renderer2D.asset","93446b5c5339d4f00b85c159e1159b7c"
"Assets\UniversalRenderPipelineGlobalSettings.asset","93446b5c5339d4f00b85c159e1159b7c"
"Assets\Assets\UniversalRenderPipelineGlobalSettings.asset","9452ae1262a74094f8a68013fbcd1834"
"Assets\RecursosUnificados\BranchPedrao\Assets\UniversalRenderPipelineGlobalSettings.asset","9452ae1262a74094f8a68013fbcd1834"
"Assets\RecursosUnificados\BranchPedrao\UniversalRenderPipelineGlobalSettings.asset","9452ae1262a74094f8a68013fbcd1834"
"Assets\RecursosUnificados\ChegaComJhon\UniversalRenderPipelineGlobalSettings.asset","9452ae1262a74094f8a68013fbcd1834"
"Assets\RecursosUnificados\ColegaTeste\ProjetoTesteAssets\UniversalRenderPipelineGlobalSettings.asset","9452ae1262a74094f8a68013fbcd1834"
"Assets\RecursosUnificados\ColegaTeste\UniversalRenderPipelineGlobalSettings.asset","9452ae1262a74094f8a68013fbcd1834"
"Assets\UniversalRenderPipelineGlobalSettings.asset","9452ae1262a74094f8a68013fbcd1834"
"Assets\Assets\UniversalRenderPipelineGlobalSettings.asset","94a070d33e408384bafc1dea4a565df9"
"Assets\Assets\UniversalRenderPipelineGlobalSettings.asset","94a070d33e408384bafc1dea4a565df9"
"Assets\RecursosUnificados\BranchPedrao\Assets\UniversalRenderPipelineGlobalSettings.asset","94a070d33e408384bafc1dea4a565df9"
"Assets\RecursosUnificados\BranchPedrao\Assets\UniversalRenderPipelineGlobalSettings.asset","94a070d33e408384bafc1dea4a565df9"
"Assets\RecursosUnificados\BranchPedrao\UniversalRenderPipelineGlobalSettings.asset","94a070d33e408384bafc1dea4a565df9"
"Assets\RecursosUnificados\BranchPedrao\UniversalRenderPipelineGlobalSettings.asset","94a070d33e408384bafc1dea4a565df9"
"Assets\RecursosUnificados\ChegaComJhon\UniversalRenderPipelineGlobalSettings.asset","94a070d33e408384bafc1dea4a565df9"
"Assets\RecursosUnificados\ChegaComJhon\UniversalRenderPipelineGlobalSettings.asset","94a070d33e408384bafc1dea4a565df9"
"Assets\RecursosUnificados\ColegaTeste\ProjetoTesteAssets\UniversalRenderPipelineGlobalSettings.asset","94a070d33e408384bafc1dea4a565df9"
"Assets\RecursosUnificados\ColegaTeste\ProjetoTesteAssets\UniversalRenderPipelineGlobalSettings.asset","94a070d33e408384bafc1dea4a565df9"
"Assets\RecursosUnificados\ColegaTeste\UniversalRenderPipelineGlobalSettings.asset","94a070d33e408384bafc1dea4a565df9"
"Assets\RecursosUnificados\ColegaTeste\UniversalRenderPipelineGlobalSettings.asset","94a070d33e408384bafc1dea4a565df9"
"Assets\UniversalRenderPipelineGlobalSettings.asset","94a070d33e408384bafc1dea4a565df9"
"Assets\UniversalRenderPipelineGlobalSettings.asset","94a070d33e408384bafc1dea4a565df9"
"Assets\RecursosUnificados\ColegaTeste\ProjetoTesteAssets\UniversalRenderPipelineGlobalSettings.asset","96aaab9cc247d0b4c98132159688c1af"
"Assets\RecursosUnificados\ColegaTeste\UniversalRenderPipelineGlobalSettings.asset","96aaab9cc247d0b4c98132159688c1af"
"Assets\Assets\DefaultVolumeProfile.asset","97c23e3b12dc18c42a140437e53d3951"
"Assets\DefaultVolumeProfile.asset","97c23e3b12dc18c42a140437e53d3951"
"Assets\RecursosUnificados\BranchPedrao\Assets\DefaultVolumeProfile.asset","97c23e3b12dc18c42a140437e53d3951"
"Assets\RecursosUnificados\ChegaComJhon\DefaultVolumeProfile.asset","97c23e3b12dc18c42a140437e53d3951"
"Assets\RecursosUnificados\ColegaTeste\DefaultVolumeProfile.asset","97c23e3b12dc18c42a140437e53d3951"
"Assets\Assets\UniversalRenderPipelineGlobalSettings.asset","98e3d58cae7210c4786f67f504c9e899"
"Assets\RecursosUnificados\BranchPedrao\Assets\UniversalRenderPipelineGlobalSettings.asset","98e3d58cae7210c4786f67f504c9e899"
"Assets\RecursosUnificados\BranchPedrao\UniversalRenderPipelineGlobalSettings.asset","98e3d58cae7210c4786f67f504c9e899"
"Assets\RecursosUnificados\ChegaComJhon\UniversalRenderPipelineGlobalSettings.asset","98e3d58cae7210c4786f67f504c9e899"
"Assets\RecursosUnificados\ColegaTeste\ProjetoTesteAssets\UniversalRenderPipelineGlobalSettings.asset","98e3d58cae7210c4786f67f504c9e899"
"Assets\RecursosUnificados\ColegaTeste\UniversalRenderPipelineGlobalSettings.asset","98e3d58cae7210c4786f67f504c9e899"
"Assets\UniversalRenderPipelineGlobalSettings.asset","98e3d58cae7210c4786f67f504c9e899"
"Assets\Assets\UniversalRenderPipelineGlobalSettings.asset","9920c1f1781549a46ba081a2a15a16ec"
"Assets\RecursosUnificados\BranchPedrao\Assets\UniversalRenderPipelineGlobalSettings.asset","9920c1f1781549a46ba081a2a15a16ec"
"Assets\RecursosUnificados\BranchPedrao\UniversalRenderPipelineGlobalSettings.asset","9920c1f1781549a46ba081a2a15a16ec"
"Assets\RecursosUnificados\ChegaComJhon\UniversalRenderPipelineGlobalSettings.asset","9920c1f1781549a46ba081a2a15a16ec"
"Assets\RecursosUnificados\ColegaTeste\ProjetoTesteAssets\UniversalRenderPipelineGlobalSettings.asset","9920c1f1781549a46ba081a2a15a16ec"
"Assets\RecursosUnificados\ColegaTeste\UniversalRenderPipelineGlobalSettings.asset","9920c1f1781549a46ba081a2a15a16ec"
"Assets\UniversalRenderPipelineGlobalSettings.asset","9920c1f1781549a46ba081a2a15a16ec"
"Assets\Assets\UniversalRenderPipelineGlobalSettings.asset","9930fb4528622b34687b00bbe6883de7"
"Assets\RecursosUnificados\BranchPedrao\Assets\UniversalRenderPipelineGlobalSettings.asset","9930fb4528622b34687b00bbe6883de7"
"Assets\RecursosUnificados\BranchPedrao\UniversalRenderPipelineGlobalSettings.asset","9930fb4528622b34687b00bbe6883de7"
"Assets\RecursosUnificados\ChegaComJhon\UniversalRenderPipelineGlobalSettings.asset","9930fb4528622b34687b00bbe6883de7"
"Assets\RecursosUnificados\ColegaTeste\ProjetoTesteAssets\UniversalRenderPipelineGlobalSettings.asset","9930fb4528622b34687b00bbe6883de7"
"Assets\RecursosUnificados\ColegaTeste\UniversalRenderPipelineGlobalSettings.asset","9930fb4528622b34687b00bbe6883de7"
"Assets\UniversalRenderPipelineGlobalSettings.asset","9930fb4528622b34687b00bbe6883de7"
"Assets\Assets\UniversalRenderPipelineGlobalSettings.asset","9c70c1a35ff15f340b38ea84842358bf"
"Assets\RecursosUnificados\BranchPedrao\Assets\UniversalRenderPipelineGlobalSettings.asset","9c70c1a35ff15f340b38ea84842358bf"
"Assets\RecursosUnificados\BranchPedrao\UniversalRenderPipelineGlobalSettings.asset","9c70c1a35ff15f340b38ea84842358bf"
"Assets\RecursosUnificados\ChegaComJhon\UniversalRenderPipelineGlobalSettings.asset","9c70c1a35ff15f340b38ea84842358bf"
"Assets\RecursosUnificados\ColegaTeste\ProjetoTesteAssets\UniversalRenderPipelineGlobalSettings.asset","9c70c1a35ff15f340b38ea84842358bf"
"Assets\RecursosUnificados\ColegaTeste\UniversalRenderPipelineGlobalSettings.asset","9c70c1a35ff15f340b38ea84842358bf"
"Assets\UniversalRenderPipelineGlobalSettings.asset","9c70c1a35ff15f340b38ea84842358bf"
"Assets\RecursosUnificados\ColegaTeste\ProjetoTesteAssets\Brick.asset","9d1514134bc4fbd41bb739b1b9a49231"
"Assets\RecursosUnificados\ColegaTeste\ProjetoTesteAssets\UniversalRenderPipelineGlobalSettings.asset","9d92991794bb5864c8085468b97aa067"
"Assets\RecursosUnificados\ColegaTeste\UniversalRenderPipelineGlobalSettings.asset","9d92991794bb5864c8085468b97aa067"
"Assets\Assets\UniversalRenderPipelineGlobalSettings.asset","9dfc825aed78fcd4ba02077103263b40"
"Assets\Assets\UniversalRenderPipelineGlobalSettings.asset","9dfc825aed78fcd4ba02077103263b40"
"Assets\RecursosUnificados\BranchPedrao\Assets\UniversalRenderPipelineGlobalSettings.asset","9dfc825aed78fcd4ba02077103263b40"
"Assets\RecursosUnificados\BranchPedrao\Assets\UniversalRenderPipelineGlobalSettings.asset","9dfc825aed78fcd4ba02077103263b40"
"Assets\RecursosUnificados\BranchPedrao\Settings\Renderer2D.asset","9dfc825aed78fcd4ba02077103263b40"
"Assets\RecursosUnificados\BranchPedrao\UniversalRenderPipelineGlobalSettings.asset","9dfc825aed78fcd4ba02077103263b40"
"Assets\RecursosUnificados\BranchPedrao\UniversalRenderPipelineGlobalSettings.asset","9dfc825aed78fcd4ba02077103263b40"
"Assets\RecursosUnificados\ChegaComJhon\UniversalRenderPipelineGlobalSettings.asset","9dfc825aed78fcd4ba02077103263b40"
"Assets\RecursosUnificados\ChegaComJhon\UniversalRenderPipelineGlobalSettings.asset","9dfc825aed78fcd4ba02077103263b40"
"Assets\RecursosUnificados\ColegaTeste\ProjetoPlayerJhonas\Settings\Renderer2D.asset","9dfc825aed78fcd4ba02077103263b40"
"Assets\RecursosUnificados\ColegaTeste\ProjetoTesteAssets\UniversalRenderPipelineGlobalSettings.asset","9dfc825aed78fcd4ba02077103263b40"
"Assets\RecursosUnificados\ColegaTeste\ProjetoTesteAssets\UniversalRenderPipelineGlobalSettings.asset","9dfc825aed78fcd4ba02077103263b40"
"Assets\RecursosUnificados\ColegaTeste\UniversalRenderPipelineGlobalSettings.asset","9dfc825aed78fcd4ba02077103263b40"
"Assets\RecursosUnificados\ColegaTeste\UniversalRenderPipelineGlobalSettings.asset","9dfc825aed78fcd4ba02077103263b40"
"Assets\Settings\Renderer2D.asset","9dfc825aed78fcd4ba02077103263b40"
"Assets\UniversalRenderPipelineGlobalSettings.asset","9dfc825aed78fcd4ba02077103263b40"
"Assets\UniversalRenderPipelineGlobalSettings.asset","9dfc825aed78fcd4ba02077103263b40"
"Assets\Assets\UniversalRenderPipelineGlobalSettings.asset","a15b78cf8ca26ca4fb2090293153c62c"
"Assets\RecursosUnificados\BranchPedrao\Assets\UniversalRenderPipelineGlobalSettings.asset","a15b78cf8ca26ca4fb2090293153c62c"
"Assets\RecursosUnificados\BranchPedrao\UniversalRenderPipelineGlobalSettings.asset","a15b78cf8ca26ca4fb2090293153c62c"
"Assets\RecursosUnificados\ChegaComJhon\UniversalRenderPipelineGlobalSettings.asset","a15b78cf8ca26ca4fb2090293153c62c"
"Assets\RecursosUnificados\ColegaTeste\ProjetoTesteAssets\UniversalRenderPipelineGlobalSettings.asset","a15b78cf8ca26ca4fb2090293153c62c"
"Assets\RecursosUnificados\ColegaTeste\UniversalRenderPipelineGlobalSettings.asset","a15b78cf8ca26ca4fb2090293153c62c"
"Assets\UniversalRenderPipelineGlobalSettings.asset","a15b78cf8ca26ca4fb2090293153c62c"
"Assets\Assets\UniversalRenderPipelineGlobalSettings.asset","a2eaeefdac4637a44b734e85b7be9186"
"Assets\RecursosUnificados\BranchPedrao\Assets\UniversalRenderPipelineGlobalSettings.asset","a2eaeefdac4637a44b734e85b7be9186"
"Assets\RecursosUnificados\BranchPedrao\UniversalRenderPipelineGlobalSettings.asset","a2eaeefdac4637a44b734e85b7be9186"
"Assets\RecursosUnificados\ChegaComJhon\UniversalRenderPipelineGlobalSettings.asset","a2eaeefdac4637a44b734e85b7be9186"
"Assets\RecursosUnificados\ColegaTeste\ProjetoTesteAssets\UniversalRenderPipelineGlobalSettings.asset","a2eaeefdac4637a44b734e85b7be9186"
"Assets\RecursosUnificados\ColegaTeste\UniversalRenderPipelineGlobalSettings.asset","a2eaeefdac4637a44b734e85b7be9186"
"Assets\UniversalRenderPipelineGlobalSettings.asset","a2eaeefdac4637a44b734e85b7be9186"
"Assets\RecursosUnificados\ColegaTeste\ProjetoTesteAssets\UniversalRenderPipelineGlobalSettings.asset","a2ec5cbf5a9b64345ad3fab0912ddf7b"
"Assets\RecursosUnificados\ColegaTeste\UniversalRenderPipelineGlobalSettings.asset","a2ec5cbf5a9b64345ad3fab0912ddf7b"
"Assets\Assets\UniversalRenderPipelineGlobalSettings.asset","a3f7b8c99de28a94684cb1daebeccf5d"
"Assets\RecursosUnificados\BranchPedrao\Assets\UniversalRenderPipelineGlobalSettings.asset","a3f7b8c99de28a94684cb1daebeccf5d"
"Assets\RecursosUnificados\BranchPedrao\UniversalRenderPipelineGlobalSettings.asset","a3f7b8c99de28a94684cb1daebeccf5d"
"Assets\RecursosUnificados\ChegaComJhon\UniversalRenderPipelineGlobalSettings.asset","a3f7b8c99de28a94684cb1daebeccf5d"
"Assets\RecursosUnificados\ColegaTeste\ProjetoTesteAssets\UniversalRenderPipelineGlobalSettings.asset","a3f7b8c99de28a94684cb1daebeccf5d"
"Assets\RecursosUnificados\ColegaTeste\UniversalRenderPipelineGlobalSettings.asset","a3f7b8c99de28a94684cb1daebeccf5d"
"Assets\UniversalRenderPipelineGlobalSettings.asset","a3f7b8c99de28a94684cb1daebeccf5d"
"Assets\Assets\UniversalRenderPipelineGlobalSettings.asset","a679dba8ec4d9ce45884a270b0e22dda"
"Assets\RecursosUnificados\BranchPedrao\Assets\UniversalRenderPipelineGlobalSettings.asset","a679dba8ec4d9ce45884a270b0e22dda"
"Assets\RecursosUnificados\BranchPedrao\UniversalRenderPipelineGlobalSettings.asset","a679dba8ec4d9ce45884a270b0e22dda"
"Assets\RecursosUnificados\ChegaComJhon\UniversalRenderPipelineGlobalSettings.asset","a679dba8ec4d9ce45884a270b0e22dda"
"Assets\RecursosUnificados\ColegaTeste\ProjetoTesteAssets\UniversalRenderPipelineGlobalSettings.asset","a679dba8ec4d9ce45884a270b0e22dda"
"Assets\RecursosUnificados\ColegaTeste\UniversalRenderPipelineGlobalSettings.asset","a679dba8ec4d9ce45884a270b0e22dda"
"Assets\UniversalRenderPipelineGlobalSettings.asset","a679dba8ec4d9ce45884a270b0e22dda"
"Assets\_Recovery\0 (1).unity","a79441f348de89743a2939f4d699eac1"
"Assets\_Recovery\0 (2).unity","a79441f348de89743a2939f4d699eac1"
"Assets\_Recovery\0 (3).unity","a79441f348de89743a2939f4d699eac1"
"Assets\_Recovery\0 (4).unity","a79441f348de89743a2939f4d699eac1"
"Assets\_Recovery\0 (5).unity","a79441f348de89743a2939f4d699eac1"
"Assets\RecursosUnificados\BranchPedrao\_Recovery\0 (1).unity","a79441f348de89743a2939f4d699eac1"
"Assets\RecursosUnificados\BranchPedrao\_Recovery\0 (2).unity","a79441f348de89743a2939f4d699eac1"
"Assets\RecursosUnificados\BranchPedrao\_Recovery\0 (3).unity","a79441f348de89743a2939f4d699eac1"
"Assets\RecursosUnificados\BranchPedrao\Scenes\bla.unity","a79441f348de89743a2939f4d699eac1"
"Assets\RecursosUnificados\BranchPedrao\Scenes\Cena do JHON.unity","a79441f348de89743a2939f4d699eac1"
"Assets\RecursosUnificados\BranchPedrao\Scenes\CenaDoCT.unity","a79441f348de89743a2939f4d699eac1"
"Assets\RecursosUnificados\BranchPedrao\Settings\Scenes\URP2DSceneTemplate.unity","a79441f348de89743a2939f4d699eac1"
"Assets\RecursosUnificados\ChegaComJhon\_Recovery\0 (5).unity","a79441f348de89743a2939f4d699eac1"
"Assets\RecursosUnificados\ChegaComJhon\Scenes\bla.unity","a79441f348de89743a2939f4d699eac1"
"Assets\RecursosUnificados\ChegaComJhon\Scenes\CenaDoCT.unity","a79441f348de89743a2939f4d699eac1"
"Assets\RecursosUnificados\ChegaComJhon\Scenes\ServerHub.unity","a79441f348de89743a2939f4d699eac1"
"Assets\RecursosUnificados\ColegaTeste\_Recovery\0.unity","a79441f348de89743a2939f4d699eac1"
"Assets\RecursosUnificados\ColegaTeste\ProjetoPlayerJhonas\Settings\Scenes\URP2DSceneTemplate.unity","a79441f348de89743a2939f4d699eac1"
"Assets\RecursosUnificados\ColegaTeste\Scenes\CenaDoColega.unity","a79441f348de89743a2939f4d699eac1"
"Assets\RecursosUnificados\ColegaTeste\Scenes\CenaDoCT.unity","a79441f348de89743a2939f4d699eac1"
"Assets\RecursosUnificados\ColegaTeste\Scenes\SampleScene.unity","a79441f348de89743a2939f4d699eac1"
"Assets\Scenes\bla.unity","a79441f348de89743a2939f4d699eac1"
"Assets\Scenes\CenaDoCT.unity","a79441f348de89743a2939f4d699eac1"
"Assets\Scenes\ServerHub.unity","a79441f348de89743a2939f4d699eac1"
"Assets\Scenes\Unificadas\Unified_BranchPedrao_Scenes_bla.unity","a79441f348de89743a2939f4d699eac1"
"Assets\Scenes\Unificadas\Unified_BranchPedrao_Scenes_Cena do JHON.unity","a79441f348de89743a2939f4d699eac1"
"Assets\Scenes\Unificadas\Unified_BranchPedrao_Scenes_Ceta big Peter.unity","a79441f348de89743a2939f4d699eac1"
"Assets\Scenes\Unificadas\Unified_ChegaComJhon_Scenes_bla.unity","a79441f348de89743a2939f4d699eac1"
"Assets\Scenes\Unificadas\Unified_ColegaTeste_Scenes_CenaDoColega.unity","a79441f348de89743a2939f4d699eac1"
"Assets\Settings\Scenes\URP2DSceneTemplate.unity","a79441f348de89743a2939f4d699eac1"
"Assets\Assets\UniversalRenderPipelineGlobalSettings.asset","a89bee29cffa951418fc1e2da94d1959"
"Assets\RecursosUnificados\BranchPedrao\Assets\UniversalRenderPipelineGlobalSettings.asset","a89bee29cffa951418fc1e2da94d1959"
"Assets\RecursosUnificados\BranchPedrao\Settings\Renderer2D.asset","a89bee29cffa951418fc1e2da94d1959"
"Assets\RecursosUnificados\BranchPedrao\UniversalRenderPipelineGlobalSettings.asset","a89bee29cffa951418fc1e2da94d1959"
"Assets\RecursosUnificados\ChegaComJhon\UniversalRenderPipelineGlobalSettings.asset","a89bee29cffa951418fc1e2da94d1959"
"Assets\RecursosUnificados\ColegaTeste\ProjetoPlayerJhonas\Settings\Renderer2D.asset","a89bee29cffa951418fc1e2da94d1959"
"Assets\RecursosUnificados\ColegaTeste\ProjetoTesteAssets\UniversalRenderPipelineGlobalSettings.asset","a89bee29cffa951418fc1e2da94d1959"
"Assets\RecursosUnificados\ColegaTeste\UniversalRenderPipelineGlobalSettings.asset","a89bee29cffa951418fc1e2da94d1959"
"Assets\Settings\Renderer2D.asset","a89bee29cffa951418fc1e2da94d1959"
"Assets\UniversalRenderPipelineGlobalSettings.asset","a89bee29cffa951418fc1e2da94d1959"
"Assets\_Recovery\0 (1).unity","a97c105638bdf8b4a8650670310a4cd3"
"Assets\_Recovery\0 (1).unity","a97c105638bdf8b4a8650670310a4cd3"
"Assets\_Recovery\0 (1).unity","a97c105638bdf8b4a8650670310a4cd3"
"Assets\_Recovery\0 (2).unity","a97c105638bdf8b4a8650670310a4cd3"
"Assets\_Recovery\0 (2).unity","a97c105638bdf8b4a8650670310a4cd3"
"Assets\_Recovery\0 (2).unity","a97c105638bdf8b4a8650670310a4cd3"
"Assets\_Recovery\0 (2).unity","a97c105638bdf8b4a8650670310a4cd3"
"Assets\_Recovery\0 (2).unity","a97c105638bdf8b4a8650670310a4cd3"
"Assets\_Recovery\0 (2).unity","a97c105638bdf8b4a8650670310a4cd3"
"Assets\_Recovery\0 (2).unity","a97c105638bdf8b4a8650670310a4cd3"
"Assets\_Recovery\0 (3).unity","a97c105638bdf8b4a8650670310a4cd3"
"Assets\_Recovery\0 (3).unity","a97c105638bdf8b4a8650670310a4cd3"
"Assets\_Recovery\0 (3).unity","a97c105638bdf8b4a8650670310a4cd3"
"Assets\_Recovery\0 (3).unity","a97c105638bdf8b4a8650670310a4cd3"
"Assets\_Recovery\0 (3).unity","a97c105638bdf8b4a8650670310a4cd3"
"Assets\_Recovery\0 (3).unity","a97c105638bdf8b4a8650670310a4cd3"
"Assets\_Recovery\0 (3).unity","a97c105638bdf8b4a8650670310a4cd3"
"Assets\_Recovery\0 (4).unity","a97c105638bdf8b4a8650670310a4cd3"
"Assets\_Recovery\0 (4).unity","a97c105638bdf8b4a8650670310a4cd3"
"Assets\_Recovery\0 (4).unity","a97c105638bdf8b4a8650670310a4cd3"
"Assets\_Recovery\0 (4).unity","a97c105638bdf8b4a8650670310a4cd3"
"Assets\_Recovery\0 (4).unity","a97c105638bdf8b4a8650670310a4cd3"
"Assets\_Recovery\0 (4).unity","a97c105638bdf8b4a8650670310a4cd3"
"Assets\_Recovery\0 (4).unity","a97c105638bdf8b4a8650670310a4cd3"
"Assets\_Recovery\0.unity","a97c105638bdf8b4a8650670310a4cd3"
"Assets\_Recovery\0.unity","a97c105638bdf8b4a8650670310a4cd3"
"Assets\Assets\UniversalRenderPipelineGlobalSettings.asset","a97c105638bdf8b4a8650670310a4cd3"
"Assets\Jogador.prefab","a97c105638bdf8b4a8650670310a4cd3"
"Assets\RecursosUnificados\BranchPedrao\_Recovery\0 (1).unity","a97c105638bdf8b4a8650670310a4cd3"
"Assets\RecursosUnificados\BranchPedrao\_Recovery\0 (1).unity","a97c105638bdf8b4a8650670310a4cd3"
"Assets\RecursosUnificados\BranchPedrao\_Recovery\0 (1).unity","a97c105638bdf8b4a8650670310a4cd3"
"Assets\RecursosUnificados\BranchPedrao\_Recovery\0 (2).unity","a97c105638bdf8b4a8650670310a4cd3"
"Assets\RecursosUnificados\BranchPedrao\_Recovery\0 (2).unity","a97c105638bdf8b4a8650670310a4cd3"
"Assets\RecursosUnificados\BranchPedrao\_Recovery\0 (2).unity","a97c105638bdf8b4a8650670310a4cd3"
"Assets\RecursosUnificados\BranchPedrao\_Recovery\0 (2).unity","a97c105638bdf8b4a8650670310a4cd3"
"Assets\RecursosUnificados\BranchPedrao\_Recovery\0 (2).unity","a97c105638bdf8b4a8650670310a4cd3"
"Assets\RecursosUnificados\BranchPedrao\_Recovery\0 (2).unity","a97c105638bdf8b4a8650670310a4cd3"
"Assets\RecursosUnificados\BranchPedrao\_Recovery\0 (2).unity","a97c105638bdf8b4a8650670310a4cd3"
"Assets\RecursosUnificados\BranchPedrao\_Recovery\0 (3).unity","a97c105638bdf8b4a8650670310a4cd3"
"Assets\RecursosUnificados\BranchPedrao\_Recovery\0 (3).unity","a97c105638bdf8b4a8650670310a4cd3"
"Assets\RecursosUnificados\BranchPedrao\_Recovery\0 (3).unity","a97c105638bdf8b4a8650670310a4cd3"
"Assets\RecursosUnificados\BranchPedrao\_Recovery\0 (3).unity","a97c105638bdf8b4a8650670310a4cd3"
"Assets\RecursosUnificados\BranchPedrao\_Recovery\0 (3).unity","a97c105638bdf8b4a8650670310a4cd3"
"Assets\RecursosUnificados\BranchPedrao\_Recovery\0 (3).unity","a97c105638bdf8b4a8650670310a4cd3"
"Assets\RecursosUnificados\BranchPedrao\_Recovery\0 (3).unity","a97c105638bdf8b4a8650670310a4cd3"
"Assets\RecursosUnificados\BranchPedrao\_Recovery\0.unity","a97c105638bdf8b4a8650670310a4cd3"
"Assets\RecursosUnificados\BranchPedrao\_Recovery\0.unity","a97c105638bdf8b4a8650670310a4cd3"
"Assets\RecursosUnificados\BranchPedrao\Assets\UniversalRenderPipelineGlobalSettings.asset","a97c105638bdf8b4a8650670310a4cd3"
"Assets\RecursosUnificados\BranchPedrao\Scenes\bla.unity","a97c105638bdf8b4a8650670310a4cd3"
"Assets\RecursosUnificados\BranchPedrao\Scenes\bla.unity","a97c105638bdf8b4a8650670310a4cd3"
"Assets\RecursosUnificados\BranchPedrao\Scenes\bla.unity","a97c105638bdf8b4a8650670310a4cd3"
"Assets\RecursosUnificados\BranchPedrao\Scenes\bla.unity","a97c105638bdf8b4a8650670310a4cd3"
"Assets\RecursosUnificados\BranchPedrao\Scenes\bla.unity","a97c105638bdf8b4a8650670310a4cd3"
"Assets\RecursosUnificados\BranchPedrao\Scenes\bla.unity","a97c105638bdf8b4a8650670310a4cd3"
"Assets\RecursosUnificados\BranchPedrao\Scenes\bla.unity","a97c105638bdf8b4a8650670310a4cd3"
"Assets\RecursosUnificados\BranchPedrao\Scenes\Cena do JHON.unity","a97c105638bdf8b4a8650670310a4cd3"
"Assets\RecursosUnificados\BranchPedrao\Scenes\Cena do JHON.unity","a97c105638bdf8b4a8650670310a4cd3"
"Assets\RecursosUnificados\BranchPedrao\Scenes\CenaDoCT.unity","a97c105638bdf8b4a8650670310a4cd3"
"Assets\RecursosUnificados\BranchPedrao\Settings\Renderer2D.asset","a97c105638bdf8b4a8650670310a4cd3"
"Assets\RecursosUnificados\BranchPedrao\Settings\Renderer2D.asset","a97c105638bdf8b4a8650670310a4cd3"
"Assets\RecursosUnificados\BranchPedrao\UniversalRenderPipelineGlobalSettings.asset","a97c105638bdf8b4a8650670310a4cd3"
"Assets\RecursosUnificados\ChegaComJhon\Jogador.prefab","a97c105638bdf8b4a8650670310a4cd3"
"Assets\RecursosUnificados\ChegaComJhon\Scenes\bla.unity","a97c105638bdf8b4a8650670310a4cd3"
"Assets\RecursosUnificados\ChegaComJhon\Scenes\bla.unity","a97c105638bdf8b4a8650670310a4cd3"
"Assets\RecursosUnificados\ChegaComJhon\Scenes\bla.unity","a97c105638bdf8b4a8650670310a4cd3"
"Assets\RecursosUnificados\ChegaComJhon\Scenes\bla.unity","a97c105638bdf8b4a8650670310a4cd3"
"Assets\RecursosUnificados\ChegaComJhon\Scenes\CenaDoCT.unity","a97c105638bdf8b4a8650670310a4cd3"
"Assets\RecursosUnificados\ChegaComJhon\UniversalRenderPipelineGlobalSettings.asset","a97c105638bdf8b4a8650670310a4cd3"
"Assets\RecursosUnificados\ColegaTeste\_Recovery\0.unity","a97c105638bdf8b4a8650670310a4cd3"
"Assets\RecursosUnificados\ColegaTeste\_Recovery\0.unity","a97c105638bdf8b4a8650670310a4cd3"
"Assets\RecursosUnificados\ColegaTeste\_Recovery\0.unity","a97c105638bdf8b4a8650670310a4cd3"
"Assets\RecursosUnificados\ColegaTeste\_Recovery\0.unity","a97c105638bdf8b4a8650670310a4cd3"
"Assets\RecursosUnificados\ColegaTeste\_Recovery\0.unity","a97c105638bdf8b4a8650670310a4cd3"
"Assets\RecursosUnificados\ColegaTeste\_Recovery\0.unity","a97c105638bdf8b4a8650670310a4cd3"
"Assets\RecursosUnificados\ColegaTeste\_Recovery\0.unity","a97c105638bdf8b4a8650670310a4cd3"
"Assets\RecursosUnificados\ColegaTeste\_Recovery\0.unity","a97c105638bdf8b4a8650670310a4cd3"
"Assets\RecursosUnificados\ColegaTeste\_Recovery\0.unity","a97c105638bdf8b4a8650670310a4cd3"
"Assets\RecursosUnificados\ColegaTeste\_Recovery\0.unity","a97c105638bdf8b4a8650670310a4cd3"
"Assets\RecursosUnificados\ColegaTeste\_Recovery\0.unity","a97c105638bdf8b4a8650670310a4cd3"
"Assets\RecursosUnificados\ColegaTeste\_Recovery\0.unity","a97c105638bdf8b4a8650670310a4cd3"
"Assets\RecursosUnificados\ColegaTeste\_Recovery\0.unity","a97c105638bdf8b4a8650670310a4cd3"
"Assets\RecursosUnificados\ColegaTeste\_Recovery\0.unity","a97c105638bdf8b4a8650670310a4cd3"
"Assets\RecursosUnificados\ColegaTeste\_Recovery\0.unity","a97c105638bdf8b4a8650670310a4cd3"
"Assets\RecursosUnificados\ColegaTeste\_Recovery\0.unity","a97c105638bdf8b4a8650670310a4cd3"
"Assets\RecursosUnificados\ColegaTeste\_Recovery\0.unity","a97c105638bdf8b4a8650670310a4cd3"
"Assets\RecursosUnificados\ColegaTeste\_Recovery\0.unity","a97c105638bdf8b4a8650670310a4cd3"
"Assets\RecursosUnificados\ColegaTeste\PlatformerSet1\Map Assets\Decoration\Decoration.prefab","a97c105638bdf8b4a8650670310a4cd3"
"Assets\RecursosUnificados\ColegaTeste\PlatformerSet1\Map Assets\TilepaletteLevel1\New Tile Palette.prefab","a97c105638bdf8b4a8650670310a4cd3"
"Assets\RecursosUnificados\ColegaTeste\PlatformerSet1\Map Assets\TileplateLevel1Background\Level1Background.prefab","a97c105638bdf8b4a8650670310a4cd3"
"Assets\RecursosUnificados\ColegaTeste\ProjetoPlayerJhonas\Scenes\bla.unity","a97c105638bdf8b4a8650670310a4cd3"
"Assets\RecursosUnificados\ColegaTeste\ProjetoPlayerJhonas\Scenes\bla.unity","a97c105638bdf8b4a8650670310a4cd3"
"Assets\RecursosUnificados\ColegaTeste\ProjetoPlayerJhonas\Scenes\bla.unity","a97c105638bdf8b4a8650670310a4cd3"
"Assets\RecursosUnificados\ColegaTeste\ProjetoPlayerJhonas\Scenes\bla.unity","a97c105638bdf8b4a8650670310a4cd3"
"Assets\RecursosUnificados\ColegaTeste\ProjetoPlayerJhonas\Scenes\bla.unity","a97c105638bdf8b4a8650670310a4cd3"
"Assets\RecursosUnificados\ColegaTeste\ProjetoPlayerJhonas\Scenes\bla.unity","a97c105638bdf8b4a8650670310a4cd3"
"Assets\RecursosUnificados\ColegaTeste\ProjetoPlayerJhonas\Scenes\bla.unity","a97c105638bdf8b4a8650670310a4cd3"
"Assets\RecursosUnificados\ColegaTeste\ProjetoPlayerJhonas\Settings\Renderer2D.asset","a97c105638bdf8b4a8650670310a4cd3"
"Assets\RecursosUnificados\ColegaTeste\ProjetoPlayerJhonas\Settings\Renderer2D.asset","a97c105638bdf8b4a8650670310a4cd3"
"Assets\RecursosUnificados\ColegaTeste\ProjetoTesteAssets\TileMap.prefab","a97c105638bdf8b4a8650670310a4cd3"
"Assets\RecursosUnificados\ColegaTeste\ProjetoTesteAssets\UniversalRenderPipelineGlobalSettings.asset","a97c105638bdf8b4a8650670310a4cd3"
"Assets\RecursosUnificados\ColegaTeste\Scenes\CenaDoColega.unity","a97c105638bdf8b4a8650670310a4cd3"
"Assets\RecursosUnificados\ColegaTeste\Scenes\CenaDoColega.unity","a97c105638bdf8b4a8650670310a4cd3"
"Assets\RecursosUnificados\ColegaTeste\Scenes\CenaDoColega.unity","a97c105638bdf8b4a8650670310a4cd3"
"Assets\RecursosUnificados\ColegaTeste\Scenes\CenaDoColega.unity","a97c105638bdf8b4a8650670310a4cd3"
"Assets\RecursosUnificados\ColegaTeste\Scenes\CenaDoColega.unity","a97c105638bdf8b4a8650670310a4cd3"
"Assets\RecursosUnificados\ColegaTeste\Scenes\CenaDoColega.unity","a97c105638bdf8b4a8650670310a4cd3"
"Assets\RecursosUnificados\ColegaTeste\Scenes\CenaDoColega.unity","a97c105638bdf8b4a8650670310a4cd3"
"Assets\RecursosUnificados\ColegaTeste\Scenes\CenaDoColega.unity","a97c105638bdf8b4a8650670310a4cd3"
"Assets\RecursosUnificados\ColegaTeste\Scenes\CenaDoColega.unity","a97c105638bdf8b4a8650670310a4cd3"
"Assets\RecursosUnificados\ColegaTeste\Scenes\CenaDoColega.unity","a97c105638bdf8b4a8650670310a4cd3"
"Assets\RecursosUnificados\ColegaTeste\Scenes\CenaDoColega.unity","a97c105638bdf8b4a8650670310a4cd3"
"Assets\RecursosUnificados\ColegaTeste\Scenes\CenaDoColega.unity","a97c105638bdf8b4a8650670310a4cd3"
"Assets\RecursosUnificados\ColegaTeste\Scenes\CenaDoColega.unity","a97c105638bdf8b4a8650670310a4cd3"
"Assets\RecursosUnificados\ColegaTeste\Scenes\CenaDoColega.unity","a97c105638bdf8b4a8650670310a4cd3"
"Assets\RecursosUnificados\ColegaTeste\Scenes\CenaDoColega.unity","a97c105638bdf8b4a8650670310a4cd3"
"Assets\RecursosUnificados\ColegaTeste\Scenes\CenaDoColega.unity","a97c105638bdf8b4a8650670310a4cd3"
"Assets\RecursosUnificados\ColegaTeste\Scenes\CenaDoColega.unity","a97c105638bdf8b4a8650670310a4cd3"
"Assets\RecursosUnificados\ColegaTeste\Scenes\CenaDoColega.unity","a97c105638bdf8b4a8650670310a4cd3"
"Assets\RecursosUnificados\ColegaTeste\Scenes\CenaDoColega.unity","a97c105638bdf8b4a8650670310a4cd3"
"Assets\RecursosUnificados\ColegaTeste\Scenes\CenaDoColega.unity","a97c105638bdf8b4a8650670310a4cd3"
"Assets\RecursosUnificados\ColegaTeste\Scenes\CenaDoColega.unity","a97c105638bdf8b4a8650670310a4cd3"
"Assets\RecursosUnificados\ColegaTeste\Scenes\CenaDoColega.unity","a97c105638bdf8b4a8650670310a4cd3"
"Assets\RecursosUnificados\ColegaTeste\Scenes\CenaDoColega.unity","a97c105638bdf8b4a8650670310a4cd3"
"Assets\RecursosUnificados\ColegaTeste\Scenes\CenaDoColega.unity","a97c105638bdf8b4a8650670310a4cd3"
"Assets\RecursosUnificados\ColegaTeste\Scenes\CenaDoColega.unity","a97c105638bdf8b4a8650670310a4cd3"
"Assets\RecursosUnificados\ColegaTeste\Scenes\CenaDoColega.unity","a97c105638bdf8b4a8650670310a4cd3"
"Assets\RecursosUnificados\ColegaTeste\Scenes\CenaDoColega.unity","a97c105638bdf8b4a8650670310a4cd3"
"Assets\RecursosUnificados\ColegaTeste\Scenes\CenaDoColega.unity","a97c105638bdf8b4a8650670310a4cd3"
"Assets\RecursosUnificados\ColegaTeste\Scenes\CenaDoColega.unity","a97c105638bdf8b4a8650670310a4cd3"
"Assets\RecursosUnificados\ColegaTeste\Scenes\CenaDoColega.unity","a97c105638bdf8b4a8650670310a4cd3"
"Assets\RecursosUnificados\ColegaTeste\Scenes\CenaDoColega.unity","a97c105638bdf8b4a8650670310a4cd3"
"Assets\RecursosUnificados\ColegaTeste\Scenes\CenaDoColega.unity","a97c105638bdf8b4a8650670310a4cd3"
"Assets\RecursosUnificados\ColegaTeste\Scenes\CenaDoColega.unity","a97c105638bdf8b4a8650670310a4cd3"
"Assets\RecursosUnificados\ColegaTeste\Scenes\CenaDoColega.unity","a97c105638bdf8b4a8650670310a4cd3"
"Assets\RecursosUnificados\ColegaTeste\Scenes\CenaDoColega.unity","a97c105638bdf8b4a8650670310a4cd3"
"Assets\RecursosUnificados\ColegaTeste\Scenes\CenaDoColega.unity","a97c105638bdf8b4a8650670310a4cd3"
"Assets\RecursosUnificados\ColegaTeste\Scenes\CenaDoCT.unity","a97c105638bdf8b4a8650670310a4cd3"
"Assets\RecursosUnificados\ColegaTeste\Scenes\CenaDoCT.unity","a97c105638bdf8b4a8650670310a4cd3"
"Assets\RecursosUnificados\ColegaTeste\Scenes\CenaDoCT.unity","a97c105638bdf8b4a8650670310a4cd3"
"Assets\RecursosUnificados\ColegaTeste\Scenes\CenaDoCT.unity","a97c105638bdf8b4a8650670310a4cd3"
"Assets\RecursosUnificados\ColegaTeste\Scenes\SampleScene.unity","a97c105638bdf8b4a8650670310a4cd3"
"Assets\RecursosUnificados\ColegaTeste\Scenes\SampleScene.unity","a97c105638bdf8b4a8650670310a4cd3"
"Assets\RecursosUnificados\ColegaTeste\Scenes\SampleScene.unity","a97c105638bdf8b4a8650670310a4cd3"
"Assets\RecursosUnificados\ColegaTeste\Scenes\SampleScene.unity","a97c105638bdf8b4a8650670310a4cd3"
"Assets\RecursosUnificados\ColegaTeste\Scenes\SampleScene.unity","a97c105638bdf8b4a8650670310a4cd3"
"Assets\RecursosUnificados\ColegaTeste\Scenes\SampleScene.unity","a97c105638bdf8b4a8650670310a4cd3"
"Assets\RecursosUnificados\ColegaTeste\UniversalRenderPipelineGlobalSettings.asset","a97c105638bdf8b4a8650670310a4cd3"
"Assets\Scenes\bla.unity","a97c105638bdf8b4a8650670310a4cd3"
"Assets\Scenes\bla.unity","a97c105638bdf8b4a8650670310a4cd3"
"Assets\Scenes\bla.unity","a97c105638bdf8b4a8650670310a4cd3"
"Assets\Scenes\bla.unity","a97c105638bdf8b4a8650670310a4cd3"
"Assets\Scenes\bla.unity","a97c105638bdf8b4a8650670310a4cd3"
"Assets\Scenes\bla.unity","a97c105638bdf8b4a8650670310a4cd3"
"Assets\Scenes\bla.unity","a97c105638bdf8b4a8650670310a4cd3"
"Assets\Scenes\CenaDoCT.unity","a97c105638bdf8b4a8650670310a4cd3"
"Assets\Scenes\Unificadas\Unified_BranchPedrao_Scenes_bla.unity","a97c105638bdf8b4a8650670310a4cd3"
"Assets\Scenes\Unificadas\Unified_BranchPedrao_Scenes_bla.unity","a97c105638bdf8b4a8650670310a4cd3"
"Assets\Scenes\Unificadas\Unified_BranchPedrao_Scenes_bla.unity","a97c105638bdf8b4a8650670310a4cd3"
"Assets\Scenes\Unificadas\Unified_BranchPedrao_Scenes_bla.unity","a97c105638bdf8b4a8650670310a4cd3"
"Assets\Scenes\Unificadas\Unified_BranchPedrao_Scenes_bla.unity","a97c105638bdf8b4a8650670310a4cd3"
"Assets\Scenes\Unificadas\Unified_BranchPedrao_Scenes_bla.unity","a97c105638bdf8b4a8650670310a4cd3"
"Assets\Scenes\Unificadas\Unified_BranchPedrao_Scenes_bla.unity","a97c105638bdf8b4a8650670310a4cd3"
"Assets\Scenes\Unificadas\Unified_BranchPedrao_Scenes_Cena do JHON.unity","a97c105638bdf8b4a8650670310a4cd3"
"Assets\Scenes\Unificadas\Unified_BranchPedrao_Scenes_Cena do JHON.unity","a97c105638bdf8b4a8650670310a4cd3"
"Assets\Scenes\Unificadas\Unified_BranchPedrao_Scenes_Ceta big Peter.unity","a97c105638bdf8b4a8650670310a4cd3"
"Assets\Scenes\Unificadas\Unified_BranchPedrao_Scenes_Ceta big Peter.unity","a97c105638bdf8b4a8650670310a4cd3"
"Assets\Scenes\Unificadas\Unified_BranchPedrao_Scenes_Ceta big Peter.unity","a97c105638bdf8b4a8650670310a4cd3"
"Assets\Scenes\Unificadas\Unified_BranchPedrao_Scenes_Ceta big Peter.unity","a97c105638bdf8b4a8650670310a4cd3"
"Assets\Scenes\Unificadas\Unified_BranchPedrao_Scenes_Ceta big Peter.unity","a97c105638bdf8b4a8650670310a4cd3"
"Assets\Scenes\Unificadas\Unified_BranchPedrao_Scenes_Ceta big Peter.unity","a97c105638bdf8b4a8650670310a4cd3"
"Assets\Scenes\Unificadas\Unified_BranchPedrao_Scenes_Ceta big Peter.unity","a97c105638bdf8b4a8650670310a4cd3"
"Assets\Scenes\Unificadas\Unified_ChegaComJhon_Scenes_bla.unity","a97c105638bdf8b4a8650670310a4cd3"
"Assets\Scenes\Unificadas\Unified_ChegaComJhon_Scenes_bla.unity","a97c105638bdf8b4a8650670310a4cd3"
"Assets\Scenes\Unificadas\Unified_ChegaComJhon_Scenes_bla.unity","a97c105638bdf8b4a8650670310a4cd3"
"Assets\Scenes\Unificadas\Unified_ChegaComJhon_Scenes_bla.unity","a97c105638bdf8b4a8650670310a4cd3"
"Assets\Scenes\Unificadas\Unified_ColegaTeste_Scenes_CenaDoColega.unity","a97c105638bdf8b4a8650670310a4cd3"
"Assets\Scenes\Unificadas\Unified_ColegaTeste_Scenes_CenaDoColega.unity","a97c105638bdf8b4a8650670310a4cd3"
"Assets\Scenes\Unificadas\Unified_ColegaTeste_Scenes_CenaDoColega.unity","a97c105638bdf8b4a8650670310a4cd3"
"Assets\Scenes\Unificadas\Unified_ColegaTeste_Scenes_CenaDoColega.unity","a97c105638bdf8b4a8650670310a4cd3"
"Assets\Scenes\Unificadas\Unified_ColegaTeste_Scenes_CenaDoColega.unity","a97c105638bdf8b4a8650670310a4cd3"
"Assets\Scenes\Unificadas\Unified_ColegaTeste_Scenes_CenaDoColega.unity","a97c105638bdf8b4a8650670310a4cd3"
"Assets\Scenes\Unificadas\Unified_ColegaTeste_Scenes_CenaDoColega.unity","a97c105638bdf8b4a8650670310a4cd3"
"Assets\Scenes\Unificadas\Unified_ColegaTeste_Scenes_CenaDoColega.unity","a97c105638bdf8b4a8650670310a4cd3"
"Assets\Scenes\Unificadas\Unified_ColegaTeste_Scenes_CenaDoColega.unity","a97c105638bdf8b4a8650670310a4cd3"
"Assets\Scenes\Unificadas\Unified_ColegaTeste_Scenes_CenaDoColega.unity","a97c105638bdf8b4a8650670310a4cd3"
"Assets\Scenes\Unificadas\Unified_ColegaTeste_Scenes_CenaDoColega.unity","a97c105638bdf8b4a8650670310a4cd3"
"Assets\Scenes\Unificadas\Unified_ColegaTeste_Scenes_CenaDoColega.unity","a97c105638bdf8b4a8650670310a4cd3"
"Assets\Scenes\Unificadas\Unified_ColegaTeste_Scenes_CenaDoColega.unity","a97c105638bdf8b4a8650670310a4cd3"
"Assets\Scenes\Unificadas\Unified_ColegaTeste_Scenes_CenaDoColega.unity","a97c105638bdf8b4a8650670310a4cd3"
"Assets\Scenes\Unificadas\Unified_ColegaTeste_Scenes_CenaDoColega.unity","a97c105638bdf8b4a8650670310a4cd3"
"Assets\Scenes\Unificadas\Unified_ColegaTeste_Scenes_CenaDoColega.unity","a97c105638bdf8b4a8650670310a4cd3"
"Assets\Scenes\Unificadas\Unified_ColegaTeste_Scenes_CenaDoColega.unity","a97c105638bdf8b4a8650670310a4cd3"
"Assets\Scenes\Unificadas\Unified_ColegaTeste_Scenes_CenaDoColega.unity","a97c105638bdf8b4a8650670310a4cd3"
"Assets\Scenes\Unificadas\Unified_ColegaTeste_Scenes_CenaDoColega.unity","a97c105638bdf8b4a8650670310a4cd3"
"Assets\Scenes\Unificadas\Unified_ColegaTeste_Scenes_CenaDoColega.unity","a97c105638bdf8b4a8650670310a4cd3"
"Assets\Scenes\Unificadas\Unified_ColegaTeste_Scenes_CenaDoColega.unity","a97c105638bdf8b4a8650670310a4cd3"
"Assets\Scenes\Unificadas\Unified_ColegaTeste_Scenes_CenaDoColega.unity","a97c105638bdf8b4a8650670310a4cd3"
"Assets\Scenes\Unificadas\Unified_ColegaTeste_Scenes_CenaDoColega.unity","a97c105638bdf8b4a8650670310a4cd3"
"Assets\Scenes\Unificadas\Unified_ColegaTeste_Scenes_CenaDoColega.unity","a97c105638bdf8b4a8650670310a4cd3"
"Assets\Scenes\Unificadas\Unified_ColegaTeste_Scenes_CenaDoColega.unity","a97c105638bdf8b4a8650670310a4cd3"
"Assets\Scenes\Unificadas\Unified_ColegaTeste_Scenes_CenaDoColega.unity","a97c105638bdf8b4a8650670310a4cd3"
"Assets\Scenes\Unificadas\Unified_ColegaTeste_Scenes_CenaDoColega.unity","a97c105638bdf8b4a8650670310a4cd3"
"Assets\Scenes\Unificadas\Unified_ColegaTeste_Scenes_CenaDoColega.unity","a97c105638bdf8b4a8650670310a4cd3"
"Assets\Scenes\Unificadas\Unified_ColegaTeste_Scenes_CenaDoColega.unity","a97c105638bdf8b4a8650670310a4cd3"
"Assets\Scenes\Unificadas\Unified_ColegaTeste_Scenes_CenaDoColega.unity","a97c105638bdf8b4a8650670310a4cd3"
"Assets\Scenes\Unificadas\Unified_ColegaTeste_Scenes_CenaDoColega.unity","a97c105638bdf8b4a8650670310a4cd3"
"Assets\Scenes\Unificadas\Unified_ColegaTeste_Scenes_CenaDoColega.unity","a97c105638bdf8b4a8650670310a4cd3"
"Assets\Scenes\Unificadas\Unified_ColegaTeste_Scenes_CenaDoColega.unity","a97c105638bdf8b4a8650670310a4cd3"
"Assets\Scenes\Unificadas\Unified_ColegaTeste_Scenes_CenaDoColega.unity","a97c105638bdf8b4a8650670310a4cd3"
"Assets\Scenes\Unificadas\Unified_ColegaTeste_Scenes_CenaDoColega.unity","a97c105638bdf8b4a8650670310a4cd3"
"Assets\Scenes\Unificadas\Unified_ColegaTeste_Scenes_CenaDoColega.unity","a97c105638bdf8b4a8650670310a4cd3"
"Assets\Settings\Renderer2D.asset","a97c105638bdf8b4a8650670310a4cd3"
"Assets\Settings\Renderer2D.asset","a97c105638bdf8b4a8650670310a4cd3"
"Assets\UniversalRenderPipelineGlobalSettings.asset","a97c105638bdf8b4a8650670310a4cd3"
"Assets\RecursosUnificados\BranchPedrao\TextMesh Pro\Resources\Style Sheets\Default Style Sheet.asset","ab2114bdc8544297b417dfefe9f1e410"
"Assets\RecursosUnificados\ColegaTeste\ProjetoPlayerJhonas\TextMesh Pro\Resources\Style Sheets\Default Style Sheet.asset","ab2114bdc8544297b417dfefe9f1e410"
"Assets\TextMesh Pro\Resources\Style Sheets\Default Style Sheet.asset","ab2114bdc8544297b417dfefe9f1e410"
"Assets\Assets\UniversalRenderPipelineGlobalSettings.asset","b23e766bcf50ca4438ef186b174557df"
"Assets\RecursosUnificados\BranchPedrao\Assets\UniversalRenderPipelineGlobalSettings.asset","b23e766bcf50ca4438ef186b174557df"
"Assets\RecursosUnificados\BranchPedrao\UniversalRenderPipelineGlobalSettings.asset","b23e766bcf50ca4438ef186b174557df"
"Assets\RecursosUnificados\ChegaComJhon\UniversalRenderPipelineGlobalSettings.asset","b23e766bcf50ca4438ef186b174557df"
"Assets\RecursosUnificados\ColegaTeste\ProjetoTesteAssets\UniversalRenderPipelineGlobalSettings.asset","b23e766bcf50ca4438ef186b174557df"
"Assets\RecursosUnificados\ColegaTeste\UniversalRenderPipelineGlobalSettings.asset","b23e766bcf50ca4438ef186b174557df"
"Assets\UniversalRenderPipelineGlobalSettings.asset","b23e766bcf50ca4438ef186b174557df"
"Assets\Assets\UniversalRenderPipelineGlobalSettings.asset","b3c92426a88625841ab15ca6a7917248"
"Assets\RecursosUnificados\BranchPedrao\Assets\UniversalRenderPipelineGlobalSettings.asset","b3c92426a88625841ab15ca6a7917248"
"Assets\RecursosUnificados\BranchPedrao\UniversalRenderPipelineGlobalSettings.asset","b3c92426a88625841ab15ca6a7917248"
"Assets\RecursosUnificados\ChegaComJhon\UniversalRenderPipelineGlobalSettings.asset","b3c92426a88625841ab15ca6a7917248"
"Assets\RecursosUnificados\ColegaTeste\ProjetoTesteAssets\UniversalRenderPipelineGlobalSettings.asset","b3c92426a88625841ab15ca6a7917248"
"Assets\RecursosUnificados\ColegaTeste\UniversalRenderPipelineGlobalSettings.asset","b3c92426a88625841ab15ca6a7917248"
"Assets\UniversalRenderPipelineGlobalSettings.asset","b3c92426a88625841ab15ca6a7917248"
"Assets\Assets\UniversalRenderPipelineGlobalSettings.asset","b4db8180660810945bf8d55ab44352ad"
"Assets\RecursosUnificados\BranchPedrao\Assets\UniversalRenderPipelineGlobalSettings.asset","b4db8180660810945bf8d55ab44352ad"
"Assets\RecursosUnificados\BranchPedrao\UniversalRenderPipelineGlobalSettings.asset","b4db8180660810945bf8d55ab44352ad"
"Assets\RecursosUnificados\ChegaComJhon\UniversalRenderPipelineGlobalSettings.asset","b4db8180660810945bf8d55ab44352ad"
"Assets\RecursosUnificados\ColegaTeste\ProjetoTesteAssets\UniversalRenderPipelineGlobalSettings.asset","b4db8180660810945bf8d55ab44352ad"
"Assets\RecursosUnificados\ColegaTeste\UniversalRenderPipelineGlobalSettings.asset","b4db8180660810945bf8d55ab44352ad"
"Assets\UniversalRenderPipelineGlobalSettings.asset","b4db8180660810945bf8d55ab44352ad"
"Assets\Assets\UniversalRenderPipelineGlobalSettings.asset","bb86f1f0af829fd45b2ebddda1245c22"
"Assets\RecursosUnificados\BranchPedrao\Assets\UniversalRenderPipelineGlobalSettings.asset","bb86f1f0af829fd45b2ebddda1245c22"
"Assets\RecursosUnificados\BranchPedrao\UniversalRenderPipelineGlobalSettings.asset","bb86f1f0af829fd45b2ebddda1245c22"
"Assets\RecursosUnificados\ChegaComJhon\UniversalRenderPipelineGlobalSettings.asset","bb86f1f0af829fd45b2ebddda1245c22"
"Assets\RecursosUnificados\ColegaTeste\ProjetoTesteAssets\UniversalRenderPipelineGlobalSettings.asset","bb86f1f0af829fd45b2ebddda1245c22"
"Assets\RecursosUnificados\ColegaTeste\UniversalRenderPipelineGlobalSettings.asset","bb86f1f0af829fd45b2ebddda1245c22"
"Assets\UniversalRenderPipelineGlobalSettings.asset","bb86f1f0af829fd45b2ebddda1245c22"
"Assets\Assets\UniversalRenderPipelineGlobalSettings.asset","bd9e8c758250ef449a4b4bfaad7a2133"
"Assets\RecursosUnificados\BranchPedrao\Assets\UniversalRenderPipelineGlobalSettings.asset","bd9e8c758250ef449a4b4bfaad7a2133"
"Assets\RecursosUnificados\BranchPedrao\UniversalRenderPipelineGlobalSettings.asset","bd9e8c758250ef449a4b4bfaad7a2133"
"Assets\RecursosUnificados\ChegaComJhon\UniversalRenderPipelineGlobalSettings.asset","bd9e8c758250ef449a4b4bfaad7a2133"
"Assets\RecursosUnificados\ColegaTeste\ProjetoTesteAssets\UniversalRenderPipelineGlobalSettings.asset","bd9e8c758250ef449a4b4bfaad7a2133"
"Assets\RecursosUnificados\ColegaTeste\UniversalRenderPipelineGlobalSettings.asset","bd9e8c758250ef449a4b4bfaad7a2133"
"Assets\UniversalRenderPipelineGlobalSettings.asset","bd9e8c758250ef449a4b4bfaad7a2133"
"Assets\RecursosUnificados\BranchPedrao\Settings\UniversalRP.asset","bf2edee5c58d82540a51f03df9d42094"
"Assets\RecursosUnificados\ChegaComJhon\Settings\UniversalRP.asset","bf2edee5c58d82540a51f03df9d42094"
"Assets\Settings\UniversalRP.asset","bf2edee5c58d82540a51f03df9d42094"
"Assets\Assets\UniversalRenderPipelineGlobalSettings.asset","bf54e6528c79a224e96346799064c393"
"Assets\RecursosUnificados\BranchPedrao\Assets\UniversalRenderPipelineGlobalSettings.asset","bf54e6528c79a224e96346799064c393"
"Assets\RecursosUnificados\BranchPedrao\UniversalRenderPipelineGlobalSettings.asset","bf54e6528c79a224e96346799064c393"
"Assets\RecursosUnificados\ChegaComJhon\UniversalRenderPipelineGlobalSettings.asset","bf54e6528c79a224e96346799064c393"
"Assets\RecursosUnificados\ColegaTeste\ProjetoTesteAssets\UniversalRenderPipelineGlobalSettings.asset","bf54e6528c79a224e96346799064c393"
"Assets\RecursosUnificados\ColegaTeste\UniversalRenderPipelineGlobalSettings.asset","bf54e6528c79a224e96346799064c393"
"Assets\UniversalRenderPipelineGlobalSettings.asset","bf54e6528c79a224e96346799064c393"
"Assets\RecursosUnificados\ColegaTeste\ProjetoTesteAssets\UniversalRenderPipelineGlobalSettings.asset","bfed3e498947fcb4890b7f40f54d85b9"
"Assets\RecursosUnificados\ColegaTeste\UniversalRenderPipelineGlobalSettings.asset","bfed3e498947fcb4890b7f40f54d85b9"
"Assets\Assets\DefaultVolumeProfile.asset","c01700fd266d6914ababb731e09af2eb"
"Assets\DefaultVolumeProfile.asset","c01700fd266d6914ababb731e09af2eb"
"Assets\RecursosUnificados\BranchPedrao\Assets\DefaultVolumeProfile.asset","c01700fd266d6914ababb731e09af2eb"
"Assets\RecursosUnificados\ChegaComJhon\DefaultVolumeProfile.asset","c01700fd266d6914ababb731e09af2eb"
"Assets\RecursosUnificados\ColegaTeste\DefaultVolumeProfile.asset","c01700fd266d6914ababb731e09af2eb"
"Assets\Assets\UniversalRenderPipelineGlobalSettings.asset","c06cc21c692f94f5fb5206247191eeee"
"Assets\RecursosUnificados\BranchPedrao\Assets\UniversalRenderPipelineGlobalSettings.asset","c06cc21c692f94f5fb5206247191eeee"
"Assets\RecursosUnificados\BranchPedrao\UniversalRenderPipelineGlobalSettings.asset","c06cc21c692f94f5fb5206247191eeee"
"Assets\RecursosUnificados\ChegaComJhon\UniversalRenderPipelineGlobalSettings.asset","c06cc21c692f94f5fb5206247191eeee"
"Assets\RecursosUnificados\ColegaTeste\ProjetoTesteAssets\UniversalRenderPipelineGlobalSettings.asset","c06cc21c692f94f5fb5206247191eeee"
"Assets\RecursosUnificados\ColegaTeste\UniversalRenderPipelineGlobalSettings.asset","c06cc21c692f94f5fb5206247191eeee"
"Assets\UniversalRenderPipelineGlobalSettings.asset","c06cc21c692f94f5fb5206247191eeee"
"Assets\Assets\UniversalRenderPipelineGlobalSettings.asset","c49e63ed1bbcb334780a3bd19dfed403"
"Assets\RecursosUnificados\BranchPedrao\Assets\UniversalRenderPipelineGlobalSettings.asset","c49e63ed1bbcb334780a3bd19dfed403"
"Assets\RecursosUnificados\BranchPedrao\UniversalRenderPipelineGlobalSettings.asset","c49e63ed1bbcb334780a3bd19dfed403"
"Assets\RecursosUnificados\ChegaComJhon\UniversalRenderPipelineGlobalSettings.asset","c49e63ed1bbcb334780a3bd19dfed403"
"Assets\RecursosUnificados\ColegaTeste\ProjetoTesteAssets\UniversalRenderPipelineGlobalSettings.asset","c49e63ed1bbcb334780a3bd19dfed403"
"Assets\RecursosUnificados\ColegaTeste\UniversalRenderPipelineGlobalSettings.asset","c49e63ed1bbcb334780a3bd19dfed403"
"Assets\UniversalRenderPipelineGlobalSettings.asset","c49e63ed1bbcb334780a3bd19dfed403"
"Assets\Assets\UniversalRenderPipelineGlobalSettings.asset","c56b7e0d4c7cb484e959caeeedae9bbf"
"Assets\RecursosUnificados\BranchPedrao\Assets\UniversalRenderPipelineGlobalSettings.asset","c56b7e0d4c7cb484e959caeeedae9bbf"
"Assets\RecursosUnificados\BranchPedrao\UniversalRenderPipelineGlobalSettings.asset","c56b7e0d4c7cb484e959caeeedae9bbf"
"Assets\RecursosUnificados\ChegaComJhon\UniversalRenderPipelineGlobalSettings.asset","c56b7e0d4c7cb484e959caeeedae9bbf"
"Assets\RecursosUnificados\ColegaTeste\ProjetoTesteAssets\UniversalRenderPipelineGlobalSettings.asset","c56b7e0d4c7cb484e959caeeedae9bbf"
"Assets\RecursosUnificados\ColegaTeste\UniversalRenderPipelineGlobalSettings.asset","c56b7e0d4c7cb484e959caeeedae9bbf"
"Assets\UniversalRenderPipelineGlobalSettings.asset","c56b7e0d4c7cb484e959caeeedae9bbf"
"Assets\Assets\DefaultVolumeProfile.asset","c5e1dc532bcb41949b58bc4f2abfbb7e"
"Assets\DefaultVolumeProfile.asset","c5e1dc532bcb41949b58bc4f2abfbb7e"
"Assets\RecursosUnificados\BranchPedrao\Assets\DefaultVolumeProfile.asset","c5e1dc532bcb41949b58bc4f2abfbb7e"
"Assets\RecursosUnificados\ChegaComJhon\DefaultVolumeProfile.asset","c5e1dc532bcb41949b58bc4f2abfbb7e"
"Assets\RecursosUnificados\ColegaTeste\DefaultVolumeProfile.asset","c5e1dc532bcb41949b58bc4f2abfbb7e"
"Assets\Assets\UniversalRenderPipelineGlobalSettings.asset","c8b6a681c7b4e2e4785ffab093907f9e"
"Assets\RecursosUnificados\BranchPedrao\Assets\UniversalRenderPipelineGlobalSettings.asset","c8b6a681c7b4e2e4785ffab093907f9e"
"Assets\RecursosUnificados\BranchPedrao\UniversalRenderPipelineGlobalSettings.asset","c8b6a681c7b4e2e4785ffab093907f9e"
"Assets\RecursosUnificados\ChegaComJhon\UniversalRenderPipelineGlobalSettings.asset","c8b6a681c7b4e2e4785ffab093907f9e"
"Assets\RecursosUnificados\ColegaTeste\ProjetoTesteAssets\UniversalRenderPipelineGlobalSettings.asset","c8b6a681c7b4e2e4785ffab093907f9e"
"Assets\RecursosUnificados\ColegaTeste\UniversalRenderPipelineGlobalSettings.asset","c8b6a681c7b4e2e4785ffab093907f9e"
"Assets\UniversalRenderPipelineGlobalSettings.asset","c8b6a681c7b4e2e4785ffab093907f9e"
"Assets\RecursosUnificados\ColegaTeste\ProjetoTesteAssets\UniversalRenderPipelineGlobalSettings.asset","c94ad916058dff743b0f1c969ddbe660"
"Assets\RecursosUnificados\ColegaTeste\UniversalRenderPipelineGlobalSettings.asset","c94ad916058dff743b0f1c969ddbe660"
"Assets\RecursosUnificados\ColegaTeste\ProjetoTesteAssets\UniversalRenderPipelineGlobalSettings.asset","c989e1ed85cf7154caa922fec53e6af6"
"Assets\RecursosUnificados\ColegaTeste\UniversalRenderPipelineGlobalSettings.asset","c989e1ed85cf7154caa922fec53e6af6"
"Assets\RecursosUnificados\ColegaTeste\ProjetoTesteAssets\UniversalRenderPipelineGlobalSettings.asset","c9bd74624d8070f429e3f46d161f9204"
"Assets\RecursosUnificados\ColegaTeste\UniversalRenderPipelineGlobalSettings.asset","c9bd74624d8070f429e3f46d161f9204"
"Assets\RecursosUnificados\ChegaComJhon\Scenes\CenaDoCT.unity","ca9f5fa95ffab41fb9a615ab714db018"
"Assets\RecursosUnificados\ChegaComJhon\Scenes\CenaDoCT.unity","ca9f5fa95ffab41fb9a615ab714db018"
"Assets\RecursosUnificados\ChegaComJhon\Scenes\CenaDoCT.unity","ca9f5fa95ffab41fb9a615ab714db018"
"Assets\RecursosUnificados\ChegaComJhon\Scenes\CenaDoCT.unity","ca9f5fa95ffab41fb9a615ab714db018"
"Assets\RecursosUnificados\ChegaComJhon\Scenes\CenaDoCT.unity","ca9f5fa95ffab41fb9a615ab714db018"
"Assets\RecursosUnificados\ChegaComJhon\Scenes\CenaDoCT.unity","ca9f5fa95ffab41fb9a615ab714db018"
"Assets\RecursosUnificados\ChegaComJhon\Scenes\CenaDoCT.unity","ca9f5fa95ffab41fb9a615ab714db018"
"Assets\RecursosUnificados\ChegaComJhon\Scenes\CenaDoCT.unity","ca9f5fa95ffab41fb9a615ab714db018"
"Assets\RecursosUnificados\ChegaComJhon\Scenes\CenaDoCT.unity","ca9f5fa95ffab41fb9a615ab714db018"
"Assets\RecursosUnificados\ChegaComJhon\Scenes\CenaDoCT.unity","ca9f5fa95ffab41fb9a615ab714db018"
"Assets\RecursosUnificados\ChegaComJhon\Scenes\CenaDoCT.unity","ca9f5fa95ffab41fb9a615ab714db018"
"Assets\RecursosUnificados\ChegaComJhon\Scenes\ServerHub.unity","ca9f5fa95ffab41fb9a615ab714db018"
"Assets\RecursosUnificados\ChegaComJhon\Scenes\ServerHub.unity","ca9f5fa95ffab41fb9a615ab714db018"
"Assets\RecursosUnificados\ChegaComJhon\Scenes\ServerHub.unity","ca9f5fa95ffab41fb9a615ab714db018"
"Assets\RecursosUnificados\ChegaComJhon\Scenes\ServerHub.unity","ca9f5fa95ffab41fb9a615ab714db018"
"Assets\RecursosUnificados\ChegaComJhon\Scenes\ServerHub.unity","ca9f5fa95ffab41fb9a615ab714db018"
"Assets\RecursosUnificados\ChegaComJhon\Scenes\ServerHub.unity","ca9f5fa95ffab41fb9a615ab714db018"
"Assets\RecursosUnificados\ChegaComJhon\Scenes\ServerHub.unity","ca9f5fa95ffab41fb9a615ab714db018"
"Assets\RecursosUnificados\ChegaComJhon\Scenes\ServerHub.unity","ca9f5fa95ffab41fb9a615ab714db018"
"Assets\RecursosUnificados\ChegaComJhon\Scenes\ServerHub.unity","ca9f5fa95ffab41fb9a615ab714db018"
"Assets\RecursosUnificados\ChegaComJhon\Scenes\ServerHub.unity","ca9f5fa95ffab41fb9a615ab714db018"
"Assets\RecursosUnificados\ChegaComJhon\Scenes\ServerHub.unity","ca9f5fa95ffab41fb9a615ab714db018"
"Assets\Scenes\CenaDoCT.unity","ca9f5fa95ffab41fb9a615ab714db018"
"Assets\Scenes\CenaDoCT.unity","ca9f5fa95ffab41fb9a615ab714db018"
"Assets\Scenes\CenaDoCT.unity","ca9f5fa95ffab41fb9a615ab714db018"
"Assets\Scenes\CenaDoCT.unity","ca9f5fa95ffab41fb9a615ab714db018"
"Assets\Scenes\CenaDoCT.unity","ca9f5fa95ffab41fb9a615ab714db018"
"Assets\Scenes\CenaDoCT.unity","ca9f5fa95ffab41fb9a615ab714db018"
"Assets\Scenes\CenaDoCT.unity","ca9f5fa95ffab41fb9a615ab714db018"
"Assets\Scenes\CenaDoCT.unity","ca9f5fa95ffab41fb9a615ab714db018"
"Assets\Scenes\CenaDoCT.unity","ca9f5fa95ffab41fb9a615ab714db018"
"Assets\Scenes\CenaDoCT.unity","ca9f5fa95ffab41fb9a615ab714db018"
"Assets\Scenes\CenaDoCT.unity","ca9f5fa95ffab41fb9a615ab714db018"
"Assets\Scenes\ServerHub.unity","ca9f5fa95ffab41fb9a615ab714db018"
"Assets\Scenes\ServerHub.unity","ca9f5fa95ffab41fb9a615ab714db018"
"Assets\Scenes\ServerHub.unity","ca9f5fa95ffab41fb9a615ab714db018"
"Assets\Scenes\ServerHub.unity","ca9f5fa95ffab41fb9a615ab714db018"
"Assets\Scenes\ServerHub.unity","ca9f5fa95ffab41fb9a615ab714db018"
"Assets\Scenes\ServerHub.unity","ca9f5fa95ffab41fb9a615ab714db018"
"Assets\Scenes\ServerHub.unity","ca9f5fa95ffab41fb9a615ab714db018"
"Assets\Scenes\ServerHub.unity","ca9f5fa95ffab41fb9a615ab714db018"
"Assets\Scenes\ServerHub.unity","ca9f5fa95ffab41fb9a615ab714db018"
"Assets\Scenes\ServerHub.unity","ca9f5fa95ffab41fb9a615ab714db018"
"Assets\Scenes\ServerHub.unity","ca9f5fa95ffab41fb9a615ab714db018"
"Assets\Assets\UniversalRenderPipelineGlobalSettings.asset","cacb30de6c40c7444bbc78cb0a81fd2a"
"Assets\RecursosUnificados\BranchPedrao\Assets\UniversalRenderPipelineGlobalSettings.asset","cacb30de6c40c7444bbc78cb0a81fd2a"
"Assets\RecursosUnificados\BranchPedrao\UniversalRenderPipelineGlobalSettings.asset","cacb30de6c40c7444bbc78cb0a81fd2a"
"Assets\RecursosUnificados\ChegaComJhon\UniversalRenderPipelineGlobalSettings.asset","cacb30de6c40c7444bbc78cb0a81fd2a"
"Assets\RecursosUnificados\ColegaTeste\ProjetoTesteAssets\UniversalRenderPipelineGlobalSettings.asset","cacb30de6c40c7444bbc78cb0a81fd2a"
"Assets\RecursosUnificados\ColegaTeste\UniversalRenderPipelineGlobalSettings.asset","cacb30de6c40c7444bbc78cb0a81fd2a"
"Assets\UniversalRenderPipelineGlobalSettings.asset","cacb30de6c40c7444bbc78cb0a81fd2a"
"Assets\Assets\UniversalRenderPipelineGlobalSettings.asset","cb76dd40fa7654f9587f6a344f125c9a"
"Assets\RecursosUnificados\BranchPedrao\Assets\UniversalRenderPipelineGlobalSettings.asset","cb76dd40fa7654f9587f6a344f125c9a"
"Assets\RecursosUnificados\BranchPedrao\UniversalRenderPipelineGlobalSettings.asset","cb76dd40fa7654f9587f6a344f125c9a"
"Assets\RecursosUnificados\ChegaComJhon\UniversalRenderPipelineGlobalSettings.asset","cb76dd40fa7654f9587f6a344f125c9a"
"Assets\RecursosUnificados\ColegaTeste\ProjetoTesteAssets\UniversalRenderPipelineGlobalSettings.asset","cb76dd40fa7654f9587f6a344f125c9a"
"Assets\RecursosUnificados\ColegaTeste\UniversalRenderPipelineGlobalSettings.asset","cb76dd40fa7654f9587f6a344f125c9a"
"Assets\UniversalRenderPipelineGlobalSettings.asset","cb76dd40fa7654f9587f6a344f125c9a"
"Assets\Assets\UniversalRenderPipelineGlobalSettings.asset","cbd3e1cc4ae141c42a30e33b4d666a61"
"Assets\RecursosUnificados\BranchPedrao\Assets\UniversalRenderPipelineGlobalSettings.asset","cbd3e1cc4ae141c42a30e33b4d666a61"
"Assets\RecursosUnificados\BranchPedrao\UniversalRenderPipelineGlobalSettings.asset","cbd3e1cc4ae141c42a30e33b4d666a61"
"Assets\RecursosUnificados\ChegaComJhon\UniversalRenderPipelineGlobalSettings.asset","cbd3e1cc4ae141c42a30e33b4d666a61"
"Assets\RecursosUnificados\ColegaTeste\ProjetoTesteAssets\UniversalRenderPipelineGlobalSettings.asset","cbd3e1cc4ae141c42a30e33b4d666a61"
"Assets\RecursosUnificados\ColegaTeste\UniversalRenderPipelineGlobalSettings.asset","cbd3e1cc4ae141c42a30e33b4d666a61"
"Assets\UniversalRenderPipelineGlobalSettings.asset","cbd3e1cc4ae141c42a30e33b4d666a61"
"Assets\Assets\DefaultVolumeProfile.asset","ccf1aba9553839d41ae37dd52e9ebcce"
"Assets\DefaultVolumeProfile.asset","ccf1aba9553839d41ae37dd52e9ebcce"
"Assets\RecursosUnificados\BranchPedrao\Assets\DefaultVolumeProfile.asset","ccf1aba9553839d41ae37dd52e9ebcce"
"Assets\RecursosUnificados\ChegaComJhon\DefaultVolumeProfile.asset","ccf1aba9553839d41ae37dd52e9ebcce"
"Assets\RecursosUnificados\ColegaTeste\DefaultVolumeProfile.asset","ccf1aba9553839d41ae37dd52e9ebcce"
"Assets\Assets\DefaultVolumeProfile.asset","cdfbdbb87d3286943a057f7791b43141"
"Assets\DefaultVolumeProfile.asset","cdfbdbb87d3286943a057f7791b43141"
"Assets\RecursosUnificados\BranchPedrao\Assets\DefaultVolumeProfile.asset","cdfbdbb87d3286943a057f7791b43141"
"Assets\RecursosUnificados\ChegaComJhon\DefaultVolumeProfile.asset","cdfbdbb87d3286943a057f7791b43141"
"Assets\RecursosUnificados\ColegaTeste\DefaultVolumeProfile.asset","cdfbdbb87d3286943a057f7791b43141"
"Assets\Assets\UniversalRenderPipelineGlobalSettings.asset","ce09d4a80b88c5a4eb9768fab4f1ee00"
"Assets\RecursosUnificados\BranchPedrao\Assets\UniversalRenderPipelineGlobalSettings.asset","ce09d4a80b88c5a4eb9768fab4f1ee00"
"Assets\RecursosUnificados\BranchPedrao\Settings\Renderer2D.asset","ce09d4a80b88c5a4eb9768fab4f1ee00"
"Assets\RecursosUnificados\BranchPedrao\UniversalRenderPipelineGlobalSettings.asset","ce09d4a80b88c5a4eb9768fab4f1ee00"
"Assets\RecursosUnificados\ChegaComJhon\UniversalRenderPipelineGlobalSettings.asset","ce09d4a80b88c5a4eb9768fab4f1ee00"
"Assets\RecursosUnificados\ColegaTeste\ProjetoPlayerJhonas\Settings\Renderer2D.asset","ce09d4a80b88c5a4eb9768fab4f1ee00"
"Assets\RecursosUnificados\ColegaTeste\ProjetoTesteAssets\UniversalRenderPipelineGlobalSettings.asset","ce09d4a80b88c5a4eb9768fab4f1ee00"
"Assets\RecursosUnificados\ColegaTeste\UniversalRenderPipelineGlobalSettings.asset","ce09d4a80b88c5a4eb9768fab4f1ee00"
"Assets\Settings\Renderer2D.asset","ce09d4a80b88c5a4eb9768fab4f1ee00"
"Assets\UniversalRenderPipelineGlobalSettings.asset","ce09d4a80b88c5a4eb9768fab4f1ee00"
"Assets\Assets\UniversalRenderPipelineGlobalSettings.asset","cf852408f2e174538bcd9b7fda1c5ae7"
"Assets\RecursosUnificados\BranchPedrao\Assets\UniversalRenderPipelineGlobalSettings.asset","cf852408f2e174538bcd9b7fda1c5ae7"
"Assets\RecursosUnificados\BranchPedrao\Settings\Renderer2D.asset","cf852408f2e174538bcd9b7fda1c5ae7"
"Assets\RecursosUnificados\BranchPedrao\UniversalRenderPipelineGlobalSettings.asset","cf852408f2e174538bcd9b7fda1c5ae7"
"Assets\RecursosUnificados\ChegaComJhon\UniversalRenderPipelineGlobalSettings.asset","cf852408f2e174538bcd9b7fda1c5ae7"
"Assets\RecursosUnificados\ColegaTeste\ProjetoPlayerJhonas\Settings\Renderer2D.asset","cf852408f2e174538bcd9b7fda1c5ae7"
"Assets\RecursosUnificados\ColegaTeste\ProjetoTesteAssets\UniversalRenderPipelineGlobalSettings.asset","cf852408f2e174538bcd9b7fda1c5ae7"
"Assets\RecursosUnificados\ColegaTeste\UniversalRenderPipelineGlobalSettings.asset","cf852408f2e174538bcd9b7fda1c5ae7"
"Assets\Settings\Renderer2D.asset","cf852408f2e174538bcd9b7fda1c5ae7"
"Assets\UniversalRenderPipelineGlobalSettings.asset","cf852408f2e174538bcd9b7fda1c5ae7"
"Assets\Assets\UniversalRenderPipelineGlobalSettings.asset","d104b2fc1ca6445babb8e90b0758136b"
"Assets\RecursosUnificados\BranchPedrao\Assets\UniversalRenderPipelineGlobalSettings.asset","d104b2fc1ca6445babb8e90b0758136b"
"Assets\RecursosUnificados\BranchPedrao\Settings\Renderer2D.asset","d104b2fc1ca6445babb8e90b0758136b"
"Assets\RecursosUnificados\BranchPedrao\UniversalRenderPipelineGlobalSettings.asset","d104b2fc1ca6445babb8e90b0758136b"
"Assets\RecursosUnificados\ChegaComJhon\UniversalRenderPipelineGlobalSettings.asset","d104b2fc1ca6445babb8e90b0758136b"
"Assets\RecursosUnificados\ColegaTeste\ProjetoPlayerJhonas\Settings\Renderer2D.asset","d104b2fc1ca6445babb8e90b0758136b"
"Assets\RecursosUnificados\ColegaTeste\ProjetoTesteAssets\UniversalRenderPipelineGlobalSettings.asset","d104b2fc1ca6445babb8e90b0758136b"
"Assets\RecursosUnificados\ColegaTeste\UniversalRenderPipelineGlobalSettings.asset","d104b2fc1ca6445babb8e90b0758136b"
"Assets\Settings\Renderer2D.asset","d104b2fc1ca6445babb8e90b0758136b"
"Assets\UniversalRenderPipelineGlobalSettings.asset","d104b2fc1ca6445babb8e90b0758136b"
"Assets\RecursosUnificados\ColegaTeste\ProjetoTesteAssets\UniversalRenderPipelineGlobalSettings.asset","d18a24d7b4ed50f4387993566d9d3ae2"
"Assets\RecursosUnificados\ColegaTeste\UniversalRenderPipelineGlobalSettings.asset","d18a24d7b4ed50f4387993566d9d3ae2"
"Assets\Assets\UniversalRenderPipelineGlobalSettings.asset","d1f1048909d55cd4fa1126ab998f617e"
"Assets\RecursosUnificados\BranchPedrao\Assets\UniversalRenderPipelineGlobalSettings.asset","d1f1048909d55cd4fa1126ab998f617e"
"Assets\RecursosUnificados\BranchPedrao\UniversalRenderPipelineGlobalSettings.asset","d1f1048909d55cd4fa1126ab998f617e"
"Assets\RecursosUnificados\ChegaComJhon\UniversalRenderPipelineGlobalSettings.asset","d1f1048909d55cd4fa1126ab998f617e"
"Assets\RecursosUnificados\ColegaTeste\ProjetoTesteAssets\UniversalRenderPipelineGlobalSettings.asset","d1f1048909d55cd4fa1126ab998f617e"
"Assets\RecursosUnificados\ColegaTeste\UniversalRenderPipelineGlobalSettings.asset","d1f1048909d55cd4fa1126ab998f617e"
"Assets\UniversalRenderPipelineGlobalSettings.asset","d1f1048909d55cd4fa1126ab998f617e"
"Assets\RecursosUnificados\ColegaTeste\ProjetoTesteAssets\UniversalRenderPipelineGlobalSettings.asset","d36f0fe53425e08499a2333cf423634c"
"Assets\RecursosUnificados\ColegaTeste\UniversalRenderPipelineGlobalSettings.asset","d36f0fe53425e08499a2333cf423634c"
"Assets\Assets\UniversalRenderPipelineGlobalSettings.asset","d3f0849180c2d0944bc71060693df100"
"Assets\RecursosUnificados\BranchPedrao\Assets\UniversalRenderPipelineGlobalSettings.asset","d3f0849180c2d0944bc71060693df100"
"Assets\RecursosUnificados\BranchPedrao\UniversalRenderPipelineGlobalSettings.asset","d3f0849180c2d0944bc71060693df100"
"Assets\RecursosUnificados\ChegaComJhon\UniversalRenderPipelineGlobalSettings.asset","d3f0849180c2d0944bc71060693df100"
"Assets\RecursosUnificados\ColegaTeste\ProjetoTesteAssets\UniversalRenderPipelineGlobalSettings.asset","d3f0849180c2d0944bc71060693df100"
"Assets\RecursosUnificados\ColegaTeste\UniversalRenderPipelineGlobalSettings.asset","d3f0849180c2d0944bc71060693df100"
"Assets\UniversalRenderPipelineGlobalSettings.asset","d3f0849180c2d0944bc71060693df100"
"Assets\RecursosUnificados\ColegaTeste\ProjetoTesteAssets\UniversalRenderPipelineGlobalSettings.asset","d4044ea2490d63b43aa1765f8efbf8a9"
"Assets\RecursosUnificados\ColegaTeste\UniversalRenderPipelineGlobalSettings.asset","d4044ea2490d63b43aa1765f8efbf8a9"
"Assets\RecursosUnificados\ColegaTeste\ProjetoTesteAssets\UniversalRenderPipelineGlobalSettings.asset","d50c5e07c9911a74982bddf7f3075e7b"
"Assets\RecursosUnificados\ColegaTeste\UniversalRenderPipelineGlobalSettings.asset","d50c5e07c9911a74982bddf7f3075e7b"
"Assets\RecursosUnificados\ColegaTeste\ProjetoTesteAssets\UniversalRenderPipelineGlobalSettings.asset","d512512f4af60a442ab3458489412954"
"Assets\RecursosUnificados\ColegaTeste\UniversalRenderPipelineGlobalSettings.asset","d512512f4af60a442ab3458489412954"
"Assets\Assets\UniversalRenderPipelineGlobalSettings.asset","d5a307c014552314b9f560906d708772"
"Assets\RecursosUnificados\BranchPedrao\Assets\UniversalRenderPipelineGlobalSettings.asset","d5a307c014552314b9f560906d708772"
"Assets\RecursosUnificados\BranchPedrao\UniversalRenderPipelineGlobalSettings.asset","d5a307c014552314b9f560906d708772"
"Assets\RecursosUnificados\ChegaComJhon\UniversalRenderPipelineGlobalSettings.asset","d5a307c014552314b9f560906d708772"
"Assets\RecursosUnificados\ColegaTeste\ProjetoTesteAssets\UniversalRenderPipelineGlobalSettings.asset","d5a307c014552314b9f560906d708772"
"Assets\RecursosUnificados\ColegaTeste\UniversalRenderPipelineGlobalSettings.asset","d5a307c014552314b9f560906d708772"
"Assets\UniversalRenderPipelineGlobalSettings.asset","d5a307c014552314b9f560906d708772"
"Assets\Jogador.prefab","d5a57f767e5e46a458fc5d3c628d0cbb"
"Assets\RecursosUnificados\ChegaComJhon\Jogador.prefab","d5a57f767e5e46a458fc5d3c628d0cbb"
"Assets\RecursosUnificados\ColegaTeste\ProjetoTesteAssets\UniversalRenderPipelineGlobalSettings.asset","d5c9b274310e5524ebe32a4e4da3df1f"
"Assets\RecursosUnificados\ColegaTeste\UniversalRenderPipelineGlobalSettings.asset","d5c9b274310e5524ebe32a4e4da3df1f"
"Assets\Assets\UniversalRenderPipelineGlobalSettings.asset","d6dae50ee9e1bfa4db75f19f99355220"
"Assets\Assets\UniversalRenderPipelineGlobalSettings.asset","d6dae50ee9e1bfa4db75f19f99355220"
"Assets\RecursosUnificados\BranchPedrao\Assets\UniversalRenderPipelineGlobalSettings.asset","d6dae50ee9e1bfa4db75f19f99355220"
"Assets\RecursosUnificados\BranchPedrao\Assets\UniversalRenderPipelineGlobalSettings.asset","d6dae50ee9e1bfa4db75f19f99355220"
"Assets\RecursosUnificados\BranchPedrao\UniversalRenderPipelineGlobalSettings.asset","d6dae50ee9e1bfa4db75f19f99355220"
"Assets\RecursosUnificados\BranchPedrao\UniversalRenderPipelineGlobalSettings.asset","d6dae50ee9e1bfa4db75f19f99355220"
"Assets\RecursosUnificados\ChegaComJhon\UniversalRenderPipelineGlobalSettings.asset","d6dae50ee9e1bfa4db75f19f99355220"
"Assets\RecursosUnificados\ChegaComJhon\UniversalRenderPipelineGlobalSettings.asset","d6dae50ee9e1bfa4db75f19f99355220"
"Assets\RecursosUnificados\ColegaTeste\ProjetoTesteAssets\UniversalRenderPipelineGlobalSettings.asset","d6dae50ee9e1bfa4db75f19f99355220"
"Assets\RecursosUnificados\ColegaTeste\ProjetoTesteAssets\UniversalRenderPipelineGlobalSettings.asset","d6dae50ee9e1bfa4db75f19f99355220"
"Assets\RecursosUnificados\ColegaTeste\UniversalRenderPipelineGlobalSettings.asset","d6dae50ee9e1bfa4db75f19f99355220"
"Assets\RecursosUnificados\ColegaTeste\UniversalRenderPipelineGlobalSettings.asset","d6dae50ee9e1bfa4db75f19f99355220"
"Assets\UniversalRenderPipelineGlobalSettings.asset","d6dae50ee9e1bfa4db75f19f99355220"
"Assets\UniversalRenderPipelineGlobalSettings.asset","d6dae50ee9e1bfa4db75f19f99355220"
"Assets\Assets\DefaultVolumeProfile.asset","d7fd9488000d3734a9e00ee676215985"
"Assets\DefaultVolumeProfile.asset","d7fd9488000d3734a9e00ee676215985"
"Assets\RecursosUnificados\BranchPedrao\Assets\DefaultVolumeProfile.asset","d7fd9488000d3734a9e00ee676215985"
"Assets\RecursosUnificados\ChegaComJhon\DefaultVolumeProfile.asset","d7fd9488000d3734a9e00ee676215985"
"Assets\RecursosUnificados\ColegaTeste\DefaultVolumeProfile.asset","d7fd9488000d3734a9e00ee676215985"
"Assets\Assets\UniversalRenderPipelineGlobalSettings.asset","db8bd7436dc2c5f4c92655307d198381"
"Assets\RecursosUnificados\BranchPedrao\Assets\UniversalRenderPipelineGlobalSettings.asset","db8bd7436dc2c5f4c92655307d198381"
"Assets\RecursosUnificados\BranchPedrao\UniversalRenderPipelineGlobalSettings.asset","db8bd7436dc2c5f4c92655307d198381"
"Assets\RecursosUnificados\ChegaComJhon\UniversalRenderPipelineGlobalSettings.asset","db8bd7436dc2c5f4c92655307d198381"
"Assets\RecursosUnificados\ColegaTeste\ProjetoTesteAssets\UniversalRenderPipelineGlobalSettings.asset","db8bd7436dc2c5f4c92655307d198381"
"Assets\RecursosUnificados\ColegaTeste\UniversalRenderPipelineGlobalSettings.asset","db8bd7436dc2c5f4c92655307d198381"
"Assets\UniversalRenderPipelineGlobalSettings.asset","db8bd7436dc2c5f4c92655307d198381"
"Assets\_Recovery\0 (5).unity","dc42784cf147c0c48a680349fa168899"
"Assets\_Recovery\0 (5).unity","dc42784cf147c0c48a680349fa168899"
"Assets\_Recovery\0 (5).unity","dc42784cf147c0c48a680349fa168899"
"Assets\RecursosUnificados\ChegaComJhon\_Recovery\0 (5).unity","dc42784cf147c0c48a680349fa168899"
"Assets\RecursosUnificados\ChegaComJhon\_Recovery\0 (5).unity","dc42784cf147c0c48a680349fa168899"
"Assets\RecursosUnificados\ChegaComJhon\_Recovery\0 (5).unity","dc42784cf147c0c48a680349fa168899"
"Assets\RecursosUnificados\ChegaComJhon\Scenes\ServerHub.unity","dc42784cf147c0c48a680349fa168899"
"Assets\RecursosUnificados\ChegaComJhon\Scenes\ServerHub.unity","dc42784cf147c0c48a680349fa168899"
"Assets\RecursosUnificados\ChegaComJhon\Scenes\ServerHub.unity","dc42784cf147c0c48a680349fa168899"
"Assets\Scenes\ServerHub.unity","dc42784cf147c0c48a680349fa168899"
"Assets\Scenes\ServerHub.unity","dc42784cf147c0c48a680349fa168899"
"Assets\Scenes\ServerHub.unity","dc42784cf147c0c48a680349fa168899"
"Assets\Assets\UniversalRenderPipelineGlobalSettings.asset","dd77ffd079630404e879388999033049"
"Assets\RecursosUnificados\BranchPedrao\Assets\UniversalRenderPipelineGlobalSettings.asset","dd77ffd079630404e879388999033049"
"Assets\RecursosUnificados\BranchPedrao\UniversalRenderPipelineGlobalSettings.asset","dd77ffd079630404e879388999033049"
"Assets\RecursosUnificados\ChegaComJhon\UniversalRenderPipelineGlobalSettings.asset","dd77ffd079630404e879388999033049"
"Assets\RecursosUnificados\ColegaTeste\ProjetoTesteAssets\UniversalRenderPipelineGlobalSettings.asset","dd77ffd079630404e879388999033049"
"Assets\RecursosUnificados\ColegaTeste\UniversalRenderPipelineGlobalSettings.asset","dd77ffd079630404e879388999033049"
"Assets\UniversalRenderPipelineGlobalSettings.asset","dd77ffd079630404e879388999033049"
"Assets\Assets\UniversalRenderPipelineGlobalSettings.asset","de02b375720b5c445afe83cd483bedf3"
"Assets\RecursosUnificados\BranchPedrao\Assets\UniversalRenderPipelineGlobalSettings.asset","de02b375720b5c445afe83cd483bedf3"
"Assets\RecursosUnificados\BranchPedrao\Settings\Renderer2D.asset","de02b375720b5c445afe83cd483bedf3"
"Assets\RecursosUnificados\BranchPedrao\UniversalRenderPipelineGlobalSettings.asset","de02b375720b5c445afe83cd483bedf3"
"Assets\RecursosUnificados\ChegaComJhon\UniversalRenderPipelineGlobalSettings.asset","de02b375720b5c445afe83cd483bedf3"
"Assets\RecursosUnificados\ColegaTeste\ProjetoPlayerJhonas\Settings\Renderer2D.asset","de02b375720b5c445afe83cd483bedf3"
"Assets\RecursosUnificados\ColegaTeste\ProjetoTesteAssets\UniversalRenderPipelineGlobalSettings.asset","de02b375720b5c445afe83cd483bedf3"
"Assets\RecursosUnificados\ColegaTeste\UniversalRenderPipelineGlobalSettings.asset","de02b375720b5c445afe83cd483bedf3"
"Assets\Settings\Renderer2D.asset","de02b375720b5c445afe83cd483bedf3"
"Assets\UniversalRenderPipelineGlobalSettings.asset","de02b375720b5c445afe83cd483bedf3"
"Assets\Assets\DefaultVolumeProfile.asset","e021b4c809a781e468c2988c016ebbea"
"Assets\DefaultVolumeProfile.asset","e021b4c809a781e468c2988c016ebbea"
"Assets\RecursosUnificados\BranchPedrao\Assets\DefaultVolumeProfile.asset","e021b4c809a781e468c2988c016ebbea"
"Assets\RecursosUnificados\ChegaComJhon\DefaultVolumeProfile.asset","e021b4c809a781e468c2988c016ebbea"
"Assets\RecursosUnificados\ColegaTeste\DefaultVolumeProfile.asset","e021b4c809a781e468c2988c016ebbea"
"Assets\Assets\UniversalRenderPipelineGlobalSettings.asset","e32226222ff144b24bf3a5a451de54bc"
"Assets\RecursosUnificados\BranchPedrao\Assets\UniversalRenderPipelineGlobalSettings.asset","e32226222ff144b24bf3a5a451de54bc"
"Assets\RecursosUnificados\BranchPedrao\UniversalRenderPipelineGlobalSettings.asset","e32226222ff144b24bf3a5a451de54bc"
"Assets\RecursosUnificados\ChegaComJhon\UniversalRenderPipelineGlobalSettings.asset","e32226222ff144b24bf3a5a451de54bc"
"Assets\RecursosUnificados\ColegaTeste\ProjetoTesteAssets\UniversalRenderPipelineGlobalSettings.asset","e32226222ff144b24bf3a5a451de54bc"
"Assets\RecursosUnificados\ColegaTeste\UniversalRenderPipelineGlobalSettings.asset","e32226222ff144b24bf3a5a451de54bc"
"Assets\UniversalRenderPipelineGlobalSettings.asset","e32226222ff144b24bf3a5a451de54bc"
"Assets\Assets\UniversalRenderPipelineGlobalSettings.asset","e3d24661c1e055f45a7560c033dbb837"
"Assets\RecursosUnificados\BranchPedrao\Assets\UniversalRenderPipelineGlobalSettings.asset","e3d24661c1e055f45a7560c033dbb837"
"Assets\RecursosUnificados\BranchPedrao\Settings\UniversalRP.asset","e3d24661c1e055f45a7560c033dbb837"
"Assets\RecursosUnificados\BranchPedrao\UniversalRenderPipelineGlobalSettings.asset","e3d24661c1e055f45a7560c033dbb837"
"Assets\RecursosUnificados\ChegaComJhon\Settings\UniversalRP.asset","e3d24661c1e055f45a7560c033dbb837"
"Assets\RecursosUnificados\ChegaComJhon\UniversalRenderPipelineGlobalSettings.asset","e3d24661c1e055f45a7560c033dbb837"
"Assets\RecursosUnificados\ColegaTeste\ProjetoTesteAssets\UniversalRenderPipelineGlobalSettings.asset","e3d24661c1e055f45a7560c033dbb837"
"Assets\RecursosUnificados\ColegaTeste\UniversalRenderPipelineGlobalSettings.asset","e3d24661c1e055f45a7560c033dbb837"
"Assets\Settings\UniversalRP.asset","e3d24661c1e055f45a7560c033dbb837"
"Assets\UniversalRenderPipelineGlobalSettings.asset","e3d24661c1e055f45a7560c033dbb837"
"Assets\Assets\UniversalRenderPipelineGlobalSettings.asset","e507fdfead5ca47e8b9a768b51c291a1"
"Assets\RecursosUnificados\BranchPedrao\Assets\UniversalRenderPipelineGlobalSettings.asset","e507fdfead5ca47e8b9a768b51c291a1"
"Assets\RecursosUnificados\BranchPedrao\UniversalRenderPipelineGlobalSettings.asset","e507fdfead5ca47e8b9a768b51c291a1"
"Assets\RecursosUnificados\ChegaComJhon\UniversalRenderPipelineGlobalSettings.asset","e507fdfead5ca47e8b9a768b51c291a1"
"Assets\RecursosUnificados\ColegaTeste\ProjetoTesteAssets\UniversalRenderPipelineGlobalSettings.asset","e507fdfead5ca47e8b9a768b51c291a1"
"Assets\RecursosUnificados\ColegaTeste\UniversalRenderPipelineGlobalSettings.asset","e507fdfead5ca47e8b9a768b51c291a1"
"Assets\UniversalRenderPipelineGlobalSettings.asset","e507fdfead5ca47e8b9a768b51c291a1"
"Assets\RecursosUnificados\BranchPedrao\Settings\Renderer2D.asset","e5c6678ed2aaa91408dd3df699057aae"
"Assets\RecursosUnificados\ColegaTeste\ProjetoPlayerJhonas\Settings\Renderer2D.asset","e5c6678ed2aaa91408dd3df699057aae"
"Assets\Settings\Renderer2D.asset","e5c6678ed2aaa91408dd3df699057aae"
"Assets\RecursosUnificados\ColegaTeste\ProjetoTesteAssets\UniversalRenderPipelineGlobalSettings.asset","e63eef8f54aa9dc4da9a5ac094b503b5"
"Assets\RecursosUnificados\ColegaTeste\UniversalRenderPipelineGlobalSettings.asset","e63eef8f54aa9dc4da9a5ac094b503b5"
"Assets\DefaultNetworkPrefabs.asset","e651dbb3fbac04af2b8f5abf007ddc23"
"Assets\RecursosUnificados\ChegaComJhon\DefaultNetworkPrefabs.asset","e651dbb3fbac04af2b8f5abf007ddc23"
"Assets\Assets\UniversalRenderPipelineGlobalSettings.asset","e6e9a19c3678ded42a3bc431ebef7dbd"
"Assets\RecursosUnificados\BranchPedrao\Assets\UniversalRenderPipelineGlobalSettings.asset","e6e9a19c3678ded42a3bc431ebef7dbd"
"Assets\RecursosUnificados\BranchPedrao\Settings\Renderer2D.asset","e6e9a19c3678ded42a3bc431ebef7dbd"
"Assets\RecursosUnificados\BranchPedrao\UniversalRenderPipelineGlobalSettings.asset","e6e9a19c3678ded42a3bc431ebef7dbd"
"Assets\RecursosUnificados\ChegaComJhon\UniversalRenderPipelineGlobalSettings.asset","e6e9a19c3678ded42a3bc431ebef7dbd"
"Assets\RecursosUnificados\ColegaTeste\ProjetoPlayerJhonas\Settings\Renderer2D.asset","e6e9a19c3678ded42a3bc431ebef7dbd"
"Assets\RecursosUnificados\ColegaTeste\ProjetoTesteAssets\UniversalRenderPipelineGlobalSettings.asset","e6e9a19c3678ded42a3bc431ebef7dbd"
"Assets\RecursosUnificados\ColegaTeste\UniversalRenderPipelineGlobalSettings.asset","e6e9a19c3678ded42a3bc431ebef7dbd"
"Assets\Settings\Renderer2D.asset","e6e9a19c3678ded42a3bc431ebef7dbd"
"Assets\UniversalRenderPipelineGlobalSettings.asset","e6e9a19c3678ded42a3bc431ebef7dbd"
"Assets\Assets\UniversalRenderPipelineGlobalSettings.asset","e7857e9d0c934dc4f83f270f8447b006"
"Assets\RecursosUnificados\BranchPedrao\Assets\UniversalRenderPipelineGlobalSettings.asset","e7857e9d0c934dc4f83f270f8447b006"
"Assets\RecursosUnificados\BranchPedrao\UniversalRenderPipelineGlobalSettings.asset","e7857e9d0c934dc4f83f270f8447b006"
"Assets\RecursosUnificados\ChegaComJhon\UniversalRenderPipelineGlobalSettings.asset","e7857e9d0c934dc4f83f270f8447b006"
"Assets\RecursosUnificados\ColegaTeste\ProjetoTesteAssets\UniversalRenderPipelineGlobalSettings.asset","e7857e9d0c934dc4f83f270f8447b006"
"Assets\RecursosUnificados\ColegaTeste\UniversalRenderPipelineGlobalSettings.asset","e7857e9d0c934dc4f83f270f8447b006"
"Assets\UniversalRenderPipelineGlobalSettings.asset","e7857e9d0c934dc4f83f270f8447b006"
"Assets\Assets\UniversalRenderPipelineGlobalSettings.asset","e823cd5b5d27c0f4b8256e7c12ee3e6d"
"Assets\Assets\UniversalRenderPipelineGlobalSettings.asset","e823cd5b5d27c0f4b8256e7c12ee3e6d"
"Assets\RecursosUnificados\BranchPedrao\Assets\UniversalRenderPipelineGlobalSettings.asset","e823cd5b5d27c0f4b8256e7c12ee3e6d"
"Assets\RecursosUnificados\BranchPedrao\Assets\UniversalRenderPipelineGlobalSettings.asset","e823cd5b5d27c0f4b8256e7c12ee3e6d"
"Assets\RecursosUnificados\BranchPedrao\UniversalRenderPipelineGlobalSettings.asset","e823cd5b5d27c0f4b8256e7c12ee3e6d"
"Assets\RecursosUnificados\BranchPedrao\UniversalRenderPipelineGlobalSettings.asset","e823cd5b5d27c0f4b8256e7c12ee3e6d"
"Assets\RecursosUnificados\ChegaComJhon\UniversalRenderPipelineGlobalSettings.asset","e823cd5b5d27c0f4b8256e7c12ee3e6d"
"Assets\RecursosUnificados\ChegaComJhon\UniversalRenderPipelineGlobalSettings.asset","e823cd5b5d27c0f4b8256e7c12ee3e6d"
"Assets\RecursosUnificados\ColegaTeste\ProjetoTesteAssets\UniversalRenderPipelineGlobalSettings.asset","e823cd5b5d27c0f4b8256e7c12ee3e6d"
"Assets\RecursosUnificados\ColegaTeste\ProjetoTesteAssets\UniversalRenderPipelineGlobalSettings.asset","e823cd5b5d27c0f4b8256e7c12ee3e6d"
"Assets\RecursosUnificados\ColegaTeste\UniversalRenderPipelineGlobalSettings.asset","e823cd5b5d27c0f4b8256e7c12ee3e6d"
"Assets\RecursosUnificados\ColegaTeste\UniversalRenderPipelineGlobalSettings.asset","e823cd5b5d27c0f4b8256e7c12ee3e6d"
"Assets\UniversalRenderPipelineGlobalSettings.asset","e823cd5b5d27c0f4b8256e7c12ee3e6d"
"Assets\UniversalRenderPipelineGlobalSettings.asset","e823cd5b5d27c0f4b8256e7c12ee3e6d"
"Assets\Assets\UniversalRenderPipelineGlobalSettings.asset","e8ee25143a34b8c4388709ea947055d1"
"Assets\RecursosUnificados\BranchPedrao\Assets\UniversalRenderPipelineGlobalSettings.asset","e8ee25143a34b8c4388709ea947055d1"
"Assets\RecursosUnificados\BranchPedrao\UniversalRenderPipelineGlobalSettings.asset","e8ee25143a34b8c4388709ea947055d1"
"Assets\RecursosUnificados\ChegaComJhon\UniversalRenderPipelineGlobalSettings.asset","e8ee25143a34b8c4388709ea947055d1"
"Assets\RecursosUnificados\ColegaTeste\ProjetoTesteAssets\UniversalRenderPipelineGlobalSettings.asset","e8ee25143a34b8c4388709ea947055d1"
"Assets\RecursosUnificados\ColegaTeste\UniversalRenderPipelineGlobalSettings.asset","e8ee25143a34b8c4388709ea947055d1"
"Assets\UniversalRenderPipelineGlobalSettings.asset","e8ee25143a34b8c4388709ea947055d1"
"Assets\Assets\UniversalRenderPipelineGlobalSettings.asset","e9155b26e1bc55942a41e518703fe304"
"Assets\RecursosUnificados\BranchPedrao\Assets\UniversalRenderPipelineGlobalSettings.asset","e9155b26e1bc55942a41e518703fe304"
"Assets\RecursosUnificados\BranchPedrao\UniversalRenderPipelineGlobalSettings.asset","e9155b26e1bc55942a41e518703fe304"
"Assets\RecursosUnificados\ChegaComJhon\UniversalRenderPipelineGlobalSettings.asset","e9155b26e1bc55942a41e518703fe304"
"Assets\RecursosUnificados\ColegaTeste\ProjetoTesteAssets\UniversalRenderPipelineGlobalSettings.asset","e9155b26e1bc55942a41e518703fe304"
"Assets\RecursosUnificados\ColegaTeste\UniversalRenderPipelineGlobalSettings.asset","e9155b26e1bc55942a41e518703fe304"
"Assets\UniversalRenderPipelineGlobalSettings.asset","e9155b26e1bc55942a41e518703fe304"
"Assets\Assets\UniversalRenderPipelineGlobalSettings.asset","ec9fec698a3456d4fb18cf8bacb7a2bc"
"Assets\RecursosUnificados\BranchPedrao\Assets\UniversalRenderPipelineGlobalSettings.asset","ec9fec698a3456d4fb18cf8bacb7a2bc"
"Assets\RecursosUnificados\BranchPedrao\UniversalRenderPipelineGlobalSettings.asset","ec9fec698a3456d4fb18cf8bacb7a2bc"
"Assets\RecursosUnificados\ChegaComJhon\UniversalRenderPipelineGlobalSettings.asset","ec9fec698a3456d4fb18cf8bacb7a2bc"
"Assets\RecursosUnificados\ColegaTeste\ProjetoTesteAssets\UniversalRenderPipelineGlobalSettings.asset","ec9fec698a3456d4fb18cf8bacb7a2bc"
"Assets\RecursosUnificados\ColegaTeste\UniversalRenderPipelineGlobalSettings.asset","ec9fec698a3456d4fb18cf8bacb7a2bc"
"Assets\UniversalRenderPipelineGlobalSettings.asset","ec9fec698a3456d4fb18cf8bacb7a2bc"
"Assets\RecursosUnificados\ColegaTeste\ProjetoTesteAssets\UniversalRenderPipelineGlobalSettings.asset","ed5ea7ce59ca8ec4f9f14bf470a30f35"
"Assets\RecursosUnificados\ColegaTeste\UniversalRenderPipelineGlobalSettings.asset","ed5ea7ce59ca8ec4f9f14bf470a30f35"
"Assets\Assets\UniversalRenderPipelineGlobalSettings.asset","eda47df5b85f4f249abf7abd73db2cb2"
"Assets\RecursosUnificados\BranchPedrao\Assets\UniversalRenderPipelineGlobalSettings.asset","eda47df5b85f4f249abf7abd73db2cb2"
"Assets\RecursosUnificados\BranchPedrao\UniversalRenderPipelineGlobalSettings.asset","eda47df5b85f4f249abf7abd73db2cb2"
"Assets\RecursosUnificados\ChegaComJhon\UniversalRenderPipelineGlobalSettings.asset","eda47df5b85f4f249abf7abd73db2cb2"
"Assets\RecursosUnificados\ColegaTeste\ProjetoTesteAssets\UniversalRenderPipelineGlobalSettings.asset","eda47df5b85f4f249abf7abd73db2cb2"
"Assets\RecursosUnificados\ColegaTeste\UniversalRenderPipelineGlobalSettings.asset","eda47df5b85f4f249abf7abd73db2cb2"
"Assets\UniversalRenderPipelineGlobalSettings.asset","eda47df5b85f4f249abf7abd73db2cb2"
"Assets\Assets\UniversalRenderPipelineGlobalSettings.asset","f056d8bd2a1c7e44e9729144b4c70395"
"Assets\RecursosUnificados\BranchPedrao\Assets\UniversalRenderPipelineGlobalSettings.asset","f056d8bd2a1c7e44e9729144b4c70395"
"Assets\RecursosUnificados\BranchPedrao\UniversalRenderPipelineGlobalSettings.asset","f056d8bd2a1c7e44e9729144b4c70395"
"Assets\RecursosUnificados\ChegaComJhon\UniversalRenderPipelineGlobalSettings.asset","f056d8bd2a1c7e44e9729144b4c70395"
"Assets\RecursosUnificados\ColegaTeste\ProjetoTesteAssets\UniversalRenderPipelineGlobalSettings.asset","f056d8bd2a1c7e44e9729144b4c70395"
"Assets\RecursosUnificados\ColegaTeste\UniversalRenderPipelineGlobalSettings.asset","f056d8bd2a1c7e44e9729144b4c70395"
"Assets\UniversalRenderPipelineGlobalSettings.asset","f056d8bd2a1c7e44e9729144b4c70395"
"Assets\Assets\UniversalRenderPipelineGlobalSettings.asset","f0b67500f7fad3b4c9f2b13e8f41ba6e"
"Assets\RecursosUnificados\BranchPedrao\Assets\UniversalRenderPipelineGlobalSettings.asset","f0b67500f7fad3b4c9f2b13e8f41ba6e"
"Assets\RecursosUnificados\BranchPedrao\UniversalRenderPipelineGlobalSettings.asset","f0b67500f7fad3b4c9f2b13e8f41ba6e"
"Assets\RecursosUnificados\ChegaComJhon\UniversalRenderPipelineGlobalSettings.asset","f0b67500f7fad3b4c9f2b13e8f41ba6e"
"Assets\RecursosUnificados\ColegaTeste\ProjetoTesteAssets\UniversalRenderPipelineGlobalSettings.asset","f0b67500f7fad3b4c9f2b13e8f41ba6e"
"Assets\RecursosUnificados\ColegaTeste\UniversalRenderPipelineGlobalSettings.asset","f0b67500f7fad3b4c9f2b13e8f41ba6e"
"Assets\UniversalRenderPipelineGlobalSettings.asset","f0b67500f7fad3b4c9f2b13e8f41ba6e"
"Assets\_Recovery\0 (5).unity","f4688fdb7df04437aeb418b961361dc5"
"Assets\_Recovery\0 (5).unity","f4688fdb7df04437aeb418b961361dc5"
"Assets\RecursosUnificados\ChegaComJhon\_Recovery\0 (5).unity","f4688fdb7df04437aeb418b961361dc5"
"Assets\RecursosUnificados\ChegaComJhon\_Recovery\0 (5).unity","f4688fdb7df04437aeb418b961361dc5"
"Assets\Assets\UniversalRenderPipelineGlobalSettings.asset","f6783ab646d374f94b199774402a5144"
"Assets\RecursosUnificados\BranchPedrao\Assets\UniversalRenderPipelineGlobalSettings.asset","f6783ab646d374f94b199774402a5144"
"Assets\RecursosUnificados\BranchPedrao\UniversalRenderPipelineGlobalSettings.asset","f6783ab646d374f94b199774402a5144"
"Assets\RecursosUnificados\ChegaComJhon\UniversalRenderPipelineGlobalSettings.asset","f6783ab646d374f94b199774402a5144"
"Assets\RecursosUnificados\ColegaTeste\ProjetoTesteAssets\UniversalRenderPipelineGlobalSettings.asset","f6783ab646d374f94b199774402a5144"
"Assets\RecursosUnificados\ColegaTeste\UniversalRenderPipelineGlobalSettings.asset","f6783ab646d374f94b199774402a5144"
"Assets\UniversalRenderPipelineGlobalSettings.asset","f6783ab646d374f94b199774402a5144"
"Assets\RecursosUnificados\ColegaTeste\ProjetoTesteAssets\UniversalRenderPipelineGlobalSettings.asset","f69770e54f2823f43badf77916acad83"
"Assets\RecursosUnificados\ColegaTeste\UniversalRenderPipelineGlobalSettings.asset","f69770e54f2823f43badf77916acad83"
"Assets\Assets\UniversalRenderPipelineGlobalSettings.asset","f6d223acabc2f974795a5a7864b50e6c"
"Assets\RecursosUnificados\BranchPedrao\Assets\UniversalRenderPipelineGlobalSettings.asset","f6d223acabc2f974795a5a7864b50e6c"
"Assets\RecursosUnificados\BranchPedrao\UniversalRenderPipelineGlobalSettings.asset","f6d223acabc2f974795a5a7864b50e6c"
"Assets\RecursosUnificados\ChegaComJhon\UniversalRenderPipelineGlobalSettings.asset","f6d223acabc2f974795a5a7864b50e6c"
"Assets\RecursosUnificados\ColegaTeste\ProjetoTesteAssets\UniversalRenderPipelineGlobalSettings.asset","f6d223acabc2f974795a5a7864b50e6c"
"Assets\RecursosUnificados\ColegaTeste\UniversalRenderPipelineGlobalSettings.asset","f6d223acabc2f974795a5a7864b50e6c"
"Assets\UniversalRenderPipelineGlobalSettings.asset","f6d223acabc2f974795a5a7864b50e6c"
"Assets\Assets\UniversalRenderPipelineGlobalSettings.asset","f89aac1e4f84468418fe30e611dff395"
"Assets\RecursosUnificados\BranchPedrao\Assets\UniversalRenderPipelineGlobalSettings.asset","f89aac1e4f84468418fe30e611dff395"
"Assets\RecursosUnificados\BranchPedrao\UniversalRenderPipelineGlobalSettings.asset","f89aac1e4f84468418fe30e611dff395"
"Assets\RecursosUnificados\ChegaComJhon\UniversalRenderPipelineGlobalSettings.asset","f89aac1e4f84468418fe30e611dff395"
"Assets\RecursosUnificados\ColegaTeste\ProjetoTesteAssets\UniversalRenderPipelineGlobalSettings.asset","f89aac1e4f84468418fe30e611dff395"
"Assets\RecursosUnificados\ColegaTeste\UniversalRenderPipelineGlobalSettings.asset","f89aac1e4f84468418fe30e611dff395"
"Assets\UniversalRenderPipelineGlobalSettings.asset","f89aac1e4f84468418fe30e611dff395"
"Assets\Assets\UniversalRenderPipelineGlobalSettings.asset","f984aeb540ded8b4fbb8a2047ab5b2e2"
"Assets\RecursosUnificados\BranchPedrao\Assets\UniversalRenderPipelineGlobalSettings.asset","f984aeb540ded8b4fbb8a2047ab5b2e2"
"Assets\RecursosUnificados\BranchPedrao\UniversalRenderPipelineGlobalSettings.asset","f984aeb540ded8b4fbb8a2047ab5b2e2"
"Assets\RecursosUnificados\ChegaComJhon\UniversalRenderPipelineGlobalSettings.asset","f984aeb540ded8b4fbb8a2047ab5b2e2"
"Assets\RecursosUnificados\ColegaTeste\ProjetoTesteAssets\UniversalRenderPipelineGlobalSettings.asset","f984aeb540ded8b4fbb8a2047ab5b2e2"
"Assets\RecursosUnificados\ColegaTeste\UniversalRenderPipelineGlobalSettings.asset","f984aeb540ded8b4fbb8a2047ab5b2e2"
"Assets\UniversalRenderPipelineGlobalSettings.asset","f984aeb540ded8b4fbb8a2047ab5b2e2"
"Assets\RecursosUnificados\ChegaComJhon\Scenes\bla.unity","f9dfa5b682dcd46bda6128250e975f58"
"Assets\RecursosUnificados\ColegaTeste\Scenes\CenaDoColega.unity","f9dfa5b682dcd46bda6128250e975f58"
"Assets\RecursosUnificados\ColegaTeste\Scenes\SampleScene.unity","f9dfa5b682dcd46bda6128250e975f58"
"Assets\Scenes\Unificadas\Unified_ChegaComJhon_Scenes_bla.unity","f9dfa5b682dcd46bda6128250e975f58"
"Assets\Scenes\Unificadas\Unified_ColegaTeste_Scenes_CenaDoColega.unity","f9dfa5b682dcd46bda6128250e975f58"
"Assets\Assets\UniversalRenderPipelineGlobalSettings.asset","f9ee4ed84c1d10c49aabb9b210b0fc44"
"Assets\RecursosUnificados\BranchPedrao\Assets\UniversalRenderPipelineGlobalSettings.asset","f9ee4ed84c1d10c49aabb9b210b0fc44"
"Assets\RecursosUnificados\BranchPedrao\Settings\UniversalRP.asset","f9ee4ed84c1d10c49aabb9b210b0fc44"
"Assets\RecursosUnificados\BranchPedrao\UniversalRenderPipelineGlobalSettings.asset","f9ee4ed84c1d10c49aabb9b210b0fc44"
"Assets\RecursosUnificados\ChegaComJhon\Settings\UniversalRP.asset","f9ee4ed84c1d10c49aabb9b210b0fc44"
"Assets\RecursosUnificados\ChegaComJhon\UniversalRenderPipelineGlobalSettings.asset","f9ee4ed84c1d10c49aabb9b210b0fc44"
"Assets\RecursosUnificados\ColegaTeste\ProjetoTesteAssets\UniversalRenderPipelineGlobalSettings.asset","f9ee4ed84c1d10c49aabb9b210b0fc44"
"Assets\RecursosUnificados\ColegaTeste\UniversalRenderPipelineGlobalSettings.asset","f9ee4ed84c1d10c49aabb9b210b0fc44"
"Assets\Settings\UniversalRP.asset","f9ee4ed84c1d10c49aabb9b210b0fc44"
"Assets\UniversalRenderPipelineGlobalSettings.asset","f9ee4ed84c1d10c49aabb9b210b0fc44"
"Assets\RecursosUnificados\ColegaTeste\ProjetoTesteAssets\UniversalRenderPipelineGlobalSettings.asset","fa042edbfc40fbd4bad0ab9d505b1223"
"Assets\RecursosUnificados\ColegaTeste\UniversalRenderPipelineGlobalSettings.asset","fa042edbfc40fbd4bad0ab9d505b1223"
"Assets\Assets\DefaultVolumeProfile.asset","fb60a22f311433c4c962b888d1393f88"
"Assets\DefaultVolumeProfile.asset","fb60a22f311433c4c962b888d1393f88"
"Assets\RecursosUnificados\BranchPedrao\Assets\DefaultVolumeProfile.asset","fb60a22f311433c4c962b888d1393f88"
"Assets\RecursosUnificados\ChegaComJhon\DefaultVolumeProfile.asset","fb60a22f311433c4c962b888d1393f88"
"Assets\RecursosUnificados\ColegaTeste\DefaultVolumeProfile.asset","fb60a22f311433c4c962b888d1393f88"
"Assets\RecursosUnificados\ColegaTeste\ProjetoTesteAssets\UniversalRenderPipelineGlobalSettings.asset","fc3fa8f108657e14486697c9a84ccfc5"
"Assets\RecursosUnificados\ColegaTeste\UniversalRenderPipelineGlobalSettings.asset","fc3fa8f108657e14486697c9a84ccfc5"
"Assets\Assets\UniversalRenderPipelineGlobalSettings.asset","fd2fd78b392986e42a12df2177d3b89c"
"Assets\RecursosUnificados\BranchPedrao\Assets\UniversalRenderPipelineGlobalSettings.asset","fd2fd78b392986e42a12df2177d3b89c"
"Assets\RecursosUnificados\BranchPedrao\UniversalRenderPipelineGlobalSettings.asset","fd2fd78b392986e42a12df2177d3b89c"
"Assets\RecursosUnificados\ChegaComJhon\UniversalRenderPipelineGlobalSettings.asset","fd2fd78b392986e42a12df2177d3b89c"
"Assets\RecursosUnificados\ColegaTeste\ProjetoTesteAssets\UniversalRenderPipelineGlobalSettings.asset","fd2fd78b392986e42a12df2177d3b89c"
"Assets\RecursosUnificados\ColegaTeste\UniversalRenderPipelineGlobalSettings.asset","fd2fd78b392986e42a12df2177d3b89c"
"Assets\UniversalRenderPipelineGlobalSettings.asset","fd2fd78b392986e42a12df2177d3b89c"
"Assets\Assets\UniversalRenderPipelineGlobalSettings.asset","fde76746e4fd0ed418c224f6b4084114"
"Assets\RecursosUnificados\BranchPedrao\Assets\UniversalRenderPipelineGlobalSettings.asset","fde76746e4fd0ed418c224f6b4084114"
"Assets\RecursosUnificados\BranchPedrao\UniversalRenderPipelineGlobalSettings.asset","fde76746e4fd0ed418c224f6b4084114"
"Assets\RecursosUnificados\ChegaComJhon\UniversalRenderPipelineGlobalSettings.asset","fde76746e4fd0ed418c224f6b4084114"
"Assets\RecursosUnificados\ColegaTeste\ProjetoTesteAssets\UniversalRenderPipelineGlobalSettings.asset","fde76746e4fd0ed418c224f6b4084114"
"Assets\RecursosUnificados\ColegaTeste\UniversalRenderPipelineGlobalSettings.asset","fde76746e4fd0ed418c224f6b4084114"
"Assets\UniversalRenderPipelineGlobalSettings.asset","fde76746e4fd0ed418c224f6b4084114"
"Assets\Assets\UniversalRenderPipelineGlobalSettings.asset","fe4f13c1004a07d4ea1e30bfd0326d9e"
"Assets\RecursosUnificados\BranchPedrao\Assets\UniversalRenderPipelineGlobalSettings.asset","fe4f13c1004a07d4ea1e30bfd0326d9e"
"Assets\RecursosUnificados\BranchPedrao\UniversalRenderPipelineGlobalSettings.asset","fe4f13c1004a07d4ea1e30bfd0326d9e"
"Assets\RecursosUnificados\ChegaComJhon\UniversalRenderPipelineGlobalSettings.asset","fe4f13c1004a07d4ea1e30bfd0326d9e"
"Assets\RecursosUnificados\ColegaTeste\ProjetoTesteAssets\UniversalRenderPipelineGlobalSettings.asset","fe4f13c1004a07d4ea1e30bfd0326d9e"
"Assets\RecursosUnificados\ColegaTeste\UniversalRenderPipelineGlobalSettings.asset","fe4f13c1004a07d4ea1e30bfd0326d9e"
"Assets\UniversalRenderPipelineGlobalSettings.asset","fe4f13c1004a07d4ea1e30bfd0326d9e"
"Assets\_Recovery\0 (5).unity","fe87c0e1cc204ed48ad3b37840f39efc"
"Assets\_Recovery\0 (5).unity","fe87c0e1cc204ed48ad3b37840f39efc"
"Assets\_Recovery\0 (5).unity","fe87c0e1cc204ed48ad3b37840f39efc"
"Assets\_Recovery\0 (5).unity","fe87c0e1cc204ed48ad3b37840f39efc"
"Assets\_Recovery\0 (5).unity","fe87c0e1cc204ed48ad3b37840f39efc"
"Assets\RecursosUnificados\ChegaComJhon\_Recovery\0 (5).unity","fe87c0e1cc204ed48ad3b37840f39efc"
"Assets\RecursosUnificados\ChegaComJhon\_Recovery\0 (5).unity","fe87c0e1cc204ed48ad3b37840f39efc"
"Assets\RecursosUnificados\ChegaComJhon\_Recovery\0 (5).unity","fe87c0e1cc204ed48ad3b37840f39efc"
"Assets\RecursosUnificados\ChegaComJhon\_Recovery\0 (5).unity","fe87c0e1cc204ed48ad3b37840f39efc"
"Assets\RecursosUnificados\ChegaComJhon\_Recovery\0 (5).unity","fe87c0e1cc204ed48ad3b37840f39efc"
"Assets\RecursosUnificados\ChegaComJhon\Scenes\ServerHub.unity","fe87c0e1cc204ed48ad3b37840f39efc"
"Assets\RecursosUnificados\ChegaComJhon\Scenes\ServerHub.unity","fe87c0e1cc204ed48ad3b37840f39efc"
"Assets\RecursosUnificados\ChegaComJhon\Scenes\ServerHub.unity","fe87c0e1cc204ed48ad3b37840f39efc"
"Assets\RecursosUnificados\ChegaComJhon\Scenes\ServerHub.unity","fe87c0e1cc204ed48ad3b37840f39efc"
"Assets\Scenes\ServerHub.unity","fe87c0e1cc204ed48ad3b37840f39efc"
"Assets\Scenes\ServerHub.unity","fe87c0e1cc204ed48ad3b37840f39efc"
"Assets\Scenes\ServerHub.unity","fe87c0e1cc204ed48ad3b37840f39efc"
"Assets\Scenes\ServerHub.unity","fe87c0e1cc204ed48ad3b37840f39efc"
"Assets\Assets\UniversalRenderPipelineGlobalSettings.asset","ff2cbab5da58bf04d82c5f34037ed123"
"Assets\Assets\UniversalRenderPipelineGlobalSettings.asset","ff2cbab5da58bf04d82c5f34037ed123"
"Assets\RecursosUnificados\BranchPedrao\Assets\UniversalRenderPipelineGlobalSettings.asset","ff2cbab5da58bf04d82c5f34037ed123"
"Assets\RecursosUnificados\BranchPedrao\Assets\UniversalRenderPipelineGlobalSettings.asset","ff2cbab5da58bf04d82c5f34037ed123"
"Assets\RecursosUnificados\BranchPedrao\UniversalRenderPipelineGlobalSettings.asset","ff2cbab5da58bf04d82c5f34037ed123"
"Assets\RecursosUnificados\BranchPedrao\UniversalRenderPipelineGlobalSettings.asset","ff2cbab5da58bf04d82c5f34037ed123"
"Assets\RecursosUnificados\ChegaComJhon\UniversalRenderPipelineGlobalSettings.asset","ff2cbab5da58bf04d82c5f34037ed123"
"Assets\RecursosUnificados\ChegaComJhon\UniversalRenderPipelineGlobalSettings.asset","ff2cbab5da58bf04d82c5f34037ed123"
"Assets\RecursosUnificados\ColegaTeste\ProjetoTesteAssets\UniversalRenderPipelineGlobalSettings.asset","ff2cbab5da58bf04d82c5f34037ed123"
"Assets\RecursosUnificados\ColegaTeste\ProjetoTesteAssets\UniversalRenderPipelineGlobalSettings.asset","ff2cbab5da58bf04d82c5f34037ed123"
"Assets\RecursosUnificados\ColegaTeste\UniversalRenderPipelineGlobalSettings.asset","ff2cbab5da58bf04d82c5f34037ed123"
"Assets\RecursosUnificados\ColegaTeste\UniversalRenderPipelineGlobalSettings.asset","ff2cbab5da58bf04d82c5f34037ed123"
"Assets\UniversalRenderPipelineGlobalSettings.asset","ff2cbab5da58bf04d82c5f34037ed123"
"Assets\UniversalRenderPipelineGlobalSettings.asset","ff2cbab5da58bf04d82c5f34037ed123"
"Assets\RecursosUnificados\ColegaTeste\ProjetoTesteAssets\UniversalRenderPipelineGlobalSettings.asset","ff47e5a0f105eb34883b973e51f4db62"
"Assets\RecursosUnificados\ColegaTeste\UniversalRenderPipelineGlobalSettings.asset","ff47e5a0f105eb34883b973e51f4db62"
