"Path","Ext","Meta","TextureType","SpriteMode","IsReadable","SizeKB"
"C:\Users\Marcos\Documents\GitHub\BIGRAT_CENACT\Assets\RecursosUnificados\BranchPedrao\Sprites\ANJO\IDLE\IDLE-MASC.gif",".gif","True","8","2","0","45,07"
"C:\Users\Marcos\Documents\GitHub\BIGRAT_CENACT\Assets\RecursosUnificados\BranchPedrao\Sprites\ANJO\IDLE\IDLE.gif",".gif","True","8","2","0","67,24"
"C:\Users\Marcos\Documents\GitHub\BIGRAT_CENACT\Assets\RecursosUnificados\BranchPedrao\Sprites\ANJO\IDLE\SURGE.gif",".gif","True","8","2","0","60,96"
"C:\Users\Marcos\Documents\GitHub\BIGRAT_CENACT\Assets\RecursosUnificados\BranchPedrao\Sprites\ANJO\IDLE\DISSPAR\dissipar.gif",".gif","True","8","2","0","49,45"
"C:\Users\Marcos\Documents\GitHub\BIGRAT_CENACT\Assets\RecursosUnificados\BranchPedrao\Sprites\ANJO\IDLE\DISSPAR\DISSPAR_0001.png",".png","True","8","2","0","4,16"
"C:\Users\Marcos\Documents\GitHub\BIGRAT_CENACT\Assets\RecursosUnificados\BranchPedrao\Sprites\ANJO\IDLE\DISSPAR\DISSPAR_0002.png",".png","True","8","2","0","5,12"
"C:\Users\Marcos\Documents\GitHub\BIGRAT_CENACT\Assets\RecursosUnificados\BranchPedrao\Sprites\ANJO\IDLE\DISSPAR\DISSPAR_0003.png",".png","True","8","2","0","6,49"
"C:\Users\Marcos\Documents\GitHub\BIGRAT_CENACT\Assets\RecursosUnificados\BranchPedrao\Sprites\ANJO\IDLE\DISSPAR\DISSPAR_0004.png",".png","True","8","2","0","9,41"
"C:\Users\Marcos\Documents\GitHub\BIGRAT_CENACT\Assets\RecursosUnificados\BranchPedrao\Sprites\ANJO\IDLE\DISSPAR\DISSPAR_0005.png",".png","True","8","2","0","8,43"
"C:\Users\Marcos\Documents\GitHub\BIGRAT_CENACT\Assets\RecursosUnificados\BranchPedrao\Sprites\ANJO\IDLE\DISSPAR\DISSPAR_0006.png",".png","True","8","2","0","10,8"
"C:\Users\Marcos\Documents\GitHub\BIGRAT_CENACT\Assets\RecursosUnificados\BranchPedrao\Sprites\ANJO\IDLE\DISSPAR\DISSPAR_0007.png",".png","True","8","2","0","8,51"
"C:\Users\Marcos\Documents\GitHub\BIGRAT_CENACT\Assets\RecursosUnificados\BranchPedrao\Sprites\ANJO\IDLE\DISSPAR\DISSPAR_0008.png",".png","True","8","2","0","11,14"
"C:\Users\Marcos\Documents\GitHub\BIGRAT_CENACT\Assets\RecursosUnificados\BranchPedrao\Sprites\ANJO\IDLE\DISSPAR\DISSPAR_0009.png",".png","True","8","2","0","9,69"
"C:\Users\Marcos\Documents\GitHub\BIGRAT_CENACT\Assets\RecursosUnificados\BranchPedrao\Sprites\ANJO\IDLE\PNG\PNG_0001.png",".png","True","8","2","0","14"
"C:\Users\Marcos\Documents\GitHub\BIGRAT_CENACT\Assets\RecursosUnificados\BranchPedrao\Sprites\ANJO\IDLE\PNG\PNG_0002.png",".png","True","8","2","0","14,64"
"C:\Users\Marcos\Documents\GitHub\BIGRAT_CENACT\Assets\RecursosUnificados\BranchPedrao\Sprites\ANJO\IDLE\PNG\PNG_0003.png",".png","True","8","2","0","14,88"
"C:\Users\Marcos\Documents\GitHub\BIGRAT_CENACT\Assets\RecursosUnificados\BranchPedrao\Sprites\ANJO\IDLE\PNG\PNG_0004.png",".png","True","8","2","0","14,26"
"C:\Users\Marcos\Documents\GitHub\BIGRAT_CENACT\Assets\RecursosUnificados\BranchPedrao\Sprites\ANJO\IDLE\PNG\PNG_0005.png",".png","True","8","2","0","13,71"
"C:\Users\Marcos\Documents\GitHub\BIGRAT_CENACT\Assets\RecursosUnificados\BranchPedrao\Sprites\ANJO\IDLE\PNG\PNG_0006.png",".png","True","8","2","0","14,33"
"C:\Users\Marcos\Documents\GitHub\BIGRAT_CENACT\Assets\RecursosUnificados\BranchPedrao\Sprites\ANJO\IDLE\PNG\PNG_0007.png",".png","True","8","2","0","14,13"
"C:\Users\Marcos\Documents\GitHub\BIGRAT_CENACT\Assets\RecursosUnificados\BranchPedrao\Sprites\ANJO\IDLE\PNG\PNG_0008.png",".png","True","8","2","0","14,35"
"C:\Users\Marcos\Documents\GitHub\BIGRAT_CENACT\Assets\RecursosUnificados\BranchPedrao\Sprites\ANJO\IDLE\PNG\PNG_0009.png",".png","True","8","2","0","13,22"
"C:\Users\Marcos\Documents\GitHub\BIGRAT_CENACT\Assets\RecursosUnificados\BranchPedrao\Sprites\ANJO\IDLE\PNG\PNG_0010.png",".png","True","8","2","0","14,69"
"C:\Users\Marcos\Documents\GitHub\BIGRAT_CENACT\Assets\RecursosUnificados\BranchPedrao\Sprites\ANJO\IDLE\PNG\PNG_0011.png",".png","True","8","2","0","14,87"
"C:\Users\Marcos\Documents\GitHub\BIGRAT_CENACT\Assets\RecursosUnificados\BranchPedrao\Sprites\ANJO\IDLE\PNG-MASC\PNG_0001.png",".png","True","8","2","0","7,9"
"C:\Users\Marcos\Documents\GitHub\BIGRAT_CENACT\Assets\RecursosUnificados\BranchPedrao\Sprites\ANJO\IDLE\PNG-MASC\PNG_0002.png",".png","True","8","2","0","11,19"
"C:\Users\Marcos\Documents\GitHub\BIGRAT_CENACT\Assets\RecursosUnificados\BranchPedrao\Sprites\ANJO\IDLE\PNG-MASC\PNG_0003.png",".png","True","8","2","0","10,34"
"C:\Users\Marcos\Documents\GitHub\BIGRAT_CENACT\Assets\RecursosUnificados\BranchPedrao\Sprites\ANJO\IDLE\PNG-MASC\PNG_0004.png",".png","True","8","2","0","13,11"
"C:\Users\Marcos\Documents\GitHub\BIGRAT_CENACT\Assets\RecursosUnificados\BranchPedrao\Sprites\ANJO\IDLE\PNG-MASC\PNG_0005.png",".png","True","8","2","0","11,67"
"C:\Users\Marcos\Documents\GitHub\BIGRAT_CENACT\Assets\RecursosUnificados\BranchPedrao\Sprites\ANJO\IDLE\PNG-MASC\PNG_0006.png",".png","True","8","2","0","12,77"
"C:\Users\Marcos\Documents\GitHub\BIGRAT_CENACT\Assets\RecursosUnificados\BranchPedrao\Sprites\ANJO\IDLE\PNG-MASC\PNG_0007.png",".png","True","8","2","0","11,32"
"C:\Users\Marcos\Documents\GitHub\BIGRAT_CENACT\Assets\RecursosUnificados\BranchPedrao\Sprites\ANJO\IDLE\PNG-MASC\PNG_0008.png",".png","True","8","2","0","12,73"
"C:\Users\Marcos\Documents\GitHub\BIGRAT_CENACT\Assets\RecursosUnificados\BranchPedrao\Sprites\ANJO\IDLE\PNG-MASC\PNG_0009.png",".png","True","8","2","0","10,01"
"C:\Users\Marcos\Documents\GitHub\BIGRAT_CENACT\Assets\RecursosUnificados\BranchPedrao\Sprites\ANJO\IDLE\PNG-SURGE\PNG-SURGE_0001.png",".png","True","8","2","0","4,5"
"C:\Users\Marcos\Documents\GitHub\BIGRAT_CENACT\Assets\RecursosUnificados\BranchPedrao\Sprites\ANJO\IDLE\PNG-SURGE\PNG-SURGE_0002.png",".png","True","8","2","0","4,58"
"C:\Users\Marcos\Documents\GitHub\BIGRAT_CENACT\Assets\RecursosUnificados\BranchPedrao\Sprites\ANJO\IDLE\PNG-SURGE\PNG-SURGE_0003.png",".png","True","8","2","0","3,75"
"C:\Users\Marcos\Documents\GitHub\BIGRAT_CENACT\Assets\RecursosUnificados\BranchPedrao\Sprites\ANJO\IDLE\PNG-SURGE\PNG-SURGE_0004.png",".png","True","8","2","0","5,51"
"C:\Users\Marcos\Documents\GitHub\BIGRAT_CENACT\Assets\RecursosUnificados\BranchPedrao\Sprites\ANJO\IDLE\PNG-SURGE\PNG-SURGE_0005.png",".png","True","8","2","0","4,17"
"C:\Users\Marcos\Documents\GitHub\BIGRAT_CENACT\Assets\RecursosUnificados\BranchPedrao\Sprites\ANJO\IDLE\PNG-SURGE\PNG-SURGE_0006.png",".png","True","8","2","0","6,04"
"C:\Users\Marcos\Documents\GitHub\BIGRAT_CENACT\Assets\RecursosUnificados\BranchPedrao\Sprites\ANJO\IDLE\PNG-SURGE\PNG-SURGE_0007.png",".png","True","8","2","0","11,13"
"C:\Users\Marcos\Documents\GitHub\BIGRAT_CENACT\Assets\RecursosUnificados\BranchPedrao\Sprites\ANJO\IDLE\PNG-SURGE\PNG-SURGE_0008.png",".png","True","8","2","0","12,43"
"C:\Users\Marcos\Documents\GitHub\BIGRAT_CENACT\Assets\RecursosUnificados\BranchPedrao\Sprites\ANJO\IDLE\PNG-SURGE\PNG-SURGE_0009.png",".png","True","8","2","0","11,03"
"C:\Users\Marcos\Documents\GitHub\BIGRAT_CENACT\Assets\RecursosUnificados\BranchPedrao\Sprites\ANJO\IDLE\PNG-SURGE\PNG-SURGE_0010.png",".png","True","8","2","0","13,44"
"C:\Users\Marcos\Documents\GitHub\BIGRAT_CENACT\Assets\RecursosUnificados\BranchPedrao\Sprites\ANJO\IDLE\PNG-SURGE\PNG-SURGE_0011.png",".png","True","8","2","0","11,45"
"C:\Users\Marcos\Documents\GitHub\BIGRAT_CENACT\Assets\RecursosUnificados\BranchPedrao\Sprites\ANJO\IDLE\PNG-SURGE\PNG-SURGE_0012.png",".png","True","8","2","0","14,58"
"C:\Users\Marcos\Documents\GitHub\BIGRAT_CENACT\Assets\RecursosUnificados\BranchPedrao\Sprites\ANJO\IDLE\PNG-SURGE\PNG-SURGE_0013.png",".png","True","8","2","0","11,91"
"C:\Users\Marcos\Documents\GitHub\BIGRAT_CENACT\Assets\RecursosUnificados\BranchPedrao\Sprites\Boss\attack\attk-1.gif",".gif","True","8","2","0","42,72"
"C:\Users\Marcos\Documents\GitHub\BIGRAT_CENACT\Assets\RecursosUnificados\BranchPedrao\Sprites\Boss\attack\preparação.gif",".gif","True","8","2","0","22,06"
"C:\Users\Marcos\Documents\GitHub\BIGRAT_CENACT\Assets\RecursosUnificados\BranchPedrao\Sprites\Boss\attack\PNG\ATTK\PNG_0001.png",".png","True","8","2","0","5,52"
"C:\Users\Marcos\Documents\GitHub\BIGRAT_CENACT\Assets\RecursosUnificados\BranchPedrao\Sprites\Boss\attack\PNG\ATTK\PNG_0002.png",".png","True","8","2","0","7,85"
"C:\Users\Marcos\Documents\GitHub\BIGRAT_CENACT\Assets\RecursosUnificados\BranchPedrao\Sprites\Boss\attack\PNG\ATTK\PNG_0003.png",".png","True","8","2","0","10,58"
"C:\Users\Marcos\Documents\GitHub\BIGRAT_CENACT\Assets\RecursosUnificados\BranchPedrao\Sprites\Boss\attack\PNG\ATTK\PNG_0004.png",".png","True","8","2","0","11,98"
"C:\Users\Marcos\Documents\GitHub\BIGRAT_CENACT\Assets\RecursosUnificados\BranchPedrao\Sprites\Boss\attack\PNG\ATTK\PNG_0005.png",".png","True","8","2","0","11,31"
"C:\Users\Marcos\Documents\GitHub\BIGRAT_CENACT\Assets\RecursosUnificados\BranchPedrao\Sprites\Boss\attack\PNG\ATTK\PNG_0006.png",".png","True","8","2","0","13,56"
"C:\Users\Marcos\Documents\GitHub\BIGRAT_CENACT\Assets\RecursosUnificados\BranchPedrao\Sprites\Boss\attack\PNG\ATTK\PNG_0007.png",".png","True","8","2","0","12,33"
"C:\Users\Marcos\Documents\GitHub\BIGRAT_CENACT\Assets\RecursosUnificados\BranchPedrao\Sprites\Boss\attack\PNG\ATTK\PNG_0008.png",".png","True","8","2","0","14,23"
"C:\Users\Marcos\Documents\GitHub\BIGRAT_CENACT\Assets\RecursosUnificados\BranchPedrao\Sprites\Boss\attack\PNG\ATTK\PNG_0009.png",".png","True","8","2","0","9,94"
"C:\Users\Marcos\Documents\GitHub\BIGRAT_CENACT\Assets\RecursosUnificados\BranchPedrao\Sprites\Boss\attack\PNG\PREPARAÇÃO\PNG_0001.png",".png","True","8","2","0","5,44"
"C:\Users\Marcos\Documents\GitHub\BIGRAT_CENACT\Assets\RecursosUnificados\BranchPedrao\Sprites\Boss\attack\PNG\PREPARAÇÃO\PNG_0002.png",".png","True","8","2","0","9,02"
"C:\Users\Marcos\Documents\GitHub\BIGRAT_CENACT\Assets\RecursosUnificados\BranchPedrao\Sprites\Boss\attack\PNG\PREPARAÇÃO\PNG_0003.png",".png","True","8","2","0","8,06"
"C:\Users\Marcos\Documents\GitHub\BIGRAT_CENACT\Assets\RecursosUnificados\BranchPedrao\Sprites\Boss\attack\PNG\PREPARAÇÃO\PNG_0004.png",".png","True","8","2","0","7,89"
"C:\Users\Marcos\Documents\GitHub\BIGRAT_CENACT\Assets\RecursosUnificados\BranchPedrao\Sprites\Boss\attack\PNG\PREPARAÇÃO\PNG_0005.png",".png","True","8","2","0","6,8"
"C:\Users\Marcos\Documents\GitHub\BIGRAT_CENACT\Assets\RecursosUnificados\BranchPedrao\Sprites\Boss\attack\PNG\PREPARAÇÃO\PNG_0006.png",".png","True","8","2","0","7,62"
"C:\Users\Marcos\Documents\GitHub\BIGRAT_CENACT\Assets\RecursosUnificados\BranchPedrao\Sprites\Boss\attack\PNG\PREPARAÇÃO\PNG_0007.png",".png","True","8","2","0","5,52"
"C:\Users\Marcos\Documents\GitHub\BIGRAT_CENACT\Assets\RecursosUnificados\BranchPedrao\Sprites\Boss\attack\PNG\PREPARAÇÃO\special-attk-def.gif",".gif","True","8","2","0","55,49"
"C:\Users\Marcos\Documents\GitHub\BIGRAT_CENACT\Assets\RecursosUnificados\BranchPedrao\Sprites\Boss\attack\PNG\PREPARAÇÃO\special-attk.gif",".gif","True","8","2","0","55,48"
"C:\Users\Marcos\Documents\GitHub\BIGRAT_CENACT\Assets\RecursosUnificados\BranchPedrao\Sprites\Boss\attack\PNG\PREPARAÇÃO\special-attk_0001.png",".png","True","8","2","0","6,24"
"C:\Users\Marcos\Documents\GitHub\BIGRAT_CENACT\Assets\RecursosUnificados\BranchPedrao\Sprites\Boss\attack\PNG\PREPARAÇÃO\special-attk_0002.png",".png","True","8","2","0","13,77"
"C:\Users\Marcos\Documents\GitHub\BIGRAT_CENACT\Assets\RecursosUnificados\BranchPedrao\Sprites\Boss\attack\PNG\PREPARAÇÃO\special-attk_0003.png",".png","True","8","2","0","15,56"
"C:\Users\Marcos\Documents\GitHub\BIGRAT_CENACT\Assets\RecursosUnificados\BranchPedrao\Sprites\Boss\attack\PNG\PREPARAÇÃO\special-attk_0004.png",".png","True","8","2","0","17,95"
"C:\Users\Marcos\Documents\GitHub\BIGRAT_CENACT\Assets\RecursosUnificados\BranchPedrao\Sprites\Boss\attack\PNG\PREPARAÇÃO\special-attk_0005.png",".png","True","8","2","0","14,34"
"C:\Users\Marcos\Documents\GitHub\BIGRAT_CENACT\Assets\RecursosUnificados\BranchPedrao\Sprites\Boss\attack\PNG\PREPARAÇÃO\special-attk_0006.png",".png","True","8","2","0","12,39"
"C:\Users\Marcos\Documents\GitHub\BIGRAT_CENACT\Assets\RecursosUnificados\BranchPedrao\Sprites\Boss\attack\PNG\PREPARAÇÃO\special-attk_0007.png",".png","True","8","2","0","19,84"
"C:\Users\Marcos\Documents\GitHub\BIGRAT_CENACT\Assets\RecursosUnificados\BranchPedrao\Sprites\Boss\attack\PNG\PREPARAÇÃO\special-attk_0008.png",".png","True","8","2","0","18,34"
"C:\Users\Marcos\Documents\GitHub\BIGRAT_CENACT\Assets\RecursosUnificados\BranchPedrao\Sprites\Boss\attack\PNG\PREPARAÇÃO\special-attk_0009.png",".png","True","8","2","0","14,01"
"C:\Users\Marcos\Documents\GitHub\BIGRAT_CENACT\Assets\RecursosUnificados\BranchPedrao\Sprites\Boss\cry\cry_0001.png",".png","True","8","2","0","5,44"
"C:\Users\Marcos\Documents\GitHub\BIGRAT_CENACT\Assets\RecursosUnificados\BranchPedrao\Sprites\Boss\cry\cry_0002.png",".png","True","8","2","0","12,93"
"C:\Users\Marcos\Documents\GitHub\BIGRAT_CENACT\Assets\RecursosUnificados\BranchPedrao\Sprites\Boss\cry\cry_0003.png",".png","True","8","2","0","11,19"
"C:\Users\Marcos\Documents\GitHub\BIGRAT_CENACT\Assets\RecursosUnificados\BranchPedrao\Sprites\Boss\cry\cry_0004.png",".png","True","8","2","0","12,28"
"C:\Users\Marcos\Documents\GitHub\BIGRAT_CENACT\Assets\RecursosUnificados\BranchPedrao\Sprites\Boss\cry\cry_0005.png",".png","True","8","2","0","9,8"
"C:\Users\Marcos\Documents\GitHub\BIGRAT_CENACT\Assets\RecursosUnificados\BranchPedrao\Sprites\Boss\cry\cry_0006.png",".png","True","8","2","0","10,84"
"C:\Users\Marcos\Documents\GitHub\BIGRAT_CENACT\Assets\RecursosUnificados\BranchPedrao\Sprites\Boss\cry\cry_0007.png",".png","True","8","2","0","10,15"
"C:\Users\Marcos\Documents\GitHub\BIGRAT_CENACT\Assets\RecursosUnificados\BranchPedrao\Sprites\Boss\cry\cry_0008.png",".png","True","8","2","0","11,36"
"C:\Users\Marcos\Documents\GitHub\BIGRAT_CENACT\Assets\RecursosUnificados\BranchPedrao\Sprites\Boss\cry\cry_0009.png",".png","True","8","2","0","6,38"
"C:\Users\Marcos\Documents\GitHub\BIGRAT_CENACT\Assets\RecursosUnificados\BranchPedrao\Sprites\Boss\dead\dissipar.gif",".gif","True","8","2","0","49,45"
"C:\Users\Marcos\Documents\GitHub\BIGRAT_CENACT\Assets\RecursosUnificados\BranchPedrao\Sprites\Boss\dead\morte.gif",".gif","True","8","2","0","43"
"C:\Users\Marcos\Documents\GitHub\BIGRAT_CENACT\Assets\RecursosUnificados\BranchPedrao\Sprites\Boss\dead\start-dissipar.gif",".gif","True","8","2","0","36,52"
"C:\Users\Marcos\Documents\GitHub\BIGRAT_CENACT\Assets\RecursosUnificados\BranchPedrao\Sprites\Boss\dead\PNG\dissipar.gif",".gif","True","8","2","0","49,45"
"C:\Users\Marcos\Documents\GitHub\BIGRAT_CENACT\Assets\RecursosUnificados\BranchPedrao\Sprites\Boss\dead\PNG\DISSPAR_0001.png",".png","True","8","2","0","4,16"
"C:\Users\Marcos\Documents\GitHub\BIGRAT_CENACT\Assets\RecursosUnificados\BranchPedrao\Sprites\Boss\dead\PNG\DISSPAR_0002.png",".png","True","8","2","0","5,12"
"C:\Users\Marcos\Documents\GitHub\BIGRAT_CENACT\Assets\RecursosUnificados\BranchPedrao\Sprites\Boss\dead\PNG\DISSPAR_0003.png",".png","True","8","2","0","6,49"
"C:\Users\Marcos\Documents\GitHub\BIGRAT_CENACT\Assets\RecursosUnificados\BranchPedrao\Sprites\Boss\dead\PNG\DISSPAR_0004.png",".png","True","8","2","0","9,41"
"C:\Users\Marcos\Documents\GitHub\BIGRAT_CENACT\Assets\RecursosUnificados\BranchPedrao\Sprites\Boss\dead\PNG\DISSPAR_0005.png",".png","True","8","2","0","8,43"
"C:\Users\Marcos\Documents\GitHub\BIGRAT_CENACT\Assets\RecursosUnificados\BranchPedrao\Sprites\Boss\dead\PNG\DISSPAR_0006.png",".png","True","8","2","0","10,8"
"C:\Users\Marcos\Documents\GitHub\BIGRAT_CENACT\Assets\RecursosUnificados\BranchPedrao\Sprites\Boss\dead\PNG\DISSPAR_0007.png",".png","True","8","2","0","8,51"
"C:\Users\Marcos\Documents\GitHub\BIGRAT_CENACT\Assets\RecursosUnificados\BranchPedrao\Sprites\Boss\dead\PNG\DISSPAR_0008.png",".png","True","8","2","0","11,14"
"C:\Users\Marcos\Documents\GitHub\BIGRAT_CENACT\Assets\RecursosUnificados\BranchPedrao\Sprites\Boss\dead\PNG\DISSPAR_0009.png",".png","True","8","2","0","9,69"
"C:\Users\Marcos\Documents\GitHub\BIGRAT_CENACT\Assets\RecursosUnificados\BranchPedrao\Sprites\Boss\dead\PNG\PNG_0001.png",".png","True","8","2","0","8,75"
"C:\Users\Marcos\Documents\GitHub\BIGRAT_CENACT\Assets\RecursosUnificados\BranchPedrao\Sprites\Boss\dead\PNG\PNG_0002.png",".png","True","8","2","0","7,19"
"C:\Users\Marcos\Documents\GitHub\BIGRAT_CENACT\Assets\RecursosUnificados\BranchPedrao\Sprites\Boss\dead\PNG\PNG_0003.png",".png","True","8","2","0","8,73"
"C:\Users\Marcos\Documents\GitHub\BIGRAT_CENACT\Assets\RecursosUnificados\BranchPedrao\Sprites\Boss\dead\PNG\PNG_0004.png",".png","True","8","2","0","6,57"
"C:\Users\Marcos\Documents\GitHub\BIGRAT_CENACT\Assets\RecursosUnificados\BranchPedrao\Sprites\Boss\dead\PNG\PNG_0005.png",".png","True","8","2","0","7,84"
"C:\Users\Marcos\Documents\GitHub\BIGRAT_CENACT\Assets\RecursosUnificados\BranchPedrao\Sprites\Boss\dead\PNG\PNG_0006.png",".png","True","8","2","0","6,52"
"C:\Users\Marcos\Documents\GitHub\BIGRAT_CENACT\Assets\RecursosUnificados\BranchPedrao\Sprites\Boss\dead\PNG\PNG_0007.png",".png","True","8","2","0","7,48"
"C:\Users\Marcos\Documents\GitHub\BIGRAT_CENACT\Assets\RecursosUnificados\BranchPedrao\Sprites\Boss\dead\PNG\PNG_0008.png",".png","True","8","2","0","6,18"
"C:\Users\Marcos\Documents\GitHub\BIGRAT_CENACT\Assets\RecursosUnificados\BranchPedrao\Sprites\Boss\dead\PNG\PNG_0009.png",".png","True","8","2","0","7,22"
"C:\Users\Marcos\Documents\GitHub\BIGRAT_CENACT\Assets\RecursosUnificados\BranchPedrao\Sprites\Boss\dead\PNG\PNG_0010.png",".png","True","8","2","0","6,31"
"C:\Users\Marcos\Documents\GitHub\BIGRAT_CENACT\Assets\RecursosUnificados\BranchPedrao\Sprites\Boss\dead\PNG\PNG_0011.png",".png","True","8","2","0","6,58"
"C:\Users\Marcos\Documents\GitHub\BIGRAT_CENACT\Assets\RecursosUnificados\BranchPedrao\Sprites\Boss\dead\PNG\PNG_0012.png",".png","True","8","2","0","5,92"
"C:\Users\Marcos\Documents\GitHub\BIGRAT_CENACT\Assets\RecursosUnificados\BranchPedrao\Sprites\Boss\dead\PNG\PNG_0013.png",".png","True","8","2","0","7,16"
"C:\Users\Marcos\Documents\GitHub\BIGRAT_CENACT\Assets\RecursosUnificados\BranchPedrao\Sprites\Boss\dead\PNG\PNG_0014.png",".png","True","8","2","0","10,55"
"C:\Users\Marcos\Documents\GitHub\BIGRAT_CENACT\Assets\RecursosUnificados\BranchPedrao\Sprites\Boss\dead\PNG\PNG_0015.png",".png","True","8","2","0","9,62"
"C:\Users\Marcos\Documents\GitHub\BIGRAT_CENACT\Assets\RecursosUnificados\BranchPedrao\Sprites\Boss\dead\PNG\PNG_0016.png",".png","True","8","2","0","10,63"
"C:\Users\Marcos\Documents\GitHub\BIGRAT_CENACT\Assets\RecursosUnificados\BranchPedrao\Sprites\Boss\dead\PNG\PNG_0017.png",".png","True","8","2","0","9,02"
"C:\Users\Marcos\Documents\GitHub\BIGRAT_CENACT\Assets\RecursosUnificados\BranchPedrao\Sprites\Boss\dead\PNG\PNG_0018.png",".png","True","8","2","0","6,54"
"C:\Users\Marcos\Documents\GitHub\BIGRAT_CENACT\Assets\RecursosUnificados\BranchPedrao\Sprites\Boss\dead\PNG\PNG_0019.png",".png","True","8","2","0","6,88"
"C:\Users\Marcos\Documents\GitHub\BIGRAT_CENACT\Assets\RecursosUnificados\BranchPedrao\Sprites\Boss\dead\PNG\PNG_0020.png",".png","True","8","2","0","8,04"
"C:\Users\Marcos\Documents\GitHub\BIGRAT_CENACT\Assets\RecursosUnificados\BranchPedrao\Sprites\Boss\dead\PNG\PNG_0021.png",".png","True","8","2","0","4,16"
"C:\Users\Marcos\Documents\GitHub\BIGRAT_CENACT\Assets\RecursosUnificados\BranchPedrao\Sprites\Boss\fall\battle-cry.gif",".gif","True","8","2","0","41,04"
"C:\Users\Marcos\Documents\GitHub\BIGRAT_CENACT\Assets\RecursosUnificados\BranchPedrao\Sprites\Boss\fall\end-fall.gif",".gif","True","8","2","0","42,03"
"C:\Users\Marcos\Documents\GitHub\BIGRAT_CENACT\Assets\RecursosUnificados\BranchPedrao\Sprites\Boss\fall\PNG\fall.png",".png","True","8","2","0","7,71"
"C:\Users\Marcos\Documents\GitHub\BIGRAT_CENACT\Assets\RecursosUnificados\BranchPedrao\Sprites\Boss\fall\PNG\PNG_0001.png",".png","True","8","2","0","9,57"
"C:\Users\Marcos\Documents\GitHub\BIGRAT_CENACT\Assets\RecursosUnificados\BranchPedrao\Sprites\Boss\fall\PNG\PNG_0002.png",".png","True","8","2","0","8,08"
"C:\Users\Marcos\Documents\GitHub\BIGRAT_CENACT\Assets\RecursosUnificados\BranchPedrao\Sprites\Boss\fall\PNG\PNG_0003.png",".png","True","8","2","0","10,3"
"C:\Users\Marcos\Documents\GitHub\BIGRAT_CENACT\Assets\RecursosUnificados\BranchPedrao\Sprites\Boss\fall\PNG\PNG_0004.png",".png","True","8","2","0","9,21"
"C:\Users\Marcos\Documents\GitHub\BIGRAT_CENACT\Assets\RecursosUnificados\BranchPedrao\Sprites\Boss\fall\PNG\PNG_0005.png",".png","True","8","2","0","11,7"
"C:\Users\Marcos\Documents\GitHub\BIGRAT_CENACT\Assets\RecursosUnificados\BranchPedrao\Sprites\Boss\fall\PNG\PNG_0006 (2).png",".png","True","8","2","0","5,44"
"C:\Users\Marcos\Documents\GitHub\BIGRAT_CENACT\Assets\RecursosUnificados\BranchPedrao\Sprites\Boss\fall\PNG\PNG_0006.png",".png","True","8","2","0","5,44"
"C:\Users\Marcos\Documents\GitHub\BIGRAT_CENACT\Assets\RecursosUnificados\BranchPedrao\Sprites\Boss\fall\PNG\PNG_0007 (2).png",".png","True","8","2","0","12,93"
"C:\Users\Marcos\Documents\GitHub\BIGRAT_CENACT\Assets\RecursosUnificados\BranchPedrao\Sprites\Boss\fall\PNG\PNG_0008 (2).png",".png","True","8","2","0","11,19"
"C:\Users\Marcos\Documents\GitHub\BIGRAT_CENACT\Assets\RecursosUnificados\BranchPedrao\Sprites\Boss\fall\PNG\PNG_0009 (2).png",".png","True","8","2","0","12,28"
"C:\Users\Marcos\Documents\GitHub\BIGRAT_CENACT\Assets\RecursosUnificados\BranchPedrao\Sprites\Boss\fall\PNG\PNG_0010.png",".png","True","8","2","0","9,8"
"C:\Users\Marcos\Documents\GitHub\BIGRAT_CENACT\Assets\RecursosUnificados\BranchPedrao\Sprites\Boss\fall\PNG\PNG_0011.png",".png","True","8","2","0","10,84"
"C:\Users\Marcos\Documents\GitHub\BIGRAT_CENACT\Assets\RecursosUnificados\BranchPedrao\Sprites\Boss\fall\PNG\PNG_0012.png",".png","True","8","2","0","10,15"
"C:\Users\Marcos\Documents\GitHub\BIGRAT_CENACT\Assets\RecursosUnificados\BranchPedrao\Sprites\Boss\fall\PNG\PNG_0013.png",".png","True","8","2","0","11,36"
"C:\Users\Marcos\Documents\GitHub\BIGRAT_CENACT\Assets\RecursosUnificados\BranchPedrao\Sprites\Boss\fall\PNG\PNG_0014.png",".png","True","8","2","0","6,38"
"C:\Users\Marcos\Documents\GitHub\BIGRAT_CENACT\Assets\RecursosUnificados\BranchPedrao\Sprites\Boss\idle\idle.gif",".gif","True","8","2","0","53,6"
"C:\Users\Marcos\Documents\GitHub\BIGRAT_CENACT\Assets\RecursosUnificados\BranchPedrao\Sprites\Boss\idle\PNG\idle_0001.png",".png","True","8","2","0","5,45"
"C:\Users\Marcos\Documents\GitHub\BIGRAT_CENACT\Assets\RecursosUnificados\BranchPedrao\Sprites\Boss\idle\PNG\idle_0002.png",".png","True","8","2","0","6,93"
"C:\Users\Marcos\Documents\GitHub\BIGRAT_CENACT\Assets\RecursosUnificados\BranchPedrao\Sprites\Boss\idle\PNG\idle_0003.png",".png","True","8","2","0","6,58"
"C:\Users\Marcos\Documents\GitHub\BIGRAT_CENACT\Assets\RecursosUnificados\BranchPedrao\Sprites\Boss\idle\PNG\idle_0004.png",".png","True","8","2","0","7,44"
"C:\Users\Marcos\Documents\GitHub\BIGRAT_CENACT\Assets\RecursosUnificados\BranchPedrao\Sprites\Boss\idle\PNG\idle_0005.png",".png","True","8","2","0","6,12"
"C:\Users\Marcos\Documents\GitHub\BIGRAT_CENACT\Assets\RecursosUnificados\BranchPedrao\Sprites\Boss\idle\PNG\idle_0006.png",".png","True","8","2","0","6,12"
"C:\Users\Marcos\Documents\GitHub\BIGRAT_CENACT\Assets\RecursosUnificados\BranchPedrao\Sprites\Boss\idle\PNG\idle_0007.png",".png","True","8","2","0","6,05"
"C:\Users\Marcos\Documents\GitHub\BIGRAT_CENACT\Assets\RecursosUnificados\BranchPedrao\Sprites\Boss\idle\PNG\idle_0008.png",".png","True","8","2","0","6,17"
"C:\Users\Marcos\Documents\GitHub\BIGRAT_CENACT\Assets\RecursosUnificados\BranchPedrao\Sprites\Boss\idle\PNG\idle_0009.png",".png","True","8","2","0","5,96"
"C:\Users\Marcos\Documents\GitHub\BIGRAT_CENACT\Assets\RecursosUnificados\BranchPedrao\Sprites\Boss\idle\PNG\idle_0010.png",".png","True","8","2","0","6,15"
"C:\Users\Marcos\Documents\GitHub\BIGRAT_CENACT\Assets\RecursosUnificados\BranchPedrao\Sprites\Boss\idle\PNG\idle_0011.png",".png","True","8","2","0","5,8"
"C:\Users\Marcos\Documents\GitHub\BIGRAT_CENACT\Assets\RecursosUnificados\BranchPedrao\Sprites\Boss\idle\PNG\idle_0012.png",".png","True","8","2","0","6,12"
"C:\Users\Marcos\Documents\GitHub\BIGRAT_CENACT\Assets\RecursosUnificados\BranchPedrao\Sprites\Boss\idle\PNG\idle_0013.png",".png","True","8","2","0","5,78"
"C:\Users\Marcos\Documents\GitHub\BIGRAT_CENACT\Assets\RecursosUnificados\BranchPedrao\Sprites\Boss\idle\PNG\idle_0014.png",".png","True","8","2","0","6,33"
"C:\Users\Marcos\Documents\GitHub\BIGRAT_CENACT\Assets\RecursosUnificados\BranchPedrao\Sprites\Boss\idle\PNG\idle_0015.png",".png","True","8","2","0","6,42"
"C:\Users\Marcos\Documents\GitHub\BIGRAT_CENACT\Assets\RecursosUnificados\BranchPedrao\Sprites\Boss\idle\PNG\idle_0016.png",".png","True","8","2","0","7,26"
"C:\Users\Marcos\Documents\GitHub\BIGRAT_CENACT\Assets\RecursosUnificados\BranchPedrao\Sprites\Boss\idle\PNG\idle_0017.png",".png","True","8","2","0","6,58"
"C:\Users\Marcos\Documents\GitHub\BIGRAT_CENACT\Assets\RecursosUnificados\BranchPedrao\Sprites\Boss\run\run.gif",".gif","True","8","2","0","43,67"
"C:\Users\Marcos\Documents\GitHub\BIGRAT_CENACT\Assets\RecursosUnificados\BranchPedrao\Sprites\Boss\run\PNG\PNG_0001.png",".png","True","8","2","0","7,28"
"C:\Users\Marcos\Documents\GitHub\BIGRAT_CENACT\Assets\RecursosUnificados\BranchPedrao\Sprites\Boss\run\PNG\PNG_0002.png",".png","True","8","2","0","9,45"
"C:\Users\Marcos\Documents\GitHub\BIGRAT_CENACT\Assets\RecursosUnificados\BranchPedrao\Sprites\Boss\run\PNG\PNG_0003.png",".png","True","8","2","0","8,16"
"C:\Users\Marcos\Documents\GitHub\BIGRAT_CENACT\Assets\RecursosUnificados\BranchPedrao\Sprites\Boss\run\PNG\PNG_0004.png",".png","True","8","2","0","9,24"
"C:\Users\Marcos\Documents\GitHub\BIGRAT_CENACT\Assets\RecursosUnificados\BranchPedrao\Sprites\Boss\run\PNG\PNG_0005.png",".png","True","8","2","0","7,47"
"C:\Users\Marcos\Documents\GitHub\BIGRAT_CENACT\Assets\RecursosUnificados\BranchPedrao\Sprites\Boss\run\PNG\PNG_0006.png",".png","True","8","2","0","8,67"
"C:\Users\Marcos\Documents\GitHub\BIGRAT_CENACT\Assets\RecursosUnificados\BranchPedrao\Sprites\Boss\run\PNG\PNG_0007.png",".png","True","8","2","0","7,39"
"C:\Users\Marcos\Documents\GitHub\BIGRAT_CENACT\Assets\RecursosUnificados\BranchPedrao\Sprites\Boss\run\PNG\PNG_0008.png",".png","True","8","2","0","8,67"
"C:\Users\Marcos\Documents\GitHub\BIGRAT_CENACT\Assets\RecursosUnificados\BranchPedrao\Sprites\Boss\run\PNG\PNG_0009.png",".png","True","8","2","0","7,68"
"C:\Users\Marcos\Documents\GitHub\BIGRAT_CENACT\Assets\RecursosUnificados\BranchPedrao\Sprites\Boss\run\PNG\PNG_0010.png",".png","True","8","2","0","8,58"
"C:\Users\Marcos\Documents\GitHub\BIGRAT_CENACT\Assets\RecursosUnificados\BranchPedrao\Sprites\Boss\run\PNG\PNG_0011.png",".png","True","8","2","0","7,85"
"C:\Users\Marcos\Documents\GitHub\BIGRAT_CENACT\Assets\RecursosUnificados\BranchPedrao\Sprites\Boss\run\PNG\PNG_0012.png",".png","True","8","2","0","9,97"
"C:\Users\Marcos\Documents\GitHub\BIGRAT_CENACT\Assets\RecursosUnificados\BranchPedrao\Sprites\Boss\run\PNG\PNG_0013.png",".png","True","8","2","0","7,22"
"C:\Users\Marcos\Documents\GitHub\BIGRAT_CENACT\Assets\RecursosUnificados\BranchPedrao\Sprites\Boss\run\PREPARAÇÃO\run_0001.png",".png","True","8","2","0","5,44"
"C:\Users\Marcos\Documents\GitHub\BIGRAT_CENACT\Assets\RecursosUnificados\BranchPedrao\Sprites\Boss\run\PREPARAÇÃO\run_0002.png",".png","True","8","2","0","10,04"
"C:\Users\Marcos\Documents\GitHub\BIGRAT_CENACT\Assets\RecursosUnificados\BranchPedrao\Sprites\Boss\run\PREPARAÇÃO\run_0003.png",".png","True","8","2","0","8"
"C:\Users\Marcos\Documents\GitHub\BIGRAT_CENACT\Assets\RecursosUnificados\BranchPedrao\Sprites\Boss\run\PREPARAÇÃO\run_0004.png",".png","True","8","2","0","9,3"
"C:\Users\Marcos\Documents\GitHub\BIGRAT_CENACT\Assets\RecursosUnificados\BranchPedrao\Sprites\Boss\run\PREPARAÇÃO\run_0005.png",".png","True","8","2","0","9,11"
"C:\Users\Marcos\Documents\GitHub\BIGRAT_CENACT\Assets\RecursosUnificados\BranchPedrao\Sprites\Boss\run\PREPARAÇÃO\run_0006.png",".png","True","8","2","0","10,17"
"C:\Users\Marcos\Documents\GitHub\BIGRAT_CENACT\Assets\RecursosUnificados\BranchPedrao\Sprites\Boss\run\PREPARAÇÃO\run_0007.png",".png","True","8","2","0","7,23"
"C:\Users\Marcos\Documents\GitHub\BIGRAT_CENACT\Assets\RecursosUnificados\BranchPedrao\Sprites\Boss\special-attk\special-attk-def.gif",".gif","True","8","2","0","55,49"
"C:\Users\Marcos\Documents\GitHub\BIGRAT_CENACT\Assets\RecursosUnificados\BranchPedrao\Sprites\Boss\special-attk\special-attk_0001.png",".png","True","8","2","0","6,26"
"C:\Users\Marcos\Documents\GitHub\BIGRAT_CENACT\Assets\RecursosUnificados\BranchPedrao\Sprites\Boss\special-attk\special-attk_0002.png",".png","True","8","2","0","13,77"
"C:\Users\Marcos\Documents\GitHub\BIGRAT_CENACT\Assets\RecursosUnificados\BranchPedrao\Sprites\Boss\special-attk\special-attk_0003.png",".png","True","8","2","0","15,56"
"C:\Users\Marcos\Documents\GitHub\BIGRAT_CENACT\Assets\RecursosUnificados\BranchPedrao\Sprites\Boss\special-attk\special-attk_0004.png",".png","True","8","2","0","17,95"
"C:\Users\Marcos\Documents\GitHub\BIGRAT_CENACT\Assets\RecursosUnificados\BranchPedrao\Sprites\Boss\special-attk\special-attk_0005.png",".png","True","8","2","0","14,34"
"C:\Users\Marcos\Documents\GitHub\BIGRAT_CENACT\Assets\RecursosUnificados\BranchPedrao\Sprites\Boss\special-attk\special-attk_0006.png",".png","True","8","2","0","12,39"
"C:\Users\Marcos\Documents\GitHub\BIGRAT_CENACT\Assets\RecursosUnificados\BranchPedrao\Sprites\Boss\special-attk\special-attk_0007.png",".png","True","8","2","0","19,84"
"C:\Users\Marcos\Documents\GitHub\BIGRAT_CENACT\Assets\RecursosUnificados\BranchPedrao\Sprites\Boss\special-attk\special-attk_0008.png",".png","True","8","2","0","18,34"
"C:\Users\Marcos\Documents\GitHub\BIGRAT_CENACT\Assets\RecursosUnificados\BranchPedrao\Sprites\Boss\special-attk\special-attk_0009.png",".png","True","8","2","0","14,01"
"C:\Users\Marcos\Documents\GitHub\BIGRAT_CENACT\Assets\RecursosUnificados\BranchPedrao\Sprites\Boss\walk\walk.gif",".gif","True","8","2","0","43,95"
"C:\Users\Marcos\Documents\GitHub\BIGRAT_CENACT\Assets\RecursosUnificados\BranchPedrao\Sprites\Boss\walk\PNG\PNG_0001.png",".png","True","8","2","0","5,44"
"C:\Users\Marcos\Documents\GitHub\BIGRAT_CENACT\Assets\RecursosUnificados\BranchPedrao\Sprites\Boss\walk\PNG\PNG_0002.png",".png","True","8","2","0","8,14"
"C:\Users\Marcos\Documents\GitHub\BIGRAT_CENACT\Assets\RecursosUnificados\BranchPedrao\Sprites\Boss\walk\PNG\PNG_0003.png",".png","True","8","2","0","6,89"
"C:\Users\Marcos\Documents\GitHub\BIGRAT_CENACT\Assets\RecursosUnificados\BranchPedrao\Sprites\Boss\walk\PNG\PNG_0004.png",".png","True","8","2","0","7,67"
"C:\Users\Marcos\Documents\GitHub\BIGRAT_CENACT\Assets\RecursosUnificados\BranchPedrao\Sprites\Boss\walk\PNG\PNG_0005.png",".png","True","8","2","0","6,46"
"C:\Users\Marcos\Documents\GitHub\BIGRAT_CENACT\Assets\RecursosUnificados\BranchPedrao\Sprites\Boss\walk\PNG\PNG_0006.png",".png","True","8","2","0","7,74"
"C:\Users\Marcos\Documents\GitHub\BIGRAT_CENACT\Assets\RecursosUnificados\BranchPedrao\Sprites\Boss\walk\PNG\PNG_0007.png",".png","True","8","2","0","6,55"
"C:\Users\Marcos\Documents\GitHub\BIGRAT_CENACT\Assets\RecursosUnificados\BranchPedrao\Sprites\Boss\walk\PNG\PNG_0008.png",".png","True","8","2","0","7,45"
"C:\Users\Marcos\Documents\GitHub\BIGRAT_CENACT\Assets\RecursosUnificados\BranchPedrao\Sprites\Boss\walk\PNG\PNG_0009.png",".png","True","8","2","0","6,53"
"C:\Users\Marcos\Documents\GitHub\BIGRAT_CENACT\Assets\RecursosUnificados\BranchPedrao\Sprites\Boss\walk\PNG\PNG_0010.png",".png","True","8","2","0","7,73"
"C:\Users\Marcos\Documents\GitHub\BIGRAT_CENACT\Assets\RecursosUnificados\BranchPedrao\Sprites\Boss\walk\PNG\PNG_0011.png",".png","True","8","2","0","6,54"
"C:\Users\Marcos\Documents\GitHub\BIGRAT_CENACT\Assets\RecursosUnificados\BranchPedrao\Sprites\Boss\walk\PNG\PNG_0012.png",".png","True","8","2","0","7,45"
"C:\Users\Marcos\Documents\GitHub\BIGRAT_CENACT\Assets\RecursosUnificados\BranchPedrao\Sprites\Boss\walk\PNG\PNG_0013.png",".png","True","8","2","0","6,57"
"C:\Users\Marcos\Documents\GitHub\BIGRAT_CENACT\Assets\RecursosUnificados\BranchPedrao\Sprites\Player 1\Ataque\ATTK-1\attack-1_0001.png",".png","True","8","2","0","5,7"
"C:\Users\Marcos\Documents\GitHub\BIGRAT_CENACT\Assets\RecursosUnificados\BranchPedrao\Sprites\Player 1\Ataque\ATTK-1\attack-1_0002.png",".png","True","8","2","0","6,75"
"C:\Users\Marcos\Documents\GitHub\BIGRAT_CENACT\Assets\RecursosUnificados\BranchPedrao\Sprites\Player 1\Ataque\ATTK-1\attack-1_0003.png",".png","True","8","2","0","6,88"
"C:\Users\Marcos\Documents\GitHub\BIGRAT_CENACT\Assets\RecursosUnificados\BranchPedrao\Sprites\Player 1\Ataque\ATTK-1\attack-1_0004.png",".png","True","8","2","0","7,46"
"C:\Users\Marcos\Documents\GitHub\BIGRAT_CENACT\Assets\RecursosUnificados\BranchPedrao\Sprites\Player 1\Ataque\ATTK-1\attack-1_0005.png",".png","True","8","2","0","7,85"
"C:\Users\Marcos\Documents\GitHub\BIGRAT_CENACT\Assets\RecursosUnificados\BranchPedrao\Sprites\Player 1\Ataque\ATTK-1\attack-1_0006.png",".png","True","8","2","0","10,21"
"C:\Users\Marcos\Documents\GitHub\BIGRAT_CENACT\Assets\RecursosUnificados\BranchPedrao\Sprites\Player 1\Ataque\ATTK-1\attack-1_0007.png",".png","True","8","2","0","8,65"
"C:\Users\Marcos\Documents\GitHub\BIGRAT_CENACT\Assets\RecursosUnificados\BranchPedrao\Sprites\Player 1\Ataque\ATTK-2\ATTK-2_0001.png",".png","True","8","2","0","7,44"
"C:\Users\Marcos\Documents\GitHub\BIGRAT_CENACT\Assets\RecursosUnificados\BranchPedrao\Sprites\Player 1\Ataque\ATTK-2\ATTK-2_0002.png",".png","True","8","2","0","9,06"
"C:\Users\Marcos\Documents\GitHub\BIGRAT_CENACT\Assets\RecursosUnificados\BranchPedrao\Sprites\Player 1\Ataque\ATTK-2\ATTK-2_0003.png",".png","True","8","2","0","6,89"
"C:\Users\Marcos\Documents\GitHub\BIGRAT_CENACT\Assets\RecursosUnificados\BranchPedrao\Sprites\Player 1\Ataque\ATTK-2\ATTK-2_0004.png",".png","True","8","2","0","8,08"
"C:\Users\Marcos\Documents\GitHub\BIGRAT_CENACT\Assets\RecursosUnificados\BranchPedrao\Sprites\Player 1\Ataque\ATTK-2\ATTK-2_0005.png",".png","True","8","2","0","6,31"
"C:\Users\Marcos\Documents\GitHub\BIGRAT_CENACT\Assets\RecursosUnificados\BranchPedrao\Sprites\Player 1\Ataque\ATTK-2\ATTK-2_0006.png",".png","True","8","2","0","4,97"
"C:\Users\Marcos\Documents\GitHub\BIGRAT_CENACT\Assets\RecursosUnificados\BranchPedrao\Sprites\Player 1\Ataque\ATTK-2\ATTK-2_0007.png",".png","True","8","2","0","4,67"
"C:\Users\Marcos\Documents\GitHub\BIGRAT_CENACT\Assets\RecursosUnificados\BranchPedrao\Sprites\Player 1\Ataque\ATTK-3\ATTK-3_0001.png",".png","True","8","2","0","4,96"
"C:\Users\Marcos\Documents\GitHub\BIGRAT_CENACT\Assets\RecursosUnificados\BranchPedrao\Sprites\Player 1\Ataque\ATTK-3\ATTK-3_0002.png",".png","True","8","2","0","4,74"
"C:\Users\Marcos\Documents\GitHub\BIGRAT_CENACT\Assets\RecursosUnificados\BranchPedrao\Sprites\Player 1\Ataque\ATTK-3\ATTK-3_0003.png",".png","True","8","2","0","4,26"
"C:\Users\Marcos\Documents\GitHub\BIGRAT_CENACT\Assets\RecursosUnificados\BranchPedrao\Sprites\Player 1\Ataque\ATTK-3\ATTK-3_0004.png",".png","True","8","2","0","4,95"
"C:\Users\Marcos\Documents\GitHub\BIGRAT_CENACT\Assets\RecursosUnificados\BranchPedrao\Sprites\Player 1\Ataque\ATTK-3\ATTK-3_0005.png",".png","True","8","2","0","7,43"
"C:\Users\Marcos\Documents\GitHub\BIGRAT_CENACT\Assets\RecursosUnificados\BranchPedrao\Sprites\Player 1\Ataque\ATTK-3\ATTK-3_0006.png",".png","True","8","2","0","9,22"
"C:\Users\Marcos\Documents\GitHub\BIGRAT_CENACT\Assets\RecursosUnificados\BranchPedrao\Sprites\Player 1\Ataque\ATTK-3\ATTK-3_0007.png",".png","True","8","2","0","7,74"
"C:\Users\Marcos\Documents\GitHub\BIGRAT_CENACT\Assets\RecursosUnificados\BranchPedrao\Sprites\Player 1\Ataque\JUMP-ATTK\PNG_0001.png",".png","True","8","2","0","6,08"
"C:\Users\Marcos\Documents\GitHub\BIGRAT_CENACT\Assets\RecursosUnificados\BranchPedrao\Sprites\Player 1\Ataque\JUMP-ATTK\PNG_0002.png",".png","True","8","2","0","7,95"
"C:\Users\Marcos\Documents\GitHub\BIGRAT_CENACT\Assets\RecursosUnificados\BranchPedrao\Sprites\Player 1\Ataque\JUMP-ATTK\PNG_0003.png",".png","True","8","2","0","7"
"C:\Users\Marcos\Documents\GitHub\BIGRAT_CENACT\Assets\RecursosUnificados\BranchPedrao\Sprites\Player 1\Ataque\JUMP-ATTK\PNG_0004.png",".png","True","8","2","0","8,38"
"C:\Users\Marcos\Documents\GitHub\BIGRAT_CENACT\Assets\RecursosUnificados\BranchPedrao\Sprites\Player 1\Ataque\JUMP-ATTK\PNG_0005.png",".png","True","8","2","0","9,96"
"C:\Users\Marcos\Documents\GitHub\BIGRAT_CENACT\Assets\RecursosUnificados\BranchPedrao\Sprites\Player 1\Ataque\JUMP-ATTK\PNG_0006.png",".png","True","8","2","0","11,95"
"C:\Users\Marcos\Documents\GitHub\BIGRAT_CENACT\Assets\RecursosUnificados\BranchPedrao\Sprites\Player 1\Ataque\JUMP-ATTK\PNG_0007.png",".png","True","8","2","0","9,73"
"C:\Users\Marcos\Documents\GitHub\BIGRAT_CENACT\Assets\RecursosUnificados\BranchPedrao\Sprites\Player 1\dash\animação inacabada do dash.gif",".gif","True","8","2","0","31,4"
"C:\Users\Marcos\Documents\GitHub\BIGRAT_CENACT\Assets\RecursosUnificados\BranchPedrao\Sprites\Player 1\dash\PNG\dash_0001.png",".png","True","8","2","0","6,48"
"C:\Users\Marcos\Documents\GitHub\BIGRAT_CENACT\Assets\RecursosUnificados\BranchPedrao\Sprites\Player 1\dash\PNG\dash_0002.png",".png","True","8","2","0","6,02"
"C:\Users\Marcos\Documents\GitHub\BIGRAT_CENACT\Assets\RecursosUnificados\BranchPedrao\Sprites\Player 1\dash\PNG\dash_0003.png",".png","True","8","2","0","5,64"
"C:\Users\Marcos\Documents\GitHub\BIGRAT_CENACT\Assets\RecursosUnificados\BranchPedrao\Sprites\Player 1\dash\PNG\dash_0004.png",".png","True","8","2","0","5,72"
"C:\Users\Marcos\Documents\GitHub\BIGRAT_CENACT\Assets\RecursosUnificados\BranchPedrao\Sprites\Player 1\dash\PNG\dash_0005.png",".png","True","8","2","0","5,3"
"C:\Users\Marcos\Documents\GitHub\BIGRAT_CENACT\Assets\RecursosUnificados\BranchPedrao\Sprites\Player 1\dash\PNG\dash_0006.png",".png","True","8","2","0","5,28"
"C:\Users\Marcos\Documents\GitHub\BIGRAT_CENACT\Assets\RecursosUnificados\BranchPedrao\Sprites\Player 1\dash\PNG\dash_0007.png",".png","True","8","2","0","5,35"
"C:\Users\Marcos\Documents\GitHub\BIGRAT_CENACT\Assets\RecursosUnificados\BranchPedrao\Sprites\Player 1\dash\PNG\dash_0008.png",".png","True","8","2","0","5,33"
"C:\Users\Marcos\Documents\GitHub\BIGRAT_CENACT\Assets\RecursosUnificados\BranchPedrao\Sprites\Player 1\dash\PNG\dash_0009.png",".png","True","8","2","0","5,28"
"C:\Users\Marcos\Documents\GitHub\BIGRAT_CENACT\Assets\RecursosUnificados\BranchPedrao\Sprites\Player 1\dash\PNG\dash_0010.png",".png","True","8","2","0","5,96"
"C:\Users\Marcos\Documents\GitHub\BIGRAT_CENACT\Assets\RecursosUnificados\BranchPedrao\Sprites\Player 1\dash\PNG\dash_0011.png",".png","True","8","2","0","5,79"
"C:\Users\Marcos\Documents\GitHub\BIGRAT_CENACT\Assets\RecursosUnificados\BranchPedrao\Sprites\Player 1\dash\PNG\dash_0012.png",".png","True","8","2","0","6,56"
"C:\Users\Marcos\Documents\GitHub\BIGRAT_CENACT\Assets\RecursosUnificados\BranchPedrao\Sprites\Player 1\dash\PNG\dash_0013.png",".png","True","8","2","0","6,03"
"C:\Users\Marcos\Documents\GitHub\BIGRAT_CENACT\Assets\RecursosUnificados\BranchPedrao\Sprites\Player 1\dead\dead_0001.png",".png","True","8","2","0","7,38"
"C:\Users\Marcos\Documents\GitHub\BIGRAT_CENACT\Assets\RecursosUnificados\BranchPedrao\Sprites\Player 1\dead\dead_0002.png",".png","True","8","2","0","6,74"
"C:\Users\Marcos\Documents\GitHub\BIGRAT_CENACT\Assets\RecursosUnificados\BranchPedrao\Sprites\Player 1\dead\dead_0003.png",".png","True","8","2","0","6,94"
"C:\Users\Marcos\Documents\GitHub\BIGRAT_CENACT\Assets\RecursosUnificados\BranchPedrao\Sprites\Player 1\dead\dead_0004.png",".png","True","8","2","0","4,88"
"C:\Users\Marcos\Documents\GitHub\BIGRAT_CENACT\Assets\RecursosUnificados\BranchPedrao\Sprites\Player 1\dead\dead_0005.png",".png","True","8","2","0","4,29"
"C:\Users\Marcos\Documents\GitHub\BIGRAT_CENACT\Assets\RecursosUnificados\BranchPedrao\Sprites\Player 1\dead\dead_0006.png",".png","True","8","2","0","3,82"
"C:\Users\Marcos\Documents\GitHub\BIGRAT_CENACT\Assets\RecursosUnificados\BranchPedrao\Sprites\Player 1\DMG-animation\DMG-animation_0001.png",".png","True","8","2","0","11,37"
"C:\Users\Marcos\Documents\GitHub\BIGRAT_CENACT\Assets\RecursosUnificados\BranchPedrao\Sprites\Player 1\DMG-animation\DMG-animation_0002.png",".png","True","8","2","0","8"
"C:\Users\Marcos\Documents\GitHub\BIGRAT_CENACT\Assets\RecursosUnificados\BranchPedrao\Sprites\Player 1\DMG-animation\DMG-animation_0003.png",".png","True","8","2","0","7,43"
"C:\Users\Marcos\Documents\GitHub\BIGRAT_CENACT\Assets\RecursosUnificados\BranchPedrao\Sprites\Player 1\DMG-animation\DMG-animation_0004.png",".png","True","8","2","0","11,18"
"C:\Users\Marcos\Documents\GitHub\BIGRAT_CENACT\Assets\RecursosUnificados\BranchPedrao\Sprites\Player 1\DMG-animation\DMG-animation_0005.png",".png","True","8","2","0","10,65"
"C:\Users\Marcos\Documents\GitHub\BIGRAT_CENACT\Assets\RecursosUnificados\BranchPedrao\Sprites\Player 1\idle\idle.gif",".gif","True","8","2","0","23,49"
"C:\Users\Marcos\Documents\GitHub\BIGRAT_CENACT\Assets\RecursosUnificados\BranchPedrao\Sprites\Player 1\idle\idle1.gif",".gif","True","8","2","0","23,49"
"C:\Users\Marcos\Documents\GitHub\BIGRAT_CENACT\Assets\RecursosUnificados\BranchPedrao\Sprites\Player 1\idle\idle1.png",".png","True","8","2","0","5,27"
"C:\Users\Marcos\Documents\GitHub\BIGRAT_CENACT\Assets\RecursosUnificados\BranchPedrao\Sprites\Player 1\idle\idle2.png",".png","True","8","2","0","6,53"
"C:\Users\Marcos\Documents\GitHub\BIGRAT_CENACT\Assets\RecursosUnificados\BranchPedrao\Sprites\Player 1\idle\idle3.png",".png","True","8","2","0","5,83"
"C:\Users\Marcos\Documents\GitHub\BIGRAT_CENACT\Assets\RecursosUnificados\BranchPedrao\Sprites\Player 1\idle\idle4.png",".png","True","8","2","0","6,64"
"C:\Users\Marcos\Documents\GitHub\BIGRAT_CENACT\Assets\RecursosUnificados\BranchPedrao\Sprites\Player 1\idle\idle5.png",".png","True","8","2","0","5,97"
"C:\Users\Marcos\Documents\GitHub\BIGRAT_CENACT\Assets\RecursosUnificados\BranchPedrao\Sprites\Player 1\idle\idle6.png",".png","True","8","2","0","6,52"
"C:\Users\Marcos\Documents\GitHub\BIGRAT_CENACT\Assets\RecursosUnificados\BranchPedrao\Sprites\Player 1\idle\idle7.png",".png","True","8","2","0","5,86"
"C:\Users\Marcos\Documents\GitHub\BIGRAT_CENACT\Assets\RecursosUnificados\BranchPedrao\Sprites\Player 1\idle\idle8.png",".png","True","8","2","0","6,38"
"C:\Users\Marcos\Documents\GitHub\BIGRAT_CENACT\Assets\RecursosUnificados\BranchPedrao\Sprites\Player 1\idle\idle9.png",".png","True","8","2","0","5,53"
"C:\Users\Marcos\Documents\GitHub\BIGRAT_CENACT\Assets\RecursosUnificados\BranchPedrao\Sprites\Player 1\idle\init-fix.png",".png","True","8","2","0","5,38"
"C:\Users\Marcos\Documents\GitHub\BIGRAT_CENACT\Assets\RecursosUnificados\BranchPedrao\Sprites\Player 1\idle\init.png",".png","True","8","2","0","5,76"
"C:\Users\Marcos\Documents\GitHub\BIGRAT_CENACT\Assets\RecursosUnificados\BranchPedrao\Sprites\Player 1\jump-(pode ser trocado com o tempo)\jump(menos ruim).gif",".gif","True","8","2","0","36,94"
"C:\Users\Marcos\Documents\GitHub\BIGRAT_CENACT\Assets\RecursosUnificados\BranchPedrao\Sprites\Player 1\jump-(pode ser trocado com o tempo)\opção2.gif",".gif","True","8","2","0","37,27"
"C:\Users\Marcos\Documents\GitHub\BIGRAT_CENACT\Assets\RecursosUnificados\BranchPedrao\Sprites\Player 1\jump-(pode ser trocado com o tempo)\prop-jump.gif",".gif","True","8","2","0","47,19"
"C:\Users\Marcos\Documents\GitHub\BIGRAT_CENACT\Assets\RecursosUnificados\BranchPedrao\Sprites\Player 1\jump-(pode ser trocado com o tempo)\PNGS\PNGS_0001.png",".png","True","8","2","0","5,27"
"C:\Users\Marcos\Documents\GitHub\BIGRAT_CENACT\Assets\RecursosUnificados\BranchPedrao\Sprites\Player 1\jump-(pode ser trocado com o tempo)\PNGS\PNGS_0002.png",".png","True","8","2","0","6,83"
"C:\Users\Marcos\Documents\GitHub\BIGRAT_CENACT\Assets\RecursosUnificados\BranchPedrao\Sprites\Player 1\jump-(pode ser trocado com o tempo)\PNGS\PNGS_0003.png",".png","True","8","2","0","6,07"
"C:\Users\Marcos\Documents\GitHub\BIGRAT_CENACT\Assets\RecursosUnificados\BranchPedrao\Sprites\Player 1\jump-(pode ser trocado com o tempo)\PNGS\PNGS_0004.png",".png","True","8","2","0","6,65"
"C:\Users\Marcos\Documents\GitHub\BIGRAT_CENACT\Assets\RecursosUnificados\BranchPedrao\Sprites\Player 1\jump-(pode ser trocado com o tempo)\PNGS\PNGS_0005.png",".png","True","8","2","0","5,96"
"C:\Users\Marcos\Documents\GitHub\BIGRAT_CENACT\Assets\RecursosUnificados\BranchPedrao\Sprites\Player 1\jump-(pode ser trocado com o tempo)\PNGS\PNGS_0006.png",".png","True","8","2","0","6,69"
"C:\Users\Marcos\Documents\GitHub\BIGRAT_CENACT\Assets\RecursosUnificados\BranchPedrao\Sprites\Player 1\jump-(pode ser trocado com o tempo)\PNGS\PNGS_0007.png",".png","True","8","2","0","6,1"
"C:\Users\Marcos\Documents\GitHub\BIGRAT_CENACT\Assets\RecursosUnificados\BranchPedrao\Sprites\Player 1\jump-(pode ser trocado com o tempo)\PNGS\PNGS_0008.png",".png","True","8","2","0","6,83"
"C:\Users\Marcos\Documents\GitHub\BIGRAT_CENACT\Assets\RecursosUnificados\BranchPedrao\Sprites\Player 1\jump-(pode ser trocado com o tempo)\PNGS\PNGS_0009.png",".png","True","8","2","0","5,88"
"C:\Users\Marcos\Documents\GitHub\BIGRAT_CENACT\Assets\RecursosUnificados\BranchPedrao\Sprites\Player 1\jump-(pode ser trocado com o tempo)\PNGS\PNGS_0010.png",".png","True","8","2","0","6,13"
"C:\Users\Marcos\Documents\GitHub\BIGRAT_CENACT\Assets\RecursosUnificados\BranchPedrao\Sprites\Player 1\jump-(pode ser trocado com o tempo)\PNGS\PNGS_0011.png",".png","True","8","2","0","5,64"
"C:\Users\Marcos\Documents\GitHub\BIGRAT_CENACT\Assets\RecursosUnificados\BranchPedrao\Sprites\Player 1\jump-(pode ser trocado com o tempo)\PNGS\PNGS_0012.png",".png","True","8","2","0","6,52"
"C:\Users\Marcos\Documents\GitHub\BIGRAT_CENACT\Assets\RecursosUnificados\BranchPedrao\Sprites\Player 1\jump-(pode ser trocado com o tempo)\PNGS\PNGS_0013.png",".png","True","8","2","0","6,07"
"C:\Users\Marcos\Documents\GitHub\BIGRAT_CENACT\Assets\RecursosUnificados\BranchPedrao\Sprites\Player 1\jump-plataforma\jump-plataforma_0001.png",".png","True","8","2","0","4,97"
"C:\Users\Marcos\Documents\GitHub\BIGRAT_CENACT\Assets\RecursosUnificados\BranchPedrao\Sprites\Player 1\jump-plataforma\jump-plataforma_0002.png",".png","True","8","2","0","5,6"
"C:\Users\Marcos\Documents\GitHub\BIGRAT_CENACT\Assets\RecursosUnificados\BranchPedrao\Sprites\Player 1\jump-plataforma\jump-plataforma_0003.png",".png","True","8","2","0","5,19"
"C:\Users\Marcos\Documents\GitHub\BIGRAT_CENACT\Assets\RecursosUnificados\BranchPedrao\Sprites\Player 1\jump-plataforma\jump-plataforma_0004.png",".png","True","8","2","0","5,95"
"C:\Users\Marcos\Documents\GitHub\BIGRAT_CENACT\Assets\RecursosUnificados\BranchPedrao\Sprites\Player 1\jump-plataforma\jump-plataforma_0005.png",".png","True","8","2","0","5,33"
"C:\Users\Marcos\Documents\GitHub\BIGRAT_CENACT\Assets\RecursosUnificados\BranchPedrao\Sprites\Player 1\jump-plataforma\jump-plataforma_0006.png",".png","True","8","2","0","6,53"
"C:\Users\Marcos\Documents\GitHub\BIGRAT_CENACT\Assets\RecursosUnificados\BranchPedrao\Sprites\Player 1\jump-plataforma\jump-plataforma_0007.png",".png","True","8","2","0","7,39"
"C:\Users\Marcos\Documents\GitHub\BIGRAT_CENACT\Assets\RecursosUnificados\BranchPedrao\Sprites\Player 1\jump-plataforma\jump-plataforma_0008.png",".png","True","8","2","0","8,9"
"C:\Users\Marcos\Documents\GitHub\BIGRAT_CENACT\Assets\RecursosUnificados\BranchPedrao\Sprites\Player 1\jump-plataforma\jump-plataforma_0009.png",".png","True","8","2","0","5,43"
"C:\Users\Marcos\Documents\GitHub\BIGRAT_CENACT\Assets\RecursosUnificados\BranchPedrao\Sprites\Player 1\prop\pixellab-anima--o-de-dash--part-culas-d-1776644095409.gif",".gif","True","8","2","0","6,92"
"C:\Users\Marcos\Documents\GitHub\BIGRAT_CENACT\Assets\RecursosUnificados\BranchPedrao\Sprites\Player 1\prop\pixellab-make-it-be-the-last-frame-of-t-1776633168244.png",".png","True","8","2","0","10,95"
"C:\Users\Marcos\Documents\GitHub\BIGRAT_CENACT\Assets\RecursosUnificados\BranchPedrao\Sprites\Player 1\prop\pixellab-make-it-be-the-last-frame-of-t-1776633537342.png",".png","True","8","2","0","7,72"
"C:\Users\Marcos\Documents\GitHub\BIGRAT_CENACT\Assets\RecursosUnificados\BranchPedrao\Sprites\Player 1\prop\pixellab-The-hooded-figure-shifts-their-1776643828722 (1).gif",".gif","True","8","2","0","31,4"
"C:\Users\Marcos\Documents\GitHub\BIGRAT_CENACT\Assets\RecursosUnificados\BranchPedrao\Sprites\Player 1\prop\start-attk.png",".png","True","8","2","0","6,63"
"C:\Users\Marcos\Documents\GitHub\BIGRAT_CENACT\Assets\RecursosUnificados\BranchPedrao\Sprites\Player 1\run\run-loop.gif",".gif","True","8","2","0","35,97"
"C:\Users\Marcos\Documents\GitHub\BIGRAT_CENACT\Assets\RecursosUnificados\BranchPedrao\Sprites\Player 1\run\png\pixellab-The-hooded-figure-shifts-their-1776630699897_0001.png",".png","True","8","2","0","6,14"
"C:\Users\Marcos\Documents\GitHub\BIGRAT_CENACT\Assets\RecursosUnificados\BranchPedrao\Sprites\Player 1\run\png\pixellab-The-hooded-figure-shifts-their-1776630699897_0002.png",".png","True","8","2","0","6,42"
"C:\Users\Marcos\Documents\GitHub\BIGRAT_CENACT\Assets\RecursosUnificados\BranchPedrao\Sprites\Player 1\run\png\pixellab-The-hooded-figure-shifts-their-1776630699897_0003.png",".png","True","8","2","0","5,89"
"C:\Users\Marcos\Documents\GitHub\BIGRAT_CENACT\Assets\RecursosUnificados\BranchPedrao\Sprites\Player 1\run\png\pixellab-The-hooded-figure-shifts-their-1776630699897_0004.png",".png","True","8","2","0","6,59"
"C:\Users\Marcos\Documents\GitHub\BIGRAT_CENACT\Assets\RecursosUnificados\BranchPedrao\Sprites\Player 1\run\png\pixellab-The-hooded-figure-shifts-their-1776630699897_0005.png",".png","True","8","2","0","6,31"
"C:\Users\Marcos\Documents\GitHub\BIGRAT_CENACT\Assets\RecursosUnificados\BranchPedrao\Sprites\Player 1\run\png\pixellab-The-hooded-figure-shifts-their-1776630699897_0006.png",".png","True","8","2","0","6,79"
"C:\Users\Marcos\Documents\GitHub\BIGRAT_CENACT\Assets\RecursosUnificados\BranchPedrao\Sprites\Player 1\run\png\pixellab-The-hooded-figure-shifts-their-1776630699897_0007.png",".png","True","8","2","0","6,05"
"C:\Users\Marcos\Documents\GitHub\BIGRAT_CENACT\Assets\RecursosUnificados\BranchPedrao\Sprites\Player 1\run\png\pixellab-The-hooded-figure-shifts-their-1776630699897_0008.png",".png","True","8","2","0","6,46"
"C:\Users\Marcos\Documents\GitHub\BIGRAT_CENACT\Assets\RecursosUnificados\BranchPedrao\Sprites\Player 1\run\png\pixellab-The-hooded-figure-shifts-their-1776630699897_0009.png",".png","True","8","2","0","5,75"
"C:\Users\Marcos\Documents\GitHub\BIGRAT_CENACT\Assets\RecursosUnificados\BranchPedrao\Sprites\Player 1\run\png\pixellab-The-hooded-figure-shifts-their-1776630699897_0010.png",".png","True","8","2","0","6,41"
"C:\Users\Marcos\Documents\GitHub\BIGRAT_CENACT\Assets\RecursosUnificados\BranchPedrao\Sprites\Player 1\run\png\pixellab-The-hooded-figure-shifts-their-1776630699897_0011.png",".png","True","8","2","0","6,22"
"C:\Users\Marcos\Documents\GitHub\BIGRAT_CENACT\Assets\RecursosUnificados\BranchPedrao\Sprites\Player 1\run\png\pixellab-The-hooded-figure-shifts-their-1776630699897_0012.png",".png","True","8","2","0","7,08"
"C:\Users\Marcos\Documents\GitHub\BIGRAT_CENACT\Assets\RecursosUnificados\BranchPedrao\Sprites\Player 1\run\png\pixellab-The-hooded-figure-shifts-their-1776630699897_0013.png",".png","True","8","2","0","6,13"
"C:\Users\Marcos\Documents\GitHub\BIGRAT_CENACT\Assets\RecursosUnificados\BranchPedrao\Sprites\Player 1\troca-de-lado\troca-de-lado.gif",".gif","True","8","2","0","28,88"
"C:\Users\Marcos\Documents\GitHub\BIGRAT_CENACT\Assets\RecursosUnificados\BranchPedrao\Sprites\Player 1\troca-de-lado\PNG\troca-de-lado_0001.png",".png","True","8","2","0","5,27"
"C:\Users\Marcos\Documents\GitHub\BIGRAT_CENACT\Assets\RecursosUnificados\BranchPedrao\Sprites\Player 1\troca-de-lado\PNG\troca-de-lado_0002.png",".png","True","8","2","0","6,59"
"C:\Users\Marcos\Documents\GitHub\BIGRAT_CENACT\Assets\RecursosUnificados\BranchPedrao\Sprites\Player 1\troca-de-lado\PNG\troca-de-lado_0003.png",".png","True","8","2","0","5,87"
"C:\Users\Marcos\Documents\GitHub\BIGRAT_CENACT\Assets\RecursosUnificados\BranchPedrao\Sprites\Player 1\troca-de-lado\PNG\troca-de-lado_0004.png",".png","True","8","2","0","5,98"
"C:\Users\Marcos\Documents\GitHub\BIGRAT_CENACT\Assets\RecursosUnificados\BranchPedrao\Sprites\Player 1\troca-de-lado\PNG\troca-de-lado_0005.png",".png","True","8","2","0","4,69"
"C:\Users\Marcos\Documents\GitHub\BIGRAT_CENACT\Assets\RecursosUnificados\BranchPedrao\Sprites\Player 1\troca-de-lado\PNG\troca-de-lado_0006.png",".png","True","8","2","0","5,28"
"C:\Users\Marcos\Documents\GitHub\BIGRAT_CENACT\Assets\RecursosUnificados\BranchPedrao\Sprites\Player 1\troca-de-lado\PNG\troca-de-lado_0007.png",".png","True","8","2","0","5,14"
"C:\Users\Marcos\Documents\GitHub\BIGRAT_CENACT\Assets\RecursosUnificados\BranchPedrao\Sprites\Player 1\troca-de-lado\PNG\troca-de-lado_0008.png",".png","True","8","2","0","6,03"
"C:\Users\Marcos\Documents\GitHub\BIGRAT_CENACT\Assets\RecursosUnificados\BranchPedrao\Sprites\Player 1\troca-de-lado\PNG\troca-de-lado_0009.png",".png","True","8","2","0","5,8"
"C:\Users\Marcos\Documents\GitHub\BIGRAT_CENACT\Assets\RecursosUnificados\BranchPedrao\Sprites\Player 1\troca-de-lado\PNG\troca-de-lado_0010.png",".png","True","8","2","0","6,88"
"C:\Users\Marcos\Documents\GitHub\BIGRAT_CENACT\Assets\RecursosUnificados\BranchPedrao\Sprites\Player 1\troca-de-lado\PNG\troca-de-lado_0011.png",".png","True","8","2","0","5,43"
"C:\Users\Marcos\Documents\GitHub\BIGRAT_CENACT\Assets\RecursosUnificados\BranchPedrao\Sprites\Player 1\walk\def-walk.gif",".gif","True","8","2","0","39,76"
"C:\Users\Marcos\Documents\GitHub\BIGRAT_CENACT\Assets\RecursosUnificados\BranchPedrao\Sprites\Player 1\walk\def-walk_0001.png",".png","True","8","2","0","7,05"
"C:\Users\Marcos\Documents\GitHub\BIGRAT_CENACT\Assets\RecursosUnificados\BranchPedrao\Sprites\Player 1\walk\def-walk_0002.png",".png","True","8","2","0","7,02"
"C:\Users\Marcos\Documents\GitHub\BIGRAT_CENACT\Assets\RecursosUnificados\BranchPedrao\Sprites\Player 1\walk\def-walk_0003.png",".png","True","8","2","0","6,71"
"C:\Users\Marcos\Documents\GitHub\BIGRAT_CENACT\Assets\RecursosUnificados\BranchPedrao\Sprites\Player 1\walk\def-walk_0004.png",".png","True","8","2","0","7,55"
"C:\Users\Marcos\Documents\GitHub\BIGRAT_CENACT\Assets\RecursosUnificados\BranchPedrao\Sprites\Player 1\walk\def-walk_0005.png",".png","True","8","2","0","6,76"
"C:\Users\Marcos\Documents\GitHub\BIGRAT_CENACT\Assets\RecursosUnificados\BranchPedrao\Sprites\Player 1\walk\def-walk_0006.png",".png","True","8","2","0","7,28"
"C:\Users\Marcos\Documents\GitHub\BIGRAT_CENACT\Assets\RecursosUnificados\BranchPedrao\Sprites\Player 1\walk\def-walk_0007.png",".png","True","8","2","0","6,82"
"C:\Users\Marcos\Documents\GitHub\BIGRAT_CENACT\Assets\RecursosUnificados\BranchPedrao\Sprites\Player 1\walk\def-walk_0008.png",".png","True","8","2","0","7,09"
"C:\Users\Marcos\Documents\GitHub\BIGRAT_CENACT\Assets\RecursosUnificados\BranchPedrao\Sprites\Player 1\walk\def-walk_0009.png",".png","True","8","2","0","6,65"
"C:\Users\Marcos\Documents\GitHub\BIGRAT_CENACT\Assets\RecursosUnificados\BranchPedrao\Sprites\Player 1\walk\def-walk_0010.png",".png","True","8","2","0","7,64"
"C:\Users\Marcos\Documents\GitHub\BIGRAT_CENACT\Assets\RecursosUnificados\BranchPedrao\Sprites\Player 1\walk\def-walk_0011.png",".png","True","8","2","0","7,23"
"C:\Users\Marcos\Documents\GitHub\BIGRAT_CENACT\Assets\RecursosUnificados\BranchPedrao\Sprites\Player 1\walk\def-walk_0012.png",".png","True","8","2","0","7,47"
"C:\Users\Marcos\Documents\GitHub\BIGRAT_CENACT\Assets\RecursosUnificados\BranchPedrao\Sprites\Player 1\walk\def-walk_0013.png",".png","True","8","2","0","7"
"C:\Users\Marcos\Documents\GitHub\BIGRAT_CENACT\Assets\RecursosUnificados\BranchPedrao\Sprites\Player 1\walk\start-walk.gif",".gif","True","8","2","0","36,13"
"C:\Users\Marcos\Documents\GitHub\BIGRAT_CENACT\Assets\RecursosUnificados\BranchPedrao\Sprites\Player 1\walk\png\def-walk_0001.png",".png","True","8","2","0","7,05"
"C:\Users\Marcos\Documents\GitHub\BIGRAT_CENACT\Assets\RecursosUnificados\BranchPedrao\Sprites\Player 1\walk\png\def-walk_0002.png",".png","True","8","2","0","7,02"
"C:\Users\Marcos\Documents\GitHub\BIGRAT_CENACT\Assets\RecursosUnificados\BranchPedrao\Sprites\Player 1\walk\png\def-walk_0003.png",".png","True","8","2","0","6,71"
"C:\Users\Marcos\Documents\GitHub\BIGRAT_CENACT\Assets\RecursosUnificados\BranchPedrao\Sprites\Player 1\walk\png\def-walk_0004.png",".png","True","8","2","0","7,55"
"C:\Users\Marcos\Documents\GitHub\BIGRAT_CENACT\Assets\RecursosUnificados\BranchPedrao\Sprites\Player 1\walk\png\def-walk_0005.png",".png","True","8","2","0","6,76"
"C:\Users\Marcos\Documents\GitHub\BIGRAT_CENACT\Assets\RecursosUnificados\BranchPedrao\Sprites\Player 1\walk\png\def-walk_0006.png",".png","True","8","2","0","7,28"
"C:\Users\Marcos\Documents\GitHub\BIGRAT_CENACT\Assets\RecursosUnificados\BranchPedrao\Sprites\Player 1\walk\png\def-walk_0007.png",".png","True","8","2","0","6,82"
"C:\Users\Marcos\Documents\GitHub\BIGRAT_CENACT\Assets\RecursosUnificados\BranchPedrao\Sprites\Player 1\walk\png\def-walk_0008.png",".png","True","8","2","0","7,09"
"C:\Users\Marcos\Documents\GitHub\BIGRAT_CENACT\Assets\RecursosUnificados\BranchPedrao\Sprites\Player 1\walk\png\def-walk_0009.png",".png","True","8","2","0","6,65"
"C:\Users\Marcos\Documents\GitHub\BIGRAT_CENACT\Assets\RecursosUnificados\BranchPedrao\Sprites\Player 1\walk\png\def-walk_0010.png",".png","True","8","2","0","7,64"
"C:\Users\Marcos\Documents\GitHub\BIGRAT_CENACT\Assets\RecursosUnificados\BranchPedrao\Sprites\Player 1\walk\png\def-walk_0011.png",".png","True","8","2","0","7,23"
"C:\Users\Marcos\Documents\GitHub\BIGRAT_CENACT\Assets\RecursosUnificados\BranchPedrao\Sprites\Player 1\walk\png\def-walk_0012.png",".png","True","8","2","0","7,47"
"C:\Users\Marcos\Documents\GitHub\BIGRAT_CENACT\Assets\RecursosUnificados\BranchPedrao\Sprites\Player 1\walk\png\def-walk_0013.png",".png","True","8","2","0","7"
"C:\Users\Marcos\Documents\GitHub\BIGRAT_CENACT\Assets\RecursosUnificados\BranchPedrao\TextMesh Pro\Sprites\EmojiOne.png",".png","True","0","2","0","109,69"
"C:\Users\Marcos\Documents\GitHub\BIGRAT_CENACT\Assets\RecursosUnificados\ChegaComJhon\Sprites\Interface\Multiplayer\difficulty_sprites.png",".png","True","8","2","0","184,7"
"C:\Users\Marcos\Documents\GitHub\BIGRAT_CENACT\Assets\RecursosUnificados\ChegaComJhon\Sprites\Interface\Multiplayer\spr_buttons.png",".png","True","8","2","0","794,84"
"C:\Users\Marcos\Documents\GitHub\BIGRAT_CENACT\Assets\RecursosUnificados\ChegaComJhon\Sprites\Interface\Multiplayer\spr_players.png",".png","True","8","2","0","16,1"
"C:\Users\Marcos\Documents\GitHub\BIGRAT_CENACT\Assets\RecursosUnificados\ChegaComJhon\Sprites\Interface\Multiplayer\spr_rooms_kind.png",".png","True","8","2","0","1052,09"
"C:\Users\Marcos\Documents\GitHub\BIGRAT_CENACT\Assets\RecursosUnificados\ChegaComJhon\Sprites\Interface\Multiplayer\spr_serverhub.png",".png","True","8","2","0","194,37"
"C:\Users\Marcos\Documents\GitHub\BIGRAT_CENACT\Assets\RecursosUnificados\ChegaComJhon\Sprites\Interface\Multiplayer\spr_title.png",".png","True","8","2","0","248,49"
"C:\Users\Marcos\Documents\GitHub\BIGRAT_CENACT\Assets\RecursosUnificados\ChegaComJhon\Sprites\Objetos\Anjo\IDLE\IDLE-MASC.gif",".gif","True","8","2","0","45,07"
"C:\Users\Marcos\Documents\GitHub\BIGRAT_CENACT\Assets\RecursosUnificados\ChegaComJhon\Sprites\Objetos\Anjo\IDLE\IDLE.gif",".gif","True","8","2","0","67,24"
"C:\Users\Marcos\Documents\GitHub\BIGRAT_CENACT\Assets\RecursosUnificados\ChegaComJhon\Sprites\Objetos\Anjo\IDLE\SURGE.gif",".gif","True","8","2","0","60,96"
"C:\Users\Marcos\Documents\GitHub\BIGRAT_CENACT\Assets\RecursosUnificados\ChegaComJhon\Sprites\Objetos\Anjo\IDLE\DISSPAR\dissipar.gif",".gif","True","8","2","0","49,45"
"C:\Users\Marcos\Documents\GitHub\BIGRAT_CENACT\Assets\RecursosUnificados\ChegaComJhon\Sprites\Objetos\Anjo\IDLE\DISSPAR\DISSPAR_0001.png",".png","True","8","2","0","4,16"
"C:\Users\Marcos\Documents\GitHub\BIGRAT_CENACT\Assets\RecursosUnificados\ChegaComJhon\Sprites\Objetos\Anjo\IDLE\DISSPAR\DISSPAR_0002.png",".png","True","8","2","0","5,12"
"C:\Users\Marcos\Documents\GitHub\BIGRAT_CENACT\Assets\RecursosUnificados\ChegaComJhon\Sprites\Objetos\Anjo\IDLE\DISSPAR\DISSPAR_0003.png",".png","True","8","2","0","6,49"
"C:\Users\Marcos\Documents\GitHub\BIGRAT_CENACT\Assets\RecursosUnificados\ChegaComJhon\Sprites\Objetos\Anjo\IDLE\DISSPAR\DISSPAR_0004.png",".png","True","8","2","0","9,41"
"C:\Users\Marcos\Documents\GitHub\BIGRAT_CENACT\Assets\RecursosUnificados\ChegaComJhon\Sprites\Objetos\Anjo\IDLE\DISSPAR\DISSPAR_0005.png",".png","True","8","2","0","8,43"
"C:\Users\Marcos\Documents\GitHub\BIGRAT_CENACT\Assets\RecursosUnificados\ChegaComJhon\Sprites\Objetos\Anjo\IDLE\DISSPAR\DISSPAR_0006.png",".png","True","8","2","0","10,8"
"C:\Users\Marcos\Documents\GitHub\BIGRAT_CENACT\Assets\RecursosUnificados\ChegaComJhon\Sprites\Objetos\Anjo\IDLE\DISSPAR\DISSPAR_0007.png",".png","True","8","2","0","8,51"
"C:\Users\Marcos\Documents\GitHub\BIGRAT_CENACT\Assets\RecursosUnificados\ChegaComJhon\Sprites\Objetos\Anjo\IDLE\DISSPAR\DISSPAR_0008.png",".png","True","8","2","0","11,14"
"C:\Users\Marcos\Documents\GitHub\BIGRAT_CENACT\Assets\RecursosUnificados\ChegaComJhon\Sprites\Objetos\Anjo\IDLE\DISSPAR\DISSPAR_0009.png",".png","True","8","2","0","9,69"
"C:\Users\Marcos\Documents\GitHub\BIGRAT_CENACT\Assets\RecursosUnificados\ChegaComJhon\Sprites\Objetos\Anjo\IDLE\PNG\PNG_0001.png",".png","True","8","2","0","14"
"C:\Users\Marcos\Documents\GitHub\BIGRAT_CENACT\Assets\RecursosUnificados\ChegaComJhon\Sprites\Objetos\Anjo\IDLE\PNG\PNG_0002.png",".png","True","8","2","0","14,64"
"C:\Users\Marcos\Documents\GitHub\BIGRAT_CENACT\Assets\RecursosUnificados\ChegaComJhon\Sprites\Objetos\Anjo\IDLE\PNG\PNG_0003.png",".png","True","8","2","0","14,88"
"C:\Users\Marcos\Documents\GitHub\BIGRAT_CENACT\Assets\RecursosUnificados\ChegaComJhon\Sprites\Objetos\Anjo\IDLE\PNG\PNG_0004.png",".png","True","8","2","0","14,26"
"C:\Users\Marcos\Documents\GitHub\BIGRAT_CENACT\Assets\RecursosUnificados\ChegaComJhon\Sprites\Objetos\Anjo\IDLE\PNG\PNG_0005.png",".png","True","8","2","0","13,71"
"C:\Users\Marcos\Documents\GitHub\BIGRAT_CENACT\Assets\RecursosUnificados\ChegaComJhon\Sprites\Objetos\Anjo\IDLE\PNG\PNG_0006.png",".png","True","8","2","0","14,33"
"C:\Users\Marcos\Documents\GitHub\BIGRAT_CENACT\Assets\RecursosUnificados\ChegaComJhon\Sprites\Objetos\Anjo\IDLE\PNG\PNG_0007.png",".png","True","8","2","0","14,13"
"C:\Users\Marcos\Documents\GitHub\BIGRAT_CENACT\Assets\RecursosUnificados\ChegaComJhon\Sprites\Objetos\Anjo\IDLE\PNG\PNG_0008.png",".png","True","8","2","0","14,35"
"C:\Users\Marcos\Documents\GitHub\BIGRAT_CENACT\Assets\RecursosUnificados\ChegaComJhon\Sprites\Objetos\Anjo\IDLE\PNG\PNG_0009.png",".png","True","8","2","0","13,22"
"C:\Users\Marcos\Documents\GitHub\BIGRAT_CENACT\Assets\RecursosUnificados\ChegaComJhon\Sprites\Objetos\Anjo\IDLE\PNG\PNG_0010.png",".png","True","8","2","0","14,69"
"C:\Users\Marcos\Documents\GitHub\BIGRAT_CENACT\Assets\RecursosUnificados\ChegaComJhon\Sprites\Objetos\Anjo\IDLE\PNG\PNG_0011.png",".png","True","8","2","0","14,87"
"C:\Users\Marcos\Documents\GitHub\BIGRAT_CENACT\Assets\RecursosUnificados\ChegaComJhon\Sprites\Objetos\Anjo\IDLE\PNG-MASC\PNG_0001.png",".png","True","8","2","0","7,9"
"C:\Users\Marcos\Documents\GitHub\BIGRAT_CENACT\Assets\RecursosUnificados\ChegaComJhon\Sprites\Objetos\Anjo\IDLE\PNG-MASC\PNG_0002.png",".png","True","8","2","0","11,19"
"C:\Users\Marcos\Documents\GitHub\BIGRAT_CENACT\Assets\RecursosUnificados\ChegaComJhon\Sprites\Objetos\Anjo\IDLE\PNG-MASC\PNG_0003.png",".png","True","8","2","0","10,34"
"C:\Users\Marcos\Documents\GitHub\BIGRAT_CENACT\Assets\RecursosUnificados\ChegaComJhon\Sprites\Objetos\Anjo\IDLE\PNG-MASC\PNG_0004.png",".png","True","8","2","0","13,11"
"C:\Users\Marcos\Documents\GitHub\BIGRAT_CENACT\Assets\RecursosUnificados\ChegaComJhon\Sprites\Objetos\Anjo\IDLE\PNG-MASC\PNG_0005.png",".png","True","8","2","0","11,67"
"C:\Users\Marcos\Documents\GitHub\BIGRAT_CENACT\Assets\RecursosUnificados\ChegaComJhon\Sprites\Objetos\Anjo\IDLE\PNG-MASC\PNG_0006.png",".png","True","8","2","0","12,77"
"C:\Users\Marcos\Documents\GitHub\BIGRAT_CENACT\Assets\RecursosUnificados\ChegaComJhon\Sprites\Objetos\Anjo\IDLE\PNG-MASC\PNG_0007.png",".png","True","8","2","0","11,32"
"C:\Users\Marcos\Documents\GitHub\BIGRAT_CENACT\Assets\RecursosUnificados\ChegaComJhon\Sprites\Objetos\Anjo\IDLE\PNG-MASC\PNG_0008.png",".png","True","8","2","0","12,73"
"C:\Users\Marcos\Documents\GitHub\BIGRAT_CENACT\Assets\RecursosUnificados\ChegaComJhon\Sprites\Objetos\Anjo\IDLE\PNG-MASC\PNG_0009.png",".png","True","8","2","0","10,01"
"C:\Users\Marcos\Documents\GitHub\BIGRAT_CENACT\Assets\RecursosUnificados\ChegaComJhon\Sprites\Objetos\Anjo\IDLE\PNG-SURGE\PNG-SURGE_0001.png",".png","True","8","2","0","4,5"
"C:\Users\Marcos\Documents\GitHub\BIGRAT_CENACT\Assets\RecursosUnificados\ChegaComJhon\Sprites\Objetos\Anjo\IDLE\PNG-SURGE\PNG-SURGE_0002.png",".png","True","8","2","0","4,58"
"C:\Users\Marcos\Documents\GitHub\BIGRAT_CENACT\Assets\RecursosUnificados\ChegaComJhon\Sprites\Objetos\Anjo\IDLE\PNG-SURGE\PNG-SURGE_0003.png",".png","True","8","2","0","3,75"
"C:\Users\Marcos\Documents\GitHub\BIGRAT_CENACT\Assets\RecursosUnificados\ChegaComJhon\Sprites\Objetos\Anjo\IDLE\PNG-SURGE\PNG-SURGE_0004.png",".png","True","8","2","0","5,51"
"C:\Users\Marcos\Documents\GitHub\BIGRAT_CENACT\Assets\RecursosUnificados\ChegaComJhon\Sprites\Objetos\Anjo\IDLE\PNG-SURGE\PNG-SURGE_0005.png",".png","True","8","2","0","4,17"
"C:\Users\Marcos\Documents\GitHub\BIGRAT_CENACT\Assets\RecursosUnificados\ChegaComJhon\Sprites\Objetos\Anjo\IDLE\PNG-SURGE\PNG-SURGE_0006.png",".png","True","8","2","0","6,04"
"C:\Users\Marcos\Documents\GitHub\BIGRAT_CENACT\Assets\RecursosUnificados\ChegaComJhon\Sprites\Objetos\Anjo\IDLE\PNG-SURGE\PNG-SURGE_0007.png",".png","True","8","2","0","11,13"
"C:\Users\Marcos\Documents\GitHub\BIGRAT_CENACT\Assets\RecursosUnificados\ChegaComJhon\Sprites\Objetos\Anjo\IDLE\PNG-SURGE\PNG-SURGE_0008.png",".png","True","8","2","0","12,43"
"C:\Users\Marcos\Documents\GitHub\BIGRAT_CENACT\Assets\RecursosUnificados\ChegaComJhon\Sprites\Objetos\Anjo\IDLE\PNG-SURGE\PNG-SURGE_0009.png",".png","True","8","2","0","11,03"
"C:\Users\Marcos\Documents\GitHub\BIGRAT_CENACT\Assets\RecursosUnificados\ChegaComJhon\Sprites\Objetos\Anjo\IDLE\PNG-SURGE\PNG-SURGE_0010.png",".png","True","8","2","0","13,44"
"C:\Users\Marcos\Documents\GitHub\BIGRAT_CENACT\Assets\RecursosUnificados\ChegaComJhon\Sprites\Objetos\Anjo\IDLE\PNG-SURGE\PNG-SURGE_0011.png",".png","True","8","2","0","11,45"
"C:\Users\Marcos\Documents\GitHub\BIGRAT_CENACT\Assets\RecursosUnificados\ChegaComJhon\Sprites\Objetos\Anjo\IDLE\PNG-SURGE\PNG-SURGE_0012.png",".png","True","8","2","0","14,58"
"C:\Users\Marcos\Documents\GitHub\BIGRAT_CENACT\Assets\RecursosUnificados\ChegaComJhon\Sprites\Objetos\Anjo\IDLE\PNG-SURGE\PNG-SURGE_0013.png",".png","True","8","2","0","11,91"
"C:\Users\Marcos\Documents\GitHub\BIGRAT_CENACT\Assets\RecursosUnificados\ChegaComJhon\Sprites\Objetos\Boss\attack\attk-1.gif",".gif","True","8","2","0","42,72"
"C:\Users\Marcos\Documents\GitHub\BIGRAT_CENACT\Assets\RecursosUnificados\ChegaComJhon\Sprites\Objetos\Boss\attack\preparação.gif",".gif","True","8","2","0","22,06"
"C:\Users\Marcos\Documents\GitHub\BIGRAT_CENACT\Assets\RecursosUnificados\ChegaComJhon\Sprites\Objetos\Boss\attack\PNG\ATTK\PNG_0001.png",".png","True","8","2","0","5,52"
"C:\Users\Marcos\Documents\GitHub\BIGRAT_CENACT\Assets\RecursosUnificados\ChegaComJhon\Sprites\Objetos\Boss\attack\PNG\ATTK\PNG_0002.png",".png","True","8","2","0","7,85"
"C:\Users\Marcos\Documents\GitHub\BIGRAT_CENACT\Assets\RecursosUnificados\ChegaComJhon\Sprites\Objetos\Boss\attack\PNG\ATTK\PNG_0003.png",".png","True","8","2","0","10,58"
"C:\Users\Marcos\Documents\GitHub\BIGRAT_CENACT\Assets\RecursosUnificados\ChegaComJhon\Sprites\Objetos\Boss\attack\PNG\ATTK\PNG_0004.png",".png","True","8","2","0","11,98"
"C:\Users\Marcos\Documents\GitHub\BIGRAT_CENACT\Assets\RecursosUnificados\ChegaComJhon\Sprites\Objetos\Boss\attack\PNG\ATTK\PNG_0005.png",".png","True","8","2","0","11,31"
"C:\Users\Marcos\Documents\GitHub\BIGRAT_CENACT\Assets\RecursosUnificados\ChegaComJhon\Sprites\Objetos\Boss\attack\PNG\ATTK\PNG_0006.png",".png","True","8","2","0","13,56"
"C:\Users\Marcos\Documents\GitHub\BIGRAT_CENACT\Assets\RecursosUnificados\ChegaComJhon\Sprites\Objetos\Boss\attack\PNG\ATTK\PNG_0007.png",".png","True","8","2","0","12,33"
"C:\Users\Marcos\Documents\GitHub\BIGRAT_CENACT\Assets\RecursosUnificados\ChegaComJhon\Sprites\Objetos\Boss\attack\PNG\ATTK\PNG_0008.png",".png","True","8","2","0","14,23"
"C:\Users\Marcos\Documents\GitHub\BIGRAT_CENACT\Assets\RecursosUnificados\ChegaComJhon\Sprites\Objetos\Boss\attack\PNG\ATTK\PNG_0009.png",".png","True","8","2","0","9,94"
"C:\Users\Marcos\Documents\GitHub\BIGRAT_CENACT\Assets\RecursosUnificados\ChegaComJhon\Sprites\Objetos\Boss\attack\PNG\PREPARAÇÃO\PNG_0001.png",".png","True","8","2","0","5,44"
"C:\Users\Marcos\Documents\GitHub\BIGRAT_CENACT\Assets\RecursosUnificados\ChegaComJhon\Sprites\Objetos\Boss\attack\PNG\PREPARAÇÃO\PNG_0002.png",".png","True","8","2","0","9,02"
"C:\Users\Marcos\Documents\GitHub\BIGRAT_CENACT\Assets\RecursosUnificados\ChegaComJhon\Sprites\Objetos\Boss\attack\PNG\PREPARAÇÃO\PNG_0003.png",".png","True","8","2","0","8,06"
"C:\Users\Marcos\Documents\GitHub\BIGRAT_CENACT\Assets\RecursosUnificados\ChegaComJhon\Sprites\Objetos\Boss\attack\PNG\PREPARAÇÃO\PNG_0004.png",".png","True","8","2","0","7,89"
"C:\Users\Marcos\Documents\GitHub\BIGRAT_CENACT\Assets\RecursosUnificados\ChegaComJhon\Sprites\Objetos\Boss\attack\PNG\PREPARAÇÃO\PNG_0005.png",".png","True","8","2","0","6,8"
"C:\Users\Marcos\Documents\GitHub\BIGRAT_CENACT\Assets\RecursosUnificados\ChegaComJhon\Sprites\Objetos\Boss\attack\PNG\PREPARAÇÃO\PNG_0006.png",".png","True","8","2","0","7,62"
"C:\Users\Marcos\Documents\GitHub\BIGRAT_CENACT\Assets\RecursosUnificados\ChegaComJhon\Sprites\Objetos\Boss\attack\PNG\PREPARAÇÃO\PNG_0007.png",".png","True","8","2","0","5,52"
"C:\Users\Marcos\Documents\GitHub\BIGRAT_CENACT\Assets\RecursosUnificados\ChegaComJhon\Sprites\Objetos\Boss\attack\PNG\PREPARAÇÃO\special-attk-def.gif",".gif","True","8","2","0","55,49"
"C:\Users\Marcos\Documents\GitHub\BIGRAT_CENACT\Assets\RecursosUnificados\ChegaComJhon\Sprites\Objetos\Boss\attack\PNG\PREPARAÇÃO\special-attk.gif",".gif","True","8","2","0","55,48"
"C:\Users\Marcos\Documents\GitHub\BIGRAT_CENACT\Assets\RecursosUnificados\ChegaComJhon\Sprites\Objetos\Boss\attack\PNG\PREPARAÇÃO\special-attk_0001.png",".png","True","8","2","0","6,24"
"C:\Users\Marcos\Documents\GitHub\BIGRAT_CENACT\Assets\RecursosUnificados\ChegaComJhon\Sprites\Objetos\Boss\attack\PNG\PREPARAÇÃO\special-attk_0002.png",".png","True","8","2","0","13,77"
"C:\Users\Marcos\Documents\GitHub\BIGRAT_CENACT\Assets\RecursosUnificados\ChegaComJhon\Sprites\Objetos\Boss\attack\PNG\PREPARAÇÃO\special-attk_0003.png",".png","True","8","2","0","15,56"
"C:\Users\Marcos\Documents\GitHub\BIGRAT_CENACT\Assets\RecursosUnificados\ChegaComJhon\Sprites\Objetos\Boss\attack\PNG\PREPARAÇÃO\special-attk_0004.png",".png","True","8","2","0","17,95"
"C:\Users\Marcos\Documents\GitHub\BIGRAT_CENACT\Assets\RecursosUnificados\ChegaComJhon\Sprites\Objetos\Boss\attack\PNG\PREPARAÇÃO\special-attk_0005.png",".png","True","8","2","0","14,34"
"C:\Users\Marcos\Documents\GitHub\BIGRAT_CENACT\Assets\RecursosUnificados\ChegaComJhon\Sprites\Objetos\Boss\attack\PNG\PREPARAÇÃO\special-attk_0006.png",".png","True","8","2","0","12,39"
"C:\Users\Marcos\Documents\GitHub\BIGRAT_CENACT\Assets\RecursosUnificados\ChegaComJhon\Sprites\Objetos\Boss\attack\PNG\PREPARAÇÃO\special-attk_0007.png",".png","True","8","2","0","19,84"
"C:\Users\Marcos\Documents\GitHub\BIGRAT_CENACT\Assets\RecursosUnificados\ChegaComJhon\Sprites\Objetos\Boss\attack\PNG\PREPARAÇÃO\special-attk_0008.png",".png","True","8","2","0","18,34"
"C:\Users\Marcos\Documents\GitHub\BIGRAT_CENACT\Assets\RecursosUnificados\ChegaComJhon\Sprites\Objetos\Boss\attack\PNG\PREPARAÇÃO\special-attk_0009.png",".png","True","8","2","0","14,01"
"C:\Users\Marcos\Documents\GitHub\BIGRAT_CENACT\Assets\RecursosUnificados\ChegaComJhon\Sprites\Objetos\Boss\cry\cry_0001.png",".png","True","8","2","0","5,44"
"C:\Users\Marcos\Documents\GitHub\BIGRAT_CENACT\Assets\RecursosUnificados\ChegaComJhon\Sprites\Objetos\Boss\cry\cry_0002.png",".png","True","8","2","0","12,93"
"C:\Users\Marcos\Documents\GitHub\BIGRAT_CENACT\Assets\RecursosUnificados\ChegaComJhon\Sprites\Objetos\Boss\cry\cry_0003.png",".png","True","8","2","0","11,19"
"C:\Users\Marcos\Documents\GitHub\BIGRAT_CENACT\Assets\RecursosUnificados\ChegaComJhon\Sprites\Objetos\Boss\cry\cry_0004.png",".png","True","8","2","0","12,28"
"C:\Users\Marcos\Documents\GitHub\BIGRAT_CENACT\Assets\RecursosUnificados\ChegaComJhon\Sprites\Objetos\Boss\cry\cry_0005.png",".png","True","8","2","0","9,8"
"C:\Users\Marcos\Documents\GitHub\BIGRAT_CENACT\Assets\RecursosUnificados\ChegaComJhon\Sprites\Objetos\Boss\cry\cry_0006.png",".png","True","8","2","0","10,84"
"C:\Users\Marcos\Documents\GitHub\BIGRAT_CENACT\Assets\RecursosUnificados\ChegaComJhon\Sprites\Objetos\Boss\cry\cry_0007.png",".png","True","8","2","0","10,15"
"C:\Users\Marcos\Documents\GitHub\BIGRAT_CENACT\Assets\RecursosUnificados\ChegaComJhon\Sprites\Objetos\Boss\cry\cry_0008.png",".png","True","8","2","0","11,36"
"C:\Users\Marcos\Documents\GitHub\BIGRAT_CENACT\Assets\RecursosUnificados\ChegaComJhon\Sprites\Objetos\Boss\cry\cry_0009.png",".png","True","8","2","0","6,38"
"C:\Users\Marcos\Documents\GitHub\BIGRAT_CENACT\Assets\RecursosUnificados\ChegaComJhon\Sprites\Objetos\Boss\dead\dissipar.gif",".gif","True","8","2","0","49,45"
"C:\Users\Marcos\Documents\GitHub\BIGRAT_CENACT\Assets\RecursosUnificados\ChegaComJhon\Sprites\Objetos\Boss\dead\morte.gif",".gif","True","8","2","0","43"
"C:\Users\Marcos\Documents\GitHub\BIGRAT_CENACT\Assets\RecursosUnificados\ChegaComJhon\Sprites\Objetos\Boss\dead\start-dissipar.gif",".gif","True","8","2","0","36,52"
"C:\Users\Marcos\Documents\GitHub\BIGRAT_CENACT\Assets\RecursosUnificados\ChegaComJhon\Sprites\Objetos\Boss\dead\PNG\dissipar.gif",".gif","True","8","2","0","49,45"
"C:\Users\Marcos\Documents\GitHub\BIGRAT_CENACT\Assets\RecursosUnificados\ChegaComJhon\Sprites\Objetos\Boss\dead\PNG\DISSPAR_0001.png",".png","True","8","2","0","4,16"
"C:\Users\Marcos\Documents\GitHub\BIGRAT_CENACT\Assets\RecursosUnificados\ChegaComJhon\Sprites\Objetos\Boss\dead\PNG\DISSPAR_0002.png",".png","True","8","2","0","5,12"
"C:\Users\Marcos\Documents\GitHub\BIGRAT_CENACT\Assets\RecursosUnificados\ChegaComJhon\Sprites\Objetos\Boss\dead\PNG\DISSPAR_0003.png",".png","True","8","2","0","6,49"
"C:\Users\Marcos\Documents\GitHub\BIGRAT_CENACT\Assets\RecursosUnificados\ChegaComJhon\Sprites\Objetos\Boss\dead\PNG\DISSPAR_0004.png",".png","True","8","2","0","9,41"
"C:\Users\Marcos\Documents\GitHub\BIGRAT_CENACT\Assets\RecursosUnificados\ChegaComJhon\Sprites\Objetos\Boss\dead\PNG\DISSPAR_0005.png",".png","True","8","2","0","8,43"
"C:\Users\Marcos\Documents\GitHub\BIGRAT_CENACT\Assets\RecursosUnificados\ChegaComJhon\Sprites\Objetos\Boss\dead\PNG\DISSPAR_0006.png",".png","True","8","2","0","10,8"
"C:\Users\Marcos\Documents\GitHub\BIGRAT_CENACT\Assets\RecursosUnificados\ChegaComJhon\Sprites\Objetos\Boss\dead\PNG\DISSPAR_0007.png",".png","True","8","2","0","8,51"
"C:\Users\Marcos\Documents\GitHub\BIGRAT_CENACT\Assets\RecursosUnificados\ChegaComJhon\Sprites\Objetos\Boss\dead\PNG\DISSPAR_0008.png",".png","True","8","2","0","11,14"
"C:\Users\Marcos\Documents\GitHub\BIGRAT_CENACT\Assets\RecursosUnificados\ChegaComJhon\Sprites\Objetos\Boss\dead\PNG\DISSPAR_0009.png",".png","True","8","2","0","9,69"
"C:\Users\Marcos\Documents\GitHub\BIGRAT_CENACT\Assets\RecursosUnificados\ChegaComJhon\Sprites\Objetos\Boss\dead\PNG\PNG_0001.png",".png","True","8","2","0","8,75"
"C:\Users\Marcos\Documents\GitHub\BIGRAT_CENACT\Assets\RecursosUnificados\ChegaComJhon\Sprites\Objetos\Boss\dead\PNG\PNG_0002.png",".png","True","8","2","0","7,19"
"C:\Users\Marcos\Documents\GitHub\BIGRAT_CENACT\Assets\RecursosUnificados\ChegaComJhon\Sprites\Objetos\Boss\dead\PNG\PNG_0003.png",".png","True","8","2","0","8,73"
"C:\Users\Marcos\Documents\GitHub\BIGRAT_CENACT\Assets\RecursosUnificados\ChegaComJhon\Sprites\Objetos\Boss\dead\PNG\PNG_0004.png",".png","True","8","2","0","6,57"
"C:\Users\Marcos\Documents\GitHub\BIGRAT_CENACT\Assets\RecursosUnificados\ChegaComJhon\Sprites\Objetos\Boss\dead\PNG\PNG_0005.png",".png","True","8","2","0","7,84"
"C:\Users\Marcos\Documents\GitHub\BIGRAT_CENACT\Assets\RecursosUnificados\ChegaComJhon\Sprites\Objetos\Boss\dead\PNG\PNG_0006.png",".png","True","8","2","0","6,52"
"C:\Users\Marcos\Documents\GitHub\BIGRAT_CENACT\Assets\RecursosUnificados\ChegaComJhon\Sprites\Objetos\Boss\dead\PNG\PNG_0007.png",".png","True","8","2","0","7,48"
"C:\Users\Marcos\Documents\GitHub\BIGRAT_CENACT\Assets\RecursosUnificados\ChegaComJhon\Sprites\Objetos\Boss\dead\PNG\PNG_0008.png",".png","True","8","2","0","6,18"
"C:\Users\Marcos\Documents\GitHub\BIGRAT_CENACT\Assets\RecursosUnificados\ChegaComJhon\Sprites\Objetos\Boss\dead\PNG\PNG_0009.png",".png","True","8","2","0","7,22"
"C:\Users\Marcos\Documents\GitHub\BIGRAT_CENACT\Assets\RecursosUnificados\ChegaComJhon\Sprites\Objetos\Boss\dead\PNG\PNG_0010.png",".png","True","8","2","0","6,31"
"C:\Users\Marcos\Documents\GitHub\BIGRAT_CENACT\Assets\RecursosUnificados\ChegaComJhon\Sprites\Objetos\Boss\dead\PNG\PNG_0011.png",".png","True","8","2","0","6,58"
"C:\Users\Marcos\Documents\GitHub\BIGRAT_CENACT\Assets\RecursosUnificados\ChegaComJhon\Sprites\Objetos\Boss\dead\PNG\PNG_0012.png",".png","True","8","2","0","5,92"
"C:\Users\Marcos\Documents\GitHub\BIGRAT_CENACT\Assets\RecursosUnificados\ChegaComJhon\Sprites\Objetos\Boss\dead\PNG\PNG_0013.png",".png","True","8","2","0","7,16"
"C:\Users\Marcos\Documents\GitHub\BIGRAT_CENACT\Assets\RecursosUnificados\ChegaComJhon\Sprites\Objetos\Boss\dead\PNG\PNG_0014.png",".png","True","8","2","0","10,55"
"C:\Users\Marcos\Documents\GitHub\BIGRAT_CENACT\Assets\RecursosUnificados\ChegaComJhon\Sprites\Objetos\Boss\dead\PNG\PNG_0015.png",".png","True","8","2","0","9,62"
"C:\Users\Marcos\Documents\GitHub\BIGRAT_CENACT\Assets\RecursosUnificados\ChegaComJhon\Sprites\Objetos\Boss\dead\PNG\PNG_0016.png",".png","True","8","2","0","10,63"
"C:\Users\Marcos\Documents\GitHub\BIGRAT_CENACT\Assets\RecursosUnificados\ChegaComJhon\Sprites\Objetos\Boss\dead\PNG\PNG_0017.png",".png","True","8","2","0","9,02"
"C:\Users\Marcos\Documents\GitHub\BIGRAT_CENACT\Assets\RecursosUnificados\ChegaComJhon\Sprites\Objetos\Boss\dead\PNG\PNG_0018.png",".png","True","8","2","0","6,54"
"C:\Users\Marcos\Documents\GitHub\BIGRAT_CENACT\Assets\RecursosUnificados\ChegaComJhon\Sprites\Objetos\Boss\dead\PNG\PNG_0019.png",".png","True","8","2","0","6,88"
"C:\Users\Marcos\Documents\GitHub\BIGRAT_CENACT\Assets\RecursosUnificados\ChegaComJhon\Sprites\Objetos\Boss\dead\PNG\PNG_0020.png",".png","True","8","2","0","8,04"
"C:\Users\Marcos\Documents\GitHub\BIGRAT_CENACT\Assets\RecursosUnificados\ChegaComJhon\Sprites\Objetos\Boss\dead\PNG\PNG_0021.png",".png","True","8","2","0","4,16"
"C:\Users\Marcos\Documents\GitHub\BIGRAT_CENACT\Assets\RecursosUnificados\ChegaComJhon\Sprites\Objetos\Boss\fall\battle-cry.gif",".gif","True","8","2","0","41,04"
"C:\Users\Marcos\Documents\GitHub\BIGRAT_CENACT\Assets\RecursosUnificados\ChegaComJhon\Sprites\Objetos\Boss\fall\end-fall.gif",".gif","True","8","2","0","42,03"
"C:\Users\Marcos\Documents\GitHub\BIGRAT_CENACT\Assets\RecursosUnificados\ChegaComJhon\Sprites\Objetos\Boss\fall\PNG\fall.png",".png","True","8","2","0","7,71"
"C:\Users\Marcos\Documents\GitHub\BIGRAT_CENACT\Assets\RecursosUnificados\ChegaComJhon\Sprites\Objetos\Boss\fall\PNG\PNG_0001.png",".png","True","8","2","0","9,57"
"C:\Users\Marcos\Documents\GitHub\BIGRAT_CENACT\Assets\RecursosUnificados\ChegaComJhon\Sprites\Objetos\Boss\fall\PNG\PNG_0002.png",".png","True","8","2","0","8,08"
"C:\Users\Marcos\Documents\GitHub\BIGRAT_CENACT\Assets\RecursosUnificados\ChegaComJhon\Sprites\Objetos\Boss\fall\PNG\PNG_0003.png",".png","True","8","2","0","10,3"
"C:\Users\Marcos\Documents\GitHub\BIGRAT_CENACT\Assets\RecursosUnificados\ChegaComJhon\Sprites\Objetos\Boss\fall\PNG\PNG_0004.png",".png","True","8","2","0","9,21"
"C:\Users\Marcos\Documents\GitHub\BIGRAT_CENACT\Assets\RecursosUnificados\ChegaComJhon\Sprites\Objetos\Boss\fall\PNG\PNG_0005.png",".png","True","8","2","0","11,7"
"C:\Users\Marcos\Documents\GitHub\BIGRAT_CENACT\Assets\RecursosUnificados\ChegaComJhon\Sprites\Objetos\Boss\fall\PNG\PNG_0006 (2).png",".png","True","8","2","0","5,44"
"C:\Users\Marcos\Documents\GitHub\BIGRAT_CENACT\Assets\RecursosUnificados\ChegaComJhon\Sprites\Objetos\Boss\fall\PNG\PNG_0006.png",".png","True","8","2","0","5,44"
"C:\Users\Marcos\Documents\GitHub\BIGRAT_CENACT\Assets\RecursosUnificados\ChegaComJhon\Sprites\Objetos\Boss\fall\PNG\PNG_0007 (2).png",".png","True","8","2","0","12,93"
"C:\Users\Marcos\Documents\GitHub\BIGRAT_CENACT\Assets\RecursosUnificados\ChegaComJhon\Sprites\Objetos\Boss\fall\PNG\PNG_0008 (2).png",".png","True","8","2","0","11,19"
"C:\Users\Marcos\Documents\GitHub\BIGRAT_CENACT\Assets\RecursosUnificados\ChegaComJhon\Sprites\Objetos\Boss\fall\PNG\PNG_0009 (2).png",".png","True","8","2","0","12,28"
"C:\Users\Marcos\Documents\GitHub\BIGRAT_CENACT\Assets\RecursosUnificados\ChegaComJhon\Sprites\Objetos\Boss\fall\PNG\PNG_0010.png",".png","True","8","2","0","9,8"
"C:\Users\Marcos\Documents\GitHub\BIGRAT_CENACT\Assets\RecursosUnificados\ChegaComJhon\Sprites\Objetos\Boss\fall\PNG\PNG_0011.png",".png","True","8","2","0","10,84"
"C:\Users\Marcos\Documents\GitHub\BIGRAT_CENACT\Assets\RecursosUnificados\ChegaComJhon\Sprites\Objetos\Boss\fall\PNG\PNG_0012.png",".png","True","8","2","0","10,15"
"C:\Users\Marcos\Documents\GitHub\BIGRAT_CENACT\Assets\RecursosUnificados\ChegaComJhon\Sprites\Objetos\Boss\fall\PNG\PNG_0013.png",".png","True","8","2","0","11,36"
"C:\Users\Marcos\Documents\GitHub\BIGRAT_CENACT\Assets\RecursosUnificados\ChegaComJhon\Sprites\Objetos\Boss\fall\PNG\PNG_0014.png",".png","True","8","2","0","6,38"
"C:\Users\Marcos\Documents\GitHub\BIGRAT_CENACT\Assets\RecursosUnificados\ChegaComJhon\Sprites\Objetos\Boss\idle\idle.gif",".gif","True","8","2","0","53,6"
"C:\Users\Marcos\Documents\GitHub\BIGRAT_CENACT\Assets\RecursosUnificados\ChegaComJhon\Sprites\Objetos\Boss\idle\PNG\idle_0001.png",".png","True","8","2","0","5,45"
"C:\Users\Marcos\Documents\GitHub\BIGRAT_CENACT\Assets\RecursosUnificados\ChegaComJhon\Sprites\Objetos\Boss\idle\PNG\idle_0002.png",".png","True","8","2","0","6,93"
"C:\Users\Marcos\Documents\GitHub\BIGRAT_CENACT\Assets\RecursosUnificados\ChegaComJhon\Sprites\Objetos\Boss\idle\PNG\idle_0003.png",".png","True","8","2","0","6,58"
"C:\Users\Marcos\Documents\GitHub\BIGRAT_CENACT\Assets\RecursosUnificados\ChegaComJhon\Sprites\Objetos\Boss\idle\PNG\idle_0004.png",".png","True","8","2","0","7,44"
"C:\Users\Marcos\Documents\GitHub\BIGRAT_CENACT\Assets\RecursosUnificados\ChegaComJhon\Sprites\Objetos\Boss\idle\PNG\idle_0005.png",".png","True","8","2","0","6,12"
"C:\Users\Marcos\Documents\GitHub\BIGRAT_CENACT\Assets\RecursosUnificados\ChegaComJhon\Sprites\Objetos\Boss\idle\PNG\idle_0006.png",".png","True","8","2","0","6,12"
"C:\Users\Marcos\Documents\GitHub\BIGRAT_CENACT\Assets\RecursosUnificados\ChegaComJhon\Sprites\Objetos\Boss\idle\PNG\idle_0007.png",".png","True","8","2","0","6,05"
"C:\Users\Marcos\Documents\GitHub\BIGRAT_CENACT\Assets\RecursosUnificados\ChegaComJhon\Sprites\Objetos\Boss\idle\PNG\idle_0008.png",".png","True","8","2","0","6,17"
"C:\Users\Marcos\Documents\GitHub\BIGRAT_CENACT\Assets\RecursosUnificados\ChegaComJhon\Sprites\Objetos\Boss\idle\PNG\idle_0009.png",".png","True","8","2","0","5,96"
"C:\Users\Marcos\Documents\GitHub\BIGRAT_CENACT\Assets\RecursosUnificados\ChegaComJhon\Sprites\Objetos\Boss\idle\PNG\idle_0010.png",".png","True","8","2","0","6,15"
"C:\Users\Marcos\Documents\GitHub\BIGRAT_CENACT\Assets\RecursosUnificados\ChegaComJhon\Sprites\Objetos\Boss\idle\PNG\idle_0011.png",".png","True","8","2","0","5,8"
"C:\Users\Marcos\Documents\GitHub\BIGRAT_CENACT\Assets\RecursosUnificados\ChegaComJhon\Sprites\Objetos\Boss\idle\PNG\idle_0012.png",".png","True","8","2","0","6,12"
"C:\Users\Marcos\Documents\GitHub\BIGRAT_CENACT\Assets\RecursosUnificados\ChegaComJhon\Sprites\Objetos\Boss\idle\PNG\idle_0013.png",".png","True","8","2","0","5,78"
"C:\Users\Marcos\Documents\GitHub\BIGRAT_CENACT\Assets\RecursosUnificados\ChegaComJhon\Sprites\Objetos\Boss\idle\PNG\idle_0014.png",".png","True","8","2","0","6,33"
"C:\Users\Marcos\Documents\GitHub\BIGRAT_CENACT\Assets\RecursosUnificados\ChegaComJhon\Sprites\Objetos\Boss\idle\PNG\idle_0015.png",".png","True","8","2","0","6,42"
"C:\Users\Marcos\Documents\GitHub\BIGRAT_CENACT\Assets\RecursosUnificados\ChegaComJhon\Sprites\Objetos\Boss\idle\PNG\idle_0016.png",".png","True","8","2","0","7,26"
"C:\Users\Marcos\Documents\GitHub\BIGRAT_CENACT\Assets\RecursosUnificados\ChegaComJhon\Sprites\Objetos\Boss\idle\PNG\idle_0017.png",".png","True","8","2","0","6,58"
"C:\Users\Marcos\Documents\GitHub\BIGRAT_CENACT\Assets\RecursosUnificados\ChegaComJhon\Sprites\Objetos\Boss\run\run.gif",".gif","True","8","2","0","43,67"
"C:\Users\Marcos\Documents\GitHub\BIGRAT_CENACT\Assets\RecursosUnificados\ChegaComJhon\Sprites\Objetos\Boss\run\PNG\PNG_0001.png",".png","True","8","2","0","7,28"
"C:\Users\Marcos\Documents\GitHub\BIGRAT_CENACT\Assets\RecursosUnificados\ChegaComJhon\Sprites\Objetos\Boss\run\PNG\PNG_0002.png",".png","True","8","2","0","9,45"
"C:\Users\Marcos\Documents\GitHub\BIGRAT_CENACT\Assets\RecursosUnificados\ChegaComJhon\Sprites\Objetos\Boss\run\PNG\PNG_0003.png",".png","True","8","2","0","8,16"
"C:\Users\Marcos\Documents\GitHub\BIGRAT_CENACT\Assets\RecursosUnificados\ChegaComJhon\Sprites\Objetos\Boss\run\PNG\PNG_0004.png",".png","True","8","2","0","9,24"
"C:\Users\Marcos\Documents\GitHub\BIGRAT_CENACT\Assets\RecursosUnificados\ChegaComJhon\Sprites\Objetos\Boss\run\PNG\PNG_0005.png",".png","True","8","2","0","7,47"
"C:\Users\Marcos\Documents\GitHub\BIGRAT_CENACT\Assets\RecursosUnificados\ChegaComJhon\Sprites\Objetos\Boss\run\PNG\PNG_0006.png",".png","True","8","2","0","8,67"
"C:\Users\Marcos\Documents\GitHub\BIGRAT_CENACT\Assets\RecursosUnificados\ChegaComJhon\Sprites\Objetos\Boss\run\PNG\PNG_0007.png",".png","True","8","2","0","7,39"
"C:\Users\Marcos\Documents\GitHub\BIGRAT_CENACT\Assets\RecursosUnificados\ChegaComJhon\Sprites\Objetos\Boss\run\PNG\PNG_0008.png",".png","True","8","2","0","8,67"
"C:\Users\Marcos\Documents\GitHub\BIGRAT_CENACT\Assets\RecursosUnificados\ChegaComJhon\Sprites\Objetos\Boss\run\PNG\PNG_0009.png",".png","True","8","2","0","7,68"
"C:\Users\Marcos\Documents\GitHub\BIGRAT_CENACT\Assets\RecursosUnificados\ChegaComJhon\Sprites\Objetos\Boss\run\PNG\PNG_0010.png",".png","True","8","2","0","8,58"
"C:\Users\Marcos\Documents\GitHub\BIGRAT_CENACT\Assets\RecursosUnificados\ChegaComJhon\Sprites\Objetos\Boss\run\PNG\PNG_0011.png",".png","True","8","2","0","7,85"
"C:\Users\Marcos\Documents\GitHub\BIGRAT_CENACT\Assets\RecursosUnificados\ChegaComJhon\Sprites\Objetos\Boss\run\PNG\PNG_0012.png",".png","True","8","2","0","9,97"
"C:\Users\Marcos\Documents\GitHub\BIGRAT_CENACT\Assets\RecursosUnificados\ChegaComJhon\Sprites\Objetos\Boss\run\PNG\PNG_0013.png",".png","True","8","2","0","7,22"
"C:\Users\Marcos\Documents\GitHub\BIGRAT_CENACT\Assets\RecursosUnificados\ChegaComJhon\Sprites\Objetos\Boss\run\PREPARAÇÃO\run_0001.png",".png","True","8","2","0","5,44"
"C:\Users\Marcos\Documents\GitHub\BIGRAT_CENACT\Assets\RecursosUnificados\ChegaComJhon\Sprites\Objetos\Boss\run\PREPARAÇÃO\run_0002.png",".png","True","8","2","0","10,04"
"C:\Users\Marcos\Documents\GitHub\BIGRAT_CENACT\Assets\RecursosUnificados\ChegaComJhon\Sprites\Objetos\Boss\run\PREPARAÇÃO\run_0003.png",".png","True","8","2","0","8"
"C:\Users\Marcos\Documents\GitHub\BIGRAT_CENACT\Assets\RecursosUnificados\ChegaComJhon\Sprites\Objetos\Boss\run\PREPARAÇÃO\run_0004.png",".png","True","8","2","0","9,3"
"C:\Users\Marcos\Documents\GitHub\BIGRAT_CENACT\Assets\RecursosUnificados\ChegaComJhon\Sprites\Objetos\Boss\run\PREPARAÇÃO\run_0005.png",".png","True","8","2","0","9,11"
"C:\Users\Marcos\Documents\GitHub\BIGRAT_CENACT\Assets\RecursosUnificados\ChegaComJhon\Sprites\Objetos\Boss\run\PREPARAÇÃO\run_0006.png",".png","True","8","2","0","10,17"
"C:\Users\Marcos\Documents\GitHub\BIGRAT_CENACT\Assets\RecursosUnificados\ChegaComJhon\Sprites\Objetos\Boss\run\PREPARAÇÃO\run_0007.png",".png","True","8","2","0","7,23"
"C:\Users\Marcos\Documents\GitHub\BIGRAT_CENACT\Assets\RecursosUnificados\ChegaComJhon\Sprites\Objetos\Boss\special-attk\special-attk-def.gif",".gif","True","8","2","0","55,49"
"C:\Users\Marcos\Documents\GitHub\BIGRAT_CENACT\Assets\RecursosUnificados\ChegaComJhon\Sprites\Objetos\Boss\special-attk\special-attk_0001.png",".png","True","8","2","0","6,26"
"C:\Users\Marcos\Documents\GitHub\BIGRAT_CENACT\Assets\RecursosUnificados\ChegaComJhon\Sprites\Objetos\Boss\special-attk\special-attk_0002.png",".png","True","8","2","0","13,77"
"C:\Users\Marcos\Documents\GitHub\BIGRAT_CENACT\Assets\RecursosUnificados\ChegaComJhon\Sprites\Objetos\Boss\special-attk\special-attk_0003.png",".png","True","8","2","0","15,56"
"C:\Users\Marcos\Documents\GitHub\BIGRAT_CENACT\Assets\RecursosUnificados\ChegaComJhon\Sprites\Objetos\Boss\special-attk\special-attk_0004.png",".png","True","8","2","0","17,95"
"C:\Users\Marcos\Documents\GitHub\BIGRAT_CENACT\Assets\RecursosUnificados\ChegaComJhon\Sprites\Objetos\Boss\special-attk\special-attk_0005.png",".png","True","8","2","0","14,34"
"C:\Users\Marcos\Documents\GitHub\BIGRAT_CENACT\Assets\RecursosUnificados\ChegaComJhon\Sprites\Objetos\Boss\special-attk\special-attk_0006.png",".png","True","8","2","0","12,39"
"C:\Users\Marcos\Documents\GitHub\BIGRAT_CENACT\Assets\RecursosUnificados\ChegaComJhon\Sprites\Objetos\Boss\special-attk\special-attk_0007.png",".png","True","8","2","0","19,84"
"C:\Users\Marcos\Documents\GitHub\BIGRAT_CENACT\Assets\RecursosUnificados\ChegaComJhon\Sprites\Objetos\Boss\special-attk\special-attk_0008.png",".png","True","8","2","0","18,34"
"C:\Users\Marcos\Documents\GitHub\BIGRAT_CENACT\Assets\RecursosUnificados\ChegaComJhon\Sprites\Objetos\Boss\special-attk\special-attk_0009.png",".png","True","8","2","0","14,01"
"C:\Users\Marcos\Documents\GitHub\BIGRAT_CENACT\Assets\RecursosUnificados\ChegaComJhon\Sprites\Objetos\Boss\walk\walk.gif",".gif","True","8","2","0","43,95"
"C:\Users\Marcos\Documents\GitHub\BIGRAT_CENACT\Assets\RecursosUnificados\ChegaComJhon\Sprites\Objetos\Boss\walk\PNG\PNG_0001.png",".png","True","8","2","0","5,44"
"C:\Users\Marcos\Documents\GitHub\BIGRAT_CENACT\Assets\RecursosUnificados\ChegaComJhon\Sprites\Objetos\Boss\walk\PNG\PNG_0002.png",".png","True","8","2","0","8,14"
"C:\Users\Marcos\Documents\GitHub\BIGRAT_CENACT\Assets\RecursosUnificados\ChegaComJhon\Sprites\Objetos\Boss\walk\PNG\PNG_0003.png",".png","True","8","2","0","6,89"
"C:\Users\Marcos\Documents\GitHub\BIGRAT_CENACT\Assets\RecursosUnificados\ChegaComJhon\Sprites\Objetos\Boss\walk\PNG\PNG_0004.png",".png","True","8","2","0","7,67"
"C:\Users\Marcos\Documents\GitHub\BIGRAT_CENACT\Assets\RecursosUnificados\ChegaComJhon\Sprites\Objetos\Boss\walk\PNG\PNG_0005.png",".png","True","8","2","0","6,46"
"C:\Users\Marcos\Documents\GitHub\BIGRAT_CENACT\Assets\RecursosUnificados\ChegaComJhon\Sprites\Objetos\Boss\walk\PNG\PNG_0006.png",".png","True","8","2","0","7,74"
"C:\Users\Marcos\Documents\GitHub\BIGRAT_CENACT\Assets\RecursosUnificados\ChegaComJhon\Sprites\Objetos\Boss\walk\PNG\PNG_0007.png",".png","True","8","2","0","6,55"
"C:\Users\Marcos\Documents\GitHub\BIGRAT_CENACT\Assets\RecursosUnificados\ChegaComJhon\Sprites\Objetos\Boss\walk\PNG\PNG_0008.png",".png","True","8","2","0","7,45"
"C:\Users\Marcos\Documents\GitHub\BIGRAT_CENACT\Assets\RecursosUnificados\ChegaComJhon\Sprites\Objetos\Boss\walk\PNG\PNG_0009.png",".png","True","8","2","0","6,53"
"C:\Users\Marcos\Documents\GitHub\BIGRAT_CENACT\Assets\RecursosUnificados\ChegaComJhon\Sprites\Objetos\Boss\walk\PNG\PNG_0010.png",".png","True","8","2","0","7,73"
"C:\Users\Marcos\Documents\GitHub\BIGRAT_CENACT\Assets\RecursosUnificados\ChegaComJhon\Sprites\Objetos\Boss\walk\PNG\PNG_0011.png",".png","True","8","2","0","6,54"
"C:\Users\Marcos\Documents\GitHub\BIGRAT_CENACT\Assets\RecursosUnificados\ChegaComJhon\Sprites\Objetos\Boss\walk\PNG\PNG_0012.png",".png","True","8","2","0","7,45"
"C:\Users\Marcos\Documents\GitHub\BIGRAT_CENACT\Assets\RecursosUnificados\ChegaComJhon\Sprites\Objetos\Boss\walk\PNG\PNG_0013.png",".png","True","8","2","0","6,57"
"C:\Users\Marcos\Documents\GitHub\BIGRAT_CENACT\Assets\RecursosUnificados\ChegaComJhon\Sprites\Objetos\Player 1\Ataque\ATTK-1\attack-1_0001.png",".png","True","8","2","0","5,7"
"C:\Users\Marcos\Documents\GitHub\BIGRAT_CENACT\Assets\RecursosUnificados\ChegaComJhon\Sprites\Objetos\Player 1\Ataque\ATTK-1\attack-1_0002.png",".png","True","8","2","0","6,75"
"C:\Users\Marcos\Documents\GitHub\BIGRAT_CENACT\Assets\RecursosUnificados\ChegaComJhon\Sprites\Objetos\Player 1\Ataque\ATTK-1\attack-1_0003.png",".png","True","8","2","0","6,88"
"C:\Users\Marcos\Documents\GitHub\BIGRAT_CENACT\Assets\RecursosUnificados\ChegaComJhon\Sprites\Objetos\Player 1\Ataque\ATTK-1\attack-1_0004.png",".png","True","8","2","0","7,46"
"C:\Users\Marcos\Documents\GitHub\BIGRAT_CENACT\Assets\RecursosUnificados\ChegaComJhon\Sprites\Objetos\Player 1\Ataque\ATTK-1\attack-1_0005.png",".png","True","8","2","0","7,85"
"C:\Users\Marcos\Documents\GitHub\BIGRAT_CENACT\Assets\RecursosUnificados\ChegaComJhon\Sprites\Objetos\Player 1\Ataque\ATTK-1\attack-1_0006.png",".png","True","8","2","0","10,21"
"C:\Users\Marcos\Documents\GitHub\BIGRAT_CENACT\Assets\RecursosUnificados\ChegaComJhon\Sprites\Objetos\Player 1\Ataque\ATTK-1\attack-1_0007.png",".png","True","8","2","0","8,65"
"C:\Users\Marcos\Documents\GitHub\BIGRAT_CENACT\Assets\RecursosUnificados\ChegaComJhon\Sprites\Objetos\Player 1\Ataque\ATTK-2\ATTK-2_0001.png",".png","True","8","2","0","7,44"
"C:\Users\Marcos\Documents\GitHub\BIGRAT_CENACT\Assets\RecursosUnificados\ChegaComJhon\Sprites\Objetos\Player 1\Ataque\ATTK-2\ATTK-2_0002.png",".png","True","8","2","0","9,06"
"C:\Users\Marcos\Documents\GitHub\BIGRAT_CENACT\Assets\RecursosUnificados\ChegaComJhon\Sprites\Objetos\Player 1\Ataque\ATTK-2\ATTK-2_0003.png",".png","True","8","2","0","6,89"
"C:\Users\Marcos\Documents\GitHub\BIGRAT_CENACT\Assets\RecursosUnificados\ChegaComJhon\Sprites\Objetos\Player 1\Ataque\ATTK-2\ATTK-2_0004.png",".png","True","8","2","0","8,08"
"C:\Users\Marcos\Documents\GitHub\BIGRAT_CENACT\Assets\RecursosUnificados\ChegaComJhon\Sprites\Objetos\Player 1\Ataque\ATTK-2\ATTK-2_0005.png",".png","True","8","2","0","6,31"
"C:\Users\Marcos\Documents\GitHub\BIGRAT_CENACT\Assets\RecursosUnificados\ChegaComJhon\Sprites\Objetos\Player 1\Ataque\ATTK-2\ATTK-2_0006.png",".png","True","8","2","0","4,97"
"C:\Users\Marcos\Documents\GitHub\BIGRAT_CENACT\Assets\RecursosUnificados\ChegaComJhon\Sprites\Objetos\Player 1\Ataque\ATTK-2\ATTK-2_0007.png",".png","True","8","2","0","4,67"
"C:\Users\Marcos\Documents\GitHub\BIGRAT_CENACT\Assets\RecursosUnificados\ChegaComJhon\Sprites\Objetos\Player 1\Ataque\ATTK-3\ATTK-3_0001.png",".png","True","8","2","0","4,96"
"C:\Users\Marcos\Documents\GitHub\BIGRAT_CENACT\Assets\RecursosUnificados\ChegaComJhon\Sprites\Objetos\Player 1\Ataque\ATTK-3\ATTK-3_0002.png",".png","True","8","2","0","4,74"
"C:\Users\Marcos\Documents\GitHub\BIGRAT_CENACT\Assets\RecursosUnificados\ChegaComJhon\Sprites\Objetos\Player 1\Ataque\ATTK-3\ATTK-3_0003.png",".png","True","8","2","0","4,26"
"C:\Users\Marcos\Documents\GitHub\BIGRAT_CENACT\Assets\RecursosUnificados\ChegaComJhon\Sprites\Objetos\Player 1\Ataque\ATTK-3\ATTK-3_0004.png",".png","True","8","2","0","4,95"
"C:\Users\Marcos\Documents\GitHub\BIGRAT_CENACT\Assets\RecursosUnificados\ChegaComJhon\Sprites\Objetos\Player 1\Ataque\ATTK-3\ATTK-3_0005.png",".png","True","8","2","0","7,43"
"C:\Users\Marcos\Documents\GitHub\BIGRAT_CENACT\Assets\RecursosUnificados\ChegaComJhon\Sprites\Objetos\Player 1\Ataque\ATTK-3\ATTK-3_0006.png",".png","True","8","2","0","9,22"
"C:\Users\Marcos\Documents\GitHub\BIGRAT_CENACT\Assets\RecursosUnificados\ChegaComJhon\Sprites\Objetos\Player 1\Ataque\ATTK-3\ATTK-3_0007.png",".png","True","8","2","0","7,74"
"C:\Users\Marcos\Documents\GitHub\BIGRAT_CENACT\Assets\RecursosUnificados\ChegaComJhon\Sprites\Objetos\Player 1\Ataque\JUMP-ATTK\PNG_0001.png",".png","True","8","2","0","6,08"
"C:\Users\Marcos\Documents\GitHub\BIGRAT_CENACT\Assets\RecursosUnificados\ChegaComJhon\Sprites\Objetos\Player 1\Ataque\JUMP-ATTK\PNG_0002.png",".png","True","8","2","0","7,95"
"C:\Users\Marcos\Documents\GitHub\BIGRAT_CENACT\Assets\RecursosUnificados\ChegaComJhon\Sprites\Objetos\Player 1\Ataque\JUMP-ATTK\PNG_0003.png",".png","True","8","2","0","7"
"C:\Users\Marcos\Documents\GitHub\BIGRAT_CENACT\Assets\RecursosUnificados\ChegaComJhon\Sprites\Objetos\Player 1\Ataque\JUMP-ATTK\PNG_0004.png",".png","True","8","2","0","8,38"
"C:\Users\Marcos\Documents\GitHub\BIGRAT_CENACT\Assets\RecursosUnificados\ChegaComJhon\Sprites\Objetos\Player 1\Ataque\JUMP-ATTK\PNG_0005.png",".png","True","8","2","0","9,96"
"C:\Users\Marcos\Documents\GitHub\BIGRAT_CENACT\Assets\RecursosUnificados\ChegaComJhon\Sprites\Objetos\Player 1\Ataque\JUMP-ATTK\PNG_0006.png",".png","True","8","2","0","11,95"
"C:\Users\Marcos\Documents\GitHub\BIGRAT_CENACT\Assets\RecursosUnificados\ChegaComJhon\Sprites\Objetos\Player 1\Ataque\JUMP-ATTK\PNG_0007.png",".png","True","8","2","0","9,73"
"C:\Users\Marcos\Documents\GitHub\BIGRAT_CENACT\Assets\RecursosUnificados\ChegaComJhon\Sprites\Objetos\Player 1\Dash\animação inacabada do dash.gif",".gif","True","8","2","0","31,4"
"C:\Users\Marcos\Documents\GitHub\BIGRAT_CENACT\Assets\RecursosUnificados\ChegaComJhon\Sprites\Objetos\Player 1\Dash\PNG\dash_0001.png",".png","True","8","2","0","6,48"
"C:\Users\Marcos\Documents\GitHub\BIGRAT_CENACT\Assets\RecursosUnificados\ChegaComJhon\Sprites\Objetos\Player 1\Dash\PNG\dash_0002.png",".png","True","8","2","0","6,02"
"C:\Users\Marcos\Documents\GitHub\BIGRAT_CENACT\Assets\RecursosUnificados\ChegaComJhon\Sprites\Objetos\Player 1\Dash\PNG\dash_0003.png",".png","True","8","2","0","5,64"
"C:\Users\Marcos\Documents\GitHub\BIGRAT_CENACT\Assets\RecursosUnificados\ChegaComJhon\Sprites\Objetos\Player 1\Dash\PNG\dash_0004.png",".png","True","8","2","0","5,72"
"C:\Users\Marcos\Documents\GitHub\BIGRAT_CENACT\Assets\RecursosUnificados\ChegaComJhon\Sprites\Objetos\Player 1\Dash\PNG\dash_0005.png",".png","True","8","2","0","5,3"
"C:\Users\Marcos\Documents\GitHub\BIGRAT_CENACT\Assets\RecursosUnificados\ChegaComJhon\Sprites\Objetos\Player 1\Dash\PNG\dash_0006.png",".png","True","8","2","0","5,28"
"C:\Users\Marcos\Documents\GitHub\BIGRAT_CENACT\Assets\RecursosUnificados\ChegaComJhon\Sprites\Objetos\Player 1\Dash\PNG\dash_0007.png",".png","True","8","2","0","5,35"
"C:\Users\Marcos\Documents\GitHub\BIGRAT_CENACT\Assets\RecursosUnificados\ChegaComJhon\Sprites\Objetos\Player 1\Dash\PNG\dash_0008.png",".png","True","8","2","0","5,33"
"C:\Users\Marcos\Documents\GitHub\BIGRAT_CENACT\Assets\RecursosUnificados\ChegaComJhon\Sprites\Objetos\Player 1\Dash\PNG\dash_0009.png",".png","True","8","2","0","5,28"
"C:\Users\Marcos\Documents\GitHub\BIGRAT_CENACT\Assets\RecursosUnificados\ChegaComJhon\Sprites\Objetos\Player 1\Dash\PNG\dash_0010.png",".png","True","8","2","0","5,96"
"C:\Users\Marcos\Documents\GitHub\BIGRAT_CENACT\Assets\RecursosUnificados\ChegaComJhon\Sprites\Objetos\Player 1\Dash\PNG\dash_0011.png",".png","True","8","2","0","5,79"
"C:\Users\Marcos\Documents\GitHub\BIGRAT_CENACT\Assets\RecursosUnificados\ChegaComJhon\Sprites\Objetos\Player 1\Dash\PNG\dash_0012.png",".png","True","8","2","0","6,56"
"C:\Users\Marcos\Documents\GitHub\BIGRAT_CENACT\Assets\RecursosUnificados\ChegaComJhon\Sprites\Objetos\Player 1\Dash\PNG\dash_0013.png",".png","True","8","2","0","6,03"
"C:\Users\Marcos\Documents\GitHub\BIGRAT_CENACT\Assets\RecursosUnificados\ChegaComJhon\Sprites\Objetos\Player 1\Dead\dead_0001.png",".png","True","8","2","0","7,38"
"C:\Users\Marcos\Documents\GitHub\BIGRAT_CENACT\Assets\RecursosUnificados\ChegaComJhon\Sprites\Objetos\Player 1\Dead\dead_0002.png",".png","True","8","2","0","6,74"
"C:\Users\Marcos\Documents\GitHub\BIGRAT_CENACT\Assets\RecursosUnificados\ChegaComJhon\Sprites\Objetos\Player 1\Dead\dead_0003.png",".png","True","8","2","0","6,94"
"C:\Users\Marcos\Documents\GitHub\BIGRAT_CENACT\Assets\RecursosUnificados\ChegaComJhon\Sprites\Objetos\Player 1\Dead\dead_0004.png",".png","True","8","2","0","4,88"
"C:\Users\Marcos\Documents\GitHub\BIGRAT_CENACT\Assets\RecursosUnificados\ChegaComJhon\Sprites\Objetos\Player 1\Dead\dead_0005.png",".png","True","8","2","0","4,29"
"C:\Users\Marcos\Documents\GitHub\BIGRAT_CENACT\Assets\RecursosUnificados\ChegaComJhon\Sprites\Objetos\Player 1\Dead\dead_0006.png",".png","True","8","2","0","3,82"
"C:\Users\Marcos\Documents\GitHub\BIGRAT_CENACT\Assets\RecursosUnificados\ChegaComJhon\Sprites\Objetos\Player 1\DMG-animation\DMG-animation_0001.png",".png","True","8","2","0","11,37"
"C:\Users\Marcos\Documents\GitHub\BIGRAT_CENACT\Assets\RecursosUnificados\ChegaComJhon\Sprites\Objetos\Player 1\DMG-animation\DMG-animation_0002.png",".png","True","8","2","0","8"
"C:\Users\Marcos\Documents\GitHub\BIGRAT_CENACT\Assets\RecursosUnificados\ChegaComJhon\Sprites\Objetos\Player 1\DMG-animation\DMG-animation_0003.png",".png","True","8","2","0","7,43"
"C:\Users\Marcos\Documents\GitHub\BIGRAT_CENACT\Assets\RecursosUnificados\ChegaComJhon\Sprites\Objetos\Player 1\DMG-animation\DMG-animation_0004.png",".png","True","8","2","0","11,18"
"C:\Users\Marcos\Documents\GitHub\BIGRAT_CENACT\Assets\RecursosUnificados\ChegaComJhon\Sprites\Objetos\Player 1\DMG-animation\DMG-animation_0005.png",".png","True","8","2","0","10,65"
"C:\Users\Marcos\Documents\GitHub\BIGRAT_CENACT\Assets\RecursosUnificados\ChegaComJhon\Sprites\Objetos\Player 1\Idle\idle.gif",".gif","True","8","2","0","23,49"
"C:\Users\Marcos\Documents\GitHub\BIGRAT_CENACT\Assets\RecursosUnificados\ChegaComJhon\Sprites\Objetos\Player 1\Idle\idle1.gif",".gif","True","8","2","0","23,49"
"C:\Users\Marcos\Documents\GitHub\BIGRAT_CENACT\Assets\RecursosUnificados\ChegaComJhon\Sprites\Objetos\Player 1\Idle\idle1.png",".png","True","8","2","0","5,27"
"C:\Users\Marcos\Documents\GitHub\BIGRAT_CENACT\Assets\RecursosUnificados\ChegaComJhon\Sprites\Objetos\Player 1\Idle\idle2.png",".png","True","8","2","0","6,53"
"C:\Users\Marcos\Documents\GitHub\BIGRAT_CENACT\Assets\RecursosUnificados\ChegaComJhon\Sprites\Objetos\Player 1\Idle\idle3.png",".png","True","8","2","0","5,83"
"C:\Users\Marcos\Documents\GitHub\BIGRAT_CENACT\Assets\RecursosUnificados\ChegaComJhon\Sprites\Objetos\Player 1\Idle\idle4.png",".png","True","8","2","0","6,64"
"C:\Users\Marcos\Documents\GitHub\BIGRAT_CENACT\Assets\RecursosUnificados\ChegaComJhon\Sprites\Objetos\Player 1\Idle\idle5.png",".png","True","8","2","0","5,97"
"C:\Users\Marcos\Documents\GitHub\BIGRAT_CENACT\Assets\RecursosUnificados\ChegaComJhon\Sprites\Objetos\Player 1\Idle\idle6.png",".png","True","8","2","0","6,52"
"C:\Users\Marcos\Documents\GitHub\BIGRAT_CENACT\Assets\RecursosUnificados\ChegaComJhon\Sprites\Objetos\Player 1\Idle\idle7.png",".png","True","8","2","0","5,86"
"C:\Users\Marcos\Documents\GitHub\BIGRAT_CENACT\Assets\RecursosUnificados\ChegaComJhon\Sprites\Objetos\Player 1\Idle\idle8.png",".png","True","8","2","0","6,38"
"C:\Users\Marcos\Documents\GitHub\BIGRAT_CENACT\Assets\RecursosUnificados\ChegaComJhon\Sprites\Objetos\Player 1\Idle\idle9.png",".png","True","8","2","0","5,53"
"C:\Users\Marcos\Documents\GitHub\BIGRAT_CENACT\Assets\RecursosUnificados\ChegaComJhon\Sprites\Objetos\Player 1\Idle\init-fix.png",".png","True","8","2","0","5,38"
"C:\Users\Marcos\Documents\GitHub\BIGRAT_CENACT\Assets\RecursosUnificados\ChegaComJhon\Sprites\Objetos\Player 1\Idle\init.png",".png","True","8","2","0","5,76"
"C:\Users\Marcos\Documents\GitHub\BIGRAT_CENACT\Assets\RecursosUnificados\ChegaComJhon\Sprites\Objetos\Player 1\jump-(pode ser trocado com o tempo)\jump(menos ruim).gif",".gif","True","8","2","0","36,94"
"C:\Users\Marcos\Documents\GitHub\BIGRAT_CENACT\Assets\RecursosUnificados\ChegaComJhon\Sprites\Objetos\Player 1\jump-(pode ser trocado com o tempo)\opção2.gif",".gif","True","8","2","0","37,27"
"C:\Users\Marcos\Documents\GitHub\BIGRAT_CENACT\Assets\RecursosUnificados\ChegaComJhon\Sprites\Objetos\Player 1\jump-(pode ser trocado com o tempo)\prop-jump.gif",".gif","True","8","2","0","47,19"
"C:\Users\Marcos\Documents\GitHub\BIGRAT_CENACT\Assets\RecursosUnificados\ChegaComJhon\Sprites\Objetos\Player 1\jump-(pode ser trocado com o tempo)\PNGS\PNGS_0001.png",".png","True","8","2","0","5,27"
"C:\Users\Marcos\Documents\GitHub\BIGRAT_CENACT\Assets\RecursosUnificados\ChegaComJhon\Sprites\Objetos\Player 1\jump-(pode ser trocado com o tempo)\PNGS\PNGS_0002.png",".png","True","8","2","0","6,83"
"C:\Users\Marcos\Documents\GitHub\BIGRAT_CENACT\Assets\RecursosUnificados\ChegaComJhon\Sprites\Objetos\Player 1\jump-(pode ser trocado com o tempo)\PNGS\PNGS_0003.png",".png","True","8","2","0","6,07"
"C:\Users\Marcos\Documents\GitHub\BIGRAT_CENACT\Assets\RecursosUnificados\ChegaComJhon\Sprites\Objetos\Player 1\jump-(pode ser trocado com o tempo)\PNGS\PNGS_0004.png",".png","True","8","2","0","6,65"
"C:\Users\Marcos\Documents\GitHub\BIGRAT_CENACT\Assets\RecursosUnificados\ChegaComJhon\Sprites\Objetos\Player 1\jump-(pode ser trocado com o tempo)\PNGS\PNGS_0005.png",".png","True","8","2","0","5,96"
"C:\Users\Marcos\Documents\GitHub\BIGRAT_CENACT\Assets\RecursosUnificados\ChegaComJhon\Sprites\Objetos\Player 1\jump-(pode ser trocado com o tempo)\PNGS\PNGS_0006.png",".png","True","8","2","0","6,69"
"C:\Users\Marcos\Documents\GitHub\BIGRAT_CENACT\Assets\RecursosUnificados\ChegaComJhon\Sprites\Objetos\Player 1\jump-(pode ser trocado com o tempo)\PNGS\PNGS_0007.png",".png","True","8","2","0","6,1"
"C:\Users\Marcos\Documents\GitHub\BIGRAT_CENACT\Assets\RecursosUnificados\ChegaComJhon\Sprites\Objetos\Player 1\jump-(pode ser trocado com o tempo)\PNGS\PNGS_0008.png",".png","True","8","2","0","6,83"
"C:\Users\Marcos\Documents\GitHub\BIGRAT_CENACT\Assets\RecursosUnificados\ChegaComJhon\Sprites\Objetos\Player 1\jump-(pode ser trocado com o tempo)\PNGS\PNGS_0009.png",".png","True","8","2","0","5,88"
"C:\Users\Marcos\Documents\GitHub\BIGRAT_CENACT\Assets\RecursosUnificados\ChegaComJhon\Sprites\Objetos\Player 1\jump-(pode ser trocado com o tempo)\PNGS\PNGS_0010.png",".png","True","8","2","0","6,13"
"C:\Users\Marcos\Documents\GitHub\BIGRAT_CENACT\Assets\RecursosUnificados\ChegaComJhon\Sprites\Objetos\Player 1\jump-(pode ser trocado com o tempo)\PNGS\PNGS_0011.png",".png","True","8","2","0","5,64"
"C:\Users\Marcos\Documents\GitHub\BIGRAT_CENACT\Assets\RecursosUnificados\ChegaComJhon\Sprites\Objetos\Player 1\jump-(pode ser trocado com o tempo)\PNGS\PNGS_0012.png",".png","True","8","2","0","6,52"
"C:\Users\Marcos\Documents\GitHub\BIGRAT_CENACT\Assets\RecursosUnificados\ChegaComJhon\Sprites\Objetos\Player 1\jump-(pode ser trocado com o tempo)\PNGS\PNGS_0013.png",".png","True","8","2","0","6,07"
"C:\Users\Marcos\Documents\GitHub\BIGRAT_CENACT\Assets\RecursosUnificados\ChegaComJhon\Sprites\Objetos\Player 1\jump-plataforma\jump-plataforma_0001.png",".png","True","8","2","0","4,97"
"C:\Users\Marcos\Documents\GitHub\BIGRAT_CENACT\Assets\RecursosUnificados\ChegaComJhon\Sprites\Objetos\Player 1\jump-plataforma\jump-plataforma_0002.png",".png","True","8","2","0","5,6"
"C:\Users\Marcos\Documents\GitHub\BIGRAT_CENACT\Assets\RecursosUnificados\ChegaComJhon\Sprites\Objetos\Player 1\jump-plataforma\jump-plataforma_0003.png",".png","True","8","2","0","5,19"
"C:\Users\Marcos\Documents\GitHub\BIGRAT_CENACT\Assets\RecursosUnificados\ChegaComJhon\Sprites\Objetos\Player 1\jump-plataforma\jump-plataforma_0004.png",".png","True","8","2","0","5,95"
"C:\Users\Marcos\Documents\GitHub\BIGRAT_CENACT\Assets\RecursosUnificados\ChegaComJhon\Sprites\Objetos\Player 1\jump-plataforma\jump-plataforma_0005.png",".png","True","8","2","0","5,33"
"C:\Users\Marcos\Documents\GitHub\BIGRAT_CENACT\Assets\RecursosUnificados\ChegaComJhon\Sprites\Objetos\Player 1\jump-plataforma\jump-plataforma_0006.png",".png","True","8","2","0","6,53"
"C:\Users\Marcos\Documents\GitHub\BIGRAT_CENACT\Assets\RecursosUnificados\ChegaComJhon\Sprites\Objetos\Player 1\jump-plataforma\jump-plataforma_0007.png",".png","True","8","2","0","7,39"
"C:\Users\Marcos\Documents\GitHub\BIGRAT_CENACT\Assets\RecursosUnificados\ChegaComJhon\Sprites\Objetos\Player 1\jump-plataforma\jump-plataforma_0008.png",".png","True","8","2","0","8,9"
"C:\Users\Marcos\Documents\GitHub\BIGRAT_CENACT\Assets\RecursosUnificados\ChegaComJhon\Sprites\Objetos\Player 1\jump-plataforma\jump-plataforma_0009.png",".png","True","8","2","0","5,43"
"C:\Users\Marcos\Documents\GitHub\BIGRAT_CENACT\Assets\RecursosUnificados\ChegaComJhon\Sprites\Objetos\Player 1\Prop\pixellab-anima--o-de-dash--part-culas-d-1776644095409.gif",".gif","True","8","2","0","6,92"
"C:\Users\Marcos\Documents\GitHub\BIGRAT_CENACT\Assets\RecursosUnificados\ChegaComJhon\Sprites\Objetos\Player 1\Prop\pixellab-make-it-be-the-last-frame-of-t-1776633168244.png",".png","True","8","2","0","10,95"
"C:\Users\Marcos\Documents\GitHub\BIGRAT_CENACT\Assets\RecursosUnificados\ChegaComJhon\Sprites\Objetos\Player 1\Prop\pixellab-make-it-be-the-last-frame-of-t-1776633537342.png",".png","True","8","2","0","7,72"
"C:\Users\Marcos\Documents\GitHub\BIGRAT_CENACT\Assets\RecursosUnificados\ChegaComJhon\Sprites\Objetos\Player 1\Prop\pixellab-The-hooded-figure-shifts-their-1776643828722 (1).gif",".gif","True","8","2","0","31,4"
"C:\Users\Marcos\Documents\GitHub\BIGRAT_CENACT\Assets\RecursosUnificados\ChegaComJhon\Sprites\Objetos\Player 1\Prop\start-attk.png",".png","True","8","2","0","6,63"
"C:\Users\Marcos\Documents\GitHub\BIGRAT_CENACT\Assets\RecursosUnificados\ChegaComJhon\Sprites\Objetos\Player 1\Run\run-loop.gif",".gif","True","8","2","0","35,97"
"C:\Users\Marcos\Documents\GitHub\BIGRAT_CENACT\Assets\RecursosUnificados\ChegaComJhon\Sprites\Objetos\Player 1\Run\png\pixellab-The-hooded-figure-shifts-their-1776630699897_0001.png",".png","True","8","2","0","6,14"
"C:\Users\Marcos\Documents\GitHub\BIGRAT_CENACT\Assets\RecursosUnificados\ChegaComJhon\Sprites\Objetos\Player 1\Run\png\pixellab-The-hooded-figure-shifts-their-1776630699897_0002.png",".png","True","8","2","0","6,42"
"C:\Users\Marcos\Documents\GitHub\BIGRAT_CENACT\Assets\RecursosUnificados\ChegaComJhon\Sprites\Objetos\Player 1\Run\png\pixellab-The-hooded-figure-shifts-their-1776630699897_0003.png",".png","True","8","2","0","5,89"
"C:\Users\Marcos\Documents\GitHub\BIGRAT_CENACT\Assets\RecursosUnificados\ChegaComJhon\Sprites\Objetos\Player 1\Run\png\pixellab-The-hooded-figure-shifts-their-1776630699897_0004.png",".png","True","8","2","0","6,59"
"C:\Users\Marcos\Documents\GitHub\BIGRAT_CENACT\Assets\RecursosUnificados\ChegaComJhon\Sprites\Objetos\Player 1\Run\png\pixellab-The-hooded-figure-shifts-their-1776630699897_0005.png",".png","True","8","2","0","6,31"
"C:\Users\Marcos\Documents\GitHub\BIGRAT_CENACT\Assets\RecursosUnificados\ChegaComJhon\Sprites\Objetos\Player 1\Run\png\pixellab-The-hooded-figure-shifts-their-1776630699897_0006.png",".png","True","8","2","0","6,79"
"C:\Users\Marcos\Documents\GitHub\BIGRAT_CENACT\Assets\RecursosUnificados\ChegaComJhon\Sprites\Objetos\Player 1\Run\png\pixellab-The-hooded-figure-shifts-their-1776630699897_0007.png",".png","True","8","2","0","6,05"
"C:\Users\Marcos\Documents\GitHub\BIGRAT_CENACT\Assets\RecursosUnificados\ChegaComJhon\Sprites\Objetos\Player 1\Run\png\pixellab-The-hooded-figure-shifts-their-1776630699897_0008.png",".png","True","8","2","0","6,46"
"C:\Users\Marcos\Documents\GitHub\BIGRAT_CENACT\Assets\RecursosUnificados\ChegaComJhon\Sprites\Objetos\Player 1\Run\png\pixellab-The-hooded-figure-shifts-their-1776630699897_0009.png",".png","True","8","2","0","5,75"
"C:\Users\Marcos\Documents\GitHub\BIGRAT_CENACT\Assets\RecursosUnificados\ChegaComJhon\Sprites\Objetos\Player 1\Run\png\pixellab-The-hooded-figure-shifts-their-1776630699897_0010.png",".png","True","8","2","0","6,41"
"C:\Users\Marcos\Documents\GitHub\BIGRAT_CENACT\Assets\RecursosUnificados\ChegaComJhon\Sprites\Objetos\Player 1\Run\png\pixellab-The-hooded-figure-shifts-their-1776630699897_0011.png",".png","True","8","2","0","6,22"
"C:\Users\Marcos\Documents\GitHub\BIGRAT_CENACT\Assets\RecursosUnificados\ChegaComJhon\Sprites\Objetos\Player 1\Run\png\pixellab-The-hooded-figure-shifts-their-1776630699897_0012.png",".png","True","8","2","0","7,08"
"C:\Users\Marcos\Documents\GitHub\BIGRAT_CENACT\Assets\RecursosUnificados\ChegaComJhon\Sprites\Objetos\Player 1\Run\png\pixellab-The-hooded-figure-shifts-their-1776630699897_0013.png",".png","True","8","2","0","6,13"
"C:\Users\Marcos\Documents\GitHub\BIGRAT_CENACT\Assets\RecursosUnificados\ChegaComJhon\Sprites\Objetos\Player 1\Troca-de-lado\troca-de-lado.gif",".gif","True","8","2","0","28,88"
"C:\Users\Marcos\Documents\GitHub\BIGRAT_CENACT\Assets\RecursosUnificados\ChegaComJhon\Sprites\Objetos\Player 1\Troca-de-lado\PNG\troca-de-lado_0001.png",".png","True","8","2","0","5,27"
"C:\Users\Marcos\Documents\GitHub\BIGRAT_CENACT\Assets\RecursosUnificados\ChegaComJhon\Sprites\Objetos\Player 1\Troca-de-lado\PNG\troca-de-lado_0002.png",".png","True","8","2","0","6,59"
"C:\Users\Marcos\Documents\GitHub\BIGRAT_CENACT\Assets\RecursosUnificados\ChegaComJhon\Sprites\Objetos\Player 1\Troca-de-lado\PNG\troca-de-lado_0003.png",".png","True","8","2","0","5,87"
"C:\Users\Marcos\Documents\GitHub\BIGRAT_CENACT\Assets\RecursosUnificados\ChegaComJhon\Sprites\Objetos\Player 1\Troca-de-lado\PNG\troca-de-lado_0004.png",".png","True","8","2","0","5,98"
"C:\Users\Marcos\Documents\GitHub\BIGRAT_CENACT\Assets\RecursosUnificados\ChegaComJhon\Sprites\Objetos\Player 1\Troca-de-lado\PNG\troca-de-lado_0005.png",".png","True","8","2","0","4,69"
"C:\Users\Marcos\Documents\GitHub\BIGRAT_CENACT\Assets\RecursosUnificados\ChegaComJhon\Sprites\Objetos\Player 1\Troca-de-lado\PNG\troca-de-lado_0006.png",".png","True","8","2","0","5,28"
"C:\Users\Marcos\Documents\GitHub\BIGRAT_CENACT\Assets\RecursosUnificados\ChegaComJhon\Sprites\Objetos\Player 1\Troca-de-lado\PNG\troca-de-lado_0007.png",".png","True","8","2","0","5,14"
"C:\Users\Marcos\Documents\GitHub\BIGRAT_CENACT\Assets\RecursosUnificados\ChegaComJhon\Sprites\Objetos\Player 1\Troca-de-lado\PNG\troca-de-lado_0008.png",".png","True","8","2","0","6,03"
"C:\Users\Marcos\Documents\GitHub\BIGRAT_CENACT\Assets\RecursosUnificados\ChegaComJhon\Sprites\Objetos\Player 1\Troca-de-lado\PNG\troca-de-lado_0009.png",".png","True","8","2","0","5,8"
"C:\Users\Marcos\Documents\GitHub\BIGRAT_CENACT\Assets\RecursosUnificados\ChegaComJhon\Sprites\Objetos\Player 1\Troca-de-lado\PNG\troca-de-lado_0010.png",".png","True","8","2","0","6,88"
"C:\Users\Marcos\Documents\GitHub\BIGRAT_CENACT\Assets\RecursosUnificados\ChegaComJhon\Sprites\Objetos\Player 1\Troca-de-lado\PNG\troca-de-lado_0011.png",".png","True","8","2","0","5,43"
"C:\Users\Marcos\Documents\GitHub\BIGRAT_CENACT\Assets\RecursosUnificados\ChegaComJhon\Sprites\Objetos\Player 1\Walk\def-walk.gif",".gif","True","8","2","0","39,76"
"C:\Users\Marcos\Documents\GitHub\BIGRAT_CENACT\Assets\RecursosUnificados\ChegaComJhon\Sprites\Objetos\Player 1\Walk\def-walk_0001.png",".png","True","8","2","0","7,05"
"C:\Users\Marcos\Documents\GitHub\BIGRAT_CENACT\Assets\RecursosUnificados\ChegaComJhon\Sprites\Objetos\Player 1\Walk\def-walk_0002.png",".png","True","8","2","0","7,02"
"C:\Users\Marcos\Documents\GitHub\BIGRAT_CENACT\Assets\RecursosUnificados\ChegaComJhon\Sprites\Objetos\Player 1\Walk\def-walk_0003.png",".png","True","8","2","0","6,71"
"C:\Users\Marcos\Documents\GitHub\BIGRAT_CENACT\Assets\RecursosUnificados\ChegaComJhon\Sprites\Objetos\Player 1\Walk\def-walk_0004.png",".png","True","8","2","0","7,55"
"C:\Users\Marcos\Documents\GitHub\BIGRAT_CENACT\Assets\RecursosUnificados\ChegaComJhon\Sprites\Objetos\Player 1\Walk\def-walk_0005.png",".png","True","8","2","0","6,76"
"C:\Users\Marcos\Documents\GitHub\BIGRAT_CENACT\Assets\RecursosUnificados\ChegaComJhon\Sprites\Objetos\Player 1\Walk\def-walk_0006.png",".png","True","8","2","0","7,28"
"C:\Users\Marcos\Documents\GitHub\BIGRAT_CENACT\Assets\RecursosUnificados\ChegaComJhon\Sprites\Objetos\Player 1\Walk\def-walk_0007.png",".png","True","8","2","0","6,82"
"C:\Users\Marcos\Documents\GitHub\BIGRAT_CENACT\Assets\RecursosUnificados\ChegaComJhon\Sprites\Objetos\Player 1\Walk\def-walk_0008.png",".png","True","8","2","0","7,09"
"C:\Users\Marcos\Documents\GitHub\BIGRAT_CENACT\Assets\RecursosUnificados\ChegaComJhon\Sprites\Objetos\Player 1\Walk\def-walk_0009.png",".png","True","8","2","0","6,65"
"C:\Users\Marcos\Documents\GitHub\BIGRAT_CENACT\Assets\RecursosUnificados\ChegaComJhon\Sprites\Objetos\Player 1\Walk\def-walk_0010.png",".png","True","8","2","0","7,64"
"C:\Users\Marcos\Documents\GitHub\BIGRAT_CENACT\Assets\RecursosUnificados\ChegaComJhon\Sprites\Objetos\Player 1\Walk\def-walk_0011.png",".png","True","8","2","0","7,23"
"C:\Users\Marcos\Documents\GitHub\BIGRAT_CENACT\Assets\RecursosUnificados\ChegaComJhon\Sprites\Objetos\Player 1\Walk\def-walk_0012.png",".png","True","8","2","0","7,47"
"C:\Users\Marcos\Documents\GitHub\BIGRAT_CENACT\Assets\RecursosUnificados\ChegaComJhon\Sprites\Objetos\Player 1\Walk\def-walk_0013.png",".png","True","8","2","0","7"
"C:\Users\Marcos\Documents\GitHub\BIGRAT_CENACT\Assets\RecursosUnificados\ChegaComJhon\Sprites\Objetos\Player 1\Walk\start-walk.gif",".gif","True","8","2","0","36,13"
"C:\Users\Marcos\Documents\GitHub\BIGRAT_CENACT\Assets\RecursosUnificados\ChegaComJhon\Sprites\Objetos\Player 1\Walk\png\def-walk_0001.png",".png","True","8","2","0","7,05"
"C:\Users\Marcos\Documents\GitHub\BIGRAT_CENACT\Assets\RecursosUnificados\ChegaComJhon\Sprites\Objetos\Player 1\Walk\png\def-walk_0002.png",".png","True","8","2","0","7,02"
"C:\Users\Marcos\Documents\GitHub\BIGRAT_CENACT\Assets\RecursosUnificados\ChegaComJhon\Sprites\Objetos\Player 1\Walk\png\def-walk_0003.png",".png","True","8","2","0","6,71"
"C:\Users\Marcos\Documents\GitHub\BIGRAT_CENACT\Assets\RecursosUnificados\ChegaComJhon\Sprites\Objetos\Player 1\Walk\png\def-walk_0004.png",".png","True","8","2","0","7,55"
"C:\Users\Marcos\Documents\GitHub\BIGRAT_CENACT\Assets\RecursosUnificados\ChegaComJhon\Sprites\Objetos\Player 1\Walk\png\def-walk_0005.png",".png","True","8","2","0","6,76"
"C:\Users\Marcos\Documents\GitHub\BIGRAT_CENACT\Assets\RecursosUnificados\ChegaComJhon\Sprites\Objetos\Player 1\Walk\png\def-walk_0006.png",".png","True","8","2","0","7,28"
"C:\Users\Marcos\Documents\GitHub\BIGRAT_CENACT\Assets\RecursosUnificados\ChegaComJhon\Sprites\Objetos\Player 1\Walk\png\def-walk_0007.png",".png","True","8","2","0","6,82"
"C:\Users\Marcos\Documents\GitHub\BIGRAT_CENACT\Assets\RecursosUnificados\ChegaComJhon\Sprites\Objetos\Player 1\Walk\png\def-walk_0008.png",".png","True","8","2","0","7,09"
"C:\Users\Marcos\Documents\GitHub\BIGRAT_CENACT\Assets\RecursosUnificados\ChegaComJhon\Sprites\Objetos\Player 1\Walk\png\def-walk_0009.png",".png","True","8","2","0","6,65"
"C:\Users\Marcos\Documents\GitHub\BIGRAT_CENACT\Assets\RecursosUnificados\ChegaComJhon\Sprites\Objetos\Player 1\Walk\png\def-walk_0010.png",".png","True","8","2","0","7,64"
"C:\Users\Marcos\Documents\GitHub\BIGRAT_CENACT\Assets\RecursosUnificados\ChegaComJhon\Sprites\Objetos\Player 1\Walk\png\def-walk_0011.png",".png","True","8","2","0","7,23"
"C:\Users\Marcos\Documents\GitHub\BIGRAT_CENACT\Assets\RecursosUnificados\ChegaComJhon\Sprites\Objetos\Player 1\Walk\png\def-walk_0012.png",".png","True","8","2","0","7,47"
"C:\Users\Marcos\Documents\GitHub\BIGRAT_CENACT\Assets\RecursosUnificados\ChegaComJhon\Sprites\Objetos\Player 1\Walk\png\def-walk_0013.png",".png","True","8","2","0","7"
"C:\Users\Marcos\Documents\GitHub\BIGRAT_CENACT\Assets\RecursosUnificados\ChegaComJhon\TextMesh Pro\Sprites\EmojiOne.png",".png","True","0","2","0","109,69"
"C:\Users\Marcos\Documents\GitHub\BIGRAT_CENACT\Assets\RecursosUnificados\ColegaTeste\PlatformerSet1\01 background.png",".png","True","8","1","0","14,27"
"C:\Users\Marcos\Documents\GitHub\BIGRAT_CENACT\Assets\RecursosUnificados\ColegaTeste\PlatformerSet1\02 background.png",".png","True","8","1","0","8,17"
"C:\Users\Marcos\Documents\GitHub\BIGRAT_CENACT\Assets\RecursosUnificados\ColegaTeste\PlatformerSet1\03 background A.png",".png","True","8","1","0","13,35"
"C:\Users\Marcos\Documents\GitHub\BIGRAT_CENACT\Assets\RecursosUnificados\ColegaTeste\PlatformerSet1\03 background B.png",".png","True","8","1","0","13,3"
"C:\Users\Marcos\Documents\GitHub\BIGRAT_CENACT\Assets\RecursosUnificados\ColegaTeste\PlatformerSet1\04 background.png",".png","True","8","1","0","23,81"
"C:\Users\Marcos\Documents\GitHub\BIGRAT_CENACT\Assets\RecursosUnificados\ColegaTeste\PlatformerSet1\05 background.png",".png","True","8","1","0","19,88"
"C:\Users\Marcos\Documents\GitHub\BIGRAT_CENACT\Assets\RecursosUnificados\ColegaTeste\PlatformerSet1\main_lev_build.png",".png","True","8","2","0","211,86"
"C:\Users\Marcos\Documents\GitHub\BIGRAT_CENACT\Assets\RecursosUnificados\ColegaTeste\PlatformerSet1\other_and_decorative.png",".png","True","8","2","0","49,53"
"C:\Users\Marcos\Documents\GitHub\BIGRAT_CENACT\Assets\RecursosUnificados\ColegaTeste\PlatformerSet1\Animated\diamond-01.png",".png","True","8","1","0","3,68"
"C:\Users\Marcos\Documents\GitHub\BIGRAT_CENACT\Assets\RecursosUnificados\ColegaTeste\PlatformerSet1\Animated\diamond-02.png",".png","True","8","1","0","3,69"
"C:\Users\Marcos\Documents\GitHub\BIGRAT_CENACT\Assets\RecursosUnificados\ColegaTeste\PlatformerSet1\Animated\diamond-03.png",".png","True","8","1","0","3,69"
"C:\Users\Marcos\Documents\GitHub\BIGRAT_CENACT\Assets\RecursosUnificados\ColegaTeste\PlatformerSet1\Animated\diamond-04.png",".png","True","8","1","0","3,67"
"C:\Users\Marcos\Documents\GitHub\BIGRAT_CENACT\Assets\RecursosUnificados\ColegaTeste\PlatformerSet1\Animated\diamond-05.png",".png","True","8","1","0","3,65"
"C:\Users\Marcos\Documents\GitHub\BIGRAT_CENACT\Assets\RecursosUnificados\ColegaTeste\PlatformerSet1\Animated\light-01.png",".png","True","8","1","0","4,07"
"C:\Users\Marcos\Documents\GitHub\BIGRAT_CENACT\Assets\RecursosUnificados\ColegaTeste\PlatformerSet1\Animated\light-02.png",".png","True","8","1","0","4,13"
"C:\Users\Marcos\Documents\GitHub\BIGRAT_CENACT\Assets\RecursosUnificados\ColegaTeste\PlatformerSet1\Animated\light-03.png",".png","True","8","1","0","4,14"
"C:\Users\Marcos\Documents\GitHub\BIGRAT_CENACT\Assets\RecursosUnificados\ColegaTeste\PlatformerSet1\Animated\light-04.png",".png","True","8","1","0","4,08"
"C:\Users\Marcos\Documents\GitHub\BIGRAT_CENACT\Assets\RecursosUnificados\ColegaTeste\PlatformerSet1\Animated\torch-A-01.png",".png","True","8","1","0","3,84"
"C:\Users\Marcos\Documents\GitHub\BIGRAT_CENACT\Assets\RecursosUnificados\ColegaTeste\PlatformerSet1\Animated\torch-A-02.png",".png","True","8","1","0","3,85"
"C:\Users\Marcos\Documents\GitHub\BIGRAT_CENACT\Assets\RecursosUnificados\ColegaTeste\PlatformerSet1\Animated\torch-A-03.png",".png","True","8","1","0","3,85"
"C:\Users\Marcos\Documents\GitHub\BIGRAT_CENACT\Assets\RecursosUnificados\ColegaTeste\PlatformerSet1\Animated\torch-A-04.png",".png","True","8","1","0","3,87"
"C:\Users\Marcos\Documents\GitHub\BIGRAT_CENACT\Assets\RecursosUnificados\ColegaTeste\PlatformerSet1\Animated\torch-B-01.png",".png","True","8","1","0","3,84"
"C:\Users\Marcos\Documents\GitHub\BIGRAT_CENACT\Assets\RecursosUnificados\ColegaTeste\PlatformerSet1\Animated\torch-B-02.png",".png","True","8","1","0","3,85"
"C:\Users\Marcos\Documents\GitHub\BIGRAT_CENACT\Assets\RecursosUnificados\ColegaTeste\PlatformerSet1\Animated\torch-B-03.png",".png","True","8","1","0","3,85"
"C:\Users\Marcos\Documents\GitHub\BIGRAT_CENACT\Assets\RecursosUnificados\ColegaTeste\PlatformerSet1\Animated\torch-B-04.png",".png","True","8","1","0","3,86"
"C:\Users\Marcos\Documents\GitHub\BIGRAT_CENACT\Assets\RecursosUnificados\ColegaTeste\PlatformerSet1\Animated\torch-C-01.png",".png","True","8","1","0","3,86"
"C:\Users\Marcos\Documents\GitHub\BIGRAT_CENACT\Assets\RecursosUnificados\ColegaTeste\PlatformerSet1\Animated\torch-C-02.png",".png","True","8","1","0","3,89"
"C:\Users\Marcos\Documents\GitHub\BIGRAT_CENACT\Assets\RecursosUnificados\ColegaTeste\PlatformerSet1\Animated\torch-C-03.png",".png","True","8","1","0","3,87"
"C:\Users\Marcos\Documents\GitHub\BIGRAT_CENACT\Assets\RecursosUnificados\ColegaTeste\PlatformerSet1\Animated\torch-C-04.png",".png","True","8","1","0","3,86"
"C:\Users\Marcos\Documents\GitHub\BIGRAT_CENACT\Assets\RecursosUnificados\ColegaTeste\PlatformerSet1\AnimCharacter\attack-01.png",".png","True","8","1","0","4"
"C:\Users\Marcos\Documents\GitHub\BIGRAT_CENACT\Assets\RecursosUnificados\ColegaTeste\PlatformerSet1\AnimCharacter\attack-02.png",".png","True","8","1","0","4,02"
"C:\Users\Marcos\Documents\GitHub\BIGRAT_CENACT\Assets\RecursosUnificados\ColegaTeste\PlatformerSet1\AnimCharacter\attack-03.png",".png","True","8","1","0","4,12"
"C:\Users\Marcos\Documents\GitHub\BIGRAT_CENACT\Assets\RecursosUnificados\ColegaTeste\PlatformerSet1\AnimCharacter\attack-04.png",".png","True","8","1","0","4,1"
"C:\Users\Marcos\Documents\GitHub\BIGRAT_CENACT\Assets\RecursosUnificados\ColegaTeste\PlatformerSet1\AnimCharacter\attack-05.png",".png","True","8","1","0","4,09"
"C:\Users\Marcos\Documents\GitHub\BIGRAT_CENACT\Assets\RecursosUnificados\ColegaTeste\PlatformerSet1\AnimCharacter\attack-06.png",".png","True","8","1","0","4,03"
"C:\Users\Marcos\Documents\GitHub\BIGRAT_CENACT\Assets\RecursosUnificados\ColegaTeste\PlatformerSet1\AnimCharacter\attack-07-continue.png",".png","True","8","1","0","4,16"
"C:\Users\Marcos\Documents\GitHub\BIGRAT_CENACT\Assets\RecursosUnificados\ColegaTeste\PlatformerSet1\AnimCharacter\attack-08-continue.png",".png","True","8","1","0","4,16"
"C:\Users\Marcos\Documents\GitHub\BIGRAT_CENACT\Assets\RecursosUnificados\ColegaTeste\PlatformerSet1\AnimCharacter\dead-01.png",".png","True","8","1","0","3,97"
"C:\Users\Marcos\Documents\GitHub\BIGRAT_CENACT\Assets\RecursosUnificados\ColegaTeste\PlatformerSet1\AnimCharacter\dead-02.png",".png","True","8","1","0","3,98"
"C:\Users\Marcos\Documents\GitHub\BIGRAT_CENACT\Assets\RecursosUnificados\ColegaTeste\PlatformerSet1\AnimCharacter\dead-03.png",".png","True","8","1","0","3,83"
"C:\Users\Marcos\Documents\GitHub\BIGRAT_CENACT\Assets\RecursosUnificados\ColegaTeste\PlatformerSet1\AnimCharacter\dead-04.png",".png","True","8","1","0","3,8"
"C:\Users\Marcos\Documents\GitHub\BIGRAT_CENACT\Assets\RecursosUnificados\ColegaTeste\PlatformerSet1\AnimCharacter\idle-01.png",".png","True","8","1","0","3,96"
"C:\Users\Marcos\Documents\GitHub\BIGRAT_CENACT\Assets\RecursosUnificados\ColegaTeste\PlatformerSet1\AnimCharacter\idle-02.png",".png","True","8","1","0","3,96"
"C:\Users\Marcos\Documents\GitHub\BIGRAT_CENACT\Assets\RecursosUnificados\ColegaTeste\PlatformerSet1\AnimCharacter\idle-03.png",".png","True","8","1","0","3,96"
"C:\Users\Marcos\Documents\GitHub\BIGRAT_CENACT\Assets\RecursosUnificados\ColegaTeste\PlatformerSet1\AnimCharacter\idle-04.png",".png","True","8","1","0","3,98"
"C:\Users\Marcos\Documents\GitHub\BIGRAT_CENACT\Assets\RecursosUnificados\ColegaTeste\PlatformerSet1\AnimCharacter\idle-05.png",".png","True","8","1","0","3,96"
"C:\Users\Marcos\Documents\GitHub\BIGRAT_CENACT\Assets\RecursosUnificados\ColegaTeste\PlatformerSet1\AnimCharacter\idle-06.png",".png","True","8","1","0","3,96"
"C:\Users\Marcos\Documents\GitHub\BIGRAT_CENACT\Assets\RecursosUnificados\ColegaTeste\PlatformerSet1\AnimCharacter\jump-01.png",".png","True","8","1","0","4,01"
"C:\Users\Marcos\Documents\GitHub\BIGRAT_CENACT\Assets\RecursosUnificados\ColegaTeste\PlatformerSet1\AnimCharacter\jump-02.png",".png","True","8","1","0","3,99"
"C:\Users\Marcos\Documents\GitHub\BIGRAT_CENACT\Assets\RecursosUnificados\ColegaTeste\PlatformerSet1\AnimCharacter\jump-landing-01.png",".png","True","8","1","0","4,04"
"C:\Users\Marcos\Documents\GitHub\BIGRAT_CENACT\Assets\RecursosUnificados\ColegaTeste\PlatformerSet1\AnimCharacter\jump-landing-02.png",".png","True","8","1","0","4,05"
"C:\Users\Marcos\Documents\GitHub\BIGRAT_CENACT\Assets\RecursosUnificados\ColegaTeste\PlatformerSet1\AnimCharacter\jump-landing-03.png",".png","True","8","1","0","4,05"
"C:\Users\Marcos\Documents\GitHub\BIGRAT_CENACT\Assets\RecursosUnificados\ColegaTeste\PlatformerSet1\AnimCharacter\run-01.png",".png","True","8","1","0","3,99"
"C:\Users\Marcos\Documents\GitHub\BIGRAT_CENACT\Assets\RecursosUnificados\ColegaTeste\PlatformerSet1\AnimCharacter\run-02.png",".png","True","8","1","0","4,01"
"C:\Users\Marcos\Documents\GitHub\BIGRAT_CENACT\Assets\RecursosUnificados\ColegaTeste\PlatformerSet1\AnimCharacter\run-03.png",".png","True","8","1","0","4,02"
"C:\Users\Marcos\Documents\GitHub\BIGRAT_CENACT\Assets\RecursosUnificados\ColegaTeste\PlatformerSet1\AnimCharacter\run-04.png",".png","True","8","1","0","3,96"
"C:\Users\Marcos\Documents\GitHub\BIGRAT_CENACT\Assets\RecursosUnificados\ColegaTeste\PlatformerSet1\AnimCharacter\run-05.png",".png","True","8","1","0","3,95"
"C:\Users\Marcos\Documents\GitHub\BIGRAT_CENACT\Assets\RecursosUnificados\ColegaTeste\PlatformerSet1\AnimCharacter\run-06.png",".png","True","8","1","0","3,98"
"C:\Users\Marcos\Documents\GitHub\BIGRAT_CENACT\Assets\RecursosUnificados\ColegaTeste\PlatformerSet1\AnimCharacter\run-07.png",".png","True","8","1","0","3,94"
"C:\Users\Marcos\Documents\GitHub\BIGRAT_CENACT\Assets\RecursosUnificados\ColegaTeste\PlatformerSet1\Map Assets\Level1.png",".png","True","8","2","0","53,99"
"C:\Users\Marcos\Documents\GitHub\BIGRAT_CENACT\Assets\RecursosUnificados\ColegaTeste\PlatformerSet1\Map Assets\Level1Background.png",".png","True","8","2","0","41,01"
"C:\Users\Marcos\Documents\GitHub\BIGRAT_CENACT\Assets\RecursosUnificados\ColegaTeste\PlatformerSet1\Map Assets\Level2.png",".png","True","8","2","0","52,38"
"C:\Users\Marcos\Documents\GitHub\BIGRAT_CENACT\Assets\RecursosUnificados\ColegaTeste\PlatformerSet1\Map Assets\Level2Background.png",".png","True","8","2","0","31,51"
"C:\Users\Marcos\Documents\GitHub\BIGRAT_CENACT\Assets\RecursosUnificados\ColegaTeste\PlatformerSet1\Map Assets\Level3.png",".png","True","8","2","0","52,4"
"C:\Users\Marcos\Documents\GitHub\BIGRAT_CENACT\Assets\RecursosUnificados\ColegaTeste\PlatformerSet1\Map Assets\Level3Background.png",".png","True","8","2","0","34,4"
"C:\Users\Marcos\Documents\GitHub\BIGRAT_CENACT\Assets\RecursosUnificados\ColegaTeste\ProjetoPlayerJhonas\Sprites\ANJO\IDLE\IDLE-MASC.gif",".gif","True","8","2","0","45,07"
"C:\Users\Marcos\Documents\GitHub\BIGRAT_CENACT\Assets\RecursosUnificados\ColegaTeste\ProjetoPlayerJhonas\Sprites\ANJO\IDLE\IDLE.gif",".gif","True","8","2","0","67,24"
"C:\Users\Marcos\Documents\GitHub\BIGRAT_CENACT\Assets\RecursosUnificados\ColegaTeste\ProjetoPlayerJhonas\Sprites\ANJO\IDLE\SURGE.gif",".gif","True","8","2","0","60,96"
"C:\Users\Marcos\Documents\GitHub\BIGRAT_CENACT\Assets\RecursosUnificados\ColegaTeste\ProjetoPlayerJhonas\Sprites\ANJO\IDLE\DISSPAR\dissipar.gif",".gif","True","8","2","0","49,45"
"C:\Users\Marcos\Documents\GitHub\BIGRAT_CENACT\Assets\RecursosUnificados\ColegaTeste\ProjetoPlayerJhonas\Sprites\ANJO\IDLE\DISSPAR\DISSPAR_0001.png",".png","True","8","2","0","4,16"
"C:\Users\Marcos\Documents\GitHub\BIGRAT_CENACT\Assets\RecursosUnificados\ColegaTeste\ProjetoPlayerJhonas\Sprites\ANJO\IDLE\DISSPAR\DISSPAR_0002.png",".png","True","8","2","0","5,12"
"C:\Users\Marcos\Documents\GitHub\BIGRAT_CENACT\Assets\RecursosUnificados\ColegaTeste\ProjetoPlayerJhonas\Sprites\ANJO\IDLE\DISSPAR\DISSPAR_0003.png",".png","True","8","2","0","6,49"
"C:\Users\Marcos\Documents\GitHub\BIGRAT_CENACT\Assets\RecursosUnificados\ColegaTeste\ProjetoPlayerJhonas\Sprites\ANJO\IDLE\DISSPAR\DISSPAR_0004.png",".png","True","8","2","0","9,41"
"C:\Users\Marcos\Documents\GitHub\BIGRAT_CENACT\Assets\RecursosUnificados\ColegaTeste\ProjetoPlayerJhonas\Sprites\ANJO\IDLE\DISSPAR\DISSPAR_0005.png",".png","True","8","2","0","8,43"
"C:\Users\Marcos\Documents\GitHub\BIGRAT_CENACT\Assets\RecursosUnificados\ColegaTeste\ProjetoPlayerJhonas\Sprites\ANJO\IDLE\DISSPAR\DISSPAR_0006.png",".png","True","8","2","0","10,8"
"C:\Users\Marcos\Documents\GitHub\BIGRAT_CENACT\Assets\RecursosUnificados\ColegaTeste\ProjetoPlayerJhonas\Sprites\ANJO\IDLE\DISSPAR\DISSPAR_0007.png",".png","True","8","2","0","8,51"
"C:\Users\Marcos\Documents\GitHub\BIGRAT_CENACT\Assets\RecursosUnificados\ColegaTeste\ProjetoPlayerJhonas\Sprites\ANJO\IDLE\DISSPAR\DISSPAR_0008.png",".png","True","8","2","0","11,14"
"C:\Users\Marcos\Documents\GitHub\BIGRAT_CENACT\Assets\RecursosUnificados\ColegaTeste\ProjetoPlayerJhonas\Sprites\ANJO\IDLE\DISSPAR\DISSPAR_0009.png",".png","True","8","2","0","9,69"
"C:\Users\Marcos\Documents\GitHub\BIGRAT_CENACT\Assets\RecursosUnificados\ColegaTeste\ProjetoPlayerJhonas\Sprites\ANJO\IDLE\PNG\PNG_0001.png",".png","True","8","2","0","14"
"C:\Users\Marcos\Documents\GitHub\BIGRAT_CENACT\Assets\RecursosUnificados\ColegaTeste\ProjetoPlayerJhonas\Sprites\ANJO\IDLE\PNG\PNG_0002.png",".png","True","8","2","0","14,64"
"C:\Users\Marcos\Documents\GitHub\BIGRAT_CENACT\Assets\RecursosUnificados\ColegaTeste\ProjetoPlayerJhonas\Sprites\ANJO\IDLE\PNG\PNG_0003.png",".png","True","8","2","0","14,88"
"C:\Users\Marcos\Documents\GitHub\BIGRAT_CENACT\Assets\RecursosUnificados\ColegaTeste\ProjetoPlayerJhonas\Sprites\ANJO\IDLE\PNG\PNG_0004.png",".png","True","8","2","0","14,26"
"C:\Users\Marcos\Documents\GitHub\BIGRAT_CENACT\Assets\RecursosUnificados\ColegaTeste\ProjetoPlayerJhonas\Sprites\ANJO\IDLE\PNG\PNG_0005.png",".png","True","8","2","0","13,71"
"C:\Users\Marcos\Documents\GitHub\BIGRAT_CENACT\Assets\RecursosUnificados\ColegaTeste\ProjetoPlayerJhonas\Sprites\ANJO\IDLE\PNG\PNG_0006.png",".png","True","8","2","0","14,33"
"C:\Users\Marcos\Documents\GitHub\BIGRAT_CENACT\Assets\RecursosUnificados\ColegaTeste\ProjetoPlayerJhonas\Sprites\ANJO\IDLE\PNG\PNG_0007.png",".png","True","8","2","0","14,13"
"C:\Users\Marcos\Documents\GitHub\BIGRAT_CENACT\Assets\RecursosUnificados\ColegaTeste\ProjetoPlayerJhonas\Sprites\ANJO\IDLE\PNG\PNG_0008.png",".png","True","8","2","0","14,35"
"C:\Users\Marcos\Documents\GitHub\BIGRAT_CENACT\Assets\RecursosUnificados\ColegaTeste\ProjetoPlayerJhonas\Sprites\ANJO\IDLE\PNG\PNG_0009.png",".png","True","8","2","0","13,22"
"C:\Users\Marcos\Documents\GitHub\BIGRAT_CENACT\Assets\RecursosUnificados\ColegaTeste\ProjetoPlayerJhonas\Sprites\ANJO\IDLE\PNG\PNG_0010.png",".png","True","8","2","0","14,69"
"C:\Users\Marcos\Documents\GitHub\BIGRAT_CENACT\Assets\RecursosUnificados\ColegaTeste\ProjetoPlayerJhonas\Sprites\ANJO\IDLE\PNG\PNG_0011.png",".png","True","8","2","0","14,87"
"C:\Users\Marcos\Documents\GitHub\BIGRAT_CENACT\Assets\RecursosUnificados\ColegaTeste\ProjetoPlayerJhonas\Sprites\ANJO\IDLE\PNG-MASC\PNG_0001.png",".png","True","8","2","0","7,9"
"C:\Users\Marcos\Documents\GitHub\BIGRAT_CENACT\Assets\RecursosUnificados\ColegaTeste\ProjetoPlayerJhonas\Sprites\ANJO\IDLE\PNG-MASC\PNG_0002.png",".png","True","8","2","0","11,19"
"C:\Users\Marcos\Documents\GitHub\BIGRAT_CENACT\Assets\RecursosUnificados\ColegaTeste\ProjetoPlayerJhonas\Sprites\ANJO\IDLE\PNG-MASC\PNG_0003.png",".png","True","8","2","0","10,34"
"C:\Users\Marcos\Documents\GitHub\BIGRAT_CENACT\Assets\RecursosUnificados\ColegaTeste\ProjetoPlayerJhonas\Sprites\ANJO\IDLE\PNG-MASC\PNG_0004.png",".png","True","8","2","0","13,11"
"C:\Users\Marcos\Documents\GitHub\BIGRAT_CENACT\Assets\RecursosUnificados\ColegaTeste\ProjetoPlayerJhonas\Sprites\ANJO\IDLE\PNG-MASC\PNG_0005.png",".png","True","8","2","0","11,67"
"C:\Users\Marcos\Documents\GitHub\BIGRAT_CENACT\Assets\RecursosUnificados\ColegaTeste\ProjetoPlayerJhonas\Sprites\ANJO\IDLE\PNG-MASC\PNG_0006.png",".png","True","8","2","0","12,77"
"C:\Users\Marcos\Documents\GitHub\BIGRAT_CENACT\Assets\RecursosUnificados\ColegaTeste\ProjetoPlayerJhonas\Sprites\ANJO\IDLE\PNG-MASC\PNG_0007.png",".png","True","8","2","0","11,32"
"C:\Users\Marcos\Documents\GitHub\BIGRAT_CENACT\Assets\RecursosUnificados\ColegaTeste\ProjetoPlayerJhonas\Sprites\ANJO\IDLE\PNG-MASC\PNG_0008.png",".png","True","8","2","0","12,73"
"C:\Users\Marcos\Documents\GitHub\BIGRAT_CENACT\Assets\RecursosUnificados\ColegaTeste\ProjetoPlayerJhonas\Sprites\ANJO\IDLE\PNG-MASC\PNG_0009.png",".png","True","8","2","0","10,01"
"C:\Users\Marcos\Documents\GitHub\BIGRAT_CENACT\Assets\RecursosUnificados\ColegaTeste\ProjetoPlayerJhonas\Sprites\ANJO\IDLE\PNG-SURGE\PNG-SURGE_0001.png",".png","True","8","2","0","4,5"
"C:\Users\Marcos\Documents\GitHub\BIGRAT_CENACT\Assets\RecursosUnificados\ColegaTeste\ProjetoPlayerJhonas\Sprites\ANJO\IDLE\PNG-SURGE\PNG-SURGE_0002.png",".png","True","8","2","0","4,58"
"C:\Users\Marcos\Documents\GitHub\BIGRAT_CENACT\Assets\RecursosUnificados\ColegaTeste\ProjetoPlayerJhonas\Sprites\ANJO\IDLE\PNG-SURGE\PNG-SURGE_0003.png",".png","True","8","2","0","3,75"
"C:\Users\Marcos\Documents\GitHub\BIGRAT_CENACT\Assets\RecursosUnificados\ColegaTeste\ProjetoPlayerJhonas\Sprites\ANJO\IDLE\PNG-SURGE\PNG-SURGE_0004.png",".png","True","8","2","0","5,51"
"C:\Users\Marcos\Documents\GitHub\BIGRAT_CENACT\Assets\RecursosUnificados\ColegaTeste\ProjetoPlayerJhonas\Sprites\ANJO\IDLE\PNG-SURGE\PNG-SURGE_0005.png",".png","True","8","2","0","4,17"
"C:\Users\Marcos\Documents\GitHub\BIGRAT_CENACT\Assets\RecursosUnificados\ColegaTeste\ProjetoPlayerJhonas\Sprites\ANJO\IDLE\PNG-SURGE\PNG-SURGE_0006.png",".png","True","8","2","0","6,04"
"C:\Users\Marcos\Documents\GitHub\BIGRAT_CENACT\Assets\RecursosUnificados\ColegaTeste\ProjetoPlayerJhonas\Sprites\ANJO\IDLE\PNG-SURGE\PNG-SURGE_0007.png",".png","True","8","2","0","11,13"
"C:\Users\Marcos\Documents\GitHub\BIGRAT_CENACT\Assets\RecursosUnificados\ColegaTeste\ProjetoPlayerJhonas\Sprites\ANJO\IDLE\PNG-SURGE\PNG-SURGE_0008.png",".png","True","8","2","0","12,43"
"C:\Users\Marcos\Documents\GitHub\BIGRAT_CENACT\Assets\RecursosUnificados\ColegaTeste\ProjetoPlayerJhonas\Sprites\ANJO\IDLE\PNG-SURGE\PNG-SURGE_0009.png",".png","True","8","2","0","11,03"
"C:\Users\Marcos\Documents\GitHub\BIGRAT_CENACT\Assets\RecursosUnificados\ColegaTeste\ProjetoPlayerJhonas\Sprites\ANJO\IDLE\PNG-SURGE\PNG-SURGE_0010.png",".png","True","8","2","0","13,44"
"C:\Users\Marcos\Documents\GitHub\BIGRAT_CENACT\Assets\RecursosUnificados\ColegaTeste\ProjetoPlayerJhonas\Sprites\ANJO\IDLE\PNG-SURGE\PNG-SURGE_0011.png",".png","True","8","2","0","11,45"
"C:\Users\Marcos\Documents\GitHub\BIGRAT_CENACT\Assets\RecursosUnificados\ColegaTeste\ProjetoPlayerJhonas\Sprites\ANJO\IDLE\PNG-SURGE\PNG-SURGE_0012.png",".png","True","8","2","0","14,58"
"C:\Users\Marcos\Documents\GitHub\BIGRAT_CENACT\Assets\RecursosUnificados\ColegaTeste\ProjetoPlayerJhonas\Sprites\ANJO\IDLE\PNG-SURGE\PNG-SURGE_0013.png",".png","True","8","2","0","11,91"
"C:\Users\Marcos\Documents\GitHub\BIGRAT_CENACT\Assets\RecursosUnificados\ColegaTeste\ProjetoPlayerJhonas\Sprites\Boss\attack\attk-1.gif",".gif","True","8","2","0","42,72"
"C:\Users\Marcos\Documents\GitHub\BIGRAT_CENACT\Assets\RecursosUnificados\ColegaTeste\ProjetoPlayerJhonas\Sprites\Boss\attack\preparação.gif",".gif","True","8","2","0","22,06"
"C:\Users\Marcos\Documents\GitHub\BIGRAT_CENACT\Assets\RecursosUnificados\ColegaTeste\ProjetoPlayerJhonas\Sprites\Boss\attack\PNG\ATTK\PNG_0001.png",".png","True","8","2","0","5,52"
"C:\Users\Marcos\Documents\GitHub\BIGRAT_CENACT\Assets\RecursosUnificados\ColegaTeste\ProjetoPlayerJhonas\Sprites\Boss\attack\PNG\ATTK\PNG_0002.png",".png","True","8","2","0","7,85"
"C:\Users\Marcos\Documents\GitHub\BIGRAT_CENACT\Assets\RecursosUnificados\ColegaTeste\ProjetoPlayerJhonas\Sprites\Boss\attack\PNG\ATTK\PNG_0003.png",".png","True","8","2","0","10,58"
"C:\Users\Marcos\Documents\GitHub\BIGRAT_CENACT\Assets\RecursosUnificados\ColegaTeste\ProjetoPlayerJhonas\Sprites\Boss\attack\PNG\ATTK\PNG_0004.png",".png","True","8","2","0","11,98"
"C:\Users\Marcos\Documents\GitHub\BIGRAT_CENACT\Assets\RecursosUnificados\ColegaTeste\ProjetoPlayerJhonas\Sprites\Boss\attack\PNG\ATTK\PNG_0005.png",".png","True","8","2","0","11,31"
"C:\Users\Marcos\Documents\GitHub\BIGRAT_CENACT\Assets\RecursosUnificados\ColegaTeste\ProjetoPlayerJhonas\Sprites\Boss\attack\PNG\ATTK\PNG_0006.png",".png","True","8","2","0","13,56"
"C:\Users\Marcos\Documents\GitHub\BIGRAT_CENACT\Assets\RecursosUnificados\ColegaTeste\ProjetoPlayerJhonas\Sprites\Boss\attack\PNG\ATTK\PNG_0007.png",".png","True","8","2","0","12,33"
"C:\Users\Marcos\Documents\GitHub\BIGRAT_CENACT\Assets\RecursosUnificados\ColegaTeste\ProjetoPlayerJhonas\Sprites\Boss\attack\PNG\ATTK\PNG_0008.png",".png","True","8","2","0","14,23"
"C:\Users\Marcos\Documents\GitHub\BIGRAT_CENACT\Assets\RecursosUnificados\ColegaTeste\ProjetoPlayerJhonas\Sprites\Boss\attack\PNG\ATTK\PNG_0009.png",".png","True","8","2","0","9,94"
"C:\Users\Marcos\Documents\GitHub\BIGRAT_CENACT\Assets\RecursosUnificados\ColegaTeste\ProjetoPlayerJhonas\Sprites\Boss\attack\PNG\PREPARAÇÃO\PNG_0001.png",".png","True","8","2","0","5,44"
"C:\Users\Marcos\Documents\GitHub\BIGRAT_CENACT\Assets\RecursosUnificados\ColegaTeste\ProjetoPlayerJhonas\Sprites\Boss\attack\PNG\PREPARAÇÃO\PNG_0002.png",".png","True","8","2","0","9,02"
"C:\Users\Marcos\Documents\GitHub\BIGRAT_CENACT\Assets\RecursosUnificados\ColegaTeste\ProjetoPlayerJhonas\Sprites\Boss\attack\PNG\PREPARAÇÃO\PNG_0003.png",".png","True","8","2","0","8,06"
"C:\Users\Marcos\Documents\GitHub\BIGRAT_CENACT\Assets\RecursosUnificados\ColegaTeste\ProjetoPlayerJhonas\Sprites\Boss\attack\PNG\PREPARAÇÃO\PNG_0004.png",".png","True","8","2","0","7,89"
"C:\Users\Marcos\Documents\GitHub\BIGRAT_CENACT\Assets\RecursosUnificados\ColegaTeste\ProjetoPlayerJhonas\Sprites\Boss\attack\PNG\PREPARAÇÃO\PNG_0005.png",".png","True","8","2","0","6,8"
"C:\Users\Marcos\Documents\GitHub\BIGRAT_CENACT\Assets\RecursosUnificados\ColegaTeste\ProjetoPlayerJhonas\Sprites\Boss\attack\PNG\PREPARAÇÃO\PNG_0006.png",".png","True","8","2","0","7,62"
"C:\Users\Marcos\Documents\GitHub\BIGRAT_CENACT\Assets\RecursosUnificados\ColegaTeste\ProjetoPlayerJhonas\Sprites\Boss\attack\PNG\PREPARAÇÃO\PNG_0007.png",".png","True","8","2","0","5,52"
"C:\Users\Marcos\Documents\GitHub\BIGRAT_CENACT\Assets\RecursosUnificados\ColegaTeste\ProjetoPlayerJhonas\Sprites\Boss\attack\PNG\PREPARAÇÃO\special-attk-def.gif",".gif","True","8","2","0","55,49"
"C:\Users\Marcos\Documents\GitHub\BIGRAT_CENACT\Assets\RecursosUnificados\ColegaTeste\ProjetoPlayerJhonas\Sprites\Boss\attack\PNG\PREPARAÇÃO\special-attk.gif",".gif","True","8","2","0","55,48"
"C:\Users\Marcos\Documents\GitHub\BIGRAT_CENACT\Assets\RecursosUnificados\ColegaTeste\ProjetoPlayerJhonas\Sprites\Boss\attack\PNG\PREPARAÇÃO\special-attk_0001.png",".png","True","8","2","0","6,24"
"C:\Users\Marcos\Documents\GitHub\BIGRAT_CENACT\Assets\RecursosUnificados\ColegaTeste\ProjetoPlayerJhonas\Sprites\Boss\attack\PNG\PREPARAÇÃO\special-attk_0002.png",".png","True","8","2","0","13,77"
"C:\Users\Marcos\Documents\GitHub\BIGRAT_CENACT\Assets\RecursosUnificados\ColegaTeste\ProjetoPlayerJhonas\Sprites\Boss\attack\PNG\PREPARAÇÃO\special-attk_0003.png",".png","True","8","2","0","15,56"
"C:\Users\Marcos\Documents\GitHub\BIGRAT_CENACT\Assets\RecursosUnificados\ColegaTeste\ProjetoPlayerJhonas\Sprites\Boss\attack\PNG\PREPARAÇÃO\special-attk_0004.png",".png","True","8","2","0","17,95"
"C:\Users\Marcos\Documents\GitHub\BIGRAT_CENACT\Assets\RecursosUnificados\ColegaTeste\ProjetoPlayerJhonas\Sprites\Boss\attack\PNG\PREPARAÇÃO\special-attk_0005.png",".png","True","8","2","0","14,34"
"C:\Users\Marcos\Documents\GitHub\BIGRAT_CENACT\Assets\RecursosUnificados\ColegaTeste\ProjetoPlayerJhonas\Sprites\Boss\attack\PNG\PREPARAÇÃO\special-attk_0006.png",".png","True","8","2","0","12,39"
"C:\Users\Marcos\Documents\GitHub\BIGRAT_CENACT\Assets\RecursosUnificados\ColegaTeste\ProjetoPlayerJhonas\Sprites\Boss\attack\PNG\PREPARAÇÃO\special-attk_0007.png",".png","True","8","2","0","19,84"
"C:\Users\Marcos\Documents\GitHub\BIGRAT_CENACT\Assets\RecursosUnificados\ColegaTeste\ProjetoPlayerJhonas\Sprites\Boss\attack\PNG\PREPARAÇÃO\special-attk_0008.png",".png","True","8","2","0","18,34"
"C:\Users\Marcos\Documents\GitHub\BIGRAT_CENACT\Assets\RecursosUnificados\ColegaTeste\ProjetoPlayerJhonas\Sprites\Boss\attack\PNG\PREPARAÇÃO\special-attk_0009.png",".png","True","8","2","0","14,01"
"C:\Users\Marcos\Documents\GitHub\BIGRAT_CENACT\Assets\RecursosUnificados\ColegaTeste\ProjetoPlayerJhonas\Sprites\Boss\cry\cry_0001.png",".png","True","8","2","0","5,44"
"C:\Users\Marcos\Documents\GitHub\BIGRAT_CENACT\Assets\RecursosUnificados\ColegaTeste\ProjetoPlayerJhonas\Sprites\Boss\cry\cry_0002.png",".png","True","8","2","0","12,93"
"C:\Users\Marcos\Documents\GitHub\BIGRAT_CENACT\Assets\RecursosUnificados\ColegaTeste\ProjetoPlayerJhonas\Sprites\Boss\cry\cry_0003.png",".png","True","8","2","0","11,19"
"C:\Users\Marcos\Documents\GitHub\BIGRAT_CENACT\Assets\RecursosUnificados\ColegaTeste\ProjetoPlayerJhonas\Sprites\Boss\cry\cry_0004.png",".png","True","8","2","0","12,28"
"C:\Users\Marcos\Documents\GitHub\BIGRAT_CENACT\Assets\RecursosUnificados\ColegaTeste\ProjetoPlayerJhonas\Sprites\Boss\cry\cry_0005.png",".png","True","8","2","0","9,8"
"C:\Users\Marcos\Documents\GitHub\BIGRAT_CENACT\Assets\RecursosUnificados\ColegaTeste\ProjetoPlayerJhonas\Sprites\Boss\cry\cry_0006.png",".png","True","8","2","0","10,84"
"C:\Users\Marcos\Documents\GitHub\BIGRAT_CENACT\Assets\RecursosUnificados\ColegaTeste\ProjetoPlayerJhonas\Sprites\Boss\cry\cry_0007.png",".png","True","8","2","0","10,15"
"C:\Users\Marcos\Documents\GitHub\BIGRAT_CENACT\Assets\RecursosUnificados\ColegaTeste\ProjetoPlayerJhonas\Sprites\Boss\cry\cry_0008.png",".png","True","8","2","0","11,36"
"C:\Users\Marcos\Documents\GitHub\BIGRAT_CENACT\Assets\RecursosUnificados\ColegaTeste\ProjetoPlayerJhonas\Sprites\Boss\cry\cry_0009.png",".png","True","8","2","0","6,38"
"C:\Users\Marcos\Documents\GitHub\BIGRAT_CENACT\Assets\RecursosUnificados\ColegaTeste\ProjetoPlayerJhonas\Sprites\Boss\dead\dissipar.gif",".gif","True","8","2","0","49,45"
"C:\Users\Marcos\Documents\GitHub\BIGRAT_CENACT\Assets\RecursosUnificados\ColegaTeste\ProjetoPlayerJhonas\Sprites\Boss\dead\morte.gif",".gif","True","8","2","0","43"
"C:\Users\Marcos\Documents\GitHub\BIGRAT_CENACT\Assets\RecursosUnificados\ColegaTeste\ProjetoPlayerJhonas\Sprites\Boss\dead\start-dissipar.gif",".gif","True","8","2","0","36,52"
"C:\Users\Marcos\Documents\GitHub\BIGRAT_CENACT\Assets\RecursosUnificados\ColegaTeste\ProjetoPlayerJhonas\Sprites\Boss\dead\PNG\dissipar.gif",".gif","True","8","2","0","49,45"
"C:\Users\Marcos\Documents\GitHub\BIGRAT_CENACT\Assets\RecursosUnificados\ColegaTeste\ProjetoPlayerJhonas\Sprites\Boss\dead\PNG\DISSPAR_0001.png",".png","True","8","2","0","4,16"
"C:\Users\Marcos\Documents\GitHub\BIGRAT_CENACT\Assets\RecursosUnificados\ColegaTeste\ProjetoPlayerJhonas\Sprites\Boss\dead\PNG\DISSPAR_0002.png",".png","True","8","2","0","5,12"
"C:\Users\Marcos\Documents\GitHub\BIGRAT_CENACT\Assets\RecursosUnificados\ColegaTeste\ProjetoPlayerJhonas\Sprites\Boss\dead\PNG\DISSPAR_0003.png",".png","True","8","2","0","6,49"
"C:\Users\Marcos\Documents\GitHub\BIGRAT_CENACT\Assets\RecursosUnificados\ColegaTeste\ProjetoPlayerJhonas\Sprites\Boss\dead\PNG\DISSPAR_0004.png",".png","True","8","2","0","9,41"
"C:\Users\Marcos\Documents\GitHub\BIGRAT_CENACT\Assets\RecursosUnificados\ColegaTeste\ProjetoPlayerJhonas\Sprites\Boss\dead\PNG\DISSPAR_0005.png",".png","True","8","2","0","8,43"
"C:\Users\Marcos\Documents\GitHub\BIGRAT_CENACT\Assets\RecursosUnificados\ColegaTeste\ProjetoPlayerJhonas\Sprites\Boss\dead\PNG\DISSPAR_0006.png",".png","True","8","2","0","10,8"
"C:\Users\Marcos\Documents\GitHub\BIGRAT_CENACT\Assets\RecursosUnificados\ColegaTeste\ProjetoPlayerJhonas\Sprites\Boss\dead\PNG\DISSPAR_0007.png",".png","True","8","2","0","8,51"
"C:\Users\Marcos\Documents\GitHub\BIGRAT_CENACT\Assets\RecursosUnificados\ColegaTeste\ProjetoPlayerJhonas\Sprites\Boss\dead\PNG\DISSPAR_0008.png",".png","True","8","2","0","11,14"
"C:\Users\Marcos\Documents\GitHub\BIGRAT_CENACT\Assets\RecursosUnificados\ColegaTeste\ProjetoPlayerJhonas\Sprites\Boss\dead\PNG\DISSPAR_0009.png",".png","True","8","2","0","9,69"
"C:\Users\Marcos\Documents\GitHub\BIGRAT_CENACT\Assets\RecursosUnificados\ColegaTeste\ProjetoPlayerJhonas\Sprites\Boss\dead\PNG\PNG_0001.png",".png","True","8","2","0","8,75"
"C:\Users\Marcos\Documents\GitHub\BIGRAT_CENACT\Assets\RecursosUnificados\ColegaTeste\ProjetoPlayerJhonas\Sprites\Boss\dead\PNG\PNG_0002.png",".png","True","8","2","0","7,19"
"C:\Users\Marcos\Documents\GitHub\BIGRAT_CENACT\Assets\RecursosUnificados\ColegaTeste\ProjetoPlayerJhonas\Sprites\Boss\dead\PNG\PNG_0003.png",".png","True","8","2","0","8,73"
"C:\Users\Marcos\Documents\GitHub\BIGRAT_CENACT\Assets\RecursosUnificados\ColegaTeste\ProjetoPlayerJhonas\Sprites\Boss\dead\PNG\PNG_0004.png",".png","True","8","2","0","6,57"
"C:\Users\Marcos\Documents\GitHub\BIGRAT_CENACT\Assets\RecursosUnificados\ColegaTeste\ProjetoPlayerJhonas\Sprites\Boss\dead\PNG\PNG_0005.png",".png","True","8","2","0","7,84"
"C:\Users\Marcos\Documents\GitHub\BIGRAT_CENACT\Assets\RecursosUnificados\ColegaTeste\ProjetoPlayerJhonas\Sprites\Boss\dead\PNG\PNG_0006.png",".png","True","8","2","0","6,52"
"C:\Users\Marcos\Documents\GitHub\BIGRAT_CENACT\Assets\RecursosUnificados\ColegaTeste\ProjetoPlayerJhonas\Sprites\Boss\dead\PNG\PNG_0007.png",".png","True","8","2","0","7,48"
"C:\Users\Marcos\Documents\GitHub\BIGRAT_CENACT\Assets\RecursosUnificados\ColegaTeste\ProjetoPlayerJhonas\Sprites\Boss\dead\PNG\PNG_0008.png",".png","True","8","2","0","6,18"
"C:\Users\Marcos\Documents\GitHub\BIGRAT_CENACT\Assets\RecursosUnificados\ColegaTeste\ProjetoPlayerJhonas\Sprites\Boss\dead\PNG\PNG_0009.png",".png","True","8","2","0","7,22"
"C:\Users\Marcos\Documents\GitHub\BIGRAT_CENACT\Assets\RecursosUnificados\ColegaTeste\ProjetoPlayerJhonas\Sprites\Boss\dead\PNG\PNG_0010.png",".png","True","8","2","0","6,31"
"C:\Users\Marcos\Documents\GitHub\BIGRAT_CENACT\Assets\RecursosUnificados\ColegaTeste\ProjetoPlayerJhonas\Sprites\Boss\dead\PNG\PNG_0011.png",".png","True","8","2","0","6,58"
"C:\Users\Marcos\Documents\GitHub\BIGRAT_CENACT\Assets\RecursosUnificados\ColegaTeste\ProjetoPlayerJhonas\Sprites\Boss\dead\PNG\PNG_0012.png",".png","True","8","2","0","5,92"
"C:\Users\Marcos\Documents\GitHub\BIGRAT_CENACT\Assets\RecursosUnificados\ColegaTeste\ProjetoPlayerJhonas\Sprites\Boss\dead\PNG\PNG_0013.png",".png","True","8","2","0","7,16"
"C:\Users\Marcos\Documents\GitHub\BIGRAT_CENACT\Assets\RecursosUnificados\ColegaTeste\ProjetoPlayerJhonas\Sprites\Boss\dead\PNG\PNG_0014.png",".png","True","8","2","0","10,55"
"C:\Users\Marcos\Documents\GitHub\BIGRAT_CENACT\Assets\RecursosUnificados\ColegaTeste\ProjetoPlayerJhonas\Sprites\Boss\dead\PNG\PNG_0015.png",".png","True","8","2","0","9,62"
"C:\Users\Marcos\Documents\GitHub\BIGRAT_CENACT\Assets\RecursosUnificados\ColegaTeste\ProjetoPlayerJhonas\Sprites\Boss\dead\PNG\PNG_0016.png",".png","True","8","2","0","10,63"
"C:\Users\Marcos\Documents\GitHub\BIGRAT_CENACT\Assets\RecursosUnificados\ColegaTeste\ProjetoPlayerJhonas\Sprites\Boss\dead\PNG\PNG_0017.png",".png","True","8","2","0","9,02"
"C:\Users\Marcos\Documents\GitHub\BIGRAT_CENACT\Assets\RecursosUnificados\ColegaTeste\ProjetoPlayerJhonas\Sprites\Boss\dead\PNG\PNG_0018.png",".png","True","8","2","0","6,54"
"C:\Users\Marcos\Documents\GitHub\BIGRAT_CENACT\Assets\RecursosUnificados\ColegaTeste\ProjetoPlayerJhonas\Sprites\Boss\dead\PNG\PNG_0019.png",".png","True","8","2","0","6,88"
"C:\Users\Marcos\Documents\GitHub\BIGRAT_CENACT\Assets\RecursosUnificados\ColegaTeste\ProjetoPlayerJhonas\Sprites\Boss\dead\PNG\PNG_0020.png",".png","True","8","2","0","8,04"
"C:\Users\Marcos\Documents\GitHub\BIGRAT_CENACT\Assets\RecursosUnificados\ColegaTeste\ProjetoPlayerJhonas\Sprites\Boss\dead\PNG\PNG_0021.png",".png","True","8","2","0","4,16"
"C:\Users\Marcos\Documents\GitHub\BIGRAT_CENACT\Assets\RecursosUnificados\ColegaTeste\ProjetoPlayerJhonas\Sprites\Boss\fall\battle-cry.gif",".gif","True","8","2","0","41,04"
"C:\Users\Marcos\Documents\GitHub\BIGRAT_CENACT\Assets\RecursosUnificados\ColegaTeste\ProjetoPlayerJhonas\Sprites\Boss\fall\end-fall.gif",".gif","True","8","2","0","42,03"
"C:\Users\Marcos\Documents\GitHub\BIGRAT_CENACT\Assets\RecursosUnificados\ColegaTeste\ProjetoPlayerJhonas\Sprites\Boss\fall\PNG\fall.png",".png","True","8","2","0","7,71"
"C:\Users\Marcos\Documents\GitHub\BIGRAT_CENACT\Assets\RecursosUnificados\ColegaTeste\ProjetoPlayerJhonas\Sprites\Boss\fall\PNG\PNG_0001.png",".png","True","8","2","0","9,57"
"C:\Users\Marcos\Documents\GitHub\BIGRAT_CENACT\Assets\RecursosUnificados\ColegaTeste\ProjetoPlayerJhonas\Sprites\Boss\fall\PNG\PNG_0002.png",".png","True","8","2","0","8,08"
"C:\Users\Marcos\Documents\GitHub\BIGRAT_CENACT\Assets\RecursosUnificados\ColegaTeste\ProjetoPlayerJhonas\Sprites\Boss\fall\PNG\PNG_0003.png",".png","True","8","2","0","10,3"
"C:\Users\Marcos\Documents\GitHub\BIGRAT_CENACT\Assets\RecursosUnificados\ColegaTeste\ProjetoPlayerJhonas\Sprites\Boss\fall\PNG\PNG_0004.png",".png","True","8","2","0","9,21"
"C:\Users\Marcos\Documents\GitHub\BIGRAT_CENACT\Assets\RecursosUnificados\ColegaTeste\ProjetoPlayerJhonas\Sprites\Boss\fall\PNG\PNG_0005.png",".png","True","8","2","0","11,7"
"C:\Users\Marcos\Documents\GitHub\BIGRAT_CENACT\Assets\RecursosUnificados\ColegaTeste\ProjetoPlayerJhonas\Sprites\Boss\fall\PNG\PNG_0006 (2).png",".png","True","8","2","0","5,44"
"C:\Users\Marcos\Documents\GitHub\BIGRAT_CENACT\Assets\RecursosUnificados\ColegaTeste\ProjetoPlayerJhonas\Sprites\Boss\fall\PNG\PNG_0006.png",".png","True","8","2","0","5,44"
"C:\Users\Marcos\Documents\GitHub\BIGRAT_CENACT\Assets\RecursosUnificados\ColegaTeste\ProjetoPlayerJhonas\Sprites\Boss\fall\PNG\PNG_0007 (2).png",".png","True","8","2","0","12,93"
"C:\Users\Marcos\Documents\GitHub\BIGRAT_CENACT\Assets\RecursosUnificados\ColegaTeste\ProjetoPlayerJhonas\Sprites\Boss\fall\PNG\PNG_0008 (2).png",".png","True","8","2","0","11,19"
"C:\Users\Marcos\Documents\GitHub\BIGRAT_CENACT\Assets\RecursosUnificados\ColegaTeste\ProjetoPlayerJhonas\Sprites\Boss\fall\PNG\PNG_0009 (2).png",".png","True","8","2","0","12,28"
"C:\Users\Marcos\Documents\GitHub\BIGRAT_CENACT\Assets\RecursosUnificados\ColegaTeste\ProjetoPlayerJhonas\Sprites\Boss\fall\PNG\PNG_0010.png",".png","True","8","2","0","9,8"
"C:\Users\Marcos\Documents\GitHub\BIGRAT_CENACT\Assets\RecursosUnificados\ColegaTeste\ProjetoPlayerJhonas\Sprites\Boss\fall\PNG\PNG_0011.png",".png","True","8","2","0","10,84"
"C:\Users\Marcos\Documents\GitHub\BIGRAT_CENACT\Assets\RecursosUnificados\ColegaTeste\ProjetoPlayerJhonas\Sprites\Boss\fall\PNG\PNG_0012.png",".png","True","8","2","0","10,15"
"C:\Users\Marcos\Documents\GitHub\BIGRAT_CENACT\Assets\RecursosUnificados\ColegaTeste\ProjetoPlayerJhonas\Sprites\Boss\fall\PNG\PNG_0013.png",".png","True","8","2","0","11,36"
"C:\Users\Marcos\Documents\GitHub\BIGRAT_CENACT\Assets\RecursosUnificados\ColegaTeste\ProjetoPlayerJhonas\Sprites\Boss\fall\PNG\PNG_0014.png",".png","True","8","2","0","6,38"
"C:\Users\Marcos\Documents\GitHub\BIGRAT_CENACT\Assets\RecursosUnificados\ColegaTeste\ProjetoPlayerJhonas\Sprites\Boss\idle\idle.gif",".gif","True","8","2","0","53,6"
"C:\Users\Marcos\Documents\GitHub\BIGRAT_CENACT\Assets\RecursosUnificados\ColegaTeste\ProjetoPlayerJhonas\Sprites\Boss\idle\PNG\idle_0001.png",".png","True","8","2","0","5,45"
"C:\Users\Marcos\Documents\GitHub\BIGRAT_CENACT\Assets\RecursosUnificados\ColegaTeste\ProjetoPlayerJhonas\Sprites\Boss\idle\PNG\idle_0002.png",".png","True","8","2","0","6,93"
"C:\Users\Marcos\Documents\GitHub\BIGRAT_CENACT\Assets\RecursosUnificados\ColegaTeste\ProjetoPlayerJhonas\Sprites\Boss\idle\PNG\idle_0003.png",".png","True","8","2","0","6,58"
"C:\Users\Marcos\Documents\GitHub\BIGRAT_CENACT\Assets\RecursosUnificados\ColegaTeste\ProjetoPlayerJhonas\Sprites\Boss\idle\PNG\idle_0004.png",".png","True","8","2","0","7,44"
"C:\Users\Marcos\Documents\GitHub\BIGRAT_CENACT\Assets\RecursosUnificados\ColegaTeste\ProjetoPlayerJhonas\Sprites\Boss\idle\PNG\idle_0005.png",".png","True","8","2","0","6,12"
"C:\Users\Marcos\Documents\GitHub\BIGRAT_CENACT\Assets\RecursosUnificados\ColegaTeste\ProjetoPlayerJhonas\Sprites\Boss\idle\PNG\idle_0006.png",".png","True","8","2","0","6,12"
"C:\Users\Marcos\Documents\GitHub\BIGRAT_CENACT\Assets\RecursosUnificados\ColegaTeste\ProjetoPlayerJhonas\Sprites\Boss\idle\PNG\idle_0007.png",".png","True","8","2","0","6,05"
"C:\Users\Marcos\Documents\GitHub\BIGRAT_CENACT\Assets\RecursosUnificados\ColegaTeste\ProjetoPlayerJhonas\Sprites\Boss\idle\PNG\idle_0008.png",".png","True","8","2","0","6,17"
"C:\Users\Marcos\Documents\GitHub\BIGRAT_CENACT\Assets\RecursosUnificados\ColegaTeste\ProjetoPlayerJhonas\Sprites\Boss\idle\PNG\idle_0009.png",".png","True","8","2","0","5,96"
"C:\Users\Marcos\Documents\GitHub\BIGRAT_CENACT\Assets\RecursosUnificados\ColegaTeste\ProjetoPlayerJhonas\Sprites\Boss\idle\PNG\idle_0010.png",".png","True","8","2","0","6,15"
"C:\Users\Marcos\Documents\GitHub\BIGRAT_CENACT\Assets\RecursosUnificados\ColegaTeste\ProjetoPlayerJhonas\Sprites\Boss\idle\PNG\idle_0011.png",".png","True","8","2","0","5,8"
"C:\Users\Marcos\Documents\GitHub\BIGRAT_CENACT\Assets\RecursosUnificados\ColegaTeste\ProjetoPlayerJhonas\Sprites\Boss\idle\PNG\idle_0012.png",".png","True","8","2","0","6,12"
"C:\Users\Marcos\Documents\GitHub\BIGRAT_CENACT\Assets\RecursosUnificados\ColegaTeste\ProjetoPlayerJhonas\Sprites\Boss\idle\PNG\idle_0013.png",".png","True","8","2","0","5,78"
"C:\Users\Marcos\Documents\GitHub\BIGRAT_CENACT\Assets\RecursosUnificados\ColegaTeste\ProjetoPlayerJhonas\Sprites\Boss\idle\PNG\idle_0014.png",".png","True","8","2","0","6,33"
"C:\Users\Marcos\Documents\GitHub\BIGRAT_CENACT\Assets\RecursosUnificados\ColegaTeste\ProjetoPlayerJhonas\Sprites\Boss\idle\PNG\idle_0015.png",".png","True","8","2","0","6,42"
"C:\Users\Marcos\Documents\GitHub\BIGRAT_CENACT\Assets\RecursosUnificados\ColegaTeste\ProjetoPlayerJhonas\Sprites\Boss\idle\PNG\idle_0016.png",".png","True","8","2","0","7,26"
"C:\Users\Marcos\Documents\GitHub\BIGRAT_CENACT\Assets\RecursosUnificados\ColegaTeste\ProjetoPlayerJhonas\Sprites\Boss\idle\PNG\idle_0017.png",".png","True","8","2","0","6,58"
"C:\Users\Marcos\Documents\GitHub\BIGRAT_CENACT\Assets\RecursosUnificados\ColegaTeste\ProjetoPlayerJhonas\Sprites\Boss\run\run.gif",".gif","True","8","2","0","43,67"
"C:\Users\Marcos\Documents\GitHub\BIGRAT_CENACT\Assets\RecursosUnificados\ColegaTeste\ProjetoPlayerJhonas\Sprites\Boss\run\PNG\PNG_0001.png",".png","True","8","2","0","7,28"
"C:\Users\Marcos\Documents\GitHub\BIGRAT_CENACT\Assets\RecursosUnificados\ColegaTeste\ProjetoPlayerJhonas\Sprites\Boss\run\PNG\PNG_0002.png",".png","True","8","2","0","9,45"
"C:\Users\Marcos\Documents\GitHub\BIGRAT_CENACT\Assets\RecursosUnificados\ColegaTeste\ProjetoPlayerJhonas\Sprites\Boss\run\PNG\PNG_0003.png",".png","True","8","2","0","8,16"
"C:\Users\Marcos\Documents\GitHub\BIGRAT_CENACT\Assets\RecursosUnificados\ColegaTeste\ProjetoPlayerJhonas\Sprites\Boss\run\PNG\PNG_0004.png",".png","True","8","2","0","9,24"
"C:\Users\Marcos\Documents\GitHub\BIGRAT_CENACT\Assets\RecursosUnificados\ColegaTeste\ProjetoPlayerJhonas\Sprites\Boss\run\PNG\PNG_0005.png",".png","True","8","2","0","7,47"
"C:\Users\Marcos\Documents\GitHub\BIGRAT_CENACT\Assets\RecursosUnificados\ColegaTeste\ProjetoPlayerJhonas\Sprites\Boss\run\PNG\PNG_0006.png",".png","True","8","2","0","8,67"
"C:\Users\Marcos\Documents\GitHub\BIGRAT_CENACT\Assets\RecursosUnificados\ColegaTeste\ProjetoPlayerJhonas\Sprites\Boss\run\PNG\PNG_0007.png",".png","True","8","2","0","7,39"
"C:\Users\Marcos\Documents\GitHub\BIGRAT_CENACT\Assets\RecursosUnificados\ColegaTeste\ProjetoPlayerJhonas\Sprites\Boss\run\PNG\PNG_0008.png",".png","True","8","2","0","8,67"
"C:\Users\Marcos\Documents\GitHub\BIGRAT_CENACT\Assets\RecursosUnificados\ColegaTeste\ProjetoPlayerJhonas\Sprites\Boss\run\PNG\PNG_0009.png",".png","True","8","2","0","7,68"
"C:\Users\Marcos\Documents\GitHub\BIGRAT_CENACT\Assets\RecursosUnificados\ColegaTeste\ProjetoPlayerJhonas\Sprites\Boss\run\PNG\PNG_0010.png",".png","True","8","2","0","8,58"
"C:\Users\Marcos\Documents\GitHub\BIGRAT_CENACT\Assets\RecursosUnificados\ColegaTeste\ProjetoPlayerJhonas\Sprites\Boss\run\PNG\PNG_0011.png",".png","True","8","2","0","7,85"
"C:\Users\Marcos\Documents\GitHub\BIGRAT_CENACT\Assets\RecursosUnificados\ColegaTeste\ProjetoPlayerJhonas\Sprites\Boss\run\PNG\PNG_0012.png",".png","True","8","2","0","9,97"
"C:\Users\Marcos\Documents\GitHub\BIGRAT_CENACT\Assets\RecursosUnificados\ColegaTeste\ProjetoPlayerJhonas\Sprites\Boss\run\PNG\PNG_0013.png",".png","True","8","2","0","7,22"
"C:\Users\Marcos\Documents\GitHub\BIGRAT_CENACT\Assets\RecursosUnificados\ColegaTeste\ProjetoPlayerJhonas\Sprites\Boss\run\PREPARAÇÃO\run_0001.png",".png","True","8","2","0","5,44"
"C:\Users\Marcos\Documents\GitHub\BIGRAT_CENACT\Assets\RecursosUnificados\ColegaTeste\ProjetoPlayerJhonas\Sprites\Boss\run\PREPARAÇÃO\run_0002.png",".png","True","8","2","0","10,04"
"C:\Users\Marcos\Documents\GitHub\BIGRAT_CENACT\Assets\RecursosUnificados\ColegaTeste\ProjetoPlayerJhonas\Sprites\Boss\run\PREPARAÇÃO\run_0003.png",".png","True","8","2","0","8"
"C:\Users\Marcos\Documents\GitHub\BIGRAT_CENACT\Assets\RecursosUnificados\ColegaTeste\ProjetoPlayerJhonas\Sprites\Boss\run\PREPARAÇÃO\run_0004.png",".png","True","8","2","0","9,3"
"C:\Users\Marcos\Documents\GitHub\BIGRAT_CENACT\Assets\RecursosUnificados\ColegaTeste\ProjetoPlayerJhonas\Sprites\Boss\run\PREPARAÇÃO\run_0005.png",".png","True","8","2","0","9,11"
"C:\Users\Marcos\Documents\GitHub\BIGRAT_CENACT\Assets\RecursosUnificados\ColegaTeste\ProjetoPlayerJhonas\Sprites\Boss\run\PREPARAÇÃO\run_0006.png",".png","True","8","2","0","10,17"
"C:\Users\Marcos\Documents\GitHub\BIGRAT_CENACT\Assets\RecursosUnificados\ColegaTeste\ProjetoPlayerJhonas\Sprites\Boss\run\PREPARAÇÃO\run_0007.png",".png","True","8","2","0","7,23"
"C:\Users\Marcos\Documents\GitHub\BIGRAT_CENACT\Assets\RecursosUnificados\ColegaTeste\ProjetoPlayerJhonas\Sprites\Boss\special-attk\special-attk-def.gif",".gif","True","8","2","0","55,49"
"C:\Users\Marcos\Documents\GitHub\BIGRAT_CENACT\Assets\RecursosUnificados\ColegaTeste\ProjetoPlayerJhonas\Sprites\Boss\special-attk\special-attk_0001.png",".png","True","8","2","0","6,26"
"C:\Users\Marcos\Documents\GitHub\BIGRAT_CENACT\Assets\RecursosUnificados\ColegaTeste\ProjetoPlayerJhonas\Sprites\Boss\special-attk\special-attk_0002.png",".png","True","8","2","0","13,77"
"C:\Users\Marcos\Documents\GitHub\BIGRAT_CENACT\Assets\RecursosUnificados\ColegaTeste\ProjetoPlayerJhonas\Sprites\Boss\special-attk\special-attk_0003.png",".png","True","8","2","0","15,56"
"C:\Users\Marcos\Documents\GitHub\BIGRAT_CENACT\Assets\RecursosUnificados\ColegaTeste\ProjetoPlayerJhonas\Sprites\Boss\special-attk\special-attk_0004.png",".png","True","8","2","0","17,95"
"C:\Users\Marcos\Documents\GitHub\BIGRAT_CENACT\Assets\RecursosUnificados\ColegaTeste\ProjetoPlayerJhonas\Sprites\Boss\special-attk\special-attk_0005.png",".png","True","8","2","0","14,34"
"C:\Users\Marcos\Documents\GitHub\BIGRAT_CENACT\Assets\RecursosUnificados\ColegaTeste\ProjetoPlayerJhonas\Sprites\Boss\special-attk\special-attk_0006.png",".png","True","8","2","0","12,39"
"C:\Users\Marcos\Documents\GitHub\BIGRAT_CENACT\Assets\RecursosUnificados\ColegaTeste\ProjetoPlayerJhonas\Sprites\Boss\special-attk\special-attk_0007.png",".png","True","8","2","0","19,84"
"C:\Users\Marcos\Documents\GitHub\BIGRAT_CENACT\Assets\RecursosUnificados\ColegaTeste\ProjetoPlayerJhonas\Sprites\Boss\special-attk\special-attk_0008.png",".png","True","8","2","0","18,34"
"C:\Users\Marcos\Documents\GitHub\BIGRAT_CENACT\Assets\RecursosUnificados\ColegaTeste\ProjetoPlayerJhonas\Sprites\Boss\special-attk\special-attk_0009.png",".png","True","8","2","0","14,01"
"C:\Users\Marcos\Documents\GitHub\BIGRAT_CENACT\Assets\RecursosUnificados\ColegaTeste\ProjetoPlayerJhonas\Sprites\Boss\walk\walk.gif",".gif","True","8","2","0","43,95"
"C:\Users\Marcos\Documents\GitHub\BIGRAT_CENACT\Assets\RecursosUnificados\ColegaTeste\ProjetoPlayerJhonas\Sprites\Boss\walk\PNG\PNG_0001.png",".png","True","8","2","0","5,44"
"C:\Users\Marcos\Documents\GitHub\BIGRAT_CENACT\Assets\RecursosUnificados\ColegaTeste\ProjetoPlayerJhonas\Sprites\Boss\walk\PNG\PNG_0002.png",".png","True","8","2","0","8,14"
"C:\Users\Marcos\Documents\GitHub\BIGRAT_CENACT\Assets\RecursosUnificados\ColegaTeste\ProjetoPlayerJhonas\Sprites\Boss\walk\PNG\PNG_0003.png",".png","True","8","2","0","6,89"
"C:\Users\Marcos\Documents\GitHub\BIGRAT_CENACT\Assets\RecursosUnificados\ColegaTeste\ProjetoPlayerJhonas\Sprites\Boss\walk\PNG\PNG_0004.png",".png","True","8","2","0","7,67"
"C:\Users\Marcos\Documents\GitHub\BIGRAT_CENACT\Assets\RecursosUnificados\ColegaTeste\ProjetoPlayerJhonas\Sprites\Boss\walk\PNG\PNG_0005.png",".png","True","8","2","0","6,46"
"C:\Users\Marcos\Documents\GitHub\BIGRAT_CENACT\Assets\RecursosUnificados\ColegaTeste\ProjetoPlayerJhonas\Sprites\Boss\walk\PNG\PNG_0006.png",".png","True","8","2","0","7,74"
"C:\Users\Marcos\Documents\GitHub\BIGRAT_CENACT\Assets\RecursosUnificados\ColegaTeste\ProjetoPlayerJhonas\Sprites\Boss\walk\PNG\PNG_0007.png",".png","True","8","2","0","6,55"
"C:\Users\Marcos\Documents\GitHub\BIGRAT_CENACT\Assets\RecursosUnificados\ColegaTeste\ProjetoPlayerJhonas\Sprites\Boss\walk\PNG\PNG_0008.png",".png","True","8","2","0","7,45"
"C:\Users\Marcos\Documents\GitHub\BIGRAT_CENACT\Assets\RecursosUnificados\ColegaTeste\ProjetoPlayerJhonas\Sprites\Boss\walk\PNG\PNG_0009.png",".png","True","8","2","0","6,53"
"C:\Users\Marcos\Documents\GitHub\BIGRAT_CENACT\Assets\RecursosUnificados\ColegaTeste\ProjetoPlayerJhonas\Sprites\Boss\walk\PNG\PNG_0010.png",".png","True","8","2","0","7,73"
"C:\Users\Marcos\Documents\GitHub\BIGRAT_CENACT\Assets\RecursosUnificados\ColegaTeste\ProjetoPlayerJhonas\Sprites\Boss\walk\PNG\PNG_0011.png",".png","True","8","2","0","6,54"
"C:\Users\Marcos\Documents\GitHub\BIGRAT_CENACT\Assets\RecursosUnificados\ColegaTeste\ProjetoPlayerJhonas\Sprites\Boss\walk\PNG\PNG_0012.png",".png","True","8","2","0","7,45"
"C:\Users\Marcos\Documents\GitHub\BIGRAT_CENACT\Assets\RecursosUnificados\ColegaTeste\ProjetoPlayerJhonas\Sprites\Boss\walk\PNG\PNG_0013.png",".png","True","8","2","0","6,57"
"C:\Users\Marcos\Documents\GitHub\BIGRAT_CENACT\Assets\RecursosUnificados\ColegaTeste\ProjetoPlayerJhonas\Sprites\Player 1\Ataque\ATTK-1\attack-1_0001.png",".png","True","8","2","0","5,7"
"C:\Users\Marcos\Documents\GitHub\BIGRAT_CENACT\Assets\RecursosUnificados\ColegaTeste\ProjetoPlayerJhonas\Sprites\Player 1\Ataque\ATTK-1\attack-1_0002.png",".png","True","8","2","0","6,75"
"C:\Users\Marcos\Documents\GitHub\BIGRAT_CENACT\Assets\RecursosUnificados\ColegaTeste\ProjetoPlayerJhonas\Sprites\Player 1\Ataque\ATTK-1\attack-1_0003.png",".png","True","8","2","0","6,88"
"C:\Users\Marcos\Documents\GitHub\BIGRAT_CENACT\Assets\RecursosUnificados\ColegaTeste\ProjetoPlayerJhonas\Sprites\Player 1\Ataque\ATTK-1\attack-1_0004.png",".png","True","8","2","0","7,46"
"C:\Users\Marcos\Documents\GitHub\BIGRAT_CENACT\Assets\RecursosUnificados\ColegaTeste\ProjetoPlayerJhonas\Sprites\Player 1\Ataque\ATTK-1\attack-1_0005.png",".png","True","8","2","0","7,85"
"C:\Users\Marcos\Documents\GitHub\BIGRAT_CENACT\Assets\RecursosUnificados\ColegaTeste\ProjetoPlayerJhonas\Sprites\Player 1\Ataque\ATTK-1\attack-1_0006.png",".png","True","8","2","0","10,21"
"C:\Users\Marcos\Documents\GitHub\BIGRAT_CENACT\Assets\RecursosUnificados\ColegaTeste\ProjetoPlayerJhonas\Sprites\Player 1\Ataque\ATTK-1\attack-1_0007.png",".png","True","8","2","0","8,65"
"C:\Users\Marcos\Documents\GitHub\BIGRAT_CENACT\Assets\RecursosUnificados\ColegaTeste\ProjetoPlayerJhonas\Sprites\Player 1\Ataque\ATTK-1\ATTK-1_0001.png",".png","True","8","2","0","5,5"
"C:\Users\Marcos\Documents\GitHub\BIGRAT_CENACT\Assets\RecursosUnificados\ColegaTeste\ProjetoPlayerJhonas\Sprites\Player 1\Ataque\ATTK-1\ATTK-1_0002.png",".png","True","8","2","0","6,56"
"C:\Users\Marcos\Documents\GitHub\BIGRAT_CENACT\Assets\RecursosUnificados\ColegaTeste\ProjetoPlayerJhonas\Sprites\Player 1\Ataque\ATTK-1\ATTK-1_0003.png",".png","True","8","2","0","6,68"
"C:\Users\Marcos\Documents\GitHub\BIGRAT_CENACT\Assets\RecursosUnificados\ColegaTeste\ProjetoPlayerJhonas\Sprites\Player 1\Ataque\ATTK-1\ATTK-1_0004.png",".png","True","8","2","0","7,26"
"C:\Users\Marcos\Documents\GitHub\BIGRAT_CENACT\Assets\RecursosUnificados\ColegaTeste\ProjetoPlayerJhonas\Sprites\Player 1\Ataque\ATTK-1\ATTK-1_0005.png",".png","True","8","2","0","7,71"
"C:\Users\Marcos\Documents\GitHub\BIGRAT_CENACT\Assets\RecursosUnificados\ColegaTeste\ProjetoPlayerJhonas\Sprites\Player 1\Ataque\ATTK-1\ATTK-1_0006.png",".png","True","8","2","0","10,02"
"C:\Users\Marcos\Documents\GitHub\BIGRAT_CENACT\Assets\RecursosUnificados\ColegaTeste\ProjetoPlayerJhonas\Sprites\Player 1\Ataque\ATTK-1\ATTK-1_0007.png",".png","True","8","2","0","8,55"
"C:\Users\Marcos\Documents\GitHub\BIGRAT_CENACT\Assets\RecursosUnificados\ColegaTeste\ProjetoPlayerJhonas\Sprites\Player 1\Ataque\ATTK-2\ATTK-2_0001.png",".png","True","8","2","0","7,44"
"C:\Users\Marcos\Documents\GitHub\BIGRAT_CENACT\Assets\RecursosUnificados\ColegaTeste\ProjetoPlayerJhonas\Sprites\Player 1\Ataque\ATTK-2\ATTK-2_0002.png",".png","True","8","2","0","9,06"
"C:\Users\Marcos\Documents\GitHub\BIGRAT_CENACT\Assets\RecursosUnificados\ColegaTeste\ProjetoPlayerJhonas\Sprites\Player 1\Ataque\ATTK-2\ATTK-2_0003.png",".png","True","8","2","0","6,89"
"C:\Users\Marcos\Documents\GitHub\BIGRAT_CENACT\Assets\RecursosUnificados\ColegaTeste\ProjetoPlayerJhonas\Sprites\Player 1\Ataque\ATTK-2\ATTK-2_0004.png",".png","True","8","2","0","8,08"
"C:\Users\Marcos\Documents\GitHub\BIGRAT_CENACT\Assets\RecursosUnificados\ColegaTeste\ProjetoPlayerJhonas\Sprites\Player 1\Ataque\ATTK-2\ATTK-2_0005.png",".png","True","8","2","0","6,31"
"C:\Users\Marcos\Documents\GitHub\BIGRAT_CENACT\Assets\RecursosUnificados\ColegaTeste\ProjetoPlayerJhonas\Sprites\Player 1\Ataque\ATTK-2\ATTK-2_0006.png",".png","True","8","2","0","4,97"
"C:\Users\Marcos\Documents\GitHub\BIGRAT_CENACT\Assets\RecursosUnificados\ColegaTeste\ProjetoPlayerJhonas\Sprites\Player 1\Ataque\ATTK-2\ATTK-2_0007.png",".png","True","8","2","0","4,67"
"C:\Users\Marcos\Documents\GitHub\BIGRAT_CENACT\Assets\RecursosUnificados\ColegaTeste\ProjetoPlayerJhonas\Sprites\Player 1\Ataque\ATTK-3\ATTK-3_0001.png",".png","True","8","2","0","4,96"
"C:\Users\Marcos\Documents\GitHub\BIGRAT_CENACT\Assets\RecursosUnificados\ColegaTeste\ProjetoPlayerJhonas\Sprites\Player 1\Ataque\ATTK-3\ATTK-3_0002.png",".png","True","8","2","0","4,74"
"C:\Users\Marcos\Documents\GitHub\BIGRAT_CENACT\Assets\RecursosUnificados\ColegaTeste\ProjetoPlayerJhonas\Sprites\Player 1\Ataque\ATTK-3\ATTK-3_0003.png",".png","True","8","2","0","4,26"
"C:\Users\Marcos\Documents\GitHub\BIGRAT_CENACT\Assets\RecursosUnificados\ColegaTeste\ProjetoPlayerJhonas\Sprites\Player 1\Ataque\ATTK-3\ATTK-3_0004.png",".png","True","8","2","0","4,95"
"C:\Users\Marcos\Documents\GitHub\BIGRAT_CENACT\Assets\RecursosUnificados\ColegaTeste\ProjetoPlayerJhonas\Sprites\Player 1\Ataque\ATTK-3\ATTK-3_0005.png",".png","True","8","2","0","7,43"
"C:\Users\Marcos\Documents\GitHub\BIGRAT_CENACT\Assets\RecursosUnificados\ColegaTeste\ProjetoPlayerJhonas\Sprites\Player 1\Ataque\ATTK-3\ATTK-3_0006.png",".png","True","8","2","0","9,22"
"C:\Users\Marcos\Documents\GitHub\BIGRAT_CENACT\Assets\RecursosUnificados\ColegaTeste\ProjetoPlayerJhonas\Sprites\Player 1\Ataque\ATTK-3\ATTK-3_0007.png",".png","True","8","2","0","7,74"
"C:\Users\Marcos\Documents\GitHub\BIGRAT_CENACT\Assets\RecursosUnificados\ColegaTeste\ProjetoPlayerJhonas\Sprites\Player 1\Ataque\JUMP-ATTK\ATTK-1_0001.png",".png","True","8","2","0","5,88"
"C:\Users\Marcos\Documents\GitHub\BIGRAT_CENACT\Assets\RecursosUnificados\ColegaTeste\ProjetoPlayerJhonas\Sprites\Player 1\Ataque\JUMP-ATTK\ATTK-1_0002.png",".png","True","8","2","0","7,71"
"C:\Users\Marcos\Documents\GitHub\BIGRAT_CENACT\Assets\RecursosUnificados\ColegaTeste\ProjetoPlayerJhonas\Sprites\Player 1\Ataque\JUMP-ATTK\ATTK-1_0003.png",".png","True","8","2","0","6,78"
"C:\Users\Marcos\Documents\GitHub\BIGRAT_CENACT\Assets\RecursosUnificados\ColegaTeste\ProjetoPlayerJhonas\Sprites\Player 1\Ataque\JUMP-ATTK\ATTK-1_0004.png",".png","True","8","2","0","8,14"
"C:\Users\Marcos\Documents\GitHub\BIGRAT_CENACT\Assets\RecursosUnificados\ColegaTeste\ProjetoPlayerJhonas\Sprites\Player 1\Ataque\JUMP-ATTK\ATTK-1_0005.png",".png","True","8","2","0","9,8"
"C:\Users\Marcos\Documents\GitHub\BIGRAT_CENACT\Assets\RecursosUnificados\ColegaTeste\ProjetoPlayerJhonas\Sprites\Player 1\Ataque\JUMP-ATTK\ATTK-1_0006.png",".png","True","8","2","0","11,99"
"C:\Users\Marcos\Documents\GitHub\BIGRAT_CENACT\Assets\RecursosUnificados\ColegaTeste\ProjetoPlayerJhonas\Sprites\Player 1\Ataque\JUMP-ATTK\ATTK-1_0007.png",".png","True","8","2","0","9,57"
"C:\Users\Marcos\Documents\GitHub\BIGRAT_CENACT\Assets\RecursosUnificados\ColegaTeste\ProjetoPlayerJhonas\Sprites\Player 1\Ataque\JUMP-ATTK\PNG_0001.png",".png","True","8","2","0","6,08"
"C:\Users\Marcos\Documents\GitHub\BIGRAT_CENACT\Assets\RecursosUnificados\ColegaTeste\ProjetoPlayerJhonas\Sprites\Player 1\Ataque\JUMP-ATTK\PNG_0002.png",".png","True","8","2","0","7,95"
"C:\Users\Marcos\Documents\GitHub\BIGRAT_CENACT\Assets\RecursosUnificados\ColegaTeste\ProjetoPlayerJhonas\Sprites\Player 1\Ataque\JUMP-ATTK\PNG_0003.png",".png","True","8","2","0","7"
"C:\Users\Marcos\Documents\GitHub\BIGRAT_CENACT\Assets\RecursosUnificados\ColegaTeste\ProjetoPlayerJhonas\Sprites\Player 1\Ataque\JUMP-ATTK\PNG_0004.png",".png","True","8","2","0","8,38"
"C:\Users\Marcos\Documents\GitHub\BIGRAT_CENACT\Assets\RecursosUnificados\ColegaTeste\ProjetoPlayerJhonas\Sprites\Player 1\Ataque\JUMP-ATTK\PNG_0005.png",".png","True","8","2","0","9,96"
"C:\Users\Marcos\Documents\GitHub\BIGRAT_CENACT\Assets\RecursosUnificados\ColegaTeste\ProjetoPlayerJhonas\Sprites\Player 1\Ataque\JUMP-ATTK\PNG_0006.png",".png","True","8","2","0","11,95"
"C:\Users\Marcos\Documents\GitHub\BIGRAT_CENACT\Assets\RecursosUnificados\ColegaTeste\ProjetoPlayerJhonas\Sprites\Player 1\Ataque\JUMP-ATTK\PNG_0007.png",".png","True","8","2","0","9,73"
"C:\Users\Marcos\Documents\GitHub\BIGRAT_CENACT\Assets\RecursosUnificados\ColegaTeste\ProjetoPlayerJhonas\Sprites\Player 1\dash\animação inacabada do dash.gif",".gif","True","8","2","0","31,4"
"C:\Users\Marcos\Documents\GitHub\BIGRAT_CENACT\Assets\RecursosUnificados\ColegaTeste\ProjetoPlayerJhonas\Sprites\Player 1\dash\PNG\dash_0001.png",".png","True","8","2","0","6,48"
"C:\Users\Marcos\Documents\GitHub\BIGRAT_CENACT\Assets\RecursosUnificados\ColegaTeste\ProjetoPlayerJhonas\Sprites\Player 1\dash\PNG\dash_0002.png",".png","True","8","2","0","6,02"
"C:\Users\Marcos\Documents\GitHub\BIGRAT_CENACT\Assets\RecursosUnificados\ColegaTeste\ProjetoPlayerJhonas\Sprites\Player 1\dash\PNG\dash_0003.png",".png","True","8","2","0","5,64"
"C:\Users\Marcos\Documents\GitHub\BIGRAT_CENACT\Assets\RecursosUnificados\ColegaTeste\ProjetoPlayerJhonas\Sprites\Player 1\dash\PNG\dash_0004.png",".png","True","8","2","0","5,72"
"C:\Users\Marcos\Documents\GitHub\BIGRAT_CENACT\Assets\RecursosUnificados\ColegaTeste\ProjetoPlayerJhonas\Sprites\Player 1\dash\PNG\dash_0005.png",".png","True","8","2","0","5,3"
"C:\Users\Marcos\Documents\GitHub\BIGRAT_CENACT\Assets\RecursosUnificados\ColegaTeste\ProjetoPlayerJhonas\Sprites\Player 1\dash\PNG\dash_0006.png",".png","True","8","2","0","5,28"
"C:\Users\Marcos\Documents\GitHub\BIGRAT_CENACT\Assets\RecursosUnificados\ColegaTeste\ProjetoPlayerJhonas\Sprites\Player 1\dash\PNG\dash_0007.png",".png","True","8","2","0","5,35"
"C:\Users\Marcos\Documents\GitHub\BIGRAT_CENACT\Assets\RecursosUnificados\ColegaTeste\ProjetoPlayerJhonas\Sprites\Player 1\dash\PNG\dash_0008.png",".png","True","8","2","0","5,33"
"C:\Users\Marcos\Documents\GitHub\BIGRAT_CENACT\Assets\RecursosUnificados\ColegaTeste\ProjetoPlayerJhonas\Sprites\Player 1\dash\PNG\dash_0009.png",".png","True","8","2","0","5,28"
"C:\Users\Marcos\Documents\GitHub\BIGRAT_CENACT\Assets\RecursosUnificados\ColegaTeste\ProjetoPlayerJhonas\Sprites\Player 1\dash\PNG\dash_0010.png",".png","True","8","2","0","5,96"
"C:\Users\Marcos\Documents\GitHub\BIGRAT_CENACT\Assets\RecursosUnificados\ColegaTeste\ProjetoPlayerJhonas\Sprites\Player 1\dash\PNG\dash_0011.png",".png","True","8","2","0","5,79"
"C:\Users\Marcos\Documents\GitHub\BIGRAT_CENACT\Assets\RecursosUnificados\ColegaTeste\ProjetoPlayerJhonas\Sprites\Player 1\dash\PNG\dash_0012.png",".png","True","8","2","0","6,56"
"C:\Users\Marcos\Documents\GitHub\BIGRAT_CENACT\Assets\RecursosUnificados\ColegaTeste\ProjetoPlayerJhonas\Sprites\Player 1\dash\PNG\dash_0013.png",".png","True","8","2","0","6,03"
"C:\Users\Marcos\Documents\GitHub\BIGRAT_CENACT\Assets\RecursosUnificados\ColegaTeste\ProjetoPlayerJhonas\Sprites\Player 1\dead\dead_0001.png",".png","True","8","2","0","7,38"
"C:\Users\Marcos\Documents\GitHub\BIGRAT_CENACT\Assets\RecursosUnificados\ColegaTeste\ProjetoPlayerJhonas\Sprites\Player 1\dead\dead_0002.png",".png","True","8","2","0","6,74"
"C:\Users\Marcos\Documents\GitHub\BIGRAT_CENACT\Assets\RecursosUnificados\ColegaTeste\ProjetoPlayerJhonas\Sprites\Player 1\dead\dead_0003.png",".png","True","8","2","0","6,94"
"C:\Users\Marcos\Documents\GitHub\BIGRAT_CENACT\Assets\RecursosUnificados\ColegaTeste\ProjetoPlayerJhonas\Sprites\Player 1\dead\dead_0004.png",".png","True","8","2","0","4,88"
"C:\Users\Marcos\Documents\GitHub\BIGRAT_CENACT\Assets\RecursosUnificados\ColegaTeste\ProjetoPlayerJhonas\Sprites\Player 1\dead\dead_0005.png",".png","True","8","2","0","4,29"
"C:\Users\Marcos\Documents\GitHub\BIGRAT_CENACT\Assets\RecursosUnificados\ColegaTeste\ProjetoPlayerJhonas\Sprites\Player 1\dead\dead_0006.png",".png","True","8","2","0","3,82"
"C:\Users\Marcos\Documents\GitHub\BIGRAT_CENACT\Assets\RecursosUnificados\ColegaTeste\ProjetoPlayerJhonas\Sprites\Player 1\DMG-animation\DMG-animation_0001.png",".png","True","8","2","0","11,37"
"C:\Users\Marcos\Documents\GitHub\BIGRAT_CENACT\Assets\RecursosUnificados\ColegaTeste\ProjetoPlayerJhonas\Sprites\Player 1\DMG-animation\DMG-animation_0002.png",".png","True","8","2","0","8"
"C:\Users\Marcos\Documents\GitHub\BIGRAT_CENACT\Assets\RecursosUnificados\ColegaTeste\ProjetoPlayerJhonas\Sprites\Player 1\DMG-animation\DMG-animation_0003.png",".png","True","8","2","0","7,43"
"C:\Users\Marcos\Documents\GitHub\BIGRAT_CENACT\Assets\RecursosUnificados\ColegaTeste\ProjetoPlayerJhonas\Sprites\Player 1\DMG-animation\DMG-animation_0004.png",".png","True","8","2","0","11,18"
"C:\Users\Marcos\Documents\GitHub\BIGRAT_CENACT\Assets\RecursosUnificados\ColegaTeste\ProjetoPlayerJhonas\Sprites\Player 1\DMG-animation\DMG-animation_0005.png",".png","True","8","2","0","10,65"
"C:\Users\Marcos\Documents\GitHub\BIGRAT_CENACT\Assets\RecursosUnificados\ColegaTeste\ProjetoPlayerJhonas\Sprites\Player 1\idle\idle.gif",".gif","True","8","2","0","23,49"
"C:\Users\Marcos\Documents\GitHub\BIGRAT_CENACT\Assets\RecursosUnificados\ColegaTeste\ProjetoPlayerJhonas\Sprites\Player 1\idle\idle1.gif",".gif","True","8","2","0","23,49"
"C:\Users\Marcos\Documents\GitHub\BIGRAT_CENACT\Assets\RecursosUnificados\ColegaTeste\ProjetoPlayerJhonas\Sprites\Player 1\idle\idle1.png",".png","True","8","2","0","5,27"
"C:\Users\Marcos\Documents\GitHub\BIGRAT_CENACT\Assets\RecursosUnificados\ColegaTeste\ProjetoPlayerJhonas\Sprites\Player 1\idle\idle2.png",".png","True","8","2","0","6,53"
"C:\Users\Marcos\Documents\GitHub\BIGRAT_CENACT\Assets\RecursosUnificados\ColegaTeste\ProjetoPlayerJhonas\Sprites\Player 1\idle\idle3.png",".png","True","8","2","0","5,83"
"C:\Users\Marcos\Documents\GitHub\BIGRAT_CENACT\Assets\RecursosUnificados\ColegaTeste\ProjetoPlayerJhonas\Sprites\Player 1\idle\idle4.png",".png","True","8","2","0","6,64"
"C:\Users\Marcos\Documents\GitHub\BIGRAT_CENACT\Assets\RecursosUnificados\ColegaTeste\ProjetoPlayerJhonas\Sprites\Player 1\idle\idle5.png",".png","True","8","2","0","5,97"
"C:\Users\Marcos\Documents\GitHub\BIGRAT_CENACT\Assets\RecursosUnificados\ColegaTeste\ProjetoPlayerJhonas\Sprites\Player 1\idle\idle6.png",".png","True","8","2","0","6,52"
"C:\Users\Marcos\Documents\GitHub\BIGRAT_CENACT\Assets\RecursosUnificados\ColegaTeste\ProjetoPlayerJhonas\Sprites\Player 1\idle\idle7.png",".png","True","8","2","0","5,86"
"C:\Users\Marcos\Documents\GitHub\BIGRAT_CENACT\Assets\RecursosUnificados\ColegaTeste\ProjetoPlayerJhonas\Sprites\Player 1\idle\idle8.png",".png","True","8","2","0","6,38"
"C:\Users\Marcos\Documents\GitHub\BIGRAT_CENACT\Assets\RecursosUnificados\ColegaTeste\ProjetoPlayerJhonas\Sprites\Player 1\idle\idle9.png",".png","True","8","2","0","5,53"
"C:\Users\Marcos\Documents\GitHub\BIGRAT_CENACT\Assets\RecursosUnificados\ColegaTeste\ProjetoPlayerJhonas\Sprites\Player 1\idle\init-fix.png",".png","True","8","2","0","5,38"
"C:\Users\Marcos\Documents\GitHub\BIGRAT_CENACT\Assets\RecursosUnificados\ColegaTeste\ProjetoPlayerJhonas\Sprites\Player 1\idle\init.png",".png","True","8","2","0","5,76"
"C:\Users\Marcos\Documents\GitHub\BIGRAT_CENACT\Assets\RecursosUnificados\ColegaTeste\ProjetoPlayerJhonas\Sprites\Player 1\jump-(pode ser trocado com o tempo)\jump(menos ruim).gif",".gif","True","8","2","0","36,94"
"C:\Users\Marcos\Documents\GitHub\BIGRAT_CENACT\Assets\RecursosUnificados\ColegaTeste\ProjetoPlayerJhonas\Sprites\Player 1\jump-(pode ser trocado com o tempo)\opção2.gif",".gif","True","8","2","0","37,27"
"C:\Users\Marcos\Documents\GitHub\BIGRAT_CENACT\Assets\RecursosUnificados\ColegaTeste\ProjetoPlayerJhonas\Sprites\Player 1\jump-(pode ser trocado com o tempo)\prop-jump.gif",".gif","True","8","2","0","47,19"
"C:\Users\Marcos\Documents\GitHub\BIGRAT_CENACT\Assets\RecursosUnificados\ColegaTeste\ProjetoPlayerJhonas\Sprites\Player 1\jump-(pode ser trocado com o tempo)\PNGS\PNGS_0001.png",".png","True","8","2","0","5,27"
"C:\Users\Marcos\Documents\GitHub\BIGRAT_CENACT\Assets\RecursosUnificados\ColegaTeste\ProjetoPlayerJhonas\Sprites\Player 1\jump-(pode ser trocado com o tempo)\PNGS\PNGS_0002.png",".png","True","8","2","0","6,83"
"C:\Users\Marcos\Documents\GitHub\BIGRAT_CENACT\Assets\RecursosUnificados\ColegaTeste\ProjetoPlayerJhonas\Sprites\Player 1\jump-(pode ser trocado com o tempo)\PNGS\PNGS_0003.png",".png","True","8","2","0","6,07"
"C:\Users\Marcos\Documents\GitHub\BIGRAT_CENACT\Assets\RecursosUnificados\ColegaTeste\ProjetoPlayerJhonas\Sprites\Player 1\jump-(pode ser trocado com o tempo)\PNGS\PNGS_0004.png",".png","True","8","2","0","6,65"
"C:\Users\Marcos\Documents\GitHub\BIGRAT_CENACT\Assets\RecursosUnificados\ColegaTeste\ProjetoPlayerJhonas\Sprites\Player 1\jump-(pode ser trocado com o tempo)\PNGS\PNGS_0005.png",".png","True","8","2","0","5,96"
"C:\Users\Marcos\Documents\GitHub\BIGRAT_CENACT\Assets\RecursosUnificados\ColegaTeste\ProjetoPlayerJhonas\Sprites\Player 1\jump-(pode ser trocado com o tempo)\PNGS\PNGS_0006.png",".png","True","8","2","0","6,69"
"C:\Users\Marcos\Documents\GitHub\BIGRAT_CENACT\Assets\RecursosUnificados\ColegaTeste\ProjetoPlayerJhonas\Sprites\Player 1\jump-(pode ser trocado com o tempo)\PNGS\PNGS_0007.png",".png","True","8","2","0","6,1"
"C:\Users\Marcos\Documents\GitHub\BIGRAT_CENACT\Assets\RecursosUnificados\ColegaTeste\ProjetoPlayerJhonas\Sprites\Player 1\jump-(pode ser trocado com o tempo)\PNGS\PNGS_0008.png",".png","True","8","2","0","6,83"
"C:\Users\Marcos\Documents\GitHub\BIGRAT_CENACT\Assets\RecursosUnificados\ColegaTeste\ProjetoPlayerJhonas\Sprites\Player 1\jump-(pode ser trocado com o tempo)\PNGS\PNGS_0009.png",".png","True","8","2","0","5,88"
"C:\Users\Marcos\Documents\GitHub\BIGRAT_CENACT\Assets\RecursosUnificados\ColegaTeste\ProjetoPlayerJhonas\Sprites\Player 1\jump-(pode ser trocado com o tempo)\PNGS\PNGS_0010.png",".png","True","8","2","0","6,13"
"C:\Users\Marcos\Documents\GitHub\BIGRAT_CENACT\Assets\RecursosUnificados\ColegaTeste\ProjetoPlayerJhonas\Sprites\Player 1\jump-(pode ser trocado com o tempo)\PNGS\PNGS_0011.png",".png","True","8","2","0","5,64"
"C:\Users\Marcos\Documents\GitHub\BIGRAT_CENACT\Assets\RecursosUnificados\ColegaTeste\ProjetoPlayerJhonas\Sprites\Player 1\jump-(pode ser trocado com o tempo)\PNGS\PNGS_0012.png",".png","True","8","2","0","6,52"
"C:\Users\Marcos\Documents\GitHub\BIGRAT_CENACT\Assets\RecursosUnificados\ColegaTeste\ProjetoPlayerJhonas\Sprites\Player 1\jump-(pode ser trocado com o tempo)\PNGS\PNGS_0013.png",".png","True","8","2","0","6,07"
"C:\Users\Marcos\Documents\GitHub\BIGRAT_CENACT\Assets\RecursosUnificados\ColegaTeste\ProjetoPlayerJhonas\Sprites\Player 1\jump-plataforma\jump-plataforma_0001.png",".png","True","8","2","0","4,97"
"C:\Users\Marcos\Documents\GitHub\BIGRAT_CENACT\Assets\RecursosUnificados\ColegaTeste\ProjetoPlayerJhonas\Sprites\Player 1\jump-plataforma\jump-plataforma_0002.png",".png","True","8","2","0","5,6"
"C:\Users\Marcos\Documents\GitHub\BIGRAT_CENACT\Assets\RecursosUnificados\ColegaTeste\ProjetoPlayerJhonas\Sprites\Player 1\jump-plataforma\jump-plataforma_0003.png",".png","True","8","2","0","5,19"
"C:\Users\Marcos\Documents\GitHub\BIGRAT_CENACT\Assets\RecursosUnificados\ColegaTeste\ProjetoPlayerJhonas\Sprites\Player 1\jump-plataforma\jump-plataforma_0004.png",".png","True","8","2","0","5,95"
"C:\Users\Marcos\Documents\GitHub\BIGRAT_CENACT\Assets\RecursosUnificados\ColegaTeste\ProjetoPlayerJhonas\Sprites\Player 1\jump-plataforma\jump-plataforma_0005.png",".png","True","8","2","0","5,33"
"C:\Users\Marcos\Documents\GitHub\BIGRAT_CENACT\Assets\RecursosUnificados\ColegaTeste\ProjetoPlayerJhonas\Sprites\Player 1\jump-plataforma\jump-plataforma_0006.png",".png","True","8","2","0","6,53"
"C:\Users\Marcos\Documents\GitHub\BIGRAT_CENACT\Assets\RecursosUnificados\ColegaTeste\ProjetoPlayerJhonas\Sprites\Player 1\jump-plataforma\jump-plataforma_0007.png",".png","True","8","2","0","7,39"
"C:\Users\Marcos\Documents\GitHub\BIGRAT_CENACT\Assets\RecursosUnificados\ColegaTeste\ProjetoPlayerJhonas\Sprites\Player 1\jump-plataforma\jump-plataforma_0008.png",".png","True","8","2","0","8,9"
"C:\Users\Marcos\Documents\GitHub\BIGRAT_CENACT\Assets\RecursosUnificados\ColegaTeste\ProjetoPlayerJhonas\Sprites\Player 1\jump-plataforma\jump-plataforma_0009.png",".png","True","8","2","0","5,43"
"C:\Users\Marcos\Documents\GitHub\BIGRAT_CENACT\Assets\RecursosUnificados\ColegaTeste\ProjetoPlayerJhonas\Sprites\Player 1\prop\pixellab-anima--o-de-dash--part-culas-d-1776644095409.gif",".gif","True","8","2","0","6,92"
"C:\Users\Marcos\Documents\GitHub\BIGRAT_CENACT\Assets\RecursosUnificados\ColegaTeste\ProjetoPlayerJhonas\Sprites\Player 1\prop\pixellab-make-it-be-the-last-frame-of-t-1776633168244.png",".png","True","8","2","0","10,95"
"C:\Users\Marcos\Documents\GitHub\BIGRAT_CENACT\Assets\RecursosUnificados\ColegaTeste\ProjetoPlayerJhonas\Sprites\Player 1\prop\pixellab-make-it-be-the-last-frame-of-t-1776633537342.png",".png","True","8","2","0","7,72"
"C:\Users\Marcos\Documents\GitHub\BIGRAT_CENACT\Assets\RecursosUnificados\ColegaTeste\ProjetoPlayerJhonas\Sprites\Player 1\prop\pixellab-The-hooded-figure-shifts-their-1776643828722 (1).gif",".gif","True","8","2","0","31,4"
"C:\Users\Marcos\Documents\GitHub\BIGRAT_CENACT\Assets\RecursosUnificados\ColegaTeste\ProjetoPlayerJhonas\Sprites\Player 1\prop\start-attk.png",".png","True","8","2","0","6,63"
"C:\Users\Marcos\Documents\GitHub\BIGRAT_CENACT\Assets\RecursosUnificados\ColegaTeste\ProjetoPlayerJhonas\Sprites\Player 1\run\run-loop.gif",".gif","True","8","2","0","35,97"
"C:\Users\Marcos\Documents\GitHub\BIGRAT_CENACT\Assets\RecursosUnificados\ColegaTeste\ProjetoPlayerJhonas\Sprites\Player 1\run\png\pixellab-The-hooded-figure-shifts-their-1776630699897_0001.png",".png","True","8","2","0","6,14"
"C:\Users\Marcos\Documents\GitHub\BIGRAT_CENACT\Assets\RecursosUnificados\ColegaTeste\ProjetoPlayerJhonas\Sprites\Player 1\run\png\pixellab-The-hooded-figure-shifts-their-1776630699897_0002.png",".png","True","8","2","0","6,42"
"C:\Users\Marcos\Documents\GitHub\BIGRAT_CENACT\Assets\RecursosUnificados\ColegaTeste\ProjetoPlayerJhonas\Sprites\Player 1\run\png\pixellab-The-hooded-figure-shifts-their-1776630699897_0003.png",".png","True","8","2","0","5,89"
"C:\Users\Marcos\Documents\GitHub\BIGRAT_CENACT\Assets\RecursosUnificados\ColegaTeste\ProjetoPlayerJhonas\Sprites\Player 1\run\png\pixellab-The-hooded-figure-shifts-their-1776630699897_0004.png",".png","True","8","2","0","6,59"
"C:\Users\Marcos\Documents\GitHub\BIGRAT_CENACT\Assets\RecursosUnificados\ColegaTeste\ProjetoPlayerJhonas\Sprites\Player 1\run\png\pixellab-The-hooded-figure-shifts-their-1776630699897_0005.png",".png","True","8","2","0","6,31"
"C:\Users\Marcos\Documents\GitHub\BIGRAT_CENACT\Assets\RecursosUnificados\ColegaTeste\ProjetoPlayerJhonas\Sprites\Player 1\run\png\pixellab-The-hooded-figure-shifts-their-1776630699897_0006.png",".png","True","8","2","0","6,79"
"C:\Users\Marcos\Documents\GitHub\BIGRAT_CENACT\Assets\RecursosUnificados\ColegaTeste\ProjetoPlayerJhonas\Sprites\Player 1\run\png\pixellab-The-hooded-figure-shifts-their-1776630699897_0007.png",".png","True","8","2","0","6,05"
"C:\Users\Marcos\Documents\GitHub\BIGRAT_CENACT\Assets\RecursosUnificados\ColegaTeste\ProjetoPlayerJhonas\Sprites\Player 1\run\png\pixellab-The-hooded-figure-shifts-their-1776630699897_0008.png",".png","True","8","2","0","6,46"
"C:\Users\Marcos\Documents\GitHub\BIGRAT_CENACT\Assets\RecursosUnificados\ColegaTeste\ProjetoPlayerJhonas\Sprites\Player 1\run\png\pixellab-The-hooded-figure-shifts-their-1776630699897_0009.png",".png","True","8","2","0","5,75"
"C:\Users\Marcos\Documents\GitHub\BIGRAT_CENACT\Assets\RecursosUnificados\ColegaTeste\ProjetoPlayerJhonas\Sprites\Player 1\run\png\pixellab-The-hooded-figure-shifts-their-1776630699897_0010.png",".png","True","8","2","0","6,41"
"C:\Users\Marcos\Documents\GitHub\BIGRAT_CENACT\Assets\RecursosUnificados\ColegaTeste\ProjetoPlayerJhonas\Sprites\Player 1\run\png\pixellab-The-hooded-figure-shifts-their-1776630699897_0011.png",".png","True","8","2","0","6,22"
"C:\Users\Marcos\Documents\GitHub\BIGRAT_CENACT\Assets\RecursosUnificados\ColegaTeste\ProjetoPlayerJhonas\Sprites\Player 1\run\png\pixellab-The-hooded-figure-shifts-their-1776630699897_0012.png",".png","True","8","2","0","7,08"
"C:\Users\Marcos\Documents\GitHub\BIGRAT_CENACT\Assets\RecursosUnificados\ColegaTeste\ProjetoPlayerJhonas\Sprites\Player 1\run\png\pixellab-The-hooded-figure-shifts-their-1776630699897_0013.png",".png","True","8","2","0","6,13"
"C:\Users\Marcos\Documents\GitHub\BIGRAT_CENACT\Assets\RecursosUnificados\ColegaTeste\ProjetoPlayerJhonas\Sprites\Player 1\troca-de-lado\troca-de-lado.gif",".gif","True","8","2","0","28,88"
"C:\Users\Marcos\Documents\GitHub\BIGRAT_CENACT\Assets\RecursosUnificados\ColegaTeste\ProjetoPlayerJhonas\Sprites\Player 1\troca-de-lado\PNG\troca-de-lado_0001.png",".png","True","8","2","0","5,27"
"C:\Users\Marcos\Documents\GitHub\BIGRAT_CENACT\Assets\RecursosUnificados\ColegaTeste\ProjetoPlayerJhonas\Sprites\Player 1\troca-de-lado\PNG\troca-de-lado_0002.png",".png","True","8","2","0","6,59"
"C:\Users\Marcos\Documents\GitHub\BIGRAT_CENACT\Assets\RecursosUnificados\ColegaTeste\ProjetoPlayerJhonas\Sprites\Player 1\troca-de-lado\PNG\troca-de-lado_0003.png",".png","True","8","2","0","5,87"
"C:\Users\Marcos\Documents\GitHub\BIGRAT_CENACT\Assets\RecursosUnificados\ColegaTeste\ProjetoPlayerJhonas\Sprites\Player 1\troca-de-lado\PNG\troca-de-lado_0004.png",".png","True","8","2","0","5,98"
"C:\Users\Marcos\Documents\GitHub\BIGRAT_CENACT\Assets\RecursosUnificados\ColegaTeste\ProjetoPlayerJhonas\Sprites\Player 1\troca-de-lado\PNG\troca-de-lado_0005.png",".png","True","8","2","0","4,69"
"C:\Users\Marcos\Documents\GitHub\BIGRAT_CENACT\Assets\RecursosUnificados\ColegaTeste\ProjetoPlayerJhonas\Sprites\Player 1\troca-de-lado\PNG\troca-de-lado_0006.png",".png","True","8","2","0","5,28"
"C:\Users\Marcos\Documents\GitHub\BIGRAT_CENACT\Assets\RecursosUnificados\ColegaTeste\ProjetoPlayerJhonas\Sprites\Player 1\troca-de-lado\PNG\troca-de-lado_0007.png",".png","True","8","2","0","5,14"
"C:\Users\Marcos\Documents\GitHub\BIGRAT_CENACT\Assets\RecursosUnificados\ColegaTeste\ProjetoPlayerJhonas\Sprites\Player 1\troca-de-lado\PNG\troca-de-lado_0008.png",".png","True","8","2","0","6,03"
"C:\Users\Marcos\Documents\GitHub\BIGRAT_CENACT\Assets\RecursosUnificados\ColegaTeste\ProjetoPlayerJhonas\Sprites\Player 1\troca-de-lado\PNG\troca-de-lado_0009.png",".png","True","8","2","0","5,8"
"C:\Users\Marcos\Documents\GitHub\BIGRAT_CENACT\Assets\RecursosUnificados\ColegaTeste\ProjetoPlayerJhonas\Sprites\Player 1\troca-de-lado\PNG\troca-de-lado_0010.png",".png","True","8","2","0","6,88"
"C:\Users\Marcos\Documents\GitHub\BIGRAT_CENACT\Assets\RecursosUnificados\ColegaTeste\ProjetoPlayerJhonas\Sprites\Player 1\troca-de-lado\PNG\troca-de-lado_0011.png",".png","True","8","2","0","5,43"
"C:\Users\Marcos\Documents\GitHub\BIGRAT_CENACT\Assets\RecursosUnificados\ColegaTeste\ProjetoPlayerJhonas\Sprites\Player 1\walk\def-walk.gif",".gif","True","8","2","0","39,76"
"C:\Users\Marcos\Documents\GitHub\BIGRAT_CENACT\Assets\RecursosUnificados\ColegaTeste\ProjetoPlayerJhonas\Sprites\Player 1\walk\def-walk_0001.png",".png","True","8","2","0","7,05"
"C:\Users\Marcos\Documents\GitHub\BIGRAT_CENACT\Assets\RecursosUnificados\ColegaTeste\ProjetoPlayerJhonas\Sprites\Player 1\walk\def-walk_0002.png",".png","True","8","2","0","7,02"
"C:\Users\Marcos\Documents\GitHub\BIGRAT_CENACT\Assets\RecursosUnificados\ColegaTeste\ProjetoPlayerJhonas\Sprites\Player 1\walk\def-walk_0003.png",".png","True","8","2","0","6,71"
"C:\Users\Marcos\Documents\GitHub\BIGRAT_CENACT\Assets\RecursosUnificados\ColegaTeste\ProjetoPlayerJhonas\Sprites\Player 1\walk\def-walk_0004.png",".png","True","8","2","0","7,55"
"C:\Users\Marcos\Documents\GitHub\BIGRAT_CENACT\Assets\RecursosUnificados\ColegaTeste\ProjetoPlayerJhonas\Sprites\Player 1\walk\def-walk_0005.png",".png","True","8","2","0","6,76"
"C:\Users\Marcos\Documents\GitHub\BIGRAT_CENACT\Assets\RecursosUnificados\ColegaTeste\ProjetoPlayerJhonas\Sprites\Player 1\walk\def-walk_0006.png",".png","True","8","2","0","7,28"
"C:\Users\Marcos\Documents\GitHub\BIGRAT_CENACT\Assets\RecursosUnificados\ColegaTeste\ProjetoPlayerJhonas\Sprites\Player 1\walk\def-walk_0007.png",".png","True","8","2","0","6,82"
"C:\Users\Marcos\Documents\GitHub\BIGRAT_CENACT\Assets\RecursosUnificados\ColegaTeste\ProjetoPlayerJhonas\Sprites\Player 1\walk\def-walk_0008.png",".png","True","8","2","0","7,09"
"C:\Users\Marcos\Documents\GitHub\BIGRAT_CENACT\Assets\RecursosUnificados\ColegaTeste\ProjetoPlayerJhonas\Sprites\Player 1\walk\def-walk_0009.png",".png","True","8","2","0","6,65"
"C:\Users\Marcos\Documents\GitHub\BIGRAT_CENACT\Assets\RecursosUnificados\ColegaTeste\ProjetoPlayerJhonas\Sprites\Player 1\walk\def-walk_0010.png",".png","True","8","2","0","7,64"
"C:\Users\Marcos\Documents\GitHub\BIGRAT_CENACT\Assets\RecursosUnificados\ColegaTeste\ProjetoPlayerJhonas\Sprites\Player 1\walk\def-walk_0011.png",".png","True","8","2","0","7,23"
"C:\Users\Marcos\Documents\GitHub\BIGRAT_CENACT\Assets\RecursosUnificados\ColegaTeste\ProjetoPlayerJhonas\Sprites\Player 1\walk\def-walk_0012.png",".png","True","8","2","0","7,47"
"C:\Users\Marcos\Documents\GitHub\BIGRAT_CENACT\Assets\RecursosUnificados\ColegaTeste\ProjetoPlayerJhonas\Sprites\Player 1\walk\def-walk_0013.png",".png","True","8","2","0","7"
"C:\Users\Marcos\Documents\GitHub\BIGRAT_CENACT\Assets\RecursosUnificados\ColegaTeste\ProjetoPlayerJhonas\Sprites\Player 1\walk\start-walk.gif",".gif","True","8","2","0","36,13"
"C:\Users\Marcos\Documents\GitHub\BIGRAT_CENACT\Assets\RecursosUnificados\ColegaTeste\ProjetoPlayerJhonas\Sprites\Player 1\walk\png\def-walk_0001.png",".png","True","8","2","0","7,05"
"C:\Users\Marcos\Documents\GitHub\BIGRAT_CENACT\Assets\RecursosUnificados\ColegaTeste\ProjetoPlayerJhonas\Sprites\Player 1\walk\png\def-walk_0002.png",".png","True","8","2","0","7,02"
"C:\Users\Marcos\Documents\GitHub\BIGRAT_CENACT\Assets\RecursosUnificados\ColegaTeste\ProjetoPlayerJhonas\Sprites\Player 1\walk\png\def-walk_0003.png",".png","True","8","2","0","6,71"
"C:\Users\Marcos\Documents\GitHub\BIGRAT_CENACT\Assets\RecursosUnificados\ColegaTeste\ProjetoPlayerJhonas\Sprites\Player 1\walk\png\def-walk_0004.png",".png","True","8","2","0","7,55"
"C:\Users\Marcos\Documents\GitHub\BIGRAT_CENACT\Assets\RecursosUnificados\ColegaTeste\ProjetoPlayerJhonas\Sprites\Player 1\walk\png\def-walk_0005.png",".png","True","8","2","0","6,76"
"C:\Users\Marcos\Documents\GitHub\BIGRAT_CENACT\Assets\RecursosUnificados\ColegaTeste\ProjetoPlayerJhonas\Sprites\Player 1\walk\png\def-walk_0006.png",".png","True","8","2","0","7,28"
"C:\Users\Marcos\Documents\GitHub\BIGRAT_CENACT\Assets\RecursosUnificados\ColegaTeste\ProjetoPlayerJhonas\Sprites\Player 1\walk\png\def-walk_0007.png",".png","True","8","2","0","6,82"
"C:\Users\Marcos\Documents\GitHub\BIGRAT_CENACT\Assets\RecursosUnificados\ColegaTeste\ProjetoPlayerJhonas\Sprites\Player 1\walk\png\def-walk_0008.png",".png","True","8","2","0","7,09"
"C:\Users\Marcos\Documents\GitHub\BIGRAT_CENACT\Assets\RecursosUnificados\ColegaTeste\ProjetoPlayerJhonas\Sprites\Player 1\walk\png\def-walk_0009.png",".png","True","8","2","0","6,65"
"C:\Users\Marcos\Documents\GitHub\BIGRAT_CENACT\Assets\RecursosUnificados\ColegaTeste\ProjetoPlayerJhonas\Sprites\Player 1\walk\png\def-walk_0010.png",".png","True","8","2","0","7,64"
"C:\Users\Marcos\Documents\GitHub\BIGRAT_CENACT\Assets\RecursosUnificados\ColegaTeste\ProjetoPlayerJhonas\Sprites\Player 1\walk\png\def-walk_0011.png",".png","True","8","2","0","7,23"
"C:\Users\Marcos\Documents\GitHub\BIGRAT_CENACT\Assets\RecursosUnificados\ColegaTeste\ProjetoPlayerJhonas\Sprites\Player 1\walk\png\def-walk_0012.png",".png","True","8","2","0","7,47"
"C:\Users\Marcos\Documents\GitHub\BIGRAT_CENACT\Assets\RecursosUnificados\ColegaTeste\ProjetoPlayerJhonas\Sprites\Player 1\walk\png\def-walk_0013.png",".png","True","8","2","0","7"
"C:\Users\Marcos\Documents\GitHub\BIGRAT_CENACT\Assets\RecursosUnificados\ColegaTeste\ProjetoPlayerJhonas\TextMesh Pro\Sprites\EmojiOne.png",".png","True","0","2","0","109,69"
"C:\Users\Marcos\Documents\GitHub\BIGRAT_CENACT\Assets\RecursosUnificados\ColegaTeste\ProjetoTesteAssets\267590104_150270120673638_5470962951629744253_n.jpg",".jpg","True","8","2","0","72,59"
"C:\Users\Marcos\Documents\GitHub\BIGRAT_CENACT\Assets\RecursosUnificados\ColegaTeste\ProjetoTesteAssets\Dungeon Tile Set.png",".png","True","8","2","0","12,96"
"C:\Users\Marcos\Documents\GitHub\BIGRAT_CENACT\Assets\RecursosUnificados\ColegaTeste\ProjetoTesteAssets\sprite_de_chao.png",".png","True","8","2","0","1202,72"
"C:\Users\Marcos\Documents\GitHub\BIGRAT_CENACT\Assets\RecursosUnificados\ColegaTeste\TextMesh Pro\Sprites\EmojiOne.png",".png","True","0","2","0","109,69"
