"Reason","Keep","Removed","Guid","Hash","Size","Ext"
"duplicata_exata_sem_referencia","Assets\RecursosUnificados\BranchPedrao\_Recovery\0 (3).unity","Assets\RecursosUnificados\BranchPedrao\_Recovery\0 (4).unity","967ab8a2fe27a064f87b86d28820b0e4","233D7B91FD0D9DFCCAC25969E36145A324B27B2E914D4410AD8730E7CF5A77DE","38848",".unity"
"duplicata_exata_sem_referencia","Assets\RecursosUnificados\BranchPedrao\Assets\DefaultVolumeProfile.asset","Assets\RecursosUnificados\BranchPedrao\DefaultVolumeProfile.asset","871c6fba9fac09b488fda71c9b32fd51","C5DD9BEE1ADD10F9346F3CB9881738BD41C7BB72E76BE68629D835738C574083","19524",".asset"
"duplicata_exata_sem_referencia","Assets\RecursosUnificados\BranchPedrao\Scenes\bla.unity","Assets\RecursosUnificados\BranchPedrao\Scenes\Ceta big Peter.unity","365f240e2a7f9b14387fa1a51f46a24a","91D521AA0F622DA60FA6CF1B0FF0ACFAC40AECCEBBECC85CB93074D04FF75C57","38850",".unity"
"duplicata_exata_sem_referencia","Assets\RecursosUnificados\BranchPedrao\Sprites\ANJO\IDLE\DISSPAR\dissipar.gif","Assets\RecursosUnificados\BranchPedrao\Sprites\Boss\dead\dissipar.gif","c8707bae46550724abb5dc6fa5e83448","647FA4F7394B39129F5E71E7A273B7EA5FE614321A6603B10442E5DF32577545","50640",".gif"
"duplicata_exata_sem_referencia","Assets\RecursosUnificados\BranchPedrao\Sprites\ANJO\IDLE\DISSPAR\dissipar.gif","Assets\RecursosUnificados\BranchPedrao\Sprites\Boss\dead\PNG\dissipar.gif","3d947f92c486b314a9db2acc3add3462","647FA4F7394B39129F5E71E7A273B7EA5FE614321A6603B10442E5DF32577545","50640",".gif"
"duplicata_exata_sem_referencia","Assets\RecursosUnificados\BranchPedrao\Sprites\ANJO\IDLE\DISSPAR\DISSPAR_0001.png","Assets\RecursosUnificados\BranchPedrao\Sprites\Boss\dead\PNG\DISSPAR_0001.png","467128a74e6f3c24e80ef1d33d36eb85","2D8DAE719CBD1D26E47A1CA4B946A329F053D91EFCDA7BA7F2AC32987C9884B8","4260",".png"
"duplicata_exata_sem_referencia","Assets\RecursosUnificados\BranchPedrao\Sprites\ANJO\IDLE\DISSPAR\DISSPAR_0002.png","Assets\RecursosUnificados\BranchPedrao\Sprites\Boss\dead\PNG\DISSPAR_0002.png","1c728005b277a574f80c95d509e18571","1FC6C87D860591E88CE2ACA0F0197BCC5F1C6F6436950F4A68FB7714C5BEDC03","5246",".png"
"duplicata_exata_sem_referencia","Assets\RecursosUnificados\BranchPedrao\Sprites\ANJO\IDLE\DISSPAR\DISSPAR_0003.png","Assets\RecursosUnificados\BranchPedrao\Sprites\Boss\dead\PNG\DISSPAR_0003.png","533e560a5cf737840828b891595c63df","1A5D2BD4FC413E376BBF469DD08C1EEAFFCB5BB26BF21012D60458CD90725DDA","6643",".png"
"duplicata_exata_sem_referencia","Assets\RecursosUnificados\BranchPedrao\Sprites\ANJO\IDLE\DISSPAR\DISSPAR_0004.png","Assets\RecursosUnificados\BranchPedrao\Sprites\Boss\dead\PNG\DISSPAR_0004.png","fa28b97880d2ed5448dbe47fdcfacf54","EB65B48E2E971CC216E62C6F670F56E83B7F81FB94BA8497073F895BAF590564","9634",".png"
"duplicata_exata_sem_referencia","Assets\RecursosUnificados\BranchPedrao\Sprites\ANJO\IDLE\DISSPAR\DISSPAR_0005.png","Assets\RecursosUnificados\BranchPedrao\Sprites\Boss\dead\PNG\DISSPAR_0005.png","5c81b9372ba74a84fba30e69887ae5cd","E574820DD2268D9292ABE880D6D1F5077465DDCCC3647244371E7DF8718E2077","8633",".png"
"duplicata_exata_sem_referencia","Assets\RecursosUnificados\BranchPedrao\Sprites\ANJO\IDLE\DISSPAR\DISSPAR_0006.png","Assets\RecursosUnificados\BranchPedrao\Sprites\Boss\dead\PNG\DISSPAR_0006.png","26ac26a6f3b17cd49826f54a432f3c29","9045A5DAE332C7330B8107A207B751545EEC84473474DE0EF2D1917DA1A64948","11061",".png"
"duplicata_exata_sem_referencia","Assets\RecursosUnificados\BranchPedrao\Sprites\ANJO\IDLE\DISSPAR\DISSPAR_0007.png","Assets\RecursosUnificados\BranchPedrao\Sprites\Boss\dead\PNG\DISSPAR_0007.png","86473ecd72e780d488fac5d76e829ed5","A4AB12E8F5731C68EDE6D246EB121F4A26EA47D57405FCE55F6C352B5E8C538C","8718",".png"
"duplicata_exata_sem_referencia","Assets\RecursosUnificados\BranchPedrao\Sprites\ANJO\IDLE\DISSPAR\DISSPAR_0008.png","Assets\RecursosUnificados\BranchPedrao\Sprites\Boss\dead\PNG\DISSPAR_0008.png","7469b331436a450429495f5bdabe6cfa","1C0C1EFAF6F2D2CD642493D86B15DD16D36F6EE1FBD39CE71955012CB568D535","11409",".png"
"duplicata_exata_sem_referencia","Assets\RecursosUnificados\BranchPedrao\Sprites\ANJO\IDLE\DISSPAR\DISSPAR_0009.png","Assets\RecursosUnificados\BranchPedrao\Sprites\Boss\dead\PNG\DISSPAR_0009.png","3d0986258ddedd1428f5c04938fe872a","55A942088FF723208A1EFA442DDC3F9DD2368DD79246544CAEDE6F657310BBE3","9926",".png"
"duplicata_exata_sem_referencia","Assets\RecursosUnificados\BranchPedrao\Sprites\ANJO\IDLE\DISSPAR\DISSPAR_0001.png","Assets\RecursosUnificados\BranchPedrao\Sprites\Boss\dead\PNG\PNG_0021.png","0cc9ff35e11f1e84a92180f3baddb559","2D8DAE719CBD1D26E47A1CA4B946A329F053D91EFCDA7BA7F2AC32987C9884B8","4260",".png"
"duplicata_exata_sem_referencia","Assets\RecursosUnificados\BranchPedrao\Sprites\Boss\cry\cry_0001.png","Assets\RecursosUnificados\BranchPedrao\Sprites\Boss\fall\PNG\PNG_0006 (2).png","b793a171852ecef44959fdfc4a4821fd","7F650D1CFD6122D27AED0D7714D8453A361F45BF6F889093C3F26364FDF1FE53","5570",".png"
"duplicata_exata_sem_referencia","Assets\RecursosUnificados\BranchPedrao\Sprites\Boss\cry\cry_0002.png","Assets\RecursosUnificados\BranchPedrao\Sprites\Boss\fall\PNG\PNG_0007 (2).png","45c4dfba80bee864ebcb99e39be785e1","BAB10ECF24B5588A37E543C9F7C8776C3C02B505B64684367885359C7D09EF16","13242",".png"
"duplicata_exata_sem_referencia","Assets\RecursosUnificados\BranchPedrao\Sprites\Boss\cry\cry_0003.png","Assets\RecursosUnificados\BranchPedrao\Sprites\Boss\fall\PNG\PNG_0008 (2).png","ff0f6e12c0a5d214ab608251a43de2e4","2A47CB8EE47E5D1BF3676596505312FDEC50C6FCB5A41556C94AB57ED18F94DF","11462",".png"
"duplicata_exata_sem_referencia","Assets\RecursosUnificados\BranchPedrao\Sprites\Boss\cry\cry_0004.png","Assets\RecursosUnificados\BranchPedrao\Sprites\Boss\fall\PNG\PNG_0009 (2).png","db07ea7a6f9a7e84c90e26db4c04b8c4","F439D08EE5801EF30C864A52024E4CFB023A12AABFCBA2AC903B6F0BB217D82F","12574",".png"
"duplicata_exata_sem_referencia","Assets\RecursosUnificados\BranchPedrao\Sprites\Boss\cry\cry_0005.png","Assets\RecursosUnificados\BranchPedrao\Sprites\Boss\fall\PNG\PNG_0010.png","c9e73012376221d4bad8632090f7c9e3","51D25D7ED50CDB1BEEE7631EEC18487DDF257710468F2F3847DB69A071A24B30","10033",".png"
"duplicata_exata_sem_referencia","Assets\RecursosUnificados\BranchPedrao\Sprites\Boss\cry\cry_0006.png","Assets\RecursosUnificados\BranchPedrao\Sprites\Boss\fall\PNG\PNG_0011.png","1672b45b66adb9c46989d1216ea00910","07F6CCE3C981335FA48875700C84FDA69F55F3B0CF789E2AB035D217A02522CC","11105",".png"
"duplicata_exata_sem_referencia","Assets\RecursosUnificados\BranchPedrao\Sprites\Boss\cry\cry_0007.png","Assets\RecursosUnificados\BranchPedrao\Sprites\Boss\fall\PNG\PNG_0012.png","6424d42f16a2e0542a032ef1bb07bead","2ABCEA32A40D29A3AA2333C11E38A636DF4380E7E8E97AED07682E6CB3749CAA","10396",".png"
"duplicata_exata_sem_referencia","Assets\RecursosUnificados\BranchPedrao\Sprites\Boss\cry\cry_0008.png","Assets\RecursosUnificados\BranchPedrao\Sprites\Boss\fall\PNG\PNG_0013.png","e36669d277ec4c34eb3edc0e46ac0f09","35AE602AF1F9BF2951986F53E291D8C9FB8968FDFD1645FBCDFE6ADB7FAE665B","11636",".png"
"duplicata_exata_sem_referencia","Assets\RecursosUnificados\BranchPedrao\Sprites\Boss\cry\cry_0009.png","Assets\RecursosUnificados\BranchPedrao\Sprites\Boss\fall\PNG\PNG_0014.png","644a46d095f3fb445a5bb579eef4438f","49D8FBD88D015E443B36FE97D2FF152F0801891DDACCCBEA9DE1363BA4F35C42","6538",".png"
"duplicata_exata_sem_referencia","Assets\RecursosUnificados\BranchPedrao\Sprites\Boss\attack\PNG\PREPARAÇÃO\PNG_0001.png","Assets\RecursosUnificados\BranchPedrao\Sprites\Boss\run\PREPARAÇÃO\run_0001.png","dbe4f6eb9405fdc4e9073daa872a7fa9","E92F562D43130E7CC1B95AF942ECA9BC64AE3DCA31BDAE049AC24383DF8AAAB3","5569",".png"
"duplicata_exata_sem_referencia","Assets\RecursosUnificados\BranchPedrao\Sprites\Boss\attack\PNG\PREPARAÇÃO\special-attk_0002.png","Assets\RecursosUnificados\BranchPedrao\Sprites\Boss\special-attk\special-attk_0002.png","eb8d9bc8e6b09d94e984ab65f3865e36","1437B473CE3D84F70D4716D6670AC22E4528A50CD41A351960D4D3547C9E849A","14099",".png"
"duplicata_exata_sem_referencia","Assets\RecursosUnificados\BranchPedrao\Sprites\Boss\attack\PNG\PREPARAÇÃO\special-attk_0003.png","Assets\RecursosUnificados\BranchPedrao\Sprites\Boss\special-attk\special-attk_0003.png","3a7250ce3df84164e9fb0017c8bd570d","0B1609A990A1F5956D22009C5E1E8A5CBE95A7F87690793D506A0A5E5A5663BE","15936",".png"
"duplicata_exata_sem_referencia","Assets\RecursosUnificados\BranchPedrao\Sprites\Boss\attack\PNG\PREPARAÇÃO\special-attk_0004.png","Assets\RecursosUnificados\BranchPedrao\Sprites\Boss\special-attk\special-attk_0004.png","e13e6597a4c43e94093b0371ae1b3c8c","6D88F21A04BBF21C259327A2BBFD1EAB3C0797E85A5E051D42CCB476F88045C1","18383",".png"
"duplicata_exata_sem_referencia","Assets\RecursosUnificados\BranchPedrao\Sprites\Boss\attack\PNG\PREPARAÇÃO\special-attk_0005.png","Assets\RecursosUnificados\BranchPedrao\Sprites\Boss\special-attk\special-attk_0005.png","a92e167a78b44784fa03c95894ad30bf","C9B7DF51461B711B66DEC9004A366303B3846EF0CD11817296708873248CC8C4","14680",".png"
"duplicata_exata_sem_referencia","Assets\RecursosUnificados\BranchPedrao\Sprites\Boss\attack\PNG\PREPARAÇÃO\special-attk_0006.png","Assets\RecursosUnificados\BranchPedrao\Sprites\Boss\special-attk\special-attk_0006.png","d5d07e14af1a0744faabde9e0ed4e65e","D195CA90FE6CA0169CE9567E0819788E67E5B6ADED862185ED08D4CFBD4EC5C1","12685",".png"
"duplicata_exata_sem_referencia","Assets\RecursosUnificados\BranchPedrao\Sprites\Boss\attack\PNG\PREPARAÇÃO\special-attk_0007.png","Assets\RecursosUnificados\BranchPedrao\Sprites\Boss\special-attk\special-attk_0007.png","8cdac96aa7da77c48909970f109e4501","C381E488437B7C99889B5B90BD6BFCE35ECEDD188B16E89C516C0BFA56EE93B6","20313",".png"
"duplicata_exata_sem_referencia","Assets\RecursosUnificados\BranchPedrao\Sprites\Boss\attack\PNG\PREPARAÇÃO\special-attk_0008.png","Assets\RecursosUnificados\BranchPedrao\Sprites\Boss\special-attk\special-attk_0008.png","cb2c9d4717085444fb5fbdf2fa04eb29","342216361738746F18291108AAE3013437771CC7CB56B7157E97D0F4B6888315","18777",".png"
"duplicata_exata_sem_referencia","Assets\RecursosUnificados\BranchPedrao\Sprites\Boss\attack\PNG\PREPARAÇÃO\special-attk_0009.png","Assets\RecursosUnificados\BranchPedrao\Sprites\Boss\special-attk\special-attk_0009.png","86e8d3433f6fd4540aca27e1021558a1","8F25D72B816C0C6A91F6FA95F5209FD7E515DE6E25C80A9F66D2798C6D16F178","14348",".png"
"duplicata_exata_sem_referencia","Assets\RecursosUnificados\BranchPedrao\Sprites\Boss\attack\PNG\PREPARAÇÃO\PNG_0001.png","Assets\RecursosUnificados\BranchPedrao\Sprites\Boss\walk\PNG\PNG_0001.png","1b9edfd3f9c593f47897b8d6150f6310","E92F562D43130E7CC1B95AF942ECA9BC64AE3DCA31BDAE049AC24383DF8AAAB3","5569",".png"
"duplicata_exata_sem_referencia","Assets\RecursosUnificados\BranchPedrao\Sprites\Player 1\idle\idle.gif","Assets\RecursosUnificados\BranchPedrao\Sprites\Player 1\idle\idle1.gif","6259c485eaff0274f96d296342e7f5d5","59CE5BD910F93A1BFAF3607F685B4D27B0DCC46EC0045E3AE5A1D7E7976C1FFB","24053",".gif"
"duplicata_exata_sem_referencia","Assets\RecursosUnificados\BranchPedrao\Sprites\Player 1\idle\idle1.png","Assets\RecursosUnificados\BranchPedrao\Sprites\Player 1\jump-(pode ser trocado com o tempo)\PNGS\PNGS_0001.png","5dcf500b5ca56fe40a65c712bddf3ed4","5F53A428EB9BA7ED7DA6B65B45D36CC360D4A214DA264B441E87E6E847F72EE7","5394",".png"
"duplicata_exata_sem_referencia","Assets\RecursosUnificados\BranchPedrao\Sprites\Player 1\dash\animação inacabada do dash.gif","Assets\RecursosUnificados\BranchPedrao\Sprites\Player 1\prop\pixellab-The-hooded-figure-shifts-their-1776643828722 (1).gif","eace5b0c0b1968b4294c1fda8fecd85e","44D3D97542D088CB76DABF6557DF46FA6BFF538830B55F460C4F65AD66E9E994","32154",".gif"
"duplicata_exata_sem_referencia","Assets\RecursosUnificados\BranchPedrao\Sprites\Player 1\idle\idle1.png","Assets\RecursosUnificados\BranchPedrao\Sprites\Player 1\troca-de-lado\PNG\troca-de-lado_0001.png","942da20635d6e1f43a5ba082ae1cd332","5F53A428EB9BA7ED7DA6B65B45D36CC360D4A214DA264B441E87E6E847F72EE7","5394",".png"
"duplicata_exata_sem_referencia","Assets\RecursosUnificados\BranchPedrao\Sprites\Player 1\walk\def-walk_0001.png","Assets\RecursosUnificados\BranchPedrao\Sprites\Player 1\walk\png\def-walk_0001.png","fa883a356d23e8a4ba87a240e5453896","39A8921769DD6F66771FFA6042AFEF2E39CF236BC42A4B067B4FE3CF1D3FBB96","7222",".png"
"duplicata_exata_sem_referencia","Assets\RecursosUnificados\BranchPedrao\Sprites\Player 1\walk\def-walk_0002.png","Assets\RecursosUnificados\BranchPedrao\Sprites\Player 1\walk\png\def-walk_0002.png","1cd61ce53a386a64fb2bcf0976962c39","F0A1DDC8CF267F47CEF41E9DEC7D3674D38117F2FCE648F8C41C856899BCD25F","7184",".png"
"duplicata_exata_sem_referencia","Assets\RecursosUnificados\BranchPedrao\Sprites\Player 1\walk\def-walk_0003.png","Assets\RecursosUnificados\BranchPedrao\Sprites\Player 1\walk\png\def-walk_0003.png","033adf7bb95b01948a143fed1071754d","FA3FFD1AFCF821B1007C42C785F9A91D29B73CBC82F0BB9E24F0938F15243069","6873",".png"
"duplicata_exata_sem_referencia","Assets\RecursosUnificados\BranchPedrao\Sprites\Player 1\walk\def-walk_0004.png","Assets\RecursosUnificados\BranchPedrao\Sprites\Player 1\walk\png\def-walk_0004.png","f270ea69c4ca6cd44871f47ed53e9e34","BBB70A10828DFE0AC253805013AB226EDD284379223EB4955E520E7D7749A65E","7736",".png"
"duplicata_exata_sem_referencia","Assets\RecursosUnificados\BranchPedrao\Sprites\Player 1\walk\def-walk_0005.png","Assets\RecursosUnificados\BranchPedrao\Sprites\Player 1\walk\png\def-walk_0005.png","f41f0c721099e6f409ffb379101fb97c","6104949B5F69A2BB6B0D8D68D0DD71206DE81DB8BAA3F3C3F868CD4BEA2C13B6","6921",".png"
"duplicata_exata_sem_referencia","Assets\RecursosUnificados\BranchPedrao\Sprites\Player 1\walk\def-walk_0006.png","Assets\RecursosUnificados\BranchPedrao\Sprites\Player 1\walk\png\def-walk_0006.png","f27c1c6b9e4a18d4b90da64b43993746","1BEB0FF4B974E9EB59BB8B2201F9BA09E95D5029FACB8948AE1CC6DEC3AE24C5","7458",".png"
"duplicata_exata_sem_referencia","Assets\RecursosUnificados\BranchPedrao\Sprites\Player 1\walk\def-walk_0007.png","Assets\RecursosUnificados\BranchPedrao\Sprites\Player 1\walk\png\def-walk_0007.png","b05cecee7292aa842959c206267a40c2","D32997A9AB857CA195DF71FE78F69BFB9D90A36EE1B88ACAB7D93BD52B5B6311","6982",".png"
"duplicata_exata_sem_referencia","Assets\RecursosUnificados\BranchPedrao\Sprites\Player 1\walk\def-walk_0008.png","Assets\RecursosUnificados\BranchPedrao\Sprites\Player 1\walk\png\def-walk_0008.png","3dd4392794b793a468f10cd008654a82","B24DE1EB6F91887061F747353B780452033AD9C34C005A9D1DBBB99AF11B8969","7261",".png"
"duplicata_exata_sem_referencia","Assets\RecursosUnificados\BranchPedrao\Sprites\Player 1\walk\def-walk_0009.png","Assets\RecursosUnificados\BranchPedrao\Sprites\Player 1\walk\png\def-walk_0009.png","fd11e5dff669a9644a8935cc7dba6600","E4F1E96CD16812B66B90ADA8CB06349C5AA4D2A3D53A3D907F868A28E2E9AF4E","6813",".png"
"duplicata_exata_sem_referencia","Assets\RecursosUnificados\BranchPedrao\Sprites\Player 1\walk\def-walk_0010.png","Assets\RecursosUnificados\BranchPedrao\Sprites\Player 1\walk\png\def-walk_0010.png","52c483851c172644db925ace3ab4c123","7BA284E6ED4F1CD1A08913A697FA018DAF1B8406B636DAD12A29FB489CAD5544","7819",".png"
"duplicata_exata_sem_referencia","Assets\RecursosUnificados\BranchPedrao\Sprites\Player 1\walk\def-walk_0011.png","Assets\RecursosUnificados\BranchPedrao\Sprites\Player 1\walk\png\def-walk_0011.png","5f06f1c844b04c0469c98ce3097287f5","CAC1A815FFCEFBD85147D01498833CA60479A34C3D2137392BDFF8A7B6AD86C9","7404",".png"
"duplicata_exata_sem_referencia","Assets\RecursosUnificados\BranchPedrao\Sprites\Player 1\walk\def-walk_0012.png","Assets\RecursosUnificados\BranchPedrao\Sprites\Player 1\walk\png\def-walk_0012.png","467815dedb309654ab966d07f17e6b3d","9A7F6F0E3A3A1B2BD2F37C52492471A2CF1FCFD16CDE7A2BBB336EDCE3E5509B","7650",".png"
"duplicata_exata_sem_referencia","Assets\RecursosUnificados\BranchPedrao\Sprites\Player 1\walk\def-walk_0013.png","Assets\RecursosUnificados\BranchPedrao\Sprites\Player 1\walk\png\def-walk_0013.png","22120160c37fd01468e985a21f239c07","9B400A1ECA6D26E9AA70B75202C6BADE17125D5BC8136CA85113551E30080074","7171",".png"
"duplicata_exata_sem_referencia","Assets\RecursosUnificados\BranchPedrao\_Recovery\0 (1).unity","Assets\RecursosUnificados\ChegaComJhon\_Recovery\0 (1).unity","9d1121b889322574091745e72cf5d520","D80B3C05327652DAA6E2D268F9AB9B38E73438C7F6A24948DBCECDBA3DFF3865","24630",".unity"
"duplicata_exata_sem_referencia","Assets\RecursosUnificados\BranchPedrao\_Recovery\0 (2).unity","Assets\RecursosUnificados\ChegaComJhon\_Recovery\0 (2).unity","f75a6519d566e854d9c76314f309626c","F36E0AC3C99063BA82554D04682AAEA85B2B6DB7428D88225AC56250F91551B9","38846",".unity"
"duplicata_exata_sem_referencia","Assets\RecursosUnificados\BranchPedrao\_Recovery\0 (3).unity","Assets\RecursosUnificados\ChegaComJhon\_Recovery\0 (3).unity","e376cc59f4e574b4c81c2dee096519bd","233D7B91FD0D9DFCCAC25969E36145A324B27B2E914D4410AD8730E7CF5A77DE","38848",".unity"
"duplicata_exata_sem_referencia","Assets\RecursosUnificados\BranchPedrao\_Recovery\0 (3).unity","Assets\RecursosUnificados\ChegaComJhon\_Recovery\0 (4).unity","7a2ddf393523d6344b02ee8088ece313","233D7B91FD0D9DFCCAC25969E36145A324B27B2E914D4410AD8730E7CF5A77DE","38848",".unity"
"duplicata_exata_sem_referencia","Assets\RecursosUnificados\BranchPedrao\_Recovery\0.unity","Assets\RecursosUnificados\ChegaComJhon\_Recovery\0.unity","40a3c0eabd66c1c43a9c20230091cb14","8412574E039D364CA1CFE56BA24FA26459BA8BC96BF45C0626174B3D2D067E07","17177",".unity"
"duplicata_exata_sem_referencia","Assets\RecursosUnificados\BranchPedrao\Animacoes\Anjo\Anjo.controller","Assets\RecursosUnificados\ChegaComJhon\Animacoes\Anjo\Anjo.controller","be23f0239a5ad5d46979f701ae9b3b5d","DDB6C83164B48AA9F380298ACBDB4D36D7C4195CB76AC9F9D13B65A96193DB9A","5844",".controller"
"duplicata_exata_sem_referencia","Assets\RecursosUnificados\BranchPedrao\Animacoes\Anjo\Exit.anim","Assets\RecursosUnificados\ChegaComJhon\Animacoes\Anjo\Exit.anim","2716d51faa685bf43ad7568a9c274273","2678EC402202187CB93966395F955FDE1824213F63CECE744FB2DAD5350385C1","6318",".anim"
"duplicata_exata_sem_referencia","Assets\RecursosUnificados\BranchPedrao\Animacoes\Anjo\Idle.anim","Assets\RecursosUnificados\ChegaComJhon\Animacoes\Anjo\Idle.anim","afcaf31706914da4491b8d6de220f0a5","43621B7DEE865F9DC2D90D5F18D42543C287CC92314DB7ED30C35D69155A6AC7","3480",".anim"
"duplicata_exata_sem_referencia","Assets\RecursosUnificados\BranchPedrao\Animacoes\Anjo\Suger.anim","Assets\RecursosUnificados\ChegaComJhon\Animacoes\Anjo\Suger.anim","41b5e8d6f1e997b42a1336f3c6a5b274","765705C52C802C618B0813FDEF0BA3E8EBF9E7D87A776C767A1A2DDA9CD85865","6093",".anim"
"duplicata_exata_sem_referencia","Assets\RecursosUnificados\BranchPedrao\Animacoes\Boss\ataque especial.anim","Assets\RecursosUnificados\ChegaComJhon\Animacoes\Boss\ataque especial.anim","4d48ad493af8f4d468cd27894346c060","1300DA1A998E428E0B7D6974FF2279307499ECFDA736C586A48A897B30D087A7","5300",".anim"
"duplicata_exata_sem_referencia","Assets\RecursosUnificados\BranchPedrao\Animacoes\Boss\Ataque.anim","Assets\RecursosUnificados\ChegaComJhon\Animacoes\Boss\Ataque.anim","76da65656f4f5b241b0e05ee09fa6867","9CFAC91F52099E1657E7C3E820D6AEBA50D6E2C08AB63BF17D3AEE5FD4DEBDBD","3501",".anim"
"duplicata_exata_sem_referencia","Assets\RecursosUnificados\BranchPedrao\Animacoes\Boss\Idle.anim","Assets\RecursosUnificados\ChegaComJhon\Animacoes\Boss\Idle.anim","47145fe5a18316e4eb84e3928d94d0ec","C48CE4DF455C54A4C08B5997B5D2694779C465B00B7EE3A1F919F765EEA8E16E","5114",".anim"
"duplicata_exata_sem_referencia","Assets\RecursosUnificados\BranchPedrao\Animacoes\Boss\morte.anim","Assets\RecursosUnificados\ChegaComJhon\Animacoes\Boss\morte.anim","04d927e27f84bc34b9a19120ad161360","F71ED8CE1BC639122CC79F3A2B83007C01710DE847AE45382999B2EE7AA346D1","7724",".anim"
"duplicata_exata_sem_referencia","Assets\RecursosUnificados\BranchPedrao\Animacoes\Boss\Prep.anim","Assets\RecursosUnificados\ChegaComJhon\Animacoes\Boss\Prep.anim","cafa0c4bf634345479ab41ab45a2743d","183B88FD352BAFF62245B422C1305C18DB07A9A4D2FC5DCCBE4F2F40135D380B","1345",".anim"
"duplicata_exata_sem_referencia","Assets\RecursosUnificados\BranchPedrao\Animacoes\Boss\PrepAtaque.anim","Assets\RecursosUnificados\ChegaComJhon\Animacoes\Boss\PrepAtaque.anim","a98ea87be6b15e94c8fb0c6da751a175","50E5C4629A139510F281ADCB03ECB3C8BDBFD85D284B1B673B30AC32986E1FA7","3100",".anim"
"duplicata_exata_sem_referencia","Assets\RecursosUnificados\BranchPedrao\Animacoes\Boss\PrepRun.anim","Assets\RecursosUnificados\ChegaComJhon\Animacoes\Boss\PrepRun.anim","2a93813c490c6014fa3628f2b356be0c","4FAAEA8402B94CA4B47D4ED0A641CB33A88DF577F071A8C26EB9F4496A58DAD3","3097",".anim"
"duplicata_exata_sem_referencia","Assets\RecursosUnificados\BranchPedrao\Animacoes\Boss\Run.anim","Assets\RecursosUnificados\ChegaComJhon\Animacoes\Boss\Run.anim","dbbf9e7f1f30cec4294727e12c94646a","B908DC4FC92E29A11197106C465388E2C2F7E4B29462252B3F861934CB5D975F","4300",".anim"
"duplicata_exata_sem_referencia","Assets\RecursosUnificados\BranchPedrao\Animacoes\Player\ataque.anim","Assets\RecursosUnificados\ChegaComJhon\Animacoes\Player\ataque.anim","7b3fdcdb9736aa24b962e04fc0a4b394","A980E090131248BFC5C93640356B51F3E15BCB79A6CDB7254478E35E9A01D7D0","3087",".anim"
"duplicata_exata_sem_referencia","Assets\RecursosUnificados\BranchPedrao\Animacoes\Player\ataque2.anim","Assets\RecursosUnificados\ChegaComJhon\Animacoes\Player\ataque2.anim","0ae046567d1a69f49a0d6439060b70d8","D71144CC81081525358B881037BB56884B590252A33987CEF90A76CEE8120E2A","3290",".anim"
"duplicata_exata_sem_referencia","Assets\RecursosUnificados\BranchPedrao\Animacoes\Player\Ataque3.anim","Assets\RecursosUnificados\ChegaComJhon\Animacoes\Player\Ataque3.anim","a7c526058d582184cbc6261c80094721","9267E2AF587BBD86019294CB4F9A5A4BA1530A45272789B4BC802A82E26106EC","3089",".anim"
"duplicata_exata_sem_referencia","Assets\RecursosUnificados\BranchPedrao\Animacoes\Player\Ataquejump.anim","Assets\RecursosUnificados\ChegaComJhon\Animacoes\Player\Ataquejump.anim","3605860c664bb9f4bbf397c859345997","C1C5B9C86440D2B2A84D1A28D4686B6E3D7C00FF7B0AE0E6D104A8D38ABBB830","3099",".anim"
"duplicata_exata_sem_referencia","Assets\RecursosUnificados\BranchPedrao\Animacoes\Player\Dash.anim","Assets\RecursosUnificados\ChegaComJhon\Animacoes\Player\Dash.anim","22cc6a5987078c54b9848615a21d7c5e","CDB10386B3A82FD7043406F786816392E3D0B97AA1480ADB052C4F46376EE6A3","4302",".anim"
"duplicata_exata_sem_referencia","Assets\RecursosUnificados\BranchPedrao\Animacoes\Player\dead.anim","Assets\RecursosUnificados\ChegaComJhon\Animacoes\Player\dead.anim","a63b047154b74c849a29a533adaf4e74","C77D2922998C186B3D209AFE75A609FF46A4AE2DEF6BED34A92205FA43BB3C80","2887",".anim"
"duplicata_exata_sem_referencia","Assets\RecursosUnificados\BranchPedrao\Animacoes\Player\Fall.anim","Assets\RecursosUnificados\ChegaComJhon\Animacoes\Player\Fall.anim","a2802d6d5f3c486418c6092cb36bbd11","29EBAAB73FA1528ED16E22FB6C4E8BC32504AA9A2B226C03ED41831FB626C065","2886",".anim"
"duplicata_exata_sem_referencia","Assets\RecursosUnificados\BranchPedrao\Animacoes\Player\Idle.anim","Assets\RecursosUnificados\ChegaComJhon\Animacoes\Player\Idle.anim","650de6352480ad04d90e7e6f9ec299c8","0086F22A4A4F6E81303FAF496F76F81CEE723C07796C0A2E8D653D1ABFA66152","3698",".anim"
"duplicata_exata_sem_referencia","Assets\RecursosUnificados\BranchPedrao\Animacoes\Player\Jump.anim","Assets\RecursosUnificados\ChegaComJhon\Animacoes\Player\Jump.anim","d6b77351b56cf5542909e5307dc673d1","3B92721A08E50887C7FDA81C11630F2DEB257A98743460F2C5E9F8EC67A0D017","3502",".anim"
"duplicata_exata_sem_referencia","Assets\RecursosUnificados\BranchPedrao\Animacoes\Player\Player.controller","Assets\RecursosUnificados\ChegaComJhon\Animacoes\Player\Player.controller","b3dafee81e6da484f9140f8d6636b019","57BCA08578EB43C9051C0F90C25B3F088D6FB3583CB33D0BA0045175BC3CEE89","38113",".controller"
"duplicata_exata_sem_referencia","Assets\RecursosUnificados\BranchPedrao\Animacoes\Player\PulandoDenovo.anim","Assets\RecursosUnificados\ChegaComJhon\Animacoes\Player\PulandoDenovo.anim","15b7dc0315dd0b545b4d2a2f19416e58","1BB04AB8130F02F109F466B9DC329F0637016A0324C9AEF3A75C91A809E56BB4","3511",".anim"
"duplicata_exata_sem_referencia","Assets\RecursosUnificados\BranchPedrao\Animacoes\Player\Running.anim","Assets\RecursosUnificados\ChegaComJhon\Animacoes\Player\Running.anim","7b368263cf63e7c4b87fb850f30d92b0","AA090524435DA711B40EAE46DEE5E71B45488A8CEBCDBEC1F1795F9C21AE4839","4298",".anim"
"duplicata_exata_sem_referencia","Assets\RecursosUnificados\BranchPedrao\Animacoes\Player\Takedamage.anim","Assets\RecursosUnificados\ChegaComJhon\Animacoes\Player\Takedamage.anim","7e47c2ece388f514f8ce3f341af079d5","CC8FDF7D08902A5306B3C72D8E82CE48EB7A2F64354C5577035C5A6D59580DE8","2686",".anim"
"duplicata_exata_sem_referencia","Assets\RecursosUnificados\BranchPedrao\Animacoes\Player\trocaDeLado.anim","Assets\RecursosUnificados\ChegaComJhon\Animacoes\Player\trocaDeLado.anim","340ab16dd23fbee4c9097567a3ea49d8","337AA24C68B1C73B6B0486C0DC353A7ECD565074269FE82134DFB76CFBCA8CE8","3909",".anim"
"duplicata_exata_sem_referencia","Assets\RecursosUnificados\BranchPedrao\Animacoes\Player\UpPlataforma.anim","Assets\RecursosUnificados\ChegaComJhon\Animacoes\Player\UpPlataforma.anim","9a5de5f3a71a01c4183e6b4ae7d587ba","5700A68BAB2BC4E34F08724288440547F09DB49FD9415B9F8E42E3A149B1F995","1353",".anim"
"duplicata_exata_sem_referencia","Assets\RecursosUnificados\BranchPedrao\Animacoes\Player\Walking.anim","Assets\RecursosUnificados\ChegaComJhon\Animacoes\Player\Walking.anim","cd0f979baea85824c9101bacaa7a8036","E85FF42F72318F387211D679B6EE69A0B858A678C1309701FAA5D75302C83BD1","4309",".anim"
"duplicata_exata_sem_referencia","Assets\RecursosUnificados\BranchPedrao\Assets\DefaultVolumeProfile.asset","Assets\RecursosUnificados\ChegaComJhon\Assets\DefaultVolumeProfile.asset","6bc92fb6d55d3c74789b2b8590e76ed4","C5DD9BEE1ADD10F9346F3CB9881738BD41C7BB72E76BE68629D835738C574083","19524",".asset"
"duplicata_exata_sem_referencia","Assets\RecursosUnificados\BranchPedrao\Assets\InputSystem_Actions.inputactions","Assets\RecursosUnificados\ChegaComJhon\Assets\InputSystem_Actions.inputactions","153611010a62bcc41a1f1b1ed437e4c3","CD5A6308F9BCE6DDAC2023B5ED185FF6BC36AC09FBFD9680054D367822203812","42061",".inputactions"
"duplicata_exata_sem_referencia","Assets\RecursosUnificados\BranchPedrao\Assets\UniversalRenderPipelineGlobalSettings.asset","Assets\RecursosUnificados\ChegaComJhon\Assets\UniversalRenderPipelineGlobalSettings.asset","b9202c0de19574549b465ed1e5e0f6c3","53EB2EAE711F3B9B945B393171564757297195CC77C45EAB9B48274EF98261C6","23234",".asset"
"duplicata_exata_sem_referencia","Assets\RecursosUnificados\BranchPedrao\InputSystem_Actions.inputactions","Assets\RecursosUnificados\ChegaComJhon\InputSystem_Actions.inputactions","6c0788c1601d1d344abbb6bcdc18cbf0","1C6CBB519D65ECFE19A29231735B7F54741A20AC1A8AD4F46A18E1BFB28A3C39","41005",".inputactions"
"duplicata_exata_sem_referencia","Assets\RecursosUnificados\BranchPedrao\Settings\Lit2DSceneTemplate.scenetemplate","Assets\RecursosUnificados\ChegaComJhon\Settings\Lit2DSceneTemplate.scenetemplate","d6ba798d641235f459b9cd3b99183e09","CA928761BF976C878D54DF524A3742C5F1BCA53A013B4061ABD2C752C8A212AA","3942809",".scenetemplate"
"duplicata_exata_sem_referencia","Assets\RecursosUnificados\BranchPedrao\Settings\Renderer2D.asset","Assets\RecursosUnificados\ChegaComJhon\Settings\Renderer2D.asset","87367b88c8641f94d8ea8a109992e034","900455794D0D788504847C3AA54E03A0374FD3635AFA295ED05C2F646F974705","3629",".asset"
"duplicata_exata_sem_referencia","Assets\RecursosUnificados\BranchPedrao\Settings\Scenes\URP2DSceneTemplate.unity","Assets\RecursosUnificados\ChegaComJhon\Settings\Scenes\URP2DSceneTemplate.unity","46a7273c9ab4d684c9bdf74ddf29fc03","F6FB3E91AAA90417E2920B7F903066833B3B9AEA72DDCB5E46B91AFA729C2E90","9881",".unity"
"duplicata_exata_sem_referencia","Assets\RecursosUnificados\BranchPedrao\Sprites\ANJO\IDLE\DISSPAR\dissipar.gif","Assets\RecursosUnificados\ChegaComJhon\Sprites\Objetos\Anjo\IDLE\DISSPAR\dissipar.gif","c56bb3bd17b4fb54ea82b1430fd0b72a","647FA4F7394B39129F5E71E7A273B7EA5FE614321A6603B10442E5DF32577545","50640",".gif"
"duplicata_exata_sem_referencia","Assets\RecursosUnificados\BranchPedrao\Sprites\ANJO\IDLE\DISSPAR\DISSPAR_0001.png","Assets\RecursosUnificados\ChegaComJhon\Sprites\Objetos\Anjo\IDLE\DISSPAR\DISSPAR_0001.png","0017cb63fbcb7a244a918abd483519ef","2D8DAE719CBD1D26E47A1CA4B946A329F053D91EFCDA7BA7F2AC32987C9884B8","4260",".png"
"duplicata_exata_sem_referencia","Assets\RecursosUnificados\BranchPedrao\Sprites\ANJO\IDLE\DISSPAR\DISSPAR_0002.png","Assets\RecursosUnificados\ChegaComJhon\Sprites\Objetos\Anjo\IDLE\DISSPAR\DISSPAR_0002.png","c8a68aee5cc1e7e43b8b2fa3a7b13de0","1FC6C87D860591E88CE2ACA0F0197BCC5F1C6F6436950F4A68FB7714C5BEDC03","5246",".png"
"duplicata_exata_sem_referencia","Assets\RecursosUnificados\BranchPedrao\Sprites\ANJO\IDLE\DISSPAR\DISSPAR_0003.png","Assets\RecursosUnificados\ChegaComJhon\Sprites\Objetos\Anjo\IDLE\DISSPAR\DISSPAR_0003.png","658d8c94990dd4b4ebd472c30441a86a","1A5D2BD4FC413E376BBF469DD08C1EEAFFCB5BB26BF21012D60458CD90725DDA","6643",".png"
"duplicata_exata_sem_referencia","Assets\RecursosUnificados\BranchPedrao\Sprites\ANJO\IDLE\DISSPAR\DISSPAR_0004.png","Assets\RecursosUnificados\ChegaComJhon\Sprites\Objetos\Anjo\IDLE\DISSPAR\DISSPAR_0004.png","48b8ad09ebfab8e4da3a496747878d16","EB65B48E2E971CC216E62C6F670F56E83B7F81FB94BA8497073F895BAF590564","9634",".png"
"duplicata_exata_sem_referencia","Assets\RecursosUnificados\BranchPedrao\Sprites\ANJO\IDLE\DISSPAR\DISSPAR_0005.png","Assets\RecursosUnificados\ChegaComJhon\Sprites\Objetos\Anjo\IDLE\DISSPAR\DISSPAR_0005.png","2ce492ec8f6ca89468b2c2f75ee5577b","E574820DD2268D9292ABE880D6D1F5077465DDCCC3647244371E7DF8718E2077","8633",".png"
"duplicata_exata_sem_referencia","Assets\RecursosUnificados\BranchPedrao\Sprites\ANJO\IDLE\DISSPAR\DISSPAR_0006.png","Assets\RecursosUnificados\ChegaComJhon\Sprites\Objetos\Anjo\IDLE\DISSPAR\DISSPAR_0006.png","21e2864a36f280249a4697bffb015f5b","9045A5DAE332C7330B8107A207B751545EEC84473474DE0EF2D1917DA1A64948","11061",".png"
"duplicata_exata_sem_referencia","Assets\RecursosUnificados\BranchPedrao\Sprites\ANJO\IDLE\DISSPAR\DISSPAR_0007.png","Assets\RecursosUnificados\ChegaComJhon\Sprites\Objetos\Anjo\IDLE\DISSPAR\DISSPAR_0007.png","2d30bbf6a415a954cbb59a6a50b4966b","A4AB12E8F5731C68EDE6D246EB121F4A26EA47D57405FCE55F6C352B5E8C538C","8718",".png"
"duplicata_exata_sem_referencia","Assets\RecursosUnificados\BranchPedrao\Sprites\ANJO\IDLE\DISSPAR\DISSPAR_0008.png","Assets\RecursosUnificados\ChegaComJhon\Sprites\Objetos\Anjo\IDLE\DISSPAR\DISSPAR_0008.png","4d5a1ce4f8bd960499c742cf8c9a6d9c","1C0C1EFAF6F2D2CD642493D86B15DD16D36F6EE1FBD39CE71955012CB568D535","11409",".png"
"duplicata_exata_sem_referencia","Assets\RecursosUnificados\BranchPedrao\Sprites\ANJO\IDLE\DISSPAR\DISSPAR_0009.png","Assets\RecursosUnificados\ChegaComJhon\Sprites\Objetos\Anjo\IDLE\DISSPAR\DISSPAR_0009.png","b17acdf5767911b47a80cae44e23c5a7","55A942088FF723208A1EFA442DDC3F9DD2368DD79246544CAEDE6F657310BBE3","9926",".png"
"duplicata_exata_sem_referencia","Assets\RecursosUnificados\BranchPedrao\Sprites\ANJO\IDLE\IDLE.gif","Assets\RecursosUnificados\ChegaComJhon\Sprites\Objetos\Anjo\IDLE\IDLE.gif","2ef56868216f19349b7fb7b5c3baf472","5C4E3EE1F1F196EC305C3B3FD2C4BC49516AD2A7A1DF395C1044C54442D2AC3C","68856",".gif"
"duplicata_exata_sem_referencia","Assets\RecursosUnificados\BranchPedrao\Sprites\ANJO\IDLE\IDLE-MASC.gif","Assets\RecursosUnificados\ChegaComJhon\Sprites\Objetos\Anjo\IDLE\IDLE-MASC.gif","0357bc039bb710c42b6147e1c815e328","720102723B0CA6D7016DCA2184F92D1CEAF710635649AFD83041AB2DB286BB80","46151",".gif"
"duplicata_exata_sem_referencia","Assets\RecursosUnificados\BranchPedrao\Sprites\ANJO\IDLE\PNG\PNG_0001.png","Assets\RecursosUnificados\ChegaComJhon\Sprites\Objetos\Anjo\IDLE\PNG\PNG_0001.png","67a61dea8d34e0d45b50af31c4375ee8","D4A5B8C10B0A7F12E838EB590FA0406010C9209BE313134D794F7235CBDC2360","14332",".png"
"duplicata_exata_sem_referencia","Assets\RecursosUnificados\BranchPedrao\Sprites\ANJO\IDLE\PNG\PNG_0002.png","Assets\RecursosUnificados\ChegaComJhon\Sprites\Objetos\Anjo\IDLE\PNG\PNG_0002.png","262e0968833eb8f4a8f1ae477a496005","2D9AA7BC7BB5182F6C2D6539B084D37758542284DBAA359490656CC545060666","14992",".png"
"duplicata_exata_sem_referencia","Assets\RecursosUnificados\BranchPedrao\Sprites\ANJO\IDLE\PNG\PNG_0003.png","Assets\RecursosUnificados\ChegaComJhon\Sprites\Objetos\Anjo\IDLE\PNG\PNG_0003.png","4ccb3599776919649bda17221d59710c","A136D84506B8ED406EAE636BE46977243C0CBBC478597AA84935127EACC3BADF","15240",".png"
"duplicata_exata_sem_referencia","Assets\RecursosUnificados\BranchPedrao\Sprites\ANJO\IDLE\PNG\PNG_0004.png","Assets\RecursosUnificados\ChegaComJhon\Sprites\Objetos\Anjo\IDLE\PNG\PNG_0004.png","35ee8f27122997b43a8ce62395c28e3a","11A754FFECFA6CDA3350E7FCA036F430E2A46AEB5F1CCA2D10E4ADE47809D696","14602",".png"
"duplicata_exata_sem_referencia","Assets\RecursosUnificados\BranchPedrao\Sprites\ANJO\IDLE\PNG\PNG_0005.png","Assets\RecursosUnificados\ChegaComJhon\Sprites\Objetos\Anjo\IDLE\PNG\PNG_0005.png","08631a484e24619469896c7e7519a1fe","76B5C1806DADCC4CBF927C9CC4CB74C279156BA17322F383506114EDBED72687","14038",".png"
"duplicata_exata_sem_referencia","Assets\RecursosUnificados\BranchPedrao\Sprites\ANJO\IDLE\PNG\PNG_0006.png","Assets\RecursosUnificados\ChegaComJhon\Sprites\Objetos\Anjo\IDLE\PNG\PNG_0006.png","e510928e57bf6b3408f46acb8a5c37c3","1412F0D79AFF369CB5282C7F18146CADA43EAD3DFA98A32148D6092FB9D30A64","14670",".png"
"duplicata_exata_sem_referencia","Assets\RecursosUnificados\BranchPedrao\Sprites\ANJO\IDLE\PNG\PNG_0007.png","Assets\RecursosUnificados\ChegaComJhon\Sprites\Objetos\Anjo\IDLE\PNG\PNG_0007.png","a9a51b12acf16c342a5778caf651f4ca","73F9E34B207BB114B1DC278EC184009E5C350F913FB4582E7A4EFA8CE512E6D9","14468",".png"
"duplicata_exata_sem_referencia","Assets\RecursosUnificados\BranchPedrao\Sprites\ANJO\IDLE\PNG\PNG_0008.png","Assets\RecursosUnificados\ChegaComJhon\Sprites\Objetos\Anjo\IDLE\PNG\PNG_0008.png","e8875c22e61fba746bd826bc925964c6","C7AA0810C6CC3CF4B78BDC1D9E507DCE1B73415624F7836A666EF7E9C1D150FD","14693",".png"
"duplicata_exata_sem_referencia","Assets\RecursosUnificados\BranchPedrao\Sprites\ANJO\IDLE\PNG\PNG_0009.png","Assets\RecursosUnificados\ChegaComJhon\Sprites\Objetos\Anjo\IDLE\PNG\PNG_0009.png","59486da5eb28b54438c3c4c5d1d94520","45F39526B7499774C88ADA90A533FEBADC6D3FEA537BECDEDF4A07EA814CFCED","13542",".png"
"duplicata_exata_sem_referencia","Assets\RecursosUnificados\BranchPedrao\Sprites\ANJO\IDLE\PNG\PNG_0010.png","Assets\RecursosUnificados\ChegaComJhon\Sprites\Objetos\Anjo\IDLE\PNG\PNG_0010.png","b81e58c1e62ed454ba34631656b6e277","22E512B71AA8326A6FF827A094576D4BBA04CF3DA652CE1D79F8199B174CC450","15045",".png"
"duplicata_exata_sem_referencia","Assets\RecursosUnificados\BranchPedrao\Sprites\ANJO\IDLE\PNG\PNG_0011.png","Assets\RecursosUnificados\ChegaComJhon\Sprites\Objetos\Anjo\IDLE\PNG\PNG_0011.png","56a191903c4409c469b460bb00bf985f","8C66FC2C899616D62E21FE42F6A5E9F9A7CE09B184E35086D44A52FB666B0813","15226",".png"
"duplicata_exata_sem_referencia","Assets\RecursosUnificados\BranchPedrao\Sprites\ANJO\IDLE\PNG-MASC\PNG_0001.png","Assets\RecursosUnificados\ChegaComJhon\Sprites\Objetos\Anjo\IDLE\PNG-MASC\PNG_0001.png","5a33cbb321abf134f905e21847538c52","BCA4865489094C8C1FDA01388D65EE15CA2D56F08799C254AC19AC1D4AD5C4EB","8093",".png"
"duplicata_exata_sem_referencia","Assets\RecursosUnificados\BranchPedrao\Sprites\ANJO\IDLE\PNG-MASC\PNG_0002.png","Assets\RecursosUnificados\ChegaComJhon\Sprites\Objetos\Anjo\IDLE\PNG-MASC\PNG_0002.png","e86263d31a057f44d96bde3522f4b45f","D450D82FA39B175AA451EBC0035DE5F725D748DB2BA20D6FAA0DC7178122B7EB","11456",".png"
"duplicata_exata_sem_referencia","Assets\RecursosUnificados\BranchPedrao\Sprites\ANJO\IDLE\PNG-MASC\PNG_0003.png","Assets\RecursosUnificados\ChegaComJhon\Sprites\Objetos\Anjo\IDLE\PNG-MASC\PNG_0003.png","ddf74b893d307054a802931efc3665b5","89C8A99EBFB6082242FB77EC3AC8F330CF45A743DD471209525B48C227312162","10593",".png"
"duplicata_exata_sem_referencia","Assets\RecursosUnificados\BranchPedrao\Sprites\ANJO\IDLE\PNG-MASC\PNG_0004.png","Assets\RecursosUnificados\ChegaComJhon\Sprites\Objetos\Anjo\IDLE\PNG-MASC\PNG_0004.png","52350d0f8edbe434c853db46de9012ee","5D9EC16C3629D7A06981347D7DAE6B488E1BEF57E885BCBB103287DE67EDE1F7","13422",".png"
"duplicata_exata_sem_referencia","Assets\RecursosUnificados\BranchPedrao\Sprites\ANJO\IDLE\PNG-MASC\PNG_0005.png","Assets\RecursosUnificados\ChegaComJhon\Sprites\Objetos\Anjo\IDLE\PNG-MASC\PNG_0005.png","05806f7016319c840a94fd627918454b","5A669F3B494C534C7F6CB49D579B9B7372A154524B0633CF2F3172797142027B","11947",".png"
"duplicata_exata_sem_referencia","Assets\RecursosUnificados\BranchPedrao\Sprites\ANJO\IDLE\PNG-MASC\PNG_0006.png","Assets\RecursosUnificados\ChegaComJhon\Sprites\Objetos\Anjo\IDLE\PNG-MASC\PNG_0006.png","c94b895dd86d51042adf1d43d54be187","D2090F34CC012CE1F3044709C543DDF9D8AE31F32D36A6A932AB7BEB0A1C92D9","13074",".png"
"duplicata_exata_sem_referencia","Assets\RecursosUnificados\BranchPedrao\Sprites\ANJO\IDLE\PNG-MASC\PNG_0007.png","Assets\RecursosUnificados\ChegaComJhon\Sprites\Objetos\Anjo\IDLE\PNG-MASC\PNG_0007.png","d11b688ab54f56c4e9701b86ab874ab7","9C314380FA754332A93803C974F40B08043DCD67C31F0F74EA9DC2A8484171AC","11587",".png"
"duplicata_exata_sem_referencia","Assets\RecursosUnificados\BranchPedrao\Sprites\ANJO\IDLE\PNG-MASC\PNG_0008.png","Assets\RecursosUnificados\ChegaComJhon\Sprites\Objetos\Anjo\IDLE\PNG-MASC\PNG_0008.png","391a1a8332698214f81d09447b891887","D3CCCC4B7FC0E4385F94C849E7E948B53A73F10A3303B0C0E922F561BFF46937","13034",".png"
"duplicata_exata_sem_referencia","Assets\RecursosUnificados\BranchPedrao\Sprites\ANJO\IDLE\PNG-MASC\PNG_0009.png","Assets\RecursosUnificados\ChegaComJhon\Sprites\Objetos\Anjo\IDLE\PNG-MASC\PNG_0009.png","09a832d99eac39242bbb5f76570e35a4","E6AA592311245D7100D2FE09113865876871F507EA840F9CF8E0B957A402E24D","10255",".png"
"duplicata_exata_sem_referencia","Assets\RecursosUnificados\BranchPedrao\Sprites\ANJO\IDLE\PNG-SURGE\PNG-SURGE_0001.png","Assets\RecursosUnificados\ChegaComJhon\Sprites\Objetos\Anjo\IDLE\PNG-SURGE\PNG-SURGE_0001.png","956574dd0137dd641bbcdab487d663b9","AAFD623754879DD55E027F9CDD26ACB3766BB7E41203BE8B62D11E11BE84B7F8","4609",".png"
"duplicata_exata_sem_referencia","Assets\RecursosUnificados\BranchPedrao\Sprites\ANJO\IDLE\PNG-SURGE\PNG-SURGE_0002.png","Assets\RecursosUnificados\ChegaComJhon\Sprites\Objetos\Anjo\IDLE\PNG-SURGE\PNG-SURGE_0002.png","ee2664cbbcc7d2d4aad0170da02a0540","91BE2500827A859D9E992C26CA6851C0F4BE8D7D9FB491D4913867A730E9ACD1","4690",".png"
"duplicata_exata_sem_referencia","Assets\RecursosUnificados\BranchPedrao\Sprites\ANJO\IDLE\PNG-SURGE\PNG-SURGE_0003.png","Assets\RecursosUnificados\ChegaComJhon\Sprites\Objetos\Anjo\IDLE\PNG-SURGE\PNG-SURGE_0003.png","7851789872bd2794baddcf4a5f29fbcf","3A7517A4F63424D60B601160031C9E811D101A5915DF4150C8250196FF41602E","3836",".png"
"duplicata_exata_sem_referencia","Assets\RecursosUnificados\BranchPedrao\Sprites\ANJO\IDLE\PNG-SURGE\PNG-SURGE_0004.png","Assets\RecursosUnificados\ChegaComJhon\Sprites\Objetos\Anjo\IDLE\PNG-SURGE\PNG-SURGE_0004.png","6437e79941b106f4999d3e2cd4628023","610BA46BA41691032FC8BDDEC3A8C561B9B040EE10BA2D6D809B089BB4BB8A36","5646",".png"
"duplicata_exata_sem_referencia","Assets\RecursosUnificados\BranchPedrao\Sprites\ANJO\IDLE\PNG-SURGE\PNG-SURGE_0005.png","Assets\RecursosUnificados\ChegaComJhon\Sprites\Objetos\Anjo\IDLE\PNG-SURGE\PNG-SURGE_0005.png","319bbe2bf116868438b11035b0016ec3","1B868BA5308FE0727CCF2074DF410796C0E0C79EB4B39F2C8899FC662D3AF5B0","4275",".png"
"duplicata_exata_sem_referencia","Assets\RecursosUnificados\BranchPedrao\Sprites\ANJO\IDLE\PNG-SURGE\PNG-SURGE_0006.png","Assets\RecursosUnificados\ChegaComJhon\Sprites\Objetos\Anjo\IDLE\PNG-SURGE\PNG-SURGE_0006.png","f2e82750b39911f49901dfd9c5e269e4","57DA9E3027BAF160439C21CED9DCF3C4B6C9B0E5CBD8C58003CC7EB08911325F","6185",".png"
"duplicata_exata_sem_referencia","Assets\RecursosUnificados\BranchPedrao\Sprites\ANJO\IDLE\PNG-SURGE\PNG-SURGE_0007.png","Assets\RecursosUnificados\ChegaComJhon\Sprites\Objetos\Anjo\IDLE\PNG-SURGE\PNG-SURGE_0007.png","ca44e1a6da142374988dd12c44b98d62","F800CED7AC6EC74B286C810E34DE52E33D5B5D821BA2AAEA83CD90C9CB8FAE00","11393",".png"
"duplicata_exata_sem_referencia","Assets\RecursosUnificados\BranchPedrao\Sprites\ANJO\IDLE\PNG-SURGE\PNG-SURGE_0008.png","Assets\RecursosUnificados\ChegaComJhon\Sprites\Objetos\Anjo\IDLE\PNG-SURGE\PNG-SURGE_0008.png","4ee6886b194b6ae43aeee3a19c36cb42","CFEC3DD26B2CF407AFD123719C9734379C4EAA97A940593471424DDEC95D3AE4","12724",".png"
"duplicata_exata_sem_referencia","Assets\RecursosUnificados\BranchPedrao\Sprites\ANJO\IDLE\PNG-SURGE\PNG-SURGE_0009.png","Assets\RecursosUnificados\ChegaComJhon\Sprites\Objetos\Anjo\IDLE\PNG-SURGE\PNG-SURGE_0009.png","e098f2c3255c0a741bc75558463b811f","C12459C49921E6109FD9F94B56F379D1F65F777054124B06506B693C2A230A43","11299",".png"
"duplicata_exata_sem_referencia","Assets\RecursosUnificados\BranchPedrao\Sprites\ANJO\IDLE\PNG-SURGE\PNG-SURGE_0010.png","Assets\RecursosUnificados\ChegaComJhon\Sprites\Objetos\Anjo\IDLE\PNG-SURGE\PNG-SURGE_0010.png","766f392f4edf36947abbddb331be2b75","64ABC7ADE13B110F9283A30045DC176CF0464F602FEC9EAFA8F2600A12661A9E","13761",".png"
"duplicata_exata_sem_referencia","Assets\RecursosUnificados\BranchPedrao\Sprites\ANJO\IDLE\PNG-SURGE\PNG-SURGE_0011.png","Assets\RecursosUnificados\ChegaComJhon\Sprites\Objetos\Anjo\IDLE\PNG-SURGE\PNG-SURGE_0011.png","d0bae9d61992c56439935aef21b52cdb","0A89DCCDEE30AD57E6A415DD3C5E14B9D7E952F2D2BA782C30CBD2E4CD83E594","11724",".png"
"duplicata_exata_sem_referencia","Assets\RecursosUnificados\BranchPedrao\Sprites\ANJO\IDLE\PNG-SURGE\PNG-SURGE_0012.png","Assets\RecursosUnificados\ChegaComJhon\Sprites\Objetos\Anjo\IDLE\PNG-SURGE\PNG-SURGE_0012.png","7bc2c2b2c5ae5304984fb6f084b82a2c","145956E68E31BAD12ED844CCC730499782525849E1C8CA954FDE0C3BB9803A80","14930",".png"
"duplicata_exata_sem_referencia","Assets\RecursosUnificados\BranchPedrao\Sprites\ANJO\IDLE\PNG-SURGE\PNG-SURGE_0013.png","Assets\RecursosUnificados\ChegaComJhon\Sprites\Objetos\Anjo\IDLE\PNG-SURGE\PNG-SURGE_0013.png","9b710be2d7ea3324184ed7a69eb8ce76","480956F040DC23F7912F759D97498B00B4308594DEB4C16B191E8C2993FDD804","12200",".png"
"duplicata_exata_sem_referencia","Assets\RecursosUnificados\BranchPedrao\Sprites\ANJO\IDLE\SURGE.gif","Assets\RecursosUnificados\ChegaComJhon\Sprites\Objetos\Anjo\IDLE\SURGE.gif","f4746d5fdee7d69439adc2d9b42f90a6","578EF39C8F20D98F15086E76D65981D906448C9877EF165C837CB686D26D89AB","62424",".gif"
"duplicata_exata_sem_referencia","Assets\RecursosUnificados\BranchPedrao\Sprites\Boss\attack\attk-1.gif","Assets\RecursosUnificados\ChegaComJhon\Sprites\Objetos\Boss\attack\attk-1.gif","1fd7a4e91237a7a42871ec94efd2c691","AD4DB5B96BEC566C28651C7B69CBCC2FB8A223306D6CA693423FE0D5F7A2C66B","43749",".gif"
"duplicata_exata_sem_referencia","Assets\RecursosUnificados\BranchPedrao\Sprites\Boss\attack\PNG\ATTK\PNG_0001.png","Assets\RecursosUnificados\ChegaComJhon\Sprites\Objetos\Boss\attack\PNG\ATTK\PNG_0001.png","fff27ab670093864fab3738d5425d15e","0C8F618672416CB2E65D88128C63901F858059AA3CA2025B63DBC3C2EDD78F43","5657",".png"
"duplicata_exata_sem_referencia","Assets\RecursosUnificados\BranchPedrao\Sprites\Boss\attack\PNG\ATTK\PNG_0002.png","Assets\RecursosUnificados\ChegaComJhon\Sprites\Objetos\Boss\attack\PNG\ATTK\PNG_0002.png","53c0bf5b45654134d804e3caa8754ed7","5BDB5963A74437BCA2715CE55D865CE50D03CBCCBB5C221534B2A99E5DB72EF3","8041",".png"
"duplicata_exata_sem_referencia","Assets\RecursosUnificados\BranchPedrao\Sprites\Boss\attack\PNG\ATTK\PNG_0003.png","Assets\RecursosUnificados\ChegaComJhon\Sprites\Objetos\Boss\attack\PNG\ATTK\PNG_0003.png","ca25b9925dc60694eb7b722e48af7b36","310B788354F79BCE2C7C8235F76BC2F6AE1B5C61947E8AD6129DA2A7357DB386","10839",".png"
"duplicata_exata_sem_referencia","Assets\RecursosUnificados\BranchPedrao\Sprites\Boss\attack\PNG\ATTK\PNG_0004.png","Assets\RecursosUnificados\ChegaComJhon\Sprites\Objetos\Boss\attack\PNG\ATTK\PNG_0004.png","30d67673819df9340932278fd3554e7d","687CEE43F6C2D61F46C93D4050A34A336BCC6052847EC21C49FF80875D1C10F5","12272",".png"
"duplicata_exata_sem_referencia","Assets\RecursosUnificados\BranchPedrao\Sprites\Boss\attack\PNG\ATTK\PNG_0005.png","Assets\RecursosUnificados\ChegaComJhon\Sprites\Objetos\Boss\attack\PNG\ATTK\PNG_0005.png","bb422543ae3bea34da5d5914d8d6d968","003B1C4CF11E41924B90238FC15CB08C9290854EE83054C59BB16B39AD50F059","11586",".png"
"duplicata_exata_sem_referencia","Assets\RecursosUnificados\BranchPedrao\Sprites\Boss\attack\PNG\ATTK\PNG_0006.png","Assets\RecursosUnificados\ChegaComJhon\Sprites\Objetos\Boss\attack\PNG\ATTK\PNG_0006.png","f1bc5ed174a22b5489b9932a73184adc","6A24FEA06039B6A52EFEF45EA4CBEEC88E263622D3E85F59F2D1AB889039AFBC","13888",".png"
"duplicata_exata_sem_referencia","Assets\RecursosUnificados\BranchPedrao\Sprites\Boss\attack\PNG\ATTK\PNG_0007.png","Assets\RecursosUnificados\ChegaComJhon\Sprites\Objetos\Boss\attack\PNG\ATTK\PNG_0007.png","659a17773f5bcbb45920c90e7add9ba6","C7CEB418309B5D9D2B9B30F679D897DCABC629F139E8558A5490B056095C645A","12627",".png"
"duplicata_exata_sem_referencia","Assets\RecursosUnificados\BranchPedrao\Sprites\Boss\attack\PNG\ATTK\PNG_0008.png","Assets\RecursosUnificados\ChegaComJhon\Sprites\Objetos\Boss\attack\PNG\ATTK\PNG_0008.png","5478c49d527c8dd4c8744268ff547a66","D7AC3217AF68A611192C2D92DCD0D624FAF3D58BE576431CACA0419313641D8B","14575",".png"
"duplicata_exata_sem_referencia","Assets\RecursosUnificados\BranchPedrao\Sprites\Boss\attack\PNG\ATTK\PNG_0009.png","Assets\RecursosUnificados\ChegaComJhon\Sprites\Objetos\Boss\attack\PNG\ATTK\PNG_0009.png","668aae6c988e1834dab3f6a7d83157b0","A21ABEB1217E4EED23DE98CC9144877EC9C7DE7C937A8E41DC2148BD8F12422B","10180",".png"
"duplicata_exata_sem_referencia","Assets\RecursosUnificados\BranchPedrao\Sprites\Boss\attack\PNG\PREPARAÇÃO\PNG_0001.png","Assets\RecursosUnificados\ChegaComJhon\Sprites\Objetos\Boss\attack\PNG\PREPARAÇÃO\PNG_0001.png","9e09b36a6f5b4214c803fb4d1709e58c","E92F562D43130E7CC1B95AF942ECA9BC64AE3DCA31BDAE049AC24383DF8AAAB3","5569",".png"
"duplicata_exata_sem_referencia","Assets\RecursosUnificados\BranchPedrao\Sprites\Boss\attack\PNG\PREPARAÇÃO\PNG_0002.png","Assets\RecursosUnificados\ChegaComJhon\Sprites\Objetos\Boss\attack\PNG\PREPARAÇÃO\PNG_0002.png","c808e0723cca18242b5a653d2f759d25","2DE509FF97B545BB72A20279BC1EE9336C400903E0B7C6A2703ABD1AFA19C266","9236",".png"
"duplicata_exata_sem_referencia","Assets\RecursosUnificados\BranchPedrao\Sprites\Boss\attack\PNG\PREPARAÇÃO\PNG_0003.png","Assets\RecursosUnificados\ChegaComJhon\Sprites\Objetos\Boss\attack\PNG\PREPARAÇÃO\PNG_0003.png","5b22f69f106cf3d41a6212fddf46ccf2","F4BE21605702BD75C0CFBD2AE420CBB77F8EE7F31EA30F6B41DB9F29BDB008EF","8254",".png"
"duplicata_exata_sem_referencia","Assets\RecursosUnificados\BranchPedrao\Sprites\Boss\attack\PNG\PREPARAÇÃO\PNG_0004.png","Assets\RecursosUnificados\ChegaComJhon\Sprites\Objetos\Boss\attack\PNG\PREPARAÇÃO\PNG_0004.png","8106c635f8f6d2c498524823513aac65","069AB4BC1AF734ABF5181CD762EE27602C5DD91E2A79DE5F2AC8CA8DFF0728A5","8081",".png"
"duplicata_exata_sem_referencia","Assets\RecursosUnificados\BranchPedrao\Sprites\Boss\attack\PNG\PREPARAÇÃO\PNG_0005.png","Assets\RecursosUnificados\ChegaComJhon\Sprites\Objetos\Boss\attack\PNG\PREPARAÇÃO\PNG_0005.png","df71d344b0146d942a404201d83c0ddc","2659F914568A7C5AB805C88EEA5EF6D167937E87F476CFDA73A27F6FBFC4078B","6960",".png"
"duplicata_exata_sem_referencia","Assets\RecursosUnificados\BranchPedrao\Sprites\Boss\attack\PNG\PREPARAÇÃO\PNG_0006.png","Assets\RecursosUnificados\ChegaComJhon\Sprites\Objetos\Boss\attack\PNG\PREPARAÇÃO\PNG_0006.png","dc6d51f73577c6f488c4d39000a75e01","ACF06E2DF09BE9860BDFCF5FF4E35AFCA0DD704F177D0730BA7E12ACC3F0BD7B","7802",".png"
"duplicata_exata_sem_referencia","Assets\RecursosUnificados\BranchPedrao\Sprites\Boss\attack\PNG\PREPARAÇÃO\PNG_0007.png","Assets\RecursosUnificados\ChegaComJhon\Sprites\Objetos\Boss\attack\PNG\PREPARAÇÃO\PNG_0007.png","82ccf5cf6ae232e4aa0b12657436ca28","9C8F6668D499F27719780554F0C93618EEE10ABC3BA7448947A879F5DF409DA8","5654",".png"
"duplicata_exata_sem_referencia","Assets\RecursosUnificados\BranchPedrao\Sprites\Boss\attack\PNG\PREPARAÇÃO\special-attk.gif","Assets\RecursosUnificados\ChegaComJhon\Sprites\Objetos\Boss\attack\PNG\PREPARAÇÃO\special-attk.gif","c8daaf1d5f1d400479ecf142c9f7c5a6","B86750122007BEB5B5D12723D9354D24015C856DB5B3ABE79FD0E8269A8C262A","56813",".gif"
"duplicata_exata_sem_referencia","Assets\RecursosUnificados\BranchPedrao\Sprites\Boss\attack\PNG\PREPARAÇÃO\special-attk_0001.png","Assets\RecursosUnificados\ChegaComJhon\Sprites\Objetos\Boss\attack\PNG\PREPARAÇÃO\special-attk_0001.png","4ed6a22c3842a5442a0470b085539f0d","1751BABCD4A4CC33B0001A05E99D09D60D90E2D0BB44071AB3BE853CB79D6782","6390",".png"
"duplicata_exata_sem_referencia","Assets\RecursosUnificados\BranchPedrao\Sprites\Boss\attack\PNG\PREPARAÇÃO\special-attk_0002.png","Assets\RecursosUnificados\ChegaComJhon\Sprites\Objetos\Boss\attack\PNG\PREPARAÇÃO\special-attk_0002.png","f0f452251df8e6043961e75f76998db0","1437B473CE3D84F70D4716D6670AC22E4528A50CD41A351960D4D3547C9E849A","14099",".png"
"duplicata_exata_sem_referencia","Assets\RecursosUnificados\BranchPedrao\Sprites\Boss\attack\PNG\PREPARAÇÃO\special-attk_0003.png","Assets\RecursosUnificados\ChegaComJhon\Sprites\Objetos\Boss\attack\PNG\PREPARAÇÃO\special-attk_0003.png","b269028006474ce42954e5773e12b0e4","0B1609A990A1F5956D22009C5E1E8A5CBE95A7F87690793D506A0A5E5A5663BE","15936",".png"
"duplicata_exata_sem_referencia","Assets\RecursosUnificados\BranchPedrao\Sprites\Boss\attack\PNG\PREPARAÇÃO\special-attk_0004.png","Assets\RecursosUnificados\ChegaComJhon\Sprites\Objetos\Boss\attack\PNG\PREPARAÇÃO\special-attk_0004.png","f4456baa8ab262144acda9677f487ef1","6D88F21A04BBF21C259327A2BBFD1EAB3C0797E85A5E051D42CCB476F88045C1","18383",".png"
"duplicata_exata_sem_referencia","Assets\RecursosUnificados\BranchPedrao\Sprites\Boss\attack\PNG\PREPARAÇÃO\special-attk_0005.png","Assets\RecursosUnificados\ChegaComJhon\Sprites\Objetos\Boss\attack\PNG\PREPARAÇÃO\special-attk_0005.png","24306345d93febc45aec88f2b38af55b","C9B7DF51461B711B66DEC9004A366303B3846EF0CD11817296708873248CC8C4","14680",".png"
"duplicata_exata_sem_referencia","Assets\RecursosUnificados\BranchPedrao\Sprites\Boss\attack\PNG\PREPARAÇÃO\special-attk_0006.png","Assets\RecursosUnificados\ChegaComJhon\Sprites\Objetos\Boss\attack\PNG\PREPARAÇÃO\special-attk_0006.png","29be70faad7a6c144903b1a21ac04ff0","D195CA90FE6CA0169CE9567E0819788E67E5B6ADED862185ED08D4CFBD4EC5C1","12685",".png"
"duplicata_exata_sem_referencia","Assets\RecursosUnificados\BranchPedrao\Sprites\Boss\attack\PNG\PREPARAÇÃO\special-attk_0007.png","Assets\RecursosUnificados\ChegaComJhon\Sprites\Objetos\Boss\attack\PNG\PREPARAÇÃO\special-attk_0007.png","b363b00e0ab09e247b2cbcb41e933717","C381E488437B7C99889B5B90BD6BFCE35ECEDD188B16E89C516C0BFA56EE93B6","20313",".png"
"duplicata_exata_sem_referencia","Assets\RecursosUnificados\BranchPedrao\Sprites\Boss\attack\PNG\PREPARAÇÃO\special-attk_0008.png","Assets\RecursosUnificados\ChegaComJhon\Sprites\Objetos\Boss\attack\PNG\PREPARAÇÃO\special-attk_0008.png","85cbcb48b1b3fb34692137d507333f67","342216361738746F18291108AAE3013437771CC7CB56B7157E97D0F4B6888315","18777",".png"
"duplicata_exata_sem_referencia","Assets\RecursosUnificados\BranchPedrao\Sprites\Boss\attack\PNG\PREPARAÇÃO\special-attk_0009.png","Assets\RecursosUnificados\ChegaComJhon\Sprites\Objetos\Boss\attack\PNG\PREPARAÇÃO\special-attk_0009.png","230aa552dab4fa5409f38014a50cbed3","8F25D72B816C0C6A91F6FA95F5209FD7E515DE6E25C80A9F66D2798C6D16F178","14348",".png"
"duplicata_exata_sem_referencia","Assets\RecursosUnificados\BranchPedrao\Sprites\Boss\attack\PNG\PREPARAÇÃO\special-attk-def.gif","Assets\RecursosUnificados\ChegaComJhon\Sprites\Objetos\Boss\attack\PNG\PREPARAÇÃO\special-attk-def.gif","ff5e7d3b67562674ebf023e89ebdb90b","2CE34CB3A71702E831B6E8F3A0634A4832032E76017AE347AE3D6C73A11AA403","56817",".gif"
"duplicata_exata_sem_referencia","Assets\RecursosUnificados\BranchPedrao\Sprites\Boss\attack\preparação.gif","Assets\RecursosUnificados\ChegaComJhon\Sprites\Objetos\Boss\attack\preparação.gif","a5596008610521c46bb0845d29504316","07AA1881010BB744EA44C9812379363F6E5B1049386ADB29452F374BA5F3F13A","22594",".gif"
"duplicata_exata_sem_referencia","Assets\RecursosUnificados\BranchPedrao\Sprites\Boss\cry\cry_0001.png","Assets\RecursosUnificados\ChegaComJhon\Sprites\Objetos\Boss\cry\cry_0001.png","e451b19c8252d674c8d204680b7037f1","7F650D1CFD6122D27AED0D7714D8453A361F45BF6F889093C3F26364FDF1FE53","5570",".png"
"duplicata_exata_sem_referencia","Assets\RecursosUnificados\BranchPedrao\Sprites\Boss\cry\cry_0002.png","Assets\RecursosUnificados\ChegaComJhon\Sprites\Objetos\Boss\cry\cry_0002.png","855b442fa7c437844ac5db2a72d95d2b","BAB10ECF24B5588A37E543C9F7C8776C3C02B505B64684367885359C7D09EF16","13242",".png"
"duplicata_exata_sem_referencia","Assets\RecursosUnificados\BranchPedrao\Sprites\Boss\cry\cry_0003.png","Assets\RecursosUnificados\ChegaComJhon\Sprites\Objetos\Boss\cry\cry_0003.png","ccb431abc744ff54eb2484a1bada99a2","2A47CB8EE47E5D1BF3676596505312FDEC50C6FCB5A41556C94AB57ED18F94DF","11462",".png"
"duplicata_exata_sem_referencia","Assets\RecursosUnificados\BranchPedrao\Sprites\Boss\cry\cry_0004.png","Assets\RecursosUnificados\ChegaComJhon\Sprites\Objetos\Boss\cry\cry_0004.png","e1f41ba8e30e2304f9be8062aa3cbd21","F439D08EE5801EF30C864A52024E4CFB023A12AABFCBA2AC903B6F0BB217D82F","12574",".png"
"duplicata_exata_sem_referencia","Assets\RecursosUnificados\BranchPedrao\Sprites\Boss\cry\cry_0005.png","Assets\RecursosUnificados\ChegaComJhon\Sprites\Objetos\Boss\cry\cry_0005.png","21ec6a5e3fa0ea143a262e5509885c92","51D25D7ED50CDB1BEEE7631EEC18487DDF257710468F2F3847DB69A071A24B30","10033",".png"
"duplicata_exata_sem_referencia","Assets\RecursosUnificados\BranchPedrao\Sprites\Boss\cry\cry_0006.png","Assets\RecursosUnificados\ChegaComJhon\Sprites\Objetos\Boss\cry\cry_0006.png","9a1903137cdd5104ab6e0189ea0e07a7","07F6CCE3C981335FA48875700C84FDA69F55F3B0CF789E2AB035D217A02522CC","11105",".png"
"duplicata_exata_sem_referencia","Assets\RecursosUnificados\BranchPedrao\Sprites\Boss\cry\cry_0007.png","Assets\RecursosUnificados\ChegaComJhon\Sprites\Objetos\Boss\cry\cry_0007.png","b4c3c719e3fb90d4a8dd732bc7a9f162","2ABCEA32A40D29A3AA2333C11E38A636DF4380E7E8E97AED07682E6CB3749CAA","10396",".png"
"duplicata_exata_sem_referencia","Assets\RecursosUnificados\BranchPedrao\Sprites\Boss\cry\cry_0008.png","Assets\RecursosUnificados\ChegaComJhon\Sprites\Objetos\Boss\cry\cry_0008.png","fb076e3d03c82d54b80161ebf229451b","35AE602AF1F9BF2951986F53E291D8C9FB8968FDFD1645FBCDFE6ADB7FAE665B","11636",".png"
"duplicata_exata_sem_referencia","Assets\RecursosUnificados\BranchPedrao\Sprites\Boss\cry\cry_0009.png","Assets\RecursosUnificados\ChegaComJhon\Sprites\Objetos\Boss\cry\cry_0009.png","3e1bd41088dd6a940be5a719fbf3fc11","49D8FBD88D015E443B36FE97D2FF152F0801891DDACCCBEA9DE1363BA4F35C42","6538",".png"
"duplicata_exata_sem_referencia","Assets\RecursosUnificados\BranchPedrao\Sprites\ANJO\IDLE\DISSPAR\dissipar.gif","Assets\RecursosUnificados\ChegaComJhon\Sprites\Objetos\Boss\dead\dissipar.gif","35cebff67d9fa4d42b8e9a3db1b367e0","647FA4F7394B39129F5E71E7A273B7EA5FE614321A6603B10442E5DF32577545","50640",".gif"
"duplicata_exata_sem_referencia","Assets\RecursosUnificados\BranchPedrao\Sprites\Boss\dead\morte.gif","Assets\RecursosUnificados\ChegaComJhon\Sprites\Objetos\Boss\dead\morte.gif","dff1c7d641debaa41a02678e8660834b","8DFA01CBCDE340160E3340547114559A55AB6501DB11C6D6ED131C88E9F8B2F9","44034",".gif"
"duplicata_exata_sem_referencia","Assets\RecursosUnificados\BranchPedrao\Sprites\ANJO\IDLE\DISSPAR\dissipar.gif","Assets\RecursosUnificados\ChegaComJhon\Sprites\Objetos\Boss\dead\PNG\dissipar.gif","3b0cf9aa539ac424a904fbc586382b7f","647FA4F7394B39129F5E71E7A273B7EA5FE614321A6603B10442E5DF32577545","50640",".gif"
"duplicata_exata_sem_referencia","Assets\RecursosUnificados\BranchPedrao\Sprites\ANJO\IDLE\DISSPAR\DISSPAR_0001.png","Assets\RecursosUnificados\ChegaComJhon\Sprites\Objetos\Boss\dead\PNG\DISSPAR_0001.png","bc315e70451081e45b1bf1d3dfed7daa","2D8DAE719CBD1D26E47A1CA4B946A329F053D91EFCDA7BA7F2AC32987C9884B8","4260",".png"
"duplicata_exata_sem_referencia","Assets\RecursosUnificados\BranchPedrao\Sprites\ANJO\IDLE\DISSPAR\DISSPAR_0002.png","Assets\RecursosUnificados\ChegaComJhon\Sprites\Objetos\Boss\dead\PNG\DISSPAR_0002.png","2cb9f96b4acb3784694774ca0008d6bd","1FC6C87D860591E88CE2ACA0F0197BCC5F1C6F6436950F4A68FB7714C5BEDC03","5246",".png"
"duplicata_exata_sem_referencia","Assets\RecursosUnificados\BranchPedrao\Sprites\ANJO\IDLE\DISSPAR\DISSPAR_0003.png","Assets\RecursosUnificados\ChegaComJhon\Sprites\Objetos\Boss\dead\PNG\DISSPAR_0003.png","c97243ef782511a4ebf6d27a34860c7e","1A5D2BD4FC413E376BBF469DD08C1EEAFFCB5BB26BF21012D60458CD90725DDA","6643",".png"
"duplicata_exata_sem_referencia","Assets\RecursosUnificados\BranchPedrao\Sprites\ANJO\IDLE\DISSPAR\DISSPAR_0004.png","Assets\RecursosUnificados\ChegaComJhon\Sprites\Objetos\Boss\dead\PNG\DISSPAR_0004.png","66cca9966b9b9bd4ebb07189d80da06e","EB65B48E2E971CC216E62C6F670F56E83B7F81FB94BA8497073F895BAF590564","9634",".png"
"duplicata_exata_sem_referencia","Assets\RecursosUnificados\BranchPedrao\Sprites\ANJO\IDLE\DISSPAR\DISSPAR_0005.png","Assets\RecursosUnificados\ChegaComJhon\Sprites\Objetos\Boss\dead\PNG\DISSPAR_0005.png","9babefdd0acd93543a0e7471b20eb9d1","E574820DD2268D9292ABE880D6D1F5077465DDCCC3647244371E7DF8718E2077","8633",".png"
"duplicata_exata_sem_referencia","Assets\RecursosUnificados\BranchPedrao\Sprites\ANJO\IDLE\DISSPAR\DISSPAR_0006.png","Assets\RecursosUnificados\ChegaComJhon\Sprites\Objetos\Boss\dead\PNG\DISSPAR_0006.png","482ee3be2c746b64d8d5bb6dfd8b5e94","9045A5DAE332C7330B8107A207B751545EEC84473474DE0EF2D1917DA1A64948","11061",".png"
"duplicata_exata_sem_referencia","Assets\RecursosUnificados\BranchPedrao\Sprites\ANJO\IDLE\DISSPAR\DISSPAR_0007.png","Assets\RecursosUnificados\ChegaComJhon\Sprites\Objetos\Boss\dead\PNG\DISSPAR_0007.png","7c691a3e057cab545b58ae9b57a48648","A4AB12E8F5731C68EDE6D246EB121F4A26EA47D57405FCE55F6C352B5E8C538C","8718",".png"
"duplicata_exata_sem_referencia","Assets\RecursosUnificados\BranchPedrao\Sprites\ANJO\IDLE\DISSPAR\DISSPAR_0008.png","Assets\RecursosUnificados\ChegaComJhon\Sprites\Objetos\Boss\dead\PNG\DISSPAR_0008.png","5911ae5ff5d19cc4cb75c8ed8c82cdbc","1C0C1EFAF6F2D2CD642493D86B15DD16D36F6EE1FBD39CE71955012CB568D535","11409",".png"
"duplicata_exata_sem_referencia","Assets\RecursosUnificados\BranchPedrao\Sprites\ANJO\IDLE\DISSPAR\DISSPAR_0009.png","Assets\RecursosUnificados\ChegaComJhon\Sprites\Objetos\Boss\dead\PNG\DISSPAR_0009.png","9aa281a698181b543a1d606854096a60","55A942088FF723208A1EFA442DDC3F9DD2368DD79246544CAEDE6F657310BBE3","9926",".png"
"duplicata_exata_sem_referencia","Assets\RecursosUnificados\BranchPedrao\Sprites\Boss\dead\PNG\PNG_0001.png","Assets\RecursosUnificados\ChegaComJhon\Sprites\Objetos\Boss\dead\PNG\PNG_0001.png","5b446c2ed721c6842a1ba092cce084f0","EB6FE9A28C16F9CE00F1DA1420040B0B859E11C118E33B1CEEC118BEF844E325","8965",".png"
"duplicata_exata_sem_referencia","Assets\RecursosUnificados\BranchPedrao\Sprites\Boss\dead\PNG\PNG_0002.png","Assets\RecursosUnificados\ChegaComJhon\Sprites\Objetos\Boss\dead\PNG\PNG_0002.png","d279a130ac529da48933b64f04720239","DA0D64CAE45EFB7232AA3800E643B8DF1C6E545AA1BCBE41D0F76981571CEF2F","7361",".png"
"duplicata_exata_sem_referencia","Assets\RecursosUnificados\BranchPedrao\Sprites\Boss\dead\PNG\PNG_0003.png","Assets\RecursosUnificados\ChegaComJhon\Sprites\Objetos\Boss\dead\PNG\PNG_0003.png","6ab0c3f43c0651343bb6a9acb9313753","E78F3DE31ECCECC341BF07FC28F04DD87F305A200BE5D02A55832D25844FD8BE","8937",".png"
"duplicata_exata_sem_referencia","Assets\RecursosUnificados\BranchPedrao\Sprites\Boss\dead\PNG\PNG_0004.png","Assets\RecursosUnificados\ChegaComJhon\Sprites\Objetos\Boss\dead\PNG\PNG_0004.png","aa8373e6ea1b70f47985e952573a3b62","0F73CD8CAE4247BC809FEE2375DF47934CDF371D6A813DB3273DC13D2ABBB60B","6729",".png"
"duplicata_exata_sem_referencia","Assets\RecursosUnificados\BranchPedrao\Sprites\Boss\dead\PNG\PNG_0005.png","Assets\RecursosUnificados\ChegaComJhon\Sprites\Objetos\Boss\dead\PNG\PNG_0005.png","e4b116be4ad7f8345b11890476e4f71d","67179444979ECAD6946C807CC228891D4EF4DD1E5B0EBA2E874F3AD9FF0DB422","8025",".png"
"duplicata_exata_sem_referencia","Assets\RecursosUnificados\BranchPedrao\Sprites\Boss\dead\PNG\PNG_0006.png","Assets\RecursosUnificados\ChegaComJhon\Sprites\Objetos\Boss\dead\PNG\PNG_0006.png","745b0a35319d3a7489e265aabe3d22f8","E1D6F65CDFE2A80EAA11E317506AC38FB66648C5B781E26565CF46E688A29B42","6677",".png"
"duplicata_exata_sem_referencia","Assets\RecursosUnificados\BranchPedrao\Sprites\Boss\dead\PNG\PNG_0007.png","Assets\RecursosUnificados\ChegaComJhon\Sprites\Objetos\Boss\dead\PNG\PNG_0007.png","e16d767c37c287440bbdb7a88f7417df","27FE98539ECF07F8EC49774938D72C6DC37B2C034CBE6D475B576F9225644EC1","7663",".png"
"duplicata_exata_sem_referencia","Assets\RecursosUnificados\BranchPedrao\Sprites\Boss\dead\PNG\PNG_0008.png","Assets\RecursosUnificados\ChegaComJhon\Sprites\Objetos\Boss\dead\PNG\PNG_0008.png","204c6e97e0968ee4c96f861c950dbbd5","02672A980793E7E43B061AA6B97676C9D59A0278077E93A720322D5A50CF1E7F","6333",".png"
"duplicata_exata_sem_referencia","Assets\RecursosUnificados\BranchPedrao\Sprites\Boss\dead\PNG\PNG_0009.png","Assets\RecursosUnificados\ChegaComJhon\Sprites\Objetos\Boss\dead\PNG\PNG_0009.png","880ca00b18cbba547b218fba93c512ab","1781DE2447938CDC8F5BCA841F5957B30A4E1D84E1B75BFEE59AB5101B1CCD45","7395",".png"
"duplicata_exata_sem_referencia","Assets\RecursosUnificados\BranchPedrao\Sprites\Boss\dead\PNG\PNG_0010.png","Assets\RecursosUnificados\ChegaComJhon\Sprites\Objetos\Boss\dead\PNG\PNG_0010.png","a736f6d32afbdfb4e862790002865ef6","E140ED9C8CB213B9A6654C231012C59EC05EBC2B23AEC089BEEC0ED33B2F50E3","6464",".png"
"duplicata_exata_sem_referencia","Assets\RecursosUnificados\BranchPedrao\Sprites\Boss\dead\PNG\PNG_0011.png","Assets\RecursosUnificados\ChegaComJhon\Sprites\Objetos\Boss\dead\PNG\PNG_0011.png","9590daa6965539642b7edbcc1e84b503","1FE02EBDDAC80C767DC5C846009D871B99304D23900F4E0FB37A581ACAE23490","6740",".png"
"duplicata_exata_sem_referencia","Assets\RecursosUnificados\BranchPedrao\Sprites\Boss\dead\PNG\PNG_0012.png","Assets\RecursosUnificados\ChegaComJhon\Sprites\Objetos\Boss\dead\PNG\PNG_0012.png","9ad0b54791b9c9d43b5e54471c03fbbf","78E48486FA6DB946F322FECA898A7D43E4D9820ACA3E0F4DB36065A6E87C1DCD","6062",".png"
"duplicata_exata_sem_referencia","Assets\RecursosUnificados\BranchPedrao\Sprites\Boss\dead\PNG\PNG_0013.png","Assets\RecursosUnificados\ChegaComJhon\Sprites\Objetos\Boss\dead\PNG\PNG_0013.png","2358bb44a1674ff4a9be69457e66687c","1502435493871DC91339A60F290FEA7575EF9A4BFC9441AF828FD8EEAC490FBC","7333",".png"
"duplicata_exata_sem_referencia","Assets\RecursosUnificados\BranchPedrao\Sprites\Boss\dead\PNG\PNG_0014.png","Assets\RecursosUnificados\ChegaComJhon\Sprites\Objetos\Boss\dead\PNG\PNG_0014.png","32167eeb8bd2ca14f9366969f2147719","570774DCFAB21137F5D7911A248B25CC48D03A66948B3893B1D87DDE78384A8E","10799",".png"
"duplicata_exata_sem_referencia","Assets\RecursosUnificados\BranchPedrao\Sprites\Boss\dead\PNG\PNG_0015.png","Assets\RecursosUnificados\ChegaComJhon\Sprites\Objetos\Boss\dead\PNG\PNG_0015.png","60ef2dc7ccb66384db6af9b54e8b6054","F13D8B2DFA622E13B5D5028A749D4C197A0FFF172EC02E5F3C4717FD26AFF6BD","9848",".png"
"duplicata_exata_sem_referencia","Assets\RecursosUnificados\BranchPedrao\Sprites\Boss\dead\PNG\PNG_0016.png","Assets\RecursosUnificados\ChegaComJhon\Sprites\Objetos\Boss\dead\PNG\PNG_0016.png","f231b24691fd67d4281c93cdba4fd672","D0BFE3866D96B03CC5B0BBD25792DADA71FA6BB629C08C0368067EB1629EA54D","10885",".png"
"duplicata_exata_sem_referencia","Assets\RecursosUnificados\BranchPedrao\Sprites\Boss\dead\PNG\PNG_0017.png","Assets\RecursosUnificados\ChegaComJhon\Sprites\Objetos\Boss\dead\PNG\PNG_0017.png","aedb646312890184689a4c58c76faa8d","9DF28A78CA39477ACA46115E82237AD0C7C6B7DC097404C53833B24183EA4460","9234",".png"
"duplicata_exata_sem_referencia","Assets\RecursosUnificados\BranchPedrao\Sprites\Boss\dead\PNG\PNG_0018.png","Assets\RecursosUnificados\ChegaComJhon\Sprites\Objetos\Boss\dead\PNG\PNG_0018.png","6d856b22d1cc24042874416946171836","DCCBAFD39CC13295FE1F6C31A77A5DE4194C53FF51B18F3B101A25923135DF9E","6697",".png"
"duplicata_exata_sem_referencia","Assets\RecursosUnificados\BranchPedrao\Sprites\Boss\dead\PNG\PNG_0019.png","Assets\RecursosUnificados\ChegaComJhon\Sprites\Objetos\Boss\dead\PNG\PNG_0019.png","f2e6371f192dc9847bdbb087a2ac5b59","65B9A03CBA2EBEDADDAEA760666ACE97E6BF5666732E927D3295612ADB3070AF","7046",".png"
"duplicata_exata_sem_referencia","Assets\RecursosUnificados\BranchPedrao\Sprites\Boss\dead\PNG\PNG_0020.png","Assets\RecursosUnificados\ChegaComJhon\Sprites\Objetos\Boss\dead\PNG\PNG_0020.png","4706c7cf23807974c89d27546556e737","3C68FF7482A081EC27713DF1BAC7405A37E0E6BA55A86012CFABDC9017809536","8228",".png"
"duplicata_exata_sem_referencia","Assets\RecursosUnificados\BranchPedrao\Sprites\ANJO\IDLE\DISSPAR\DISSPAR_0001.png","Assets\RecursosUnificados\ChegaComJhon\Sprites\Objetos\Boss\dead\PNG\PNG_0021.png","dbe6e249d60883e44be9b5f89752dfd2","2D8DAE719CBD1D26E47A1CA4B946A329F053D91EFCDA7BA7F2AC32987C9884B8","4260",".png"
"duplicata_exata_sem_referencia","Assets\RecursosUnificados\BranchPedrao\Sprites\Boss\dead\start-dissipar.gif","Assets\RecursosUnificados\ChegaComJhon\Sprites\Objetos\Boss\dead\start-dissipar.gif","07349874a08dcab49a4d31905bda14de","3CEB49860870E9FD8C2A08D517C5066827CD019D2F7CB540AE3E28E11C391F04","37399",".gif"
"duplicata_exata_sem_referencia","Assets\RecursosUnificados\BranchPedrao\Sprites\Boss\fall\battle-cry.gif","Assets\RecursosUnificados\ChegaComJhon\Sprites\Objetos\Boss\fall\battle-cry.gif","d1d4092a45d9f934fb1315a76923bf8d","EACD9C33853928EA1F5A050521F724BC595E1A5134238F31196EDF4910D65791","42021",".gif"
"duplicata_exata_sem_referencia","Assets\RecursosUnificados\BranchPedrao\Sprites\Boss\fall\end-fall.gif","Assets\RecursosUnificados\ChegaComJhon\Sprites\Objetos\Boss\fall\end-fall.gif","abf21a49cdfcae844b133f0a34132614","900A804895BC9180759123D43CE7BB5D3984DAB979E4D0874F152ACEACBAD162","43037",".gif"
"duplicata_exata_sem_referencia","Assets\RecursosUnificados\BranchPedrao\Sprites\Boss\fall\PNG\fall.png","Assets\RecursosUnificados\ChegaComJhon\Sprites\Objetos\Boss\fall\PNG\fall.png","10a8d6e458a75834387d40c0003213c1","D708CABD658C471334DFD8DAE3D430381593C60622694B96A191EA75514C1F7E","7895",".png"
"duplicata_exata_sem_referencia","Assets\RecursosUnificados\BranchPedrao\Sprites\Boss\fall\PNG\PNG_0001.png","Assets\RecursosUnificados\ChegaComJhon\Sprites\Objetos\Boss\fall\PNG\PNG_0001.png","b70af03f44467c34784580a30311cdb5","6AA6B96E183FD1F420C8518CD57894CC656E2303C508A30012C1600F209913C7","9800",".png"
"duplicata_exata_sem_referencia","Assets\RecursosUnificados\BranchPedrao\Sprites\Boss\fall\PNG\PNG_0002.png","Assets\RecursosUnificados\ChegaComJhon\Sprites\Objetos\Boss\fall\PNG\PNG_0002.png","7e816a07a64d83548aea5fee3833e5a3","0C589AFF16AD6F62868C8BCAF7A86BE6E5B5DC4C26358164BDEA8E913EDED9F5","8277",".png"
"duplicata_exata_sem_referencia","Assets\RecursosUnificados\BranchPedrao\Sprites\Boss\fall\PNG\PNG_0003.png","Assets\RecursosUnificados\ChegaComJhon\Sprites\Objetos\Boss\fall\PNG\PNG_0003.png","d29ec690ac29ad3478f8b978ab64fe54","4E17F946C6D45F0953C71D42E8DA6E471B0F21C539F1B56223E533181C38F76D","10550",".png"
"duplicata_exata_sem_referencia","Assets\RecursosUnificados\BranchPedrao\Sprites\Boss\fall\PNG\PNG_0004.png","Assets\RecursosUnificados\ChegaComJhon\Sprites\Objetos\Boss\fall\PNG\PNG_0004.png","7fec35f59264ba942bda397ce92ed2a5","B9A1F0082EF749047835C841263DD08735220FB9E9C127CFFC738DF7C10EFB19","9436",".png"
"duplicata_exata_sem_referencia","Assets\RecursosUnificados\BranchPedrao\Sprites\Boss\fall\PNG\PNG_0005.png","Assets\RecursosUnificados\ChegaComJhon\Sprites\Objetos\Boss\fall\PNG\PNG_0005.png","f4534a2b34de31c4d8252fae12fb1c35","FA3A475E2587835777FF60F226E750A9913172A7108A0A129CA36FFBF790E305","11979",".png"
"duplicata_exata_sem_referencia","Assets\RecursosUnificados\BranchPedrao\Sprites\Boss\cry\cry_0001.png","Assets\RecursosUnificados\ChegaComJhon\Sprites\Objetos\Boss\fall\PNG\PNG_0006 (2).png","7c7eaac254020684bb8b0f268e1a36e0","7F650D1CFD6122D27AED0D7714D8453A361F45BF6F889093C3F26364FDF1FE53","5570",".png"
"duplicata_exata_sem_referencia","Assets\RecursosUnificados\BranchPedrao\Sprites\Boss\fall\PNG\PNG_0006.png","Assets\RecursosUnificados\ChegaComJhon\Sprites\Objetos\Boss\fall\PNG\PNG_0006.png","8e2fe4b3f0559444caa6903c3dcf5bce","5904BEA04D62765585AA0A11B0109F11B6A3792BA52EFF8B4C6BB960ADE92420","5570",".png"
"duplicata_exata_sem_referencia","Assets\RecursosUnificados\BranchPedrao\Sprites\Boss\cry\cry_0002.png","Assets\RecursosUnificados\ChegaComJhon\Sprites\Objetos\Boss\fall\PNG\PNG_0007 (2).png","9217ccb16cdd61f459755dbb2236ce53","BAB10ECF24B5588A37E543C9F7C8776C3C02B505B64684367885359C7D09EF16","13242",".png"
"duplicata_exata_sem_referencia","Assets\RecursosUnificados\BranchPedrao\Sprites\Boss\cry\cry_0003.png","Assets\RecursosUnificados\ChegaComJhon\Sprites\Objetos\Boss\fall\PNG\PNG_0008 (2).png","94ccf154745ec9a49b1d4a02d09956a8","2A47CB8EE47E5D1BF3676596505312FDEC50C6FCB5A41556C94AB57ED18F94DF","11462",".png"
"duplicata_exata_sem_referencia","Assets\RecursosUnificados\BranchPedrao\Sprites\Boss\cry\cry_0004.png","Assets\RecursosUnificados\ChegaComJhon\Sprites\Objetos\Boss\fall\PNG\PNG_0009 (2).png","a1cc698151e0b054393b7cb17ba0f3b8","F439D08EE5801EF30C864A52024E4CFB023A12AABFCBA2AC903B6F0BB217D82F","12574",".png"
"duplicata_exata_sem_referencia","Assets\RecursosUnificados\BranchPedrao\Sprites\Boss\cry\cry_0005.png","Assets\RecursosUnificados\ChegaComJhon\Sprites\Objetos\Boss\fall\PNG\PNG_0010.png","86480191b4d87504fb48c86b646fb34e","51D25D7ED50CDB1BEEE7631EEC18487DDF257710468F2F3847DB69A071A24B30","10033",".png"
"duplicata_exata_sem_referencia","Assets\RecursosUnificados\BranchPedrao\Sprites\Boss\cry\cry_0006.png","Assets\RecursosUnificados\ChegaComJhon\Sprites\Objetos\Boss\fall\PNG\PNG_0011.png","ab96120b2326dd04cb5817fe24ebce56","07F6CCE3C981335FA48875700C84FDA69F55F3B0CF789E2AB035D217A02522CC","11105",".png"
"duplicata_exata_sem_referencia","Assets\RecursosUnificados\BranchPedrao\Sprites\Boss\cry\cry_0007.png","Assets\RecursosUnificados\ChegaComJhon\Sprites\Objetos\Boss\fall\PNG\PNG_0012.png","53f0cc7915d83964ea1db300ae8e24db","2ABCEA32A40D29A3AA2333C11E38A636DF4380E7E8E97AED07682E6CB3749CAA","10396",".png"
"duplicata_exata_sem_referencia","Assets\RecursosUnificados\BranchPedrao\Sprites\Boss\cry\cry_0008.png","Assets\RecursosUnificados\ChegaComJhon\Sprites\Objetos\Boss\fall\PNG\PNG_0013.png","b6e40d5fac0d65e4d87945d27e5401d4","35AE602AF1F9BF2951986F53E291D8C9FB8968FDFD1645FBCDFE6ADB7FAE665B","11636",".png"
"duplicata_exata_sem_referencia","Assets\RecursosUnificados\BranchPedrao\Sprites\Boss\cry\cry_0009.png","Assets\RecursosUnificados\ChegaComJhon\Sprites\Objetos\Boss\fall\PNG\PNG_0014.png","bfa2c2f54df2dd741b8679c6a4da2660","49D8FBD88D015E443B36FE97D2FF152F0801891DDACCCBEA9DE1363BA4F35C42","6538",".png"
"duplicata_exata_sem_referencia","Assets\RecursosUnificados\BranchPedrao\Sprites\Boss\idle\idle.gif","Assets\RecursosUnificados\ChegaComJhon\Sprites\Objetos\Boss\idle\idle.gif","9232675e513f7684293683103c5a5d68","A5526A3390568FA81ECEB6E5105EDC3B0D9BBE0D9C234DAA4273EA793E49F71D","54891",".gif"
"duplicata_exata_sem_referencia","Assets\RecursosUnificados\BranchPedrao\Sprites\Boss\idle\PNG\idle_0001.png","Assets\RecursosUnificados\ChegaComJhon\Sprites\Objetos\Boss\idle\PNG\idle_0001.png","c81ff0239e52b9f4a9d61542bb76579b","773730526CA41083C32BCD88826AE723A96B2DD7D6F4B0B9EA2CC77C31A450D1","5579",".png"
"duplicata_exata_sem_referencia","Assets\RecursosUnificados\BranchPedrao\Sprites\Boss\idle\PNG\idle_0002.png","Assets\RecursosUnificados\ChegaComJhon\Sprites\Objetos\Boss\idle\PNG\idle_0002.png","f1a379be65b3f5b4d9106fefc88aa168","9D8EF8A951C8CFAD1DDFCFD7CEA088DB63B7191B568EC206DC30F629DA6BF49A","7098",".png"
"duplicata_exata_sem_referencia","Assets\RecursosUnificados\BranchPedrao\Sprites\Boss\idle\PNG\idle_0003.png","Assets\RecursosUnificados\ChegaComJhon\Sprites\Objetos\Boss\idle\PNG\idle_0003.png","616ea11daf3fb6847a051b78dc8d6147","7339DD0BAB3B9C69DF5EBE4CF6667BFE6F5927662020F92137462A460CA94369","6734",".png"
"duplicata_exata_sem_referencia","Assets\RecursosUnificados\BranchPedrao\Sprites\Boss\idle\PNG\idle_0004.png","Assets\RecursosUnificados\ChegaComJhon\Sprites\Objetos\Boss\idle\PNG\idle_0004.png","2b2aa9f50711f1344816bdfd18ef2eab","AD12FF1F3647DBFF83DEEE8ECFB065F0983E41E6DF8329C1BCDCA518D2C9A331","7617",".png"
"duplicata_exata_sem_referencia","Assets\RecursosUnificados\BranchPedrao\Sprites\Boss\idle\PNG\idle_0005.png","Assets\RecursosUnificados\ChegaComJhon\Sprites\Objetos\Boss\idle\PNG\idle_0005.png","c9807f187c96e0b4196744a291192c38","E99C369EDCF8D0D6C1CDDDD646556A3AC83B5F0182AD99B6D082EBD5AC01605D","6262",".png"
"duplicata_exata_sem_referencia","Assets\RecursosUnificados\BranchPedrao\Sprites\Boss\idle\PNG\idle_0006.png","Assets\RecursosUnificados\ChegaComJhon\Sprites\Objetos\Boss\idle\PNG\idle_0006.png","b294b47942262d9419a76df8bbe97f64","5A3B7A7D3FCCA1C16073D408DDA0EE4A9D33CEF1516415EC1206D28503EEB0AD","6271",".png"
"duplicata_exata_sem_referencia","Assets\RecursosUnificados\BranchPedrao\Sprites\Boss\idle\PNG\idle_0007.png","Assets\RecursosUnificados\ChegaComJhon\Sprites\Objetos\Boss\idle\PNG\idle_0007.png","fc2a73ed17c74bc4ebc09b15d9e9893d","27874B868A0D37822EFB133AC19375C8A77BC54B4576B11A384AFAD36A6D40EF","6194",".png"
"duplicata_exata_sem_referencia","Assets\RecursosUnificados\BranchPedrao\Sprites\Boss\idle\PNG\idle_0008.png","Assets\RecursosUnificados\ChegaComJhon\Sprites\Objetos\Boss\idle\PNG\idle_0008.png","79752cf38ffabd646b5e6ea844ca0ec7","692B72FE51D79FDA869E240D07E4120EA6D96A05851AB31CF11CA0E86307DA34","6313",".png"
"duplicata_exata_sem_referencia","Assets\RecursosUnificados\BranchPedrao\Sprites\Boss\idle\PNG\idle_0009.png","Assets\RecursosUnificados\ChegaComJhon\Sprites\Objetos\Boss\idle\PNG\idle_0009.png","dd9fc7a7c6c20384c943de3e5414a7e5","A0193B3DE206BB5384DFFB471949891306E933A4BD9CDA497019EA434FE47647","6103",".png"
"duplicata_exata_sem_referencia","Assets\RecursosUnificados\BranchPedrao\Sprites\Boss\idle\PNG\idle_0010.png","Assets\RecursosUnificados\ChegaComJhon\Sprites\Objetos\Boss\idle\PNG\idle_0010.png","c58703062f203534db716146dba0e6e9","AEFB5A97FC8ADE3137946DB8C98C0EBF925778F731D010ACA97EF0B484BD81EE","6295",".png"
"duplicata_exata_sem_referencia","Assets\RecursosUnificados\BranchPedrao\Sprites\Boss\idle\PNG\idle_0011.png","Assets\RecursosUnificados\ChegaComJhon\Sprites\Objetos\Boss\idle\PNG\idle_0011.png","79dee66d44dd87c428e1d3936381baa4","6AF4AFCB5A23AE24E3EA85615BF4E53984C03FA4BF9F14BCF101FD8723C1F6AC","5942",".png"
"duplicata_exata_sem_referencia","Assets\RecursosUnificados\BranchPedrao\Sprites\Boss\idle\PNG\idle_0012.png","Assets\RecursosUnificados\ChegaComJhon\Sprites\Objetos\Boss\idle\PNG\idle_0012.png","5036daf6b22a21d42a8678c95f690fe6","718383F85BBFF5FF886293136A5E0F2C9C91516769954540C9B14B014E2E9C31","6272",".png"
"duplicata_exata_sem_referencia","Assets\RecursosUnificados\BranchPedrao\Sprites\Boss\idle\PNG\idle_0013.png","Assets\RecursosUnificados\ChegaComJhon\Sprites\Objetos\Boss\idle\PNG\idle_0013.png","fc04056c87921c147b1f3847980770fe","692EC7C295634232212FF3776928DFC6EFBC4E103BACC950B1DC213E327AE40F","5919",".png"
"duplicata_exata_sem_referencia","Assets\RecursosUnificados\BranchPedrao\Sprites\Boss\idle\PNG\idle_0014.png","Assets\RecursosUnificados\ChegaComJhon\Sprites\Objetos\Boss\idle\PNG\idle_0014.png","779dc91c8efb6d6448c4b5fddbd27dbb","62B71CE0F441E4D33C84A5C024005A753D94E138F5F9C39F4F7056165FD5B0ED","6477",".png"
"duplicata_exata_sem_referencia","Assets\RecursosUnificados\BranchPedrao\Sprites\Boss\idle\PNG\idle_0015.png","Assets\RecursosUnificados\ChegaComJhon\Sprites\Objetos\Boss\idle\PNG\idle_0015.png","70daa65386f90c0428e58ed81818aa9d","56C7EA5E5695D42F2CAB924E6DE8B25841D44865C026ADACAE25822F4BF2D3C7","6577",".png"
"duplicata_exata_sem_referencia","Assets\RecursosUnificados\BranchPedrao\Sprites\Boss\idle\PNG\idle_0016.png","Assets\RecursosUnificados\ChegaComJhon\Sprites\Objetos\Boss\idle\PNG\idle_0016.png","c18554d3edca99f49a3a5d4c2fad4574","AEC46BC71A6BE76A0F7AADFAEC408A00EDC33D30977FC5ECB38A6798C0FB4C24","7437",".png"
"duplicata_exata_sem_referencia","Assets\RecursosUnificados\BranchPedrao\Sprites\Boss\idle\PNG\idle_0017.png","Assets\RecursosUnificados\ChegaComJhon\Sprites\Objetos\Boss\idle\PNG\idle_0017.png","821db0aadff310141ac753420ca5ccca","04E2B8A657CA25DD89FAC5C89B70A66BF44D16FD7610523B5A3D77DD213193A7","6738",".png"
"duplicata_exata_sem_referencia","Assets\RecursosUnificados\BranchPedrao\Sprites\Boss\PREPARAÇÃO\PREPARAÇÃO.rar","Assets\RecursosUnificados\ChegaComJhon\Sprites\Objetos\Boss\PREPARAÇÃO\PREPARAÇÃO.rar","b18ade55059d8b84cb41e32d6c714b9a","93EFCF07FBBA0FE1E3BC72AA1B00DA31A404EAE943BB1215BC0A9D8D173D082C","61630",".rar"
"duplicata_exata_sem_referencia","Assets\RecursosUnificados\BranchPedrao\Sprites\Boss\run\PNG\PNG_0001.png","Assets\RecursosUnificados\ChegaComJhon\Sprites\Objetos\Boss\run\PNG\PNG_0001.png","299d35e85149f6f4796e459ddcabd9ea","A2A97E41AE9EC25F62DF59E26868229C53DD0803CEC7A34A9E5071C7604B3B2A","7450",".png"
"duplicata_exata_sem_referencia","Assets\RecursosUnificados\BranchPedrao\Sprites\Boss\run\PNG\PNG_0002.png","Assets\RecursosUnificados\ChegaComJhon\Sprites\Objetos\Boss\run\PNG\PNG_0002.png","458cf9bb335dfcf449013b07075c8e06","D4F4424BF755FE733BFB8F1DC9C428575BB68A771B3CC65CC401A5DEC1D58DFD","9676",".png"
"duplicata_exata_sem_referencia","Assets\RecursosUnificados\BranchPedrao\Sprites\Boss\run\PNG\PNG_0003.png","Assets\RecursosUnificados\ChegaComJhon\Sprites\Objetos\Boss\run\PNG\PNG_0003.png","14438f433b9d99542a1ce1db193ed2a4","0A05E9148BB71523CF4C45F13D5A8FCDCC76CB279985950FE6FE385D5A39EE8F","8352",".png"
"duplicata_exata_sem_referencia","Assets\RecursosUnificados\BranchPedrao\Sprites\Boss\run\PNG\PNG_0004.png","Assets\RecursosUnificados\ChegaComJhon\Sprites\Objetos\Boss\run\PNG\PNG_0004.png","bfb76bfe35dc972428077bc41145879d","0A0B50B5DD3431BAB2CE5BFC5792DA9DC24F445E9E2B9570AE7E36DDE5AED722","9466",".png"
"duplicata_exata_sem_referencia","Assets\RecursosUnificados\BranchPedrao\Sprites\Boss\run\PNG\PNG_0005.png","Assets\RecursosUnificados\ChegaComJhon\Sprites\Objetos\Boss\run\PNG\PNG_0005.png","670f0e6415bd63a4295c5f1af6eaec72","83E59C89A652FEB6BF6FF1D7CC95E7DF31EA5C1E8F49CF7941B11523DF84F169","7645",".png"
"duplicata_exata_sem_referencia","Assets\RecursosUnificados\BranchPedrao\Sprites\Boss\run\PNG\PNG_0006.png","Assets\RecursosUnificados\ChegaComJhon\Sprites\Objetos\Boss\run\PNG\PNG_0006.png","9801b8ec06a97fc4c866c66705e7ac45","64D09F1D190048994391CFD3317C20936FB654A175FFC51D3C1A07E83E0A3047","8874",".png"
"duplicata_exata_sem_referencia","Assets\RecursosUnificados\BranchPedrao\Sprites\Boss\run\PNG\PNG_0007.png","Assets\RecursosUnificados\ChegaComJhon\Sprites\Objetos\Boss\run\PNG\PNG_0007.png","6581730e8feab32499b4400173fdaf95","25AF08E9B6233BE3512DFDCCDBA02BAABF80D67D17569F3A7735127CB0B5BB2C","7571",".png"
"duplicata_exata_sem_referencia","Assets\RecursosUnificados\BranchPedrao\Sprites\Boss\run\PNG\PNG_0008.png","Assets\RecursosUnificados\ChegaComJhon\Sprites\Objetos\Boss\run\PNG\PNG_0008.png","8df0133009432ed4da81e46e9e4d9327","E8A5D4D96E697A702A0F9AD9B06DF1D86C42F933BB7B4D95AD31403B082E6E8C","8882",".png"
"duplicata_exata_sem_referencia","Assets\RecursosUnificados\BranchPedrao\Sprites\Boss\run\PNG\PNG_0009.png","Assets\RecursosUnificados\ChegaComJhon\Sprites\Objetos\Boss\run\PNG\PNG_0009.png","325354fd2581ec34fb4eba9bdbf72f1d","45000C3EEC77731B61DCC929A6CC99D3111DA6B56197968051043D34EDA9C014","7862",".png"
"duplicata_exata_sem_referencia","Assets\RecursosUnificados\BranchPedrao\Sprites\Boss\run\PNG\PNG_0010.png","Assets\RecursosUnificados\ChegaComJhon\Sprites\Objetos\Boss\run\PNG\PNG_0010.png","3e1fdbe78caecbf4798a44a168142825","287759E412974C87D7661C833F82C2EDF83FFDF6116A7C6CA89DCD677CC772B8","8789",".png"
"duplicata_exata_sem_referencia","Assets\RecursosUnificados\BranchPedrao\Sprites\Boss\run\PNG\PNG_0011.png","Assets\RecursosUnificados\ChegaComJhon\Sprites\Objetos\Boss\run\PNG\PNG_0011.png","29aa469c0dff59744b6c2d1bde87af7a","BFF201A60AE754025A0B4A0CBF2A05518303306AC8AFB4A534E22B313A660A55","8040",".png"
"duplicata_exata_sem_referencia","Assets\RecursosUnificados\BranchPedrao\Sprites\Boss\run\PNG\PNG_0012.png","Assets\RecursosUnificados\ChegaComJhon\Sprites\Objetos\Boss\run\PNG\PNG_0012.png","c89987dd8e806644bb4979bed1c880ab","6D0C43CE4C38FFF5962942A5D33820464B20CC6F9A879623BF98224026167582","10209",".png"
"duplicata_exata_sem_referencia","Assets\RecursosUnificados\BranchPedrao\Sprites\Boss\run\PNG\PNG_0013.png","Assets\RecursosUnificados\ChegaComJhon\Sprites\Objetos\Boss\run\PNG\PNG_0013.png","b9675f8b8c4ba5b44b971950bbbb2f85","33C1FA1F1FD32B9CA205E592BF453C4714A25FAFE6745D017F71B4C1EE8292ED","7390",".png"
"duplicata_exata_sem_referencia","Assets\RecursosUnificados\BranchPedrao\Sprites\Boss\attack\PNG\PREPARAÇÃO\PNG_0001.png","Assets\RecursosUnificados\ChegaComJhon\Sprites\Objetos\Boss\run\PREPARAÇÃO\run_0001.png","6fe41d64d7ecfa74f97dcaca3fcd47ec","E92F562D43130E7CC1B95AF942ECA9BC64AE3DCA31BDAE049AC24383DF8AAAB3","5569",".png"
"duplicata_exata_sem_referencia","Assets\RecursosUnificados\BranchPedrao\Sprites\Boss\run\PREPARAÇÃO\run_0002.png","Assets\RecursosUnificados\ChegaComJhon\Sprites\Objetos\Boss\run\PREPARAÇÃO\run_0002.png","80b11a042e4f92f46bda356165ea8677","09DC231BCBE08E3AE50759EDA3B69D7170080E745C5A4481F43795603223E607","10280",".png"
"duplicata_exata_sem_referencia","Assets\RecursosUnificados\BranchPedrao\Sprites\Boss\run\PREPARAÇÃO\run_0003.png","Assets\RecursosUnificados\ChegaComJhon\Sprites\Objetos\Boss\run\PREPARAÇÃO\run_0003.png","88701ef205d369944830edd5ab595666","96A05A7CDA9BB41F31B8CF818FD73F745BD7126C2B39DFFB55C908ED09FA5567","8190",".png"
"duplicata_exata_sem_referencia","Assets\RecursosUnificados\BranchPedrao\Sprites\Boss\run\PREPARAÇÃO\run_0004.png","Assets\RecursosUnificados\ChegaComJhon\Sprites\Objetos\Boss\run\PREPARAÇÃO\run_0004.png","5ff267aba649e404ea4088c6e12b01c5","BD5EE8013F6F3DDE6AFFD6B54085A3B54CA932A31F0590FC623FF76AD448726E","9519",".png"
"duplicata_exata_sem_referencia","Assets\RecursosUnificados\BranchPedrao\Sprites\Boss\run\PREPARAÇÃO\run_0005.png","Assets\RecursosUnificados\ChegaComJhon\Sprites\Objetos\Boss\run\PREPARAÇÃO\run_0005.png","d26a70855da8a4942bff3e37aa3eb0e5","2B584ADEC742B3805103F78FCDF4DA72AF51A75A58C0B1EDD6BA3AF74D30C8F9","9333",".png"
"duplicata_exata_sem_referencia","Assets\RecursosUnificados\BranchPedrao\Sprites\Boss\run\PREPARAÇÃO\run_0006.png","Assets\RecursosUnificados\ChegaComJhon\Sprites\Objetos\Boss\run\PREPARAÇÃO\run_0006.png","c8f56cf44c4385f4abe2ea98cdef6263","B06F140C547AFA78EE67BE18A81815A659AAD3B99BD275012E0AA72170BEB240","10418",".png"
"duplicata_exata_sem_referencia","Assets\RecursosUnificados\BranchPedrao\Sprites\Boss\run\PREPARAÇÃO\run_0007.png","Assets\RecursosUnificados\ChegaComJhon\Sprites\Objetos\Boss\run\PREPARAÇÃO\run_0007.png","d1a5b41a7fd7e0e47aa39a4bdb763c31","2CF80D5EA870A2AF0B3E798EC6536F705DEC6F32B91B084446A8D22EAC956326","7404",".png"
"duplicata_exata_sem_referencia","Assets\RecursosUnificados\BranchPedrao\Sprites\Boss\run\run.gif","Assets\RecursosUnificados\ChegaComJhon\Sprites\Objetos\Boss\run\run.gif","26e991590f1aceb4cb7c3255129fe5ed","1F5A4C4077E6AB0E48C12A7B329FBFA9671F7CC4E38AE915C2B995B059A024E8","44723",".gif"
"duplicata_exata_sem_referencia","Assets\RecursosUnificados\BranchPedrao\Sprites\Boss\special-attk\special-attk_0001.png","Assets\RecursosUnificados\ChegaComJhon\Sprites\Objetos\Boss\special-attk\special-attk_0001.png","d43922c713c595c429e073356dbe26eb","98233A270CEA78F23EC65EC4D3466D0E5261C52D19C979ABDB0158CBDD335485","6410",".png"
"duplicata_exata_sem_referencia","Assets\RecursosUnificados\BranchPedrao\Sprites\Boss\attack\PNG\PREPARAÇÃO\special-attk_0002.png","Assets\RecursosUnificados\ChegaComJhon\Sprites\Objetos\Boss\special-attk\special-attk_0002.png","b88a1cbd93ab1194d8ff200f7ea7018a","1437B473CE3D84F70D4716D6670AC22E4528A50CD41A351960D4D3547C9E849A","14099",".png"
"duplicata_exata_sem_referencia","Assets\RecursosUnificados\BranchPedrao\Sprites\Boss\attack\PNG\PREPARAÇÃO\special-attk_0003.png","Assets\RecursosUnificados\ChegaComJhon\Sprites\Objetos\Boss\special-attk\special-attk_0003.png","ef20f278e97682d418f6281fd4f65d1a","0B1609A990A1F5956D22009C5E1E8A5CBE95A7F87690793D506A0A5E5A5663BE","15936",".png"
"duplicata_exata_sem_referencia","Assets\RecursosUnificados\BranchPedrao\Sprites\Boss\attack\PNG\PREPARAÇÃO\special-attk_0004.png","Assets\RecursosUnificados\ChegaComJhon\Sprites\Objetos\Boss\special-attk\special-attk_0004.png","0f9ee68257617604cb55998579eb0b4e","6D88F21A04BBF21C259327A2BBFD1EAB3C0797E85A5E051D42CCB476F88045C1","18383",".png"
"duplicata_exata_sem_referencia","Assets\RecursosUnificados\BranchPedrao\Sprites\Boss\attack\PNG\PREPARAÇÃO\special-attk_0005.png","Assets\RecursosUnificados\ChegaComJhon\Sprites\Objetos\Boss\special-attk\special-attk_0005.png","08b3cfe39c399be44bf4b50fb9b6c30a","C9B7DF51461B711B66DEC9004A366303B3846EF0CD11817296708873248CC8C4","14680",".png"
"duplicata_exata_sem_referencia","Assets\RecursosUnificados\BranchPedrao\Sprites\Boss\attack\PNG\PREPARAÇÃO\special-attk_0006.png","Assets\RecursosUnificados\ChegaComJhon\Sprites\Objetos\Boss\special-attk\special-attk_0006.png","a7b6b1526b2ac434ab3019ca9fea8901","D195CA90FE6CA0169CE9567E0819788E67E5B6ADED862185ED08D4CFBD4EC5C1","12685",".png"
"duplicata_exata_sem_referencia","Assets\RecursosUnificados\BranchPedrao\Sprites\Boss\attack\PNG\PREPARAÇÃO\special-attk_0007.png","Assets\RecursosUnificados\ChegaComJhon\Sprites\Objetos\Boss\special-attk\special-attk_0007.png","7fd9a69dc7441f64f8a349d7b54960f6","C381E488437B7C99889B5B90BD6BFCE35ECEDD188B16E89C516C0BFA56EE93B6","20313",".png"
"duplicata_exata_sem_referencia","Assets\RecursosUnificados\BranchPedrao\Sprites\Boss\attack\PNG\PREPARAÇÃO\special-attk_0008.png","Assets\RecursosUnificados\ChegaComJhon\Sprites\Objetos\Boss\special-attk\special-attk_0008.png","e005001eb84d37a448da52eda0face9f","342216361738746F18291108AAE3013437771CC7CB56B7157E97D0F4B6888315","18777",".png"
"duplicata_exata_sem_referencia","Assets\RecursosUnificados\BranchPedrao\Sprites\Boss\attack\PNG\PREPARAÇÃO\special-attk_0009.png","Assets\RecursosUnificados\ChegaComJhon\Sprites\Objetos\Boss\special-attk\special-attk_0009.png","52b7100342d239a4ea88521d31d021f1","8F25D72B816C0C6A91F6FA95F5209FD7E515DE6E25C80A9F66D2798C6D16F178","14348",".png"
"duplicata_exata_sem_referencia","Assets\RecursosUnificados\BranchPedrao\Sprites\Boss\special-attk\special-attk-def.gif","Assets\RecursosUnificados\ChegaComJhon\Sprites\Objetos\Boss\special-attk\special-attk-def.gif","07f6ea7f3f3398e41a9ccf831e480393","716174FCAAE68DA46CCF15798A4DB26EED92956976465DDF69190AE0EB303F2F","56822",".gif"
"duplicata_exata_sem_referencia","Assets\RecursosUnificados\BranchPedrao\Sprites\Boss\attack\PNG\PREPARAÇÃO\PNG_0001.png","Assets\RecursosUnificados\ChegaComJhon\Sprites\Objetos\Boss\walk\PNG\PNG_0001.png","82ccc89c753ef21409ec1af1e21c3d51","E92F562D43130E7CC1B95AF942ECA9BC64AE3DCA31BDAE049AC24383DF8AAAB3","5569",".png"
"duplicata_exata_sem_referencia","Assets\RecursosUnificados\BranchPedrao\Sprites\Boss\walk\PNG\PNG_0002.png","Assets\RecursosUnificados\ChegaComJhon\Sprites\Objetos\Boss\walk\PNG\PNG_0002.png","15460d84b16a683419366dc158202089","A7ABD01236CF590466151FEE41DAFCEEDEAE148174D13F5FDD98C74B36A50996","8335",".png"
"duplicata_exata_sem_referencia","Assets\RecursosUnificados\BranchPedrao\Sprites\Boss\walk\PNG\PNG_0003.png","Assets\RecursosUnificados\ChegaComJhon\Sprites\Objetos\Boss\walk\PNG\PNG_0003.png","3bceaba9145670e4fbe07a2d80b6f065","FF44DAE68C359AD573FA45D656B3871DE4C6834404FC58F4904DAB545892F517","7057",".png"
"duplicata_exata_sem_referencia","Assets\RecursosUnificados\BranchPedrao\Sprites\Boss\walk\PNG\PNG_0004.png","Assets\RecursosUnificados\ChegaComJhon\Sprites\Objetos\Boss\walk\PNG\PNG_0004.png","ac55da9d6349e814fb8cb83082743783","BBFB6C4C1B1C153CE1452853680701EDCF656B3BECE80F38FD14D7A14037AFA8","7854",".png"
"duplicata_exata_sem_referencia","Assets\RecursosUnificados\BranchPedrao\Sprites\Boss\walk\PNG\PNG_0005.png","Assets\RecursosUnificados\ChegaComJhon\Sprites\Objetos\Boss\walk\PNG\PNG_0005.png","0675585f768dcf141a5fa37dafbfc719","9579607472F1D3DD683F607F28578582E6C185115216FFA21B87A39EA1B790F5","6614",".png"
"duplicata_exata_sem_referencia","Assets\RecursosUnificados\BranchPedrao\Sprites\Boss\walk\PNG\PNG_0006.png","Assets\RecursosUnificados\ChegaComJhon\Sprites\Objetos\Boss\walk\PNG\PNG_0006.png","518b3cc52adec0942833b3c2fb8e0aff","1675303F17F4A2F776DCA8432AA915A9A2E109352C6D5FE984EF1E39DCF81647","7927",".png"
"duplicata_exata_sem_referencia","Assets\RecursosUnificados\BranchPedrao\Sprites\Boss\walk\PNG\PNG_0007.png","Assets\RecursosUnificados\ChegaComJhon\Sprites\Objetos\Boss\walk\PNG\PNG_0007.png","26666f48f3cd61a478ee70b2df21c36d","2C834188B5F2B23363A8A3A32EA86CE25323FFCDB0B6580695A5F8D530268225","6708",".png"
"duplicata_exata_sem_referencia","Assets\RecursosUnificados\BranchPedrao\Sprites\Boss\walk\PNG\PNG_0008.png","Assets\RecursosUnificados\ChegaComJhon\Sprites\Objetos\Boss\walk\PNG\PNG_0008.png","1bf664c39a6ab2f4bb8c434ef74d1496","8AEB39481B34367171E27D4BB8EC698F66A9147FDF3AD2A70B5936D6901FCC2C","7629",".png"
"duplicata_exata_sem_referencia","Assets\RecursosUnificados\BranchPedrao\Sprites\Boss\walk\PNG\PNG_0009.png","Assets\RecursosUnificados\ChegaComJhon\Sprites\Objetos\Boss\walk\PNG\PNG_0009.png","37881a89064e0dd4eb5271cf827fc1e9","A487C0291DE6B47EFCF800EE8F3B4B5D2F83E72392C8B3C76F0DF6A4525C31BE","6691",".png"
"duplicata_exata_sem_referencia","Assets\RecursosUnificados\BranchPedrao\Sprites\Boss\walk\PNG\PNG_0010.png","Assets\RecursosUnificados\ChegaComJhon\Sprites\Objetos\Boss\walk\PNG\PNG_0010.png","cf02c46e4c3b19845ab4c9aecf49e581","CB656B2B0CEC8A3C4616E3A428B43834859583B00F1B566B01A537AF54A568A5","7918",".png"
"duplicata_exata_sem_referencia","Assets\RecursosUnificados\BranchPedrao\Sprites\Boss\walk\PNG\PNG_0011.png","Assets\RecursosUnificados\ChegaComJhon\Sprites\Objetos\Boss\walk\PNG\PNG_0011.png","85182c1344f4f554f951f8f1a69f5f0f","D63ADC26F612B1F548DC886D25F8259BE18B74D0611C56DFBCE1DFA23D8F1C68","6702",".png"
"duplicata_exata_sem_referencia","Assets\RecursosUnificados\BranchPedrao\Sprites\Boss\walk\PNG\PNG_0012.png","Assets\RecursosUnificados\ChegaComJhon\Sprites\Objetos\Boss\walk\PNG\PNG_0012.png","2eafd1daac2be4d4986a49b9593f90e3","8623F57BCBBC43649E0547A7BDC20ACC0EEE880E2CBDC0112A5055F8CCAC3B38","7633",".png"
"duplicata_exata_sem_referencia","Assets\RecursosUnificados\BranchPedrao\Sprites\Boss\walk\PNG\PNG_0013.png","Assets\RecursosUnificados\ChegaComJhon\Sprites\Objetos\Boss\walk\PNG\PNG_0013.png","2ce263e367d2fa84ab78c35ddfbaf5d0","FAE6BFE76B215A37E3D23C91C7A7166378B0A68E0A78852D08CB81D795ED256B","6723",".png"
"duplicata_exata_sem_referencia","Assets\RecursosUnificados\BranchPedrao\Sprites\Boss\walk\walk.gif","Assets\RecursosUnificados\ChegaComJhon\Sprites\Objetos\Boss\walk\walk.gif","36594a7f41ec9234aaf0b21adf1273d5","B88437CF1698BD0F2102F1818F092540500D0DF248EDC71A1850D2DAE68A52E5","45007",".gif"
"duplicata_exata_sem_referencia","Assets\RecursosUnificados\BranchPedrao\Sprites\Player 1\Ataque\ATTK-1\attack-1_0001.png","Assets\RecursosUnificados\ChegaComJhon\Sprites\Objetos\Player 1\Ataque\ATTK-1\attack-1_0001.png","265b9a394528d9345be9299cfe104855","B028832D321AD441DD2A2BCEC0D77B5F5CF828BF410C43E53B22D72A77B1715C","5833",".png"
"duplicata_exata_sem_referencia","Assets\RecursosUnificados\BranchPedrao\Sprites\Player 1\Ataque\ATTK-1\attack-1_0002.png","Assets\RecursosUnificados\ChegaComJhon\Sprites\Objetos\Player 1\Ataque\ATTK-1\attack-1_0002.png","cc3c9da40d9319240b1094f5f9a7eb73","D53042937C160B561D970B8D9E384624BE84DEDAD240826F402AE4C340684EB6","6911",".png"
"duplicata_exata_sem_referencia","Assets\RecursosUnificados\BranchPedrao\Sprites\Player 1\Ataque\ATTK-1\attack-1_0003.png","Assets\RecursosUnificados\ChegaComJhon\Sprites\Objetos\Player 1\Ataque\ATTK-1\attack-1_0003.png","aa82ed1eff2f085429f18c03ec1496c6","885B23CAA757ADFD1E634D24CDF59B819D2A95B5858ADD47659615D529057BE3","7044",".png"
"duplicata_exata_sem_referencia","Assets\RecursosUnificados\BranchPedrao\Sprites\Player 1\Ataque\ATTK-1\attack-1_0004.png","Assets\RecursosUnificados\ChegaComJhon\Sprites\Objetos\Player 1\Ataque\ATTK-1\attack-1_0004.png","630c2f55cd41f3949bfc1887d3bc6f23","8F7B6A29D9F4902EAB599A7598869963C4CF797369C53B0873515E59A42B7146","7638",".png"
"duplicata_exata_sem_referencia","Assets\RecursosUnificados\BranchPedrao\Sprites\Player 1\Ataque\ATTK-1\attack-1_0005.png","Assets\RecursosUnificados\ChegaComJhon\Sprites\Objetos\Player 1\Ataque\ATTK-1\attack-1_0005.png","b35287b385b1d2041ad3bdda8f6198c7","463FB7D7704FF62AD79B1C4B03CE35BA055B9C2A1FDA7C6AE80A54074E433E73","8041",".png"
"duplicata_exata_sem_referencia","Assets\RecursosUnificados\BranchPedrao\Sprites\Player 1\Ataque\ATTK-1\attack-1_0006.png","Assets\RecursosUnificados\ChegaComJhon\Sprites\Objetos\Player 1\Ataque\ATTK-1\attack-1_0006.png","6dbcadca63eec3447956c350a4b4a691","28415F07063B11A7C75D239A20C7DD872B63D4D5B899F0D65F229B47EB18F766","10457",".png"
"duplicata_exata_sem_referencia","Assets\RecursosUnificados\BranchPedrao\Sprites\Player 1\Ataque\ATTK-1\attack-1_0007.png","Assets\RecursosUnificados\ChegaComJhon\Sprites\Objetos\Player 1\Ataque\ATTK-1\attack-1_0007.png","b79d61bdc5979fb45910ebc1b86e03f1","AB50C34862BDB2F4D53FF36469C67CAD433B9CFE3DE4C7EC89D78EFCCEA4EFBF","8862",".png"
"duplicata_exata_sem_referencia","Assets\RecursosUnificados\BranchPedrao\Sprites\Player 1\Ataque\ATTK-2\ATTK-2_0001.png","Assets\RecursosUnificados\ChegaComJhon\Sprites\Objetos\Player 1\Ataque\ATTK-2\ATTK-2_0001.png","ff9dcd824e7f5e64095a9c40ac86ef37","C257F77D9A32B4D6F6D8860A3407CAAC3762E66880D4930B63999F9A9F9DFA87","7617",".png"
"duplicata_exata_sem_referencia","Assets\RecursosUnificados\BranchPedrao\Sprites\Player 1\Ataque\ATTK-2\ATTK-2_0002.png","Assets\RecursosUnificados\ChegaComJhon\Sprites\Objetos\Player 1\Ataque\ATTK-2\ATTK-2_0002.png","e075712d388c3ff4c8950e6788a79277","3727DD1BE246D401434D298E1E3E126578604CE62AB02B687B65A9B43CBA1660","9274",".png"
"duplicata_exata_sem_referencia","Assets\RecursosUnificados\BranchPedrao\Sprites\Player 1\Ataque\ATTK-2\ATTK-2_0003.png","Assets\RecursosUnificados\ChegaComJhon\Sprites\Objetos\Player 1\Ataque\ATTK-2\ATTK-2_0003.png","d0f8c01949c8a7f48ab2c7f7e9edb3e7","681522A9D3C15D1A03DDB669ED265B7CFF410A89C673FC5282730BC7A9EE7FAA","7057",".png"
"duplicata_exata_sem_referencia","Assets\RecursosUnificados\BranchPedrao\Sprites\Player 1\Ataque\ATTK-2\ATTK-2_0004.png","Assets\RecursosUnificados\ChegaComJhon\Sprites\Objetos\Player 1\Ataque\ATTK-2\ATTK-2_0004.png","9675258b93a8a374fbfe5deed104b3df","E08EDA0BA9BECBC30637FC2ECA9B639B24654F1B77F500CB360505E21A4D3FF9","8278",".png"
"duplicata_exata_sem_referencia","Assets\RecursosUnificados\BranchPedrao\Sprites\Player 1\Ataque\ATTK-2\ATTK-2_0005.png","Assets\RecursosUnificados\ChegaComJhon\Sprites\Objetos\Player 1\Ataque\ATTK-2\ATTK-2_0005.png","926ef2dc88a936c40b60f32389bedf2f","50929CCA5A2EC79ECEFA6F462527EEE988B2600031F75C50B9BCF5D4B24BFF68","6458",".png"
"duplicata_exata_sem_referencia","Assets\RecursosUnificados\BranchPedrao\Sprites\Player 1\Ataque\ATTK-2\ATTK-2_0006.png","Assets\RecursosUnificados\ChegaComJhon\Sprites\Objetos\Player 1\Ataque\ATTK-2\ATTK-2_0006.png","5cca1c215b3a1cf4186d44c320898705","4A8A647F74D852F2E8FE64ED1E6072B5874E7208F43381ACBA25E1CBCA9B8FB2","5086",".png"
"duplicata_exata_sem_referencia","Assets\RecursosUnificados\BranchPedrao\Sprites\Player 1\Ataque\ATTK-2\ATTK-2_0007.png","Assets\RecursosUnificados\ChegaComJhon\Sprites\Objetos\Player 1\Ataque\ATTK-2\ATTK-2_0007.png","db25693f330c8cb48b62271e6b33928c","483E596C7F47F47396B19CBBEADB3936F6160BE839B69CD54B22303B00970039","4783",".png"
"duplicata_exata_sem_referencia","Assets\RecursosUnificados\BranchPedrao\Sprites\Player 1\Ataque\ATTK-3\ATTK-3_0001.png","Assets\RecursosUnificados\ChegaComJhon\Sprites\Objetos\Player 1\Ataque\ATTK-3\ATTK-3_0001.png","083313430bf22f942ac3c1d89cb51b2f","A26F474AF7DB91ADA541D75CCF9ECB1758994900FE271013BA2451DA0F0F6C62","5076",".png"
"duplicata_exata_sem_referencia","Assets\RecursosUnificados\BranchPedrao\Sprites\Player 1\Ataque\ATTK-3\ATTK-3_0002.png","Assets\RecursosUnificados\ChegaComJhon\Sprites\Objetos\Player 1\Ataque\ATTK-3\ATTK-3_0002.png","44d047ea3ef8c694dbd8c30379c873a3","8A2BEAECF37DE416156FE980EF4FBC7E082551550E04F799F8FEFBE805FE7C88","4858",".png"
"duplicata_exata_sem_referencia","Assets\RecursosUnificados\BranchPedrao\Sprites\Player 1\Ataque\ATTK-3\ATTK-3_0003.png","Assets\RecursosUnificados\ChegaComJhon\Sprites\Objetos\Player 1\Ataque\ATTK-3\ATTK-3_0003.png","84a291e854737f24b909721ee2ec3b58","2E324BFE3A8800DAB143AF91CC43BB3CB352C92C5134E8CF33D1DC21F4D526B2","4361",".png"
"duplicata_exata_sem_referencia","Assets\RecursosUnificados\BranchPedrao\Sprites\Player 1\Ataque\ATTK-3\ATTK-3_0004.png","Assets\RecursosUnificados\ChegaComJhon\Sprites\Objetos\Player 1\Ataque\ATTK-3\ATTK-3_0004.png","ffeeee77e98c5ee4ba02bf99087f6e98","6E1A77DEFB1EFFAA7133F725CB3EBC178F53A710F3386CD2F4BFBA8C519395A0","5066",".png"
"duplicata_exata_sem_referencia","Assets\RecursosUnificados\BranchPedrao\Sprites\Player 1\Ataque\ATTK-3\ATTK-3_0005.png","Assets\RecursosUnificados\ChegaComJhon\Sprites\Objetos\Player 1\Ataque\ATTK-3\ATTK-3_0005.png","551c181b0af2a7e42bb32f96f1678376","D7172376BAD1C8830E37D12BF72DF7FA1409C00B0D41ECBBE5ABAC21929810B2","7612",".png"
"duplicata_exata_sem_referencia","Assets\RecursosUnificados\BranchPedrao\Sprites\Player 1\Ataque\ATTK-3\ATTK-3_0006.png","Assets\RecursosUnificados\ChegaComJhon\Sprites\Objetos\Player 1\Ataque\ATTK-3\ATTK-3_0006.png","b6c9db87ae0842040a66b90b6366b9fd","C21742D816F4BEF70A6E970CEBD7F50E55F0706EB8A41E8A40F7EB847DB9977E","9446",".png"
"duplicata_exata_sem_referencia","Assets\RecursosUnificados\BranchPedrao\Sprites\Player 1\Ataque\ATTK-3\ATTK-3_0007.png","Assets\RecursosUnificados\ChegaComJhon\Sprites\Objetos\Player 1\Ataque\ATTK-3\ATTK-3_0007.png","bd2bbbd7ac84599499380d8fe7206319","6E77A86CEE126A100F7EE573928DCF4B281FFE1D9CB562D8E66D5A4B45253E04","7927",".png"
"duplicata_exata_sem_referencia","Assets\RecursosUnificados\BranchPedrao\Sprites\Player 1\Ataque\JUMP-ATTK\PNG_0001.png","Assets\RecursosUnificados\ChegaComJhon\Sprites\Objetos\Player 1\Ataque\JUMP-ATTK\PNG_0001.png","f565db94c3999bb4babca64f458f8087","11B11824734A616E12B8C2609D47012765BCF0A501369A9CDE128CC5EBF67073","6222",".png"
"duplicata_exata_sem_referencia","Assets\RecursosUnificados\BranchPedrao\Sprites\Player 1\Ataque\JUMP-ATTK\PNG_0002.png","Assets\RecursosUnificados\ChegaComJhon\Sprites\Objetos\Player 1\Ataque\JUMP-ATTK\PNG_0002.png","b8875cde6e4caf54b86029edcbdee754","E89FB436393F3725E2FC1C59C7F8EA08577B7DE1319ED5007F54476A0209E6B6","8141",".png"
"duplicata_exata_sem_referencia","Assets\RecursosUnificados\BranchPedrao\Sprites\Player 1\Ataque\JUMP-ATTK\PNG_0003.png","Assets\RecursosUnificados\ChegaComJhon\Sprites\Objetos\Player 1\Ataque\JUMP-ATTK\PNG_0003.png","8871f880d80a9a747a44a1d0e330857f","3C7BEA2E828B91F14066E49A9FAFB65EEBECBBB6EAABF72B030947DE1F771AE2","7169",".png"
"duplicata_exata_sem_referencia","Assets\RecursosUnificados\BranchPedrao\Sprites\Player 1\Ataque\JUMP-ATTK\PNG_0004.png","Assets\RecursosUnificados\ChegaComJhon\Sprites\Objetos\Player 1\Ataque\JUMP-ATTK\PNG_0004.png","3c0f97403fe626f40b245ecf231bfdc4","F2CA5752D5083662FFC2CA3D3CB5FACB304351594F7C46A5CBF21AB6DAF7DB20","8586",".png"
"duplicata_exata_sem_referencia","Assets\RecursosUnificados\BranchPedrao\Sprites\Player 1\Ataque\JUMP-ATTK\PNG_0005.png","Assets\RecursosUnificados\ChegaComJhon\Sprites\Objetos\Player 1\Ataque\JUMP-ATTK\PNG_0005.png","1df62fe8cf0bd5947bdb6e74d45cea78","6D106BEABA99873AE222F4B0413ABF4FA441EE6E39C02BE33247814556320FE6","10194",".png"
"duplicata_exata_sem_referencia","Assets\RecursosUnificados\BranchPedrao\Sprites\Player 1\Ataque\JUMP-ATTK\PNG_0006.png","Assets\RecursosUnificados\ChegaComJhon\Sprites\Objetos\Player 1\Ataque\JUMP-ATTK\PNG_0006.png","7372c9d91162c3d4c9d1947ca5d8392f","393F4C560376636DB1252257BD7663190ADD0A3AA1A23011B588FF92EA5CDD05","12233",".png"
"duplicata_exata_sem_referencia","Assets\RecursosUnificados\BranchPedrao\Sprites\Player 1\Ataque\JUMP-ATTK\PNG_0007.png","Assets\RecursosUnificados\ChegaComJhon\Sprites\Objetos\Player 1\Ataque\JUMP-ATTK\PNG_0007.png","47845092fea0cb344a674d8e937150b6","B9103D5D1E658C906D20BD56ABD937B7D0FB5063F3F91C0C285F3CA585DFAA32","9961",".png"
"duplicata_exata_sem_referencia","Assets\RecursosUnificados\BranchPedrao\Sprites\Player 1\dash\animação inacabada do dash.gif","Assets\RecursosUnificados\ChegaComJhon\Sprites\Objetos\Player 1\Dash\animação inacabada do dash.gif","5590bc43c66a2ba4c9d6a48e647b5547","44D3D97542D088CB76DABF6557DF46FA6BFF538830B55F460C4F65AD66E9E994","32154",".gif"
"duplicata_exata_sem_referencia","Assets\RecursosUnificados\BranchPedrao\Sprites\Player 1\dash\PNG\dash_0001.png","Assets\RecursosUnificados\ChegaComJhon\Sprites\Objetos\Player 1\Dash\PNG\dash_0001.png","df262b3db66a92840a5a7b97d4df6388","4B9430FDDF6A385CE46CD2FAF058946AC6AAA39768FB0B93F414CD00EDD6FCDB","6635",".png"
"duplicata_exata_sem_referencia","Assets\RecursosUnificados\BranchPedrao\Sprites\Player 1\dash\PNG\dash_0002.png","Assets\RecursosUnificados\ChegaComJhon\Sprites\Objetos\Player 1\Dash\PNG\dash_0002.png","a3849581bf033e848bd8fff37c85126d","9879FAD170B7F016E6AEC3DE890200D3BB1EE09AF42C4430AED9EE21D411FFCB","6167",".png"
"duplicata_exata_sem_referencia","Assets\RecursosUnificados\BranchPedrao\Sprites\Player 1\dash\PNG\dash_0003.png","Assets\RecursosUnificados\ChegaComJhon\Sprites\Objetos\Player 1\Dash\PNG\dash_0003.png","f8688a82cb3551a45b9a41c31e01504b","620978118AA5403A63782B47EBAE6C2FDF189AD977BEBFF2E26E08253BD510EB","5772",".png"
"duplicata_exata_sem_referencia","Assets\RecursosUnificados\BranchPedrao\Sprites\Player 1\dash\PNG\dash_0004.png","Assets\RecursosUnificados\ChegaComJhon\Sprites\Objetos\Player 1\Dash\PNG\dash_0004.png","7fb6ac073d9915047bc522e9e14ba0a1","13CCFC64AA85B87C7E9E7000175E3E3C4FEEF331C6F200EC8391DAC8862CE4A7","5855",".png"
"duplicata_exata_sem_referencia","Assets\RecursosUnificados\BranchPedrao\Sprites\Player 1\dash\PNG\dash_0005.png","Assets\RecursosUnificados\ChegaComJhon\Sprites\Objetos\Player 1\Dash\PNG\dash_0005.png","f36d5decf41320f45b67c84a26fb8b52","C567188F11A924E6C0F06E02525483EB37F117EDB7781E91AEA5836DFB27546D","5431",".png"
"duplicata_exata_sem_referencia","Assets\RecursosUnificados\BranchPedrao\Sprites\Player 1\dash\PNG\dash_0006.png","Assets\RecursosUnificados\ChegaComJhon\Sprites\Objetos\Player 1\Dash\PNG\dash_0006.png","ca1ea0685ffb7d748a4dd1035922fa20","630BE792829C14B3FE5E6A1C3BE9D78E7F35A4304EABA1201BF93A9C9DED5B9D","5406",".png"
"duplicata_exata_sem_referencia","Assets\RecursosUnificados\BranchPedrao\Sprites\Player 1\dash\PNG\dash_0007.png","Assets\RecursosUnificados\ChegaComJhon\Sprites\Objetos\Player 1\Dash\PNG\dash_0007.png","1ef5442bee0cdff43a06ea448f597987","77095069069AFE216394BA2D6E3CE3955FABF6845E4E3DFDDD1AE2D144E9EBD3","5477",".png"
"duplicata_exata_sem_referencia","Assets\RecursosUnificados\BranchPedrao\Sprites\Player 1\dash\PNG\dash_0008.png","Assets\RecursosUnificados\ChegaComJhon\Sprites\Objetos\Player 1\Dash\PNG\dash_0008.png","776fa03a210165047b62ba18d72ccd46","ED795C9494476DF582102A194111C2E00331D1FCC447F92B128CC17937B584FE","5455",".png"
"duplicata_exata_sem_referencia","Assets\RecursosUnificados\BranchPedrao\Sprites\Player 1\dash\PNG\dash_0009.png","Assets\RecursosUnificados\ChegaComJhon\Sprites\Objetos\Player 1\Dash\PNG\dash_0009.png","8a58f64a974da0a46b4cc4e28ce8f5e7","8101B05BBEF0E8F65699FE89ED5EC924B3EB8A06D40816C11C52302A9FE7547D","5404",".png"
"duplicata_exata_sem_referencia","Assets\RecursosUnificados\BranchPedrao\Sprites\Player 1\dash\PNG\dash_0010.png","Assets\RecursosUnificados\ChegaComJhon\Sprites\Objetos\Player 1\Dash\PNG\dash_0010.png","384b823d4fa1ccf428a646ab40b2824e","B6837AC2E1212E3EB6A660ADF527787F754CE78BFBE8177D8C4520633D33C71B","6108",".png"
"duplicata_exata_sem_referencia","Assets\RecursosUnificados\BranchPedrao\Sprites\Player 1\dash\PNG\dash_0011.png","Assets\RecursosUnificados\ChegaComJhon\Sprites\Objetos\Player 1\Dash\PNG\dash_0011.png","d3f3f1d5d3f027640bcfc3c1a2d898de","674BEC64976EF5C531011DF22F307993F13BEF8CA82F4A5C3E6C2F61E1A8EE9A","5928",".png"
"duplicata_exata_sem_referencia","Assets\RecursosUnificados\BranchPedrao\Sprites\Player 1\dash\PNG\dash_0012.png","Assets\RecursosUnificados\ChegaComJhon\Sprites\Objetos\Player 1\Dash\PNG\dash_0012.png","3f2cf004f9a3b854eb17a47057be50cc","86F1553E6A81BD5B49892B4D15BE575FB5D24DC48D6A69A9E31DF4861AC3E3CD","6720",".png"
"duplicata_exata_sem_referencia","Assets\RecursosUnificados\BranchPedrao\Sprites\Player 1\dash\PNG\dash_0013.png","Assets\RecursosUnificados\ChegaComJhon\Sprites\Objetos\Player 1\Dash\PNG\dash_0013.png","8fd75a6bbd093ca45bfb669b5993a58b","268C2CC1D92962531353FC45EECD0C365394D4CE0F4A14A472A372682B89939F","6175",".png"
"duplicata_exata_sem_referencia","Assets\RecursosUnificados\BranchPedrao\Sprites\Player 1\dead\dead_0001.png","Assets\RecursosUnificados\ChegaComJhon\Sprites\Objetos\Player 1\Dead\dead_0001.png","de7cb08b3cd2f91419ba843e4768b6fa","523EA7129B2FFE217962D0BC31E9250F5090DD784596E8B6566A4E92E69D6F5B","7557",".png"
"duplicata_exata_sem_referencia","Assets\RecursosUnificados\BranchPedrao\Sprites\Player 1\dead\dead_0002.png","Assets\RecursosUnificados\ChegaComJhon\Sprites\Objetos\Player 1\Dead\dead_0002.png","8cb486d445153064f81721cfa73bd55a","4C47BB1CF7A77D5C7DDEEDB98B036EB9A550711C5ABA6292B8A898D3992A83DE","6905",".png"
"duplicata_exata_sem_referencia","Assets\RecursosUnificados\BranchPedrao\Sprites\Player 1\dead\dead_0003.png","Assets\RecursosUnificados\ChegaComJhon\Sprites\Objetos\Player 1\Dead\dead_0003.png","965f39b5fa6921546bf3e891dcc68ec2","E4EA041939483AD91B70D0E95E9C8BF479ED865C39C6A6F3536D56528853A4D9","7108",".png"
"duplicata_exata_sem_referencia","Assets\RecursosUnificados\BranchPedrao\Sprites\Player 1\dead\dead_0004.png","Assets\RecursosUnificados\ChegaComJhon\Sprites\Objetos\Player 1\Dead\dead_0004.png","f9a4887ca27f6d541bc05737b2ee6e49","90881654C2C55A0EAA7ACFB223ECD900F949D57BCE49566039AAE3B05FE7FE93","4993",".png"
"duplicata_exata_sem_referencia","Assets\RecursosUnificados\BranchPedrao\Sprites\Player 1\dead\dead_0005.png","Assets\RecursosUnificados\ChegaComJhon\Sprites\Objetos\Player 1\Dead\dead_0005.png","0527f6c33c92f314e9d23abfabce0c9b","A4A8EB12D866E0A2F35486532BA330E6D716F27E4FC62355F145752A501BECE7","4396",".png"
"duplicata_exata_sem_referencia","Assets\RecursosUnificados\BranchPedrao\Sprites\Player 1\dead\dead_0006.png","Assets\RecursosUnificados\ChegaComJhon\Sprites\Objetos\Player 1\Dead\dead_0006.png","32a8bc70601706a43a86c549877ae896","E247B58DDFE40AC8A62D553050971325F14B4547844BBB3133DD9F5C5580C66F","3913",".png"
"duplicata_exata_sem_referencia","Assets\RecursosUnificados\BranchPedrao\Sprites\Player 1\DMG-animation\DMG-animation_0001.png","Assets\RecursosUnificados\ChegaComJhon\Sprites\Objetos\Player 1\DMG-animation\DMG-animation_0001.png","5c6119fdf621a4142bcd0fceb45ce289","C4B00B39C3A80EA1692A97C9BF3A2F1336CA9B894F8ADE0AF92FAC886050906C","11638",".png"
"duplicata_exata_sem_referencia","Assets\RecursosUnificados\BranchPedrao\Sprites\Player 1\DMG-animation\DMG-animation_0002.png","Assets\RecursosUnificados\ChegaComJhon\Sprites\Objetos\Player 1\DMG-animation\DMG-animation_0002.png","26b78b27ee79a6342a1b7e11329d0712","FA2FFA10CC0DBC9B7CC51ED875DE172137940A313E93E6953C1BE82060FB171D","8187",".png"
"duplicata_exata_sem_referencia","Assets\RecursosUnificados\BranchPedrao\Sprites\Player 1\DMG-animation\DMG-animation_0003.png","Assets\RecursosUnificados\ChegaComJhon\Sprites\Objetos\Player 1\DMG-animation\DMG-animation_0003.png","760774888fa51174481d47eb796fb55d","0E9678CC9C32DFC00B2A288890C464900C9C9ABF576824BFCE442D2211D8C80F","7607",".png"
"duplicata_exata_sem_referencia","Assets\RecursosUnificados\BranchPedrao\Sprites\Player 1\DMG-animation\DMG-animation_0004.png","Assets\RecursosUnificados\ChegaComJhon\Sprites\Objetos\Player 1\DMG-animation\DMG-animation_0004.png","6615ef0d420c71c459dbf77f271f8fb2","BAD53E9B79C4DAB2AD35CCCC8D98FAD6204F5F9C95CB74B384746BC4879535D6","11452",".png"
"duplicata_exata_sem_referencia","Assets\RecursosUnificados\BranchPedrao\Sprites\Player 1\DMG-animation\DMG-animation_0005.png","Assets\RecursosUnificados\ChegaComJhon\Sprites\Objetos\Player 1\DMG-animation\DMG-animation_0005.png","826fa4645db6ca14991063c829f82f8e","2DFAF8CF5FA8A6677849DAA90AA7EC456B8558979E55B8B1C9A9C4398ADFC168","10901",".png"
"duplicata_exata_sem_referencia","Assets\RecursosUnificados\BranchPedrao\Sprites\Player 1\idle\idle.gif","Assets\RecursosUnificados\ChegaComJhon\Sprites\Objetos\Player 1\Idle\idle.gif","6508c0b4130b61b479164d17c4cb9ef3","59CE5BD910F93A1BFAF3607F685B4D27B0DCC46EC0045E3AE5A1D7E7976C1FFB","24053",".gif"
"duplicata_exata_sem_referencia","Assets\RecursosUnificados\BranchPedrao\Sprites\Player 1\idle\idle.gif","Assets\RecursosUnificados\ChegaComJhon\Sprites\Objetos\Player 1\Idle\idle1.gif","30655763e8953144dbc3ba127aead954","59CE5BD910F93A1BFAF3607F685B4D27B0DCC46EC0045E3AE5A1D7E7976C1FFB","24053",".gif"
"duplicata_exata_sem_referencia","Assets\RecursosUnificados\BranchPedrao\Sprites\Player 1\idle\idle1.png","Assets\RecursosUnificados\ChegaComJhon\Sprites\Objetos\Player 1\Idle\idle1.png","297d752d295a6664b83c855c9703658e","5F53A428EB9BA7ED7DA6B65B45D36CC360D4A214DA264B441E87E6E847F72EE7","5394",".png"
"duplicata_exata_sem_referencia","Assets\RecursosUnificados\BranchPedrao\Sprites\Player 1\idle\idle2.png","Assets\RecursosUnificados\ChegaComJhon\Sprites\Objetos\Player 1\Idle\idle2.png","9e61ea88f4db50b4095b06bc3a0144f6","CA2EB5D93DF1881F49E75FFDDDD28C9AEAF9F1C1954F5BEB7A7BF3622B9CD3FA","6682",".png"
"duplicata_exata_sem_referencia","Assets\RecursosUnificados\BranchPedrao\Sprites\Player 1\idle\idle3.png","Assets\RecursosUnificados\ChegaComJhon\Sprites\Objetos\Player 1\Idle\idle3.png","78a00e6741a13354bab8cf6ccf7ead27","94E4571633B340BDC1F9E289B55202AD4B616489A838331E870B2E2C57FEFD0D","5975",".png"
"duplicata_exata_sem_referencia","Assets\RecursosUnificados\BranchPedrao\Sprites\Player 1\idle\idle4.png","Assets\RecursosUnificados\ChegaComJhon\Sprites\Objetos\Player 1\Idle\idle4.png","73513c708d219ef4a89b0c0077ef5e19","468730F04EFA4685AE03063FEA1C6C7A3CCBCF10539D639A1B65D4A373721912","6796",".png"
"duplicata_exata_sem_referencia","Assets\RecursosUnificados\BranchPedrao\Sprites\Player 1\idle\idle5.png","Assets\RecursosUnificados\ChegaComJhon\Sprites\Objetos\Player 1\Idle\idle5.png","831c020ccdcdb64439e37f28e441933f","53203C5FBFD3129A4674B0D0B606A6E8CDFE41F7141A179B16A2AFFEF08DBFA9","6117",".png"
"duplicata_exata_sem_referencia","Assets\RecursosUnificados\BranchPedrao\Sprites\Player 1\idle\idle6.png","Assets\RecursosUnificados\ChegaComJhon\Sprites\Objetos\Player 1\Idle\idle6.png","6c7c0b27d8f4cf94790eed689f79dbae","B72ABA02DF4361D783E4BBEA10D9DEEFCA5868C2BC5960C29EC2D1862C0C5BC7","6672",".png"
"duplicata_exata_sem_referencia","Assets\RecursosUnificados\BranchPedrao\Sprites\Player 1\idle\idle7.png","Assets\RecursosUnificados\ChegaComJhon\Sprites\Objetos\Player 1\Idle\idle7.png","4f38f8a23f5a0e341b70d9401718521b","7EB5398742E3DC2EA51F58A2D96466D137327E286F292EE442B8142C4C23EF2E","6001",".png"
"duplicata_exata_sem_referencia","Assets\RecursosUnificados\BranchPedrao\Sprites\Player 1\idle\idle8.png","Assets\RecursosUnificados\ChegaComJhon\Sprites\Objetos\Player 1\Idle\idle8.png","a46f2ffffbb72734ea3c2aeb58148923","F794A2260F23E7993DE422780CE3A323CBE1A0A8B763632F1923D340A62570B9","6537",".png"
"duplicata_exata_sem_referencia","Assets\RecursosUnificados\BranchPedrao\Sprites\Player 1\idle\idle9.png","Assets\RecursosUnificados\ChegaComJhon\Sprites\Objetos\Player 1\Idle\idle9.png","03b53eaa83aff2249b133bd9daf30072","C653EBB79010C6A8657647552BC1DFE639924009777C131B9B48657FD85AF47E","5664",".png"
"duplicata_exata_sem_referencia","Assets\RecursosUnificados\BranchPedrao\Sprites\Player 1\idle\init.png","Assets\RecursosUnificados\ChegaComJhon\Sprites\Objetos\Player 1\Idle\init.png","821a255b1c5211c4183c7d1ddbf6d5c0","438D425604185EF8A62E11DEE69184DA6C1CB43E353AE73D408629054C037831","5901",".png"
"duplicata_exata_sem_referencia","Assets\RecursosUnificados\BranchPedrao\Sprites\Player 1\idle\init-fix.png","Assets\RecursosUnificados\ChegaComJhon\Sprites\Objetos\Player 1\Idle\init-fix.png","a71a0c30025e0044898d1a6252c5cbe4","BCDEA921DB9EAF16DD99E68D1C1C0E620EACC157AC2ABD6B4583207CC79D8E96","5504",".png"
"duplicata_exata_sem_referencia","Assets\RecursosUnificados\BranchPedrao\Sprites\Player 1\jump-(pode ser trocado com o tempo)\jump(menos ruim).gif","Assets\RecursosUnificados\ChegaComJhon\Sprites\Objetos\Player 1\jump-(pode ser trocado com o tempo)\jump(menos ruim).gif","994827eabb0bfca478ce2a96fb61c23f","0BC84412D3527A5C5D114F5CA7BC39E55F1A63CF8DF8B1FEC4D47B33624CEDB5","37829",".gif"
"duplicata_exata_sem_referencia","Assets\RecursosUnificados\BranchPedrao\Sprites\Player 1\jump-(pode ser trocado com o tempo)\opção2.gif","Assets\RecursosUnificados\ChegaComJhon\Sprites\Objetos\Player 1\jump-(pode ser trocado com o tempo)\opção2.gif","7cd5051a4952b104fac5d8ce4300b02d","0AED5458121C18E5391A2A7297AE5F3F7726A4F747679614453F95C0F89CCB02","38166",".gif"
"duplicata_exata_sem_referencia","Assets\RecursosUnificados\BranchPedrao\Sprites\Player 1\idle\idle1.png","Assets\RecursosUnificados\ChegaComJhon\Sprites\Objetos\Player 1\jump-(pode ser trocado com o tempo)\PNGS\PNGS_0001.png","0c103a5ce7f321945bc9f01ef9fec06d","5F53A428EB9BA7ED7DA6B65B45D36CC360D4A214DA264B441E87E6E847F72EE7","5394",".png"
"duplicata_exata_sem_referencia","Assets\RecursosUnificados\BranchPedrao\Sprites\Player 1\jump-(pode ser trocado com o tempo)\PNGS\PNGS_0002.png","Assets\RecursosUnificados\ChegaComJhon\Sprites\Objetos\Player 1\jump-(pode ser trocado com o tempo)\PNGS\PNGS_0002.png","e545ff381ebd90147b3487166dacc445","2FB1145EB4BCE04E40150CD314F8E75ABF6DA270AB1C63B83DC82C8AF8305175","6992",".png"
"duplicata_exata_sem_referencia","Assets\RecursosUnificados\BranchPedrao\Sprites\Player 1\jump-(pode ser trocado com o tempo)\PNGS\PNGS_0003.png","Assets\RecursosUnificados\ChegaComJhon\Sprites\Objetos\Player 1\jump-(pode ser trocado com o tempo)\PNGS\PNGS_0003.png","0a8fec5b9a7996b41b1624061233be04","53D0E799F0E79B18BB7245430AEC51737435B173A988983249E3FDFDB28F25C4","6219",".png"
"duplicata_exata_sem_referencia","Assets\RecursosUnificados\BranchPedrao\Sprites\Player 1\jump-(pode ser trocado com o tempo)\PNGS\PNGS_0004.png","Assets\RecursosUnificados\ChegaComJhon\Sprites\Objetos\Player 1\jump-(pode ser trocado com o tempo)\PNGS\PNGS_0004.png","787bee5c85fc7004f982238614293973","B94A40BD1BE3204963DB02D9E858686D6E3DC54CE725459459179C83FC0BF078","6806",".png"
"duplicata_exata_sem_referencia","Assets\RecursosUnificados\BranchPedrao\Sprites\Player 1\jump-(pode ser trocado com o tempo)\PNGS\PNGS_0005.png","Assets\RecursosUnificados\ChegaComJhon\Sprites\Objetos\Player 1\jump-(pode ser trocado com o tempo)\PNGS\PNGS_0005.png","a5e0dd813624c084fb9923fdf519f5c9","91B9BD1476880B804B376A2E801F3235E3BF327423B7FAE44CCCF031D87EA69D","6108",".png"
"duplicata_exata_sem_referencia","Assets\RecursosUnificados\BranchPedrao\Sprites\Player 1\jump-(pode ser trocado com o tempo)\PNGS\PNGS_0006.png","Assets\RecursosUnificados\ChegaComJhon\Sprites\Objetos\Player 1\jump-(pode ser trocado com o tempo)\PNGS\PNGS_0006.png","c69bfaefa16bf93488f548b48fde57be","480F2E7549A2ED6DDEEFA9C9E16736D57A823142B3D9D76F23EDF6318F65E1A0","6846",".png"
"duplicata_exata_sem_referencia","Assets\RecursosUnificados\BranchPedrao\Sprites\Player 1\jump-(pode ser trocado com o tempo)\PNGS\PNGS_0007.png","Assets\RecursosUnificados\ChegaComJhon\Sprites\Objetos\Player 1\jump-(pode ser trocado com o tempo)\PNGS\PNGS_0007.png","9c61ed4b40772b54886f6757e28bc3b7","3FD30D4258294A70D9DFE75AB3A867CAFB508ACDDC8B7FFA75E47D5B3C9FED47","6244",".png"
"duplicata_exata_sem_referencia","Assets\RecursosUnificados\BranchPedrao\Sprites\Player 1\jump-(pode ser trocado com o tempo)\PNGS\PNGS_0008.png","Assets\RecursosUnificados\ChegaComJhon\Sprites\Objetos\Player 1\jump-(pode ser trocado com o tempo)\PNGS\PNGS_0008.png","0672d09d04f32cb45925c4a5579aa4c4","C45FCE2C5D9B381105CBB275DD869A07B490CD03C4964FCCDDD6FA816E68F038","6990",".png"
"duplicata_exata_sem_referencia","Assets\RecursosUnificados\BranchPedrao\Sprites\Player 1\jump-(pode ser trocado com o tempo)\PNGS\PNGS_0009.png","Assets\RecursosUnificados\ChegaComJhon\Sprites\Objetos\Player 1\jump-(pode ser trocado com o tempo)\PNGS\PNGS_0009.png","b9673b5c0c40bdc46804e0c4a0a3d20e","5396A50F8E7201D3897D3B1BFFCDD459B88229E527F6B48303702E079E799DF3","6021",".png"
"duplicata_exata_sem_referencia","Assets\RecursosUnificados\BranchPedrao\Sprites\Player 1\jump-(pode ser trocado com o tempo)\PNGS\PNGS_0010.png","Assets\RecursosUnificados\ChegaComJhon\Sprites\Objetos\Player 1\jump-(pode ser trocado com o tempo)\PNGS\PNGS_0010.png","ebc7934cdc4091b44a999b8c4930ac44","D0A078CBA0019A62DC46C6993B24B2423897E02126CE73CA4476A37D18BCBE70","6275",".png"
"duplicata_exata_sem_referencia","Assets\RecursosUnificados\BranchPedrao\Sprites\Player 1\jump-(pode ser trocado com o tempo)\PNGS\PNGS_0011.png","Assets\RecursosUnificados\ChegaComJhon\Sprites\Objetos\Player 1\jump-(pode ser trocado com o tempo)\PNGS\PNGS_0011.png","370cfac45c6fb7f4789a9fc0493d61a9","B6204ED036DA1B0771D831399EE0E92F38ED0F53122E2957CA95DFD340D53048","5776",".png"
"duplicata_exata_sem_referencia","Assets\RecursosUnificados\BranchPedrao\Sprites\Player 1\jump-(pode ser trocado com o tempo)\PNGS\PNGS_0012.png","Assets\RecursosUnificados\ChegaComJhon\Sprites\Objetos\Player 1\jump-(pode ser trocado com o tempo)\PNGS\PNGS_0012.png","6bb057aec64a9154ab8f7b9c073b3c59","2C2996EFE463F5098BB7B8C5BF744915A5216101C62B515F0C9642754DE6F164","6678",".png"
"duplicata_exata_sem_referencia","Assets\RecursosUnificados\BranchPedrao\Sprites\Player 1\jump-(pode ser trocado com o tempo)\PNGS\PNGS_0013.png","Assets\RecursosUnificados\ChegaComJhon\Sprites\Objetos\Player 1\jump-(pode ser trocado com o tempo)\PNGS\PNGS_0013.png","9a64ef6ccffef8c4ab74a08fcd78e819","8415284471C3D88B731BB8B7FE3FD0135820846945FF94800EB9E07BAA52CE95","6218",".png"
"duplicata_exata_sem_referencia","Assets\RecursosUnificados\BranchPedrao\Sprites\Player 1\jump-(pode ser trocado com o tempo)\prop-jump.gif","Assets\RecursosUnificados\ChegaComJhon\Sprites\Objetos\Player 1\jump-(pode ser trocado com o tempo)\prop-jump.gif","c905735989afc794c954bc3141b5d20d","16681D0E6AFB2B27F1BC8CF077FAFFEEC95F7B829C4A564D3D6EC7B373EE5F42","48326",".gif"
"duplicata_exata_sem_referencia","Assets\RecursosUnificados\BranchPedrao\Sprites\Player 1\jump-plataforma\jump-plataforma_0001.png","Assets\RecursosUnificados\ChegaComJhon\Sprites\Objetos\Player 1\jump-plataforma\jump-plataforma_0001.png","923fd5bd6a5ec9840b8dd4899424e5b0","0CFC1A7DD43A14F588D38A561AC3D40E51BC7E1213AB3E13C782A368D326D023","5088",".png"
"duplicata_exata_sem_referencia","Assets\RecursosUnificados\BranchPedrao\Sprites\Player 1\jump-plataforma\jump-plataforma_0002.png","Assets\RecursosUnificados\ChegaComJhon\Sprites\Objetos\Player 1\jump-plataforma\jump-plataforma_0002.png","fd9923905349d0a4dba12a276b249121","80133CB9976803855B422B41342A41DA7EE5215A3DBE0484F74382AA0311CD49","5736",".png"
"duplicata_exata_sem_referencia","Assets\RecursosUnificados\BranchPedrao\Sprites\Player 1\jump-plataforma\jump-plataforma_0003.png","Assets\RecursosUnificados\ChegaComJhon\Sprites\Objetos\Player 1\jump-plataforma\jump-plataforma_0003.png","bd3a4fe5fd392834abe6169a23be8cd3","B6E91389CA2A97EAB73363468ED26F7CF22A64F2AB32C5B0890B71F0743C3BF4","5315",".png"
"duplicata_exata_sem_referencia","Assets\RecursosUnificados\BranchPedrao\Sprites\Player 1\jump-plataforma\jump-plataforma_0004.png","Assets\RecursosUnificados\ChegaComJhon\Sprites\Objetos\Player 1\jump-plataforma\jump-plataforma_0004.png","f7861782f6e740146b6a8631edcf0eb0","C3B682B514B15762AA0993DA334E7D00C40CB79331773859A768644899ECEF3C","6091",".png"
"duplicata_exata_sem_referencia","Assets\RecursosUnificados\BranchPedrao\Sprites\Player 1\jump-plataforma\jump-plataforma_0005.png","Assets\RecursosUnificados\ChegaComJhon\Sprites\Objetos\Player 1\jump-plataforma\jump-plataforma_0005.png","fa4db52215903994d94ac9b331c48889","62D4E0B7451CD753306E4B41B699150114365836451D77BA1D302F041EA8E9AA","5463",".png"
"duplicata_exata_sem_referencia","Assets\RecursosUnificados\BranchPedrao\Sprites\Player 1\jump-plataforma\jump-plataforma_0006.png","Assets\RecursosUnificados\ChegaComJhon\Sprites\Objetos\Player 1\jump-plataforma\jump-plataforma_0006.png","749ac5be54f57704183c311a63898d3f","B427A5780BB61ED9CED85892572B569E7D2638894B23F248E0C45C657E89CA4C","6690",".png"
"duplicata_exata_sem_referencia","Assets\RecursosUnificados\BranchPedrao\Sprites\Player 1\jump-plataforma\jump-plataforma_0007.png","Assets\RecursosUnificados\ChegaComJhon\Sprites\Objetos\Player 1\jump-plataforma\jump-plataforma_0007.png","8ed78a5db2b7a1e4eae6cd1edfaa57e8","2F343559676131A8F070EA628EE69B8F5B92958B7D1C3BE3E938B58DFD3C5556","7571",".png"
"duplicata_exata_sem_referencia","Assets\RecursosUnificados\BranchPedrao\Sprites\Player 1\jump-plataforma\jump-plataforma_0008.png","Assets\RecursosUnificados\ChegaComJhon\Sprites\Objetos\Player 1\jump-plataforma\jump-plataforma_0008.png","7e80470c1a8041e43a4a582790cd5bd0","E6B32E1EEF09B9B5E64D0906F696E94ECBDA1F226AA6CEE850FCADB08D92A8B4","9114",".png"
"duplicata_exata_sem_referencia","Assets\RecursosUnificados\BranchPedrao\Sprites\Player 1\jump-plataforma\jump-plataforma_0009.png","Assets\RecursosUnificados\ChegaComJhon\Sprites\Objetos\Player 1\jump-plataforma\jump-plataforma_0009.png","0a6ea43369ccdbe4090dd4ae4c187d53","018682A5F02EB7710AE06FF76D30FE8FCE27AFE9AAFFB6947147084806C0F7E3","5562",".png"
"duplicata_exata_sem_referencia","Assets\RecursosUnificados\BranchPedrao\Sprites\Player 1\prop\pixellab-anima--o-de-dash--part-culas-d-1776644095409.gif","Assets\RecursosUnificados\ChegaComJhon\Sprites\Objetos\Player 1\Prop\pixellab-anima--o-de-dash--part-culas-d-1776644095409.gif","67eaff079c8fad24a9ffe396a6aa4681","7539CA899966F7B46DF3A9851C4B60E0A1527DAD7E52BA7B45B15D5C4B2C7D89","7089",".gif"
"duplicata_exata_sem_referencia","Assets\RecursosUnificados\BranchPedrao\Sprites\Player 1\prop\pixellab-make-it-be-the-last-frame-of-t-1776633168244.png","Assets\RecursosUnificados\ChegaComJhon\Sprites\Objetos\Player 1\Prop\pixellab-make-it-be-the-last-frame-of-t-1776633168244.png","ff226b05ed078b94c83e75e7568f4d52","C49486ED6FAEB24CE9AFA2BBAF2AB66A816B866209AB088CCEA1468C9A640A06","11217",".png"
"duplicata_exata_sem_referencia","Assets\RecursosUnificados\BranchPedrao\Sprites\Player 1\prop\pixellab-make-it-be-the-last-frame-of-t-1776633537342.png","Assets\RecursosUnificados\ChegaComJhon\Sprites\Objetos\Player 1\Prop\pixellab-make-it-be-the-last-frame-of-t-1776633537342.png","aec64bc2548399c4f959f2af5814ec70","E2D96E56977F5A747CA3CB95FDB70C6D775C8AF93B8F4B8FBE9F0C2964E571A6","7909",".png"
"duplicata_exata_sem_referencia","Assets\RecursosUnificados\BranchPedrao\Sprites\Player 1\dash\animação inacabada do dash.gif","Assets\RecursosUnificados\ChegaComJhon\Sprites\Objetos\Player 1\Prop\pixellab-The-hooded-figure-shifts-their-1776643828722 (1).gif","12e47368592235a4fb230a56207d23ae","44D3D97542D088CB76DABF6557DF46FA6BFF538830B55F460C4F65AD66E9E994","32154",".gif"
"duplicata_exata_sem_referencia","Assets\RecursosUnificados\BranchPedrao\Sprites\Player 1\prop\start-attk.png","Assets\RecursosUnificados\ChegaComJhon\Sprites\Objetos\Player 1\Prop\start-attk.png","95671e42e9fe73e4ea739c15975dc481","BEB08906FB72D8536AA2B2624CA44F5BA2FBE785F564804A1C82853F04053B56","6789",".png"
"duplicata_exata_sem_referencia","Assets\RecursosUnificados\BranchPedrao\Sprites\Player 1\run\png\pixellab-The-hooded-figure-shifts-their-1776630699897_0001.png","Assets\RecursosUnificados\ChegaComJhon\Sprites\Objetos\Player 1\Run\png\pixellab-The-hooded-figure-shifts-their-1776630699897_0001.png","b8be8c47fdd30f94eb8c7d15c8f95775","92116BCB07BD4A3F805BB0E101104CDB4D1D6FAE9302BA2D5C6660BB653ABB0E","6289",".png"
"duplicata_exata_sem_referencia","Assets\RecursosUnificados\BranchPedrao\Sprites\Player 1\run\png\pixellab-The-hooded-figure-shifts-their-1776630699897_0002.png","Assets\RecursosUnificados\ChegaComJhon\Sprites\Objetos\Player 1\Run\png\pixellab-The-hooded-figure-shifts-their-1776630699897_0002.png","a0feb683b0cb72f489fc23e9be18ef90","055BFAEFA314390BB5BA9F3C3EB2FE37DDE71DE7A35BC90C25BEB1D1AF1C16A8","6569",".png"
"duplicata_exata_sem_referencia","Assets\RecursosUnificados\BranchPedrao\Sprites\Player 1\run\png\pixellab-The-hooded-figure-shifts-their-1776630699897_0003.png","Assets\RecursosUnificados\ChegaComJhon\Sprites\Objetos\Player 1\Run\png\pixellab-The-hooded-figure-shifts-their-1776630699897_0003.png","39da6ca7791fcd34f89ad675746bd08b","6994C35FAD6645ED54EFC6819174B1DE2BD771962B84CA34CFDAB23ACE96E5FB","6033",".png"
"duplicata_exata_sem_referencia","Assets\RecursosUnificados\BranchPedrao\Sprites\Player 1\run\png\pixellab-The-hooded-figure-shifts-their-1776630699897_0004.png","Assets\RecursosUnificados\ChegaComJhon\Sprites\Objetos\Player 1\Run\png\pixellab-The-hooded-figure-shifts-their-1776630699897_0004.png","a6e1a113ae1e1a44fa4101ee2f745529","6D9B088CC40D62935CBED7BDD66A14F8F39166E07CA49E918F1E3AE8AF546E0A","6751",".png"
"duplicata_exata_sem_referencia","Assets\RecursosUnificados\BranchPedrao\Sprites\Player 1\run\png\pixellab-The-hooded-figure-shifts-their-1776630699897_0005.png","Assets\RecursosUnificados\ChegaComJhon\Sprites\Objetos\Player 1\Run\png\pixellab-The-hooded-figure-shifts-their-1776630699897_0005.png","f7b3448720ef00a48ae13ed631914f66","837390BA3B5D77D7D06F353286FF2928C763AD7E97E14B71658D26BABB4B6290","6465",".png"
"duplicata_exata_sem_referencia","Assets\RecursosUnificados\BranchPedrao\Sprites\Player 1\run\png\pixellab-The-hooded-figure-shifts-their-1776630699897_0006.png","Assets\RecursosUnificados\ChegaComJhon\Sprites\Objetos\Player 1\Run\png\pixellab-The-hooded-figure-shifts-their-1776630699897_0006.png","a04c4f58b5a27504eb2e298e45887fda","913E789518DFCD83C890132CD035E5490CD59C7B60FABB171AB251B48E3BB422","6950",".png"
"duplicata_exata_sem_referencia","Assets\RecursosUnificados\BranchPedrao\Sprites\Player 1\run\png\pixellab-The-hooded-figure-shifts-their-1776630699897_0007.png","Assets\RecursosUnificados\ChegaComJhon\Sprites\Objetos\Player 1\Run\png\pixellab-The-hooded-figure-shifts-their-1776630699897_0007.png","821d7530e07049d43b12ca5e5581ec7d","13DE71F0955C1DB6D6CC94269A7C64D6F34548CB19C5E46172E96538F7FB1954","6197",".png"
"duplicata_exata_sem_referencia","Assets\RecursosUnificados\BranchPedrao\Sprites\Player 1\run\png\pixellab-The-hooded-figure-shifts-their-1776630699897_0008.png","Assets\RecursosUnificados\ChegaComJhon\Sprites\Objetos\Player 1\Run\png\pixellab-The-hooded-figure-shifts-their-1776630699897_0008.png","84a531b9665dc504fb1293dab0c0b209","CB1304923E95FEB30D5B49C1368DC802A9363E1431C5208630A999297F070FBE","6614",".png"
"duplicata_exata_sem_referencia","Assets\RecursosUnificados\BranchPedrao\Sprites\Player 1\run\png\pixellab-The-hooded-figure-shifts-their-1776630699897_0009.png","Assets\RecursosUnificados\ChegaComJhon\Sprites\Objetos\Player 1\Run\png\pixellab-The-hooded-figure-shifts-their-1776630699897_0009.png","9cc6f3cf6d1cc9643b4485d4de406704","BC8A760C270816E0A1A85128549673DD2CC9EC7205D43977B4091B03ED8CC006","5888",".png"
"duplicata_exata_sem_referencia","Assets\RecursosUnificados\BranchPedrao\Sprites\Player 1\run\png\pixellab-The-hooded-figure-shifts-their-1776630699897_0010.png","Assets\RecursosUnificados\ChegaComJhon\Sprites\Objetos\Player 1\Run\png\pixellab-The-hooded-figure-shifts-their-1776630699897_0010.png","db9cf29411d1144418c218caf9f8515f","BFC7B0D40EF27EA601C96AA8F60D08FC50895547D5769B9A2D12AE536C12720D","6562",".png"
"duplicata_exata_sem_referencia","Assets\RecursosUnificados\BranchPedrao\Sprites\Player 1\run\png\pixellab-The-hooded-figure-shifts-their-1776630699897_0011.png","Assets\RecursosUnificados\ChegaComJhon\Sprites\Objetos\Player 1\Run\png\pixellab-The-hooded-figure-shifts-their-1776630699897_0011.png","e2f8d490bbc610d47bd5b7542e2636f7","BEC6EBB2C2C1BC15978D030E176AFE2D21876E9BF0D02C3C02C15D9D6F8A0B1F","6370",".png"
"duplicata_exata_sem_referencia","Assets\RecursosUnificados\BranchPedrao\Sprites\Player 1\run\png\pixellab-The-hooded-figure-shifts-their-1776630699897_0012.png","Assets\RecursosUnificados\ChegaComJhon\Sprites\Objetos\Player 1\Run\png\pixellab-The-hooded-figure-shifts-their-1776630699897_0012.png","237d0e5bb75358f4fbbd550df86ad1db","7A68865CAD1D4A6E44C386544B74D876B60F7C58E9BC7FEDC6B2E5E72FDD35E9","7247",".png"
"duplicata_exata_sem_referencia","Assets\RecursosUnificados\BranchPedrao\Sprites\Player 1\run\png\pixellab-The-hooded-figure-shifts-their-1776630699897_0013.png","Assets\RecursosUnificados\ChegaComJhon\Sprites\Objetos\Player 1\Run\png\pixellab-The-hooded-figure-shifts-their-1776630699897_0013.png","751eaf22962e5564d8493e3b2eacc0b5","1A45D69C9C7C535315993EFEF37C635633699426254E6CEACB174DE5EB5CEB11","6282",".png"
"duplicata_exata_sem_referencia","Assets\RecursosUnificados\BranchPedrao\Sprites\Player 1\run\run-loop.gif","Assets\RecursosUnificados\ChegaComJhon\Sprites\Objetos\Player 1\Run\run-loop.gif","579f7a2e59ffb854f8e9e1ad80d68f05","1EB9919D1441693DC40F325AF15212B726D7A0C72198B5E3090C5A7B7E76950E","36830",".gif"
"duplicata_exata_sem_referencia","Assets\RecursosUnificados\BranchPedrao\Sprites\Player 1\idle\idle1.png","Assets\RecursosUnificados\ChegaComJhon\Sprites\Objetos\Player 1\Troca-de-lado\PNG\troca-de-lado_0001.png","eafed35652c364b4eb88171cbf6ee5a7","5F53A428EB9BA7ED7DA6B65B45D36CC360D4A214DA264B441E87E6E847F72EE7","5394",".png"
"duplicata_exata_sem_referencia","Assets\RecursosUnificados\BranchPedrao\Sprites\Player 1\troca-de-lado\PNG\troca-de-lado_0002.png","Assets\RecursosUnificados\ChegaComJhon\Sprites\Objetos\Player 1\Troca-de-lado\PNG\troca-de-lado_0002.png","6bbc7a4a9cca6b943b9aa71f019d818c","93E6EC5743D362959E2E3A366407F6EA81C2E95AE5727A9481E7BBA2FE9FFB22","6749",".png"
"duplicata_exata_sem_referencia","Assets\RecursosUnificados\BranchPedrao\Sprites\Player 1\troca-de-lado\PNG\troca-de-lado_0003.png","Assets\RecursosUnificados\ChegaComJhon\Sprites\Objetos\Player 1\Troca-de-lado\PNG\troca-de-lado_0003.png","9d269c38ff6e7ea4c98a73f75ff82330","27C7C8F66585AA5EC8F3B6FFE84C2F9FE5F72EB69E9FD139542E98C53259AF67","6006",".png"
"duplicata_exata_sem_referencia","Assets\RecursosUnificados\BranchPedrao\Sprites\Player 1\troca-de-lado\PNG\troca-de-lado_0004.png","Assets\RecursosUnificados\ChegaComJhon\Sprites\Objetos\Player 1\Troca-de-lado\PNG\troca-de-lado_0004.png","3fa99b06188cfd64987bff4735f7ee68","69678A7FC0D5A2651D98A45539958D9B86BA8C7587FCC93421FF568BFAC1EE96","6122",".png"
"duplicata_exata_sem_referencia","Assets\RecursosUnificados\BranchPedrao\Sprites\Player 1\troca-de-lado\PNG\troca-de-lado_0005.png","Assets\RecursosUnificados\ChegaComJhon\Sprites\Objetos\Player 1\Troca-de-lado\PNG\troca-de-lado_0005.png","afdfa182d67b00a4a994ddfa8f46f436","75B7AEFB1E01CB64E514742DBE3A2153A624B36AAFFE0ABD4B707021FA84B4C8","4805",".png"
"duplicata_exata_sem_referencia","Assets\RecursosUnificados\BranchPedrao\Sprites\Player 1\troca-de-lado\PNG\troca-de-lado_0006.png","Assets\RecursosUnificados\ChegaComJhon\Sprites\Objetos\Player 1\Troca-de-lado\PNG\troca-de-lado_0006.png","3dd4242b567944d4f93547d886a48684","7837372DC8E4D33C51FE428018E9A7D5F01D68194C9AA8FD5733D40A2E0D622F","5404",".png"
"duplicata_exata_sem_referencia","Assets\RecursosUnificados\BranchPedrao\Sprites\Player 1\troca-de-lado\PNG\troca-de-lado_0007.png","Assets\RecursosUnificados\ChegaComJhon\Sprites\Objetos\Player 1\Troca-de-lado\PNG\troca-de-lado_0007.png","d508a0cedde4fdc43a69bdfa3e872036","D15AE212136A81678F63C3C8EBA0ABC0607C9BFCEEE51F37E173113C3556C10F","5260",".png"
"duplicata_exata_sem_referencia","Assets\RecursosUnificados\BranchPedrao\Sprites\Player 1\troca-de-lado\PNG\troca-de-lado_0008.png","Assets\RecursosUnificados\ChegaComJhon\Sprites\Objetos\Player 1\Troca-de-lado\PNG\troca-de-lado_0008.png","05c6fbdadfd1a0646a208c94a069a040","5C93DF933A55BA00E28267AA09C1F26859A39D92449AD27C75D582537D807AF0","6171",".png"
"duplicata_exata_sem_referencia","Assets\RecursosUnificados\BranchPedrao\Sprites\Player 1\troca-de-lado\PNG\troca-de-lado_0009.png","Assets\RecursosUnificados\ChegaComJhon\Sprites\Objetos\Player 1\Troca-de-lado\PNG\troca-de-lado_0009.png","2f4acbe2aebdfa34f8bee9f59f370196","8F49ECFDCD14B950675D8C641EFA440CA4FD7CD3D143B649E2F2F7BE2E887D5E","5938",".png"
"duplicata_exata_sem_referencia","Assets\RecursosUnificados\BranchPedrao\Sprites\Player 1\troca-de-lado\PNG\troca-de-lado_0010.png","Assets\RecursosUnificados\ChegaComJhon\Sprites\Objetos\Player 1\Troca-de-lado\PNG\troca-de-lado_0010.png","5f9b3a58028f67947bc30d370c3513c2","D29F126555F87DD215DC1433DA8FB37E719C967785182DCD28C04497A0F9A359","7040",".png"
"duplicata_exata_sem_referencia","Assets\RecursosUnificados\BranchPedrao\Sprites\Player 1\troca-de-lado\PNG\troca-de-lado_0011.png","Assets\RecursosUnificados\ChegaComJhon\Sprites\Objetos\Player 1\Troca-de-lado\PNG\troca-de-lado_0011.png","229838b4d28885d4bbbb6cd57b7e62ff","C0BA33309AC3DD21A50780CDC9076CAC714511AF5CE292BE18B11875D31B6AA0","5561",".png"
"duplicata_exata_sem_referencia","Assets\RecursosUnificados\BranchPedrao\Sprites\Player 1\troca-de-lado\troca-de-lado.gif","Assets\RecursosUnificados\ChegaComJhon\Sprites\Objetos\Player 1\Troca-de-lado\troca-de-lado.gif","e1dc1a1d19fef1f4a8678511ff8f60d9","1283E6E1D3DCF5B423977AF8C1170E8ACD7E45871D0BCB3B8CB9F141FE79B776","29577",".gif"
"duplicata_exata_sem_referencia","Assets\RecursosUnificados\BranchPedrao\Sprites\Player 1\walk\def-walk.gif","Assets\RecursosUnificados\ChegaComJhon\Sprites\Objetos\Player 1\Walk\def-walk.gif","b90d29a8cd828604eb7159fc93418eec","FB5F0F02A2713C62A5E1E6897CC407823DBE2382853D9C6B315FDA70A2CE8F73","40710",".gif"
"duplicata_exata_sem_referencia","Assets\RecursosUnificados\BranchPedrao\Sprites\Player 1\walk\def-walk_0001.png","Assets\RecursosUnificados\ChegaComJhon\Sprites\Objetos\Player 1\Walk\def-walk_0001.png","07fce55d97daf7141838e11387e2984c","39A8921769DD6F66771FFA6042AFEF2E39CF236BC42A4B067B4FE3CF1D3FBB96","7222",".png"
"duplicata_exata_sem_referencia","Assets\RecursosUnificados\BranchPedrao\Sprites\Player 1\walk\def-walk_0002.png","Assets\RecursosUnificados\ChegaComJhon\Sprites\Objetos\Player 1\Walk\def-walk_0002.png","224935a51cec87a499f43ad3ba12b361","F0A1DDC8CF267F47CEF41E9DEC7D3674D38117F2FCE648F8C41C856899BCD25F","7184",".png"
"duplicata_exata_sem_referencia","Assets\RecursosUnificados\BranchPedrao\Sprites\Player 1\walk\def-walk_0003.png","Assets\RecursosUnificados\ChegaComJhon\Sprites\Objetos\Player 1\Walk\def-walk_0003.png","d158a4f85432aea4d9ba7c891b838765","FA3FFD1AFCF821B1007C42C785F9A91D29B73CBC82F0BB9E24F0938F15243069","6873",".png"
"duplicata_exata_sem_referencia","Assets\RecursosUnificados\BranchPedrao\Sprites\Player 1\walk\def-walk_0004.png","Assets\RecursosUnificados\ChegaComJhon\Sprites\Objetos\Player 1\Walk\def-walk_0004.png","7b4d307aa08270d41b3eb0f9cf901ac9","BBB70A10828DFE0AC253805013AB226EDD284379223EB4955E520E7D7749A65E","7736",".png"
"duplicata_exata_sem_referencia","Assets\RecursosUnificados\BranchPedrao\Sprites\Player 1\walk\def-walk_0005.png","Assets\RecursosUnificados\ChegaComJhon\Sprites\Objetos\Player 1\Walk\def-walk_0005.png","409f34bf6fc913f41b54db9553962173","6104949B5F69A2BB6B0D8D68D0DD71206DE81DB8BAA3F3C3F868CD4BEA2C13B6","6921",".png"
"duplicata_exata_sem_referencia","Assets\RecursosUnificados\BranchPedrao\Sprites\Player 1\walk\def-walk_0006.png","Assets\RecursosUnificados\ChegaComJhon\Sprites\Objetos\Player 1\Walk\def-walk_0006.png","d6de25d98789b3c498df01f53c0ac4ec","1BEB0FF4B974E9EB59BB8B2201F9BA09E95D5029FACB8948AE1CC6DEC3AE24C5","7458",".png"
"duplicata_exata_sem_referencia","Assets\RecursosUnificados\BranchPedrao\Sprites\Player 1\walk\def-walk_0007.png","Assets\RecursosUnificados\ChegaComJhon\Sprites\Objetos\Player 1\Walk\def-walk_0007.png","8c69bde7510c926448506ef2cf2f7209","D32997A9AB857CA195DF71FE78F69BFB9D90A36EE1B88ACAB7D93BD52B5B6311","6982",".png"
"duplicata_exata_sem_referencia","Assets\RecursosUnificados\BranchPedrao\Sprites\Player 1\walk\def-walk_0008.png","Assets\RecursosUnificados\ChegaComJhon\Sprites\Objetos\Player 1\Walk\def-walk_0008.png","44715152b591df04798c2444ac8a10ab","B24DE1EB6F91887061F747353B780452033AD9C34C005A9D1DBBB99AF11B8969","7261",".png"
"duplicata_exata_sem_referencia","Assets\RecursosUnificados\BranchPedrao\Sprites\Player 1\walk\def-walk_0009.png","Assets\RecursosUnificados\ChegaComJhon\Sprites\Objetos\Player 1\Walk\def-walk_0009.png","7f05f26597c1aac4093d0eec6b82a6f2","E4F1E96CD16812B66B90ADA8CB06349C5AA4D2A3D53A3D907F868A28E2E9AF4E","6813",".png"
"duplicata_exata_sem_referencia","Assets\RecursosUnificados\BranchPedrao\Sprites\Player 1\walk\def-walk_0010.png","Assets\RecursosUnificados\ChegaComJhon\Sprites\Objetos\Player 1\Walk\def-walk_0010.png","4442223174c40f44eb28a3d0491f81e7","7BA284E6ED4F1CD1A08913A697FA018DAF1B8406B636DAD12A29FB489CAD5544","7819",".png"
"duplicata_exata_sem_referencia","Assets\RecursosUnificados\BranchPedrao\Sprites\Player 1\walk\def-walk_0011.png","Assets\RecursosUnificados\ChegaComJhon\Sprites\Objetos\Player 1\Walk\def-walk_0011.png","7ba9792987cf64c4f81c63e64eab3c4b","CAC1A815FFCEFBD85147D01498833CA60479A34C3D2137392BDFF8A7B6AD86C9","7404",".png"
"duplicata_exata_sem_referencia","Assets\RecursosUnificados\BranchPedrao\Sprites\Player 1\walk\def-walk_0012.png","Assets\RecursosUnificados\ChegaComJhon\Sprites\Objetos\Player 1\Walk\def-walk_0012.png","c61a76f92a0e35a4b95939500ceb4794","9A7F6F0E3A3A1B2BD2F37C52492471A2CF1FCFD16CDE7A2BBB336EDCE3E5509B","7650",".png"
"duplicata_exata_sem_referencia","Assets\RecursosUnificados\BranchPedrao\Sprites\Player 1\walk\def-walk_0013.png","Assets\RecursosUnificados\ChegaComJhon\Sprites\Objetos\Player 1\Walk\def-walk_0013.png","7a600b8632a4a9540ba4470530b46545","9B400A1ECA6D26E9AA70B75202C6BADE17125D5BC8136CA85113551E30080074","7171",".png"
"duplicata_exata_sem_referencia","Assets\RecursosUnificados\BranchPedrao\Sprites\Player 1\walk\def-walk_0001.png","Assets\RecursosUnificados\ChegaComJhon\Sprites\Objetos\Player 1\Walk\png\def-walk_0001.png","fce322876ac54e04ab66d7d26bd5d7f1","39A8921769DD6F66771FFA6042AFEF2E39CF236BC42A4B067B4FE3CF1D3FBB96","7222",".png"
"duplicata_exata_sem_referencia","Assets\RecursosUnificados\BranchPedrao\Sprites\Player 1\walk\def-walk_0002.png","Assets\RecursosUnificados\ChegaComJhon\Sprites\Objetos\Player 1\Walk\png\def-walk_0002.png","7b77deaeac55d5b4a86474403d5cc4b5","F0A1DDC8CF267F47CEF41E9DEC7D3674D38117F2FCE648F8C41C856899BCD25F","7184",".png"
"duplicata_exata_sem_referencia","Assets\RecursosUnificados\BranchPedrao\Sprites\Player 1\walk\def-walk_0003.png","Assets\RecursosUnificados\ChegaComJhon\Sprites\Objetos\Player 1\Walk\png\def-walk_0003.png","471ef5bf3f713a547aee5b716334c8f3","FA3FFD1AFCF821B1007C42C785F9A91D29B73CBC82F0BB9E24F0938F15243069","6873",".png"
"duplicata_exata_sem_referencia","Assets\RecursosUnificados\BranchPedrao\Sprites\Player 1\walk\def-walk_0004.png","Assets\RecursosUnificados\ChegaComJhon\Sprites\Objetos\Player 1\Walk\png\def-walk_0004.png","4fdf987a6f8518c4a9cfd51e6b860c78","BBB70A10828DFE0AC253805013AB226EDD284379223EB4955E520E7D7749A65E","7736",".png"
"duplicata_exata_sem_referencia","Assets\RecursosUnificados\BranchPedrao\Sprites\Player 1\walk\def-walk_0005.png","Assets\RecursosUnificados\ChegaComJhon\Sprites\Objetos\Player 1\Walk\png\def-walk_0005.png","2926bc1135c05c54884d6059f022bd17","6104949B5F69A2BB6B0D8D68D0DD71206DE81DB8BAA3F3C3F868CD4BEA2C13B6","6921",".png"
"duplicata_exata_sem_referencia","Assets\RecursosUnificados\BranchPedrao\Sprites\Player 1\walk\def-walk_0006.png","Assets\RecursosUnificados\ChegaComJhon\Sprites\Objetos\Player 1\Walk\png\def-walk_0006.png","223f0dc687a371d45930701d4f908517","1BEB0FF4B974E9EB59BB8B2201F9BA09E95D5029FACB8948AE1CC6DEC3AE24C5","7458",".png"
"duplicata_exata_sem_referencia","Assets\RecursosUnificados\BranchPedrao\Sprites\Player 1\walk\def-walk_0007.png","Assets\RecursosUnificados\ChegaComJhon\Sprites\Objetos\Player 1\Walk\png\def-walk_0007.png","e46cf636bfb80eb439160bcab9aaee93","D32997A9AB857CA195DF71FE78F69BFB9D90A36EE1B88ACAB7D93BD52B5B6311","6982",".png"
"duplicata_exata_sem_referencia","Assets\RecursosUnificados\BranchPedrao\Sprites\Player 1\walk\def-walk_0008.png","Assets\RecursosUnificados\ChegaComJhon\Sprites\Objetos\Player 1\Walk\png\def-walk_0008.png","1eb372324135e5c499e333fdd39e0983","B24DE1EB6F91887061F747353B780452033AD9C34C005A9D1DBBB99AF11B8969","7261",".png"
"duplicata_exata_sem_referencia","Assets\RecursosUnificados\BranchPedrao\Sprites\Player 1\walk\def-walk_0009.png","Assets\RecursosUnificados\ChegaComJhon\Sprites\Objetos\Player 1\Walk\png\def-walk_0009.png","f5b53a581b0c846428683bcc80e98d66","E4F1E96CD16812B66B90ADA8CB06349C5AA4D2A3D53A3D907F868A28E2E9AF4E","6813",".png"
"duplicata_exata_sem_referencia","Assets\RecursosUnificados\BranchPedrao\Sprites\Player 1\walk\def-walk_0010.png","Assets\RecursosUnificados\ChegaComJhon\Sprites\Objetos\Player 1\Walk\png\def-walk_0010.png","880196c12c5a89b46988293fc924cb28","7BA284E6ED4F1CD1A08913A697FA018DAF1B8406B636DAD12A29FB489CAD5544","7819",".png"
"duplicata_exata_sem_referencia","Assets\RecursosUnificados\BranchPedrao\Sprites\Player 1\walk\def-walk_0011.png","Assets\RecursosUnificados\ChegaComJhon\Sprites\Objetos\Player 1\Walk\png\def-walk_0011.png","5953a04676d4ce640afc4aa0f60b2705","CAC1A815FFCEFBD85147D01498833CA60479A34C3D2137392BDFF8A7B6AD86C9","7404",".png"
"duplicata_exata_sem_referencia","Assets\RecursosUnificados\BranchPedrao\Sprites\Player 1\walk\def-walk_0012.png","Assets\RecursosUnificados\ChegaComJhon\Sprites\Objetos\Player 1\Walk\png\def-walk_0012.png","6539c90e7ca6f854180462d83ec9e86b","9A7F6F0E3A3A1B2BD2F37C52492471A2CF1FCFD16CDE7A2BBB336EDCE3E5509B","7650",".png"
"duplicata_exata_sem_referencia","Assets\RecursosUnificados\BranchPedrao\Sprites\Player 1\walk\def-walk_0013.png","Assets\RecursosUnificados\ChegaComJhon\Sprites\Objetos\Player 1\Walk\png\def-walk_0013.png","10935d46aae8c44499376e65febb4e4c","9B400A1ECA6D26E9AA70B75202C6BADE17125D5BC8136CA85113551E30080074","7171",".png"
"duplicata_exata_sem_referencia","Assets\RecursosUnificados\BranchPedrao\Sprites\Player 1\walk\start-walk.gif","Assets\RecursosUnificados\ChegaComJhon\Sprites\Objetos\Player 1\Walk\start-walk.gif","6d0af225145ed124e996c8b487d8f968","24E993DF55B536C73BD532D5FAEDD002C7AAFCC42D858B8CCCB35EDF137C670E","36997",".gif"
"duplicata_exata_sem_referencia","Assets\RecursosUnificados\BranchPedrao\TextMesh Pro\Fonts\LiberationSans - OFL.txt","Assets\RecursosUnificados\ChegaComJhon\TextMesh Pro\Fonts\LiberationSans - OFL.txt","459e9b9cccacce04b95862a0a15a779c","37F8552E9A874EC10710DC0EDE6A9ADF168E6609FBD02A507F35629373B85A48","4469",".txt"
"duplicata_exata_sem_referencia","Assets\RecursosUnificados\BranchPedrao\TextMesh Pro\Fonts\LiberationSans.ttf","Assets\RecursosUnificados\ChegaComJhon\TextMesh Pro\Fonts\LiberationSans.ttf","bc0ec52612f17a54488efc7ab67bf8f1","E5B0AF421EA2BFBC1AC8D251D647268087AE82786234C57F757D1F0B90FA8B49","350200",".ttf"
"duplicata_exata_sem_referencia","Assets\RecursosUnificados\BranchPedrao\TextMesh Pro\Resources\Fonts & Materials\LiberationSans SDF - Drop Shadow.mat","Assets\RecursosUnificados\ChegaComJhon\TextMesh Pro\Resources\Fonts & Materials\LiberationSans SDF - Drop Shadow.mat","5e6221a46f7c65a46a02e38cabcf75ad","B6B65C34E4907DD3006C2217FC8A4CEF81B6DA24DF0A3DE8E2288199EB6C5A9D","2975",".mat"
"duplicata_exata_sem_referencia","Assets\RecursosUnificados\BranchPedrao\TextMesh Pro\Resources\Fonts & Materials\LiberationSans SDF - Fallback.asset","Assets\RecursosUnificados\ChegaComJhon\TextMesh Pro\Resources\Fonts & Materials\LiberationSans SDF - Fallback.asset","a68392db502369e48af200dc6d97696d","E2D77876F2B90D98BA2424F6FC32B1403EA701DE8FD24A8FE8E571ECC3CDC10A","9365",".asset"
"duplicata_exata_sem_referencia","Assets\RecursosUnificados\BranchPedrao\TextMesh Pro\Resources\Fonts & Materials\LiberationSans SDF - Outline.mat","Assets\RecursosUnificados\ChegaComJhon\TextMesh Pro\Resources\Fonts & Materials\LiberationSans SDF - Outline.mat","db8b09728b0151042a1bd024cf100110","25874340976D40E9F9E8ABF731B7F32E5A478541DEAD9288140BD60C7A3287D9","2889",".mat"
"duplicata_exata_sem_referencia","Assets\RecursosUnificados\BranchPedrao\TextMesh Pro\Resources\LineBreaking Following Characters.txt","Assets\RecursosUnificados\ChegaComJhon\TextMesh Pro\Resources\LineBreaking Following Characters.txt","e05b95b34b9e6614497adf901288c167","3A73E5FFE2510756DD3C2E982FDC1218B4BE82C6E21ABDE88070D6860E1BC8E6","269",".txt"
"duplicata_exata_sem_referencia","Assets\RecursosUnificados\BranchPedrao\TextMesh Pro\Resources\LineBreaking Leading Characters.txt","Assets\RecursosUnificados\ChegaComJhon\TextMesh Pro\Resources\LineBreaking Leading Characters.txt","1a9b50a3fb2b2994394c0645a64c4245","62D3F4D5F64AAF885692D2D13A8313F6918E6E4C5AEB3990A43F614652BFD89C","95",".txt"
"duplicata_exata_sem_referencia","Assets\RecursosUnificados\BranchPedrao\TextMesh Pro\Resources\Sprite Assets\EmojiOne.asset","Assets\RecursosUnificados\ChegaComJhon\TextMesh Pro\Resources\Sprite Assets\EmojiOne.asset","ea800be8614f34f45b48d77741cc1c65","155FFF99F467BAA93DD2D0886DF466BD242CD5E3C8C60C9D43E9CDAD269F7F54","13441",".asset"
"duplicata_exata_sem_referencia","Assets\RecursosUnificados\BranchPedrao\TextMesh Pro\Resources\Style Sheets\Default Style Sheet.asset","Assets\RecursosUnificados\ChegaComJhon\TextMesh Pro\Resources\Style Sheets\Default Style Sheet.asset","c57d084ca331dbf44a253ab4bdbff490","93E073CDB91B7E3D2FA31E2DD13626D7B9D2F327904BA8C3C2B97A3EECFBABAC","5539",".asset"
"duplicata_exata_sem_referencia","Assets\RecursosUnificados\BranchPedrao\TextMesh Pro\Resources\TMP Settings.asset","Assets\RecursosUnificados\ChegaComJhon\TextMesh Pro\Resources\TMP Settings.asset","42c48e2fd1e8c27449d7e83f11a43903","7BE438062CDC296835A1258B68BCBEB8E9FDC4B01EA27C05A24A1074260F7424","1852",".asset"
"duplicata_exata_sem_referencia","Assets\RecursosUnificados\BranchPedrao\TextMesh Pro\Shaders\SDFFunctions.hlsl","Assets\RecursosUnificados\ChegaComJhon\TextMesh Pro\Shaders\SDFFunctions.hlsl","23c51ed9b4ee9a245ac670afdb1538e1","88CF0F62E4000B71750C059D0886B19504CD1CF10F39BB61DDC11B77A882D417","6021",".hlsl"
"duplicata_exata_sem_referencia","Assets\RecursosUnificados\BranchPedrao\TextMesh Pro\Shaders\TMP_Bitmap.shader","Assets\RecursosUnificados\ChegaComJhon\TextMesh Pro\Shaders\TMP_Bitmap.shader","06cc741888a831441b7f90f8cefcae3c","1D32F34C71276C1321AA0540A2410E15808743A38B2026923045A4DEC4A79B58","3839",".shader"
"duplicata_exata_sem_referencia","Assets\RecursosUnificados\BranchPedrao\TextMesh Pro\Shaders\TMP_Bitmap-Custom-Atlas.shader","Assets\RecursosUnificados\ChegaComJhon\TextMesh Pro\Shaders\TMP_Bitmap-Custom-Atlas.shader","b02a24ffb73e0fe44afb048a0c6393f7","42892A52F22BDDE6D482CF2DA5F35E4B813063FC6FE42189EEE5562080079494","3836",".shader"
"duplicata_exata_sem_referencia","Assets\RecursosUnificados\BranchPedrao\TextMesh Pro\Shaders\TMP_Bitmap-Mobile.shader","Assets\RecursosUnificados\ChegaComJhon\TextMesh Pro\Shaders\TMP_Bitmap-Mobile.shader","6129830108fc26b44b8aa3c69443c121","B50AFC7EDC8A710F8B4159149B2391E7238B5E4076CC0EA2119090ED29E13B4A","4071",".shader"
"duplicata_exata_sem_referencia","Assets\RecursosUnificados\BranchPedrao\TextMesh Pro\Shaders\TMP_SDF Overlay.shader","Assets\RecursosUnificados\ChegaComJhon\TextMesh Pro\Shaders\TMP_SDF Overlay.shader","25b3c361053105944ad59a2e285dc18e","A0D318756CBA0F95A7052C387E629D0ADD3E9A4125C8333F1D1ED591AF5F17CB","11054",".shader"
"duplicata_exata_sem_referencia","Assets\RecursosUnificados\BranchPedrao\TextMesh Pro\Shaders\TMP_SDF SSD.shader","Assets\RecursosUnificados\ChegaComJhon\TextMesh Pro\Shaders\TMP_SDF SSD.shader","7d87acbc499ae4344b67c15606d38b3b","2A991951B00B0C052363A1025F655450054325437B3D13C2623A987C8EC77C30","12438",".shader"
"duplicata_exata_sem_referencia","Assets\RecursosUnificados\BranchPedrao\TextMesh Pro\Shaders\TMP_SDF.shader","Assets\RecursosUnificados\ChegaComJhon\TextMesh Pro\Shaders\TMP_SDF.shader","fea550b7cc3e1c5408313688b132eb76","10EFE6D4728474A09970B857FAF37913793E168DC13DBD4D7316B54B37615D97","11027",".shader"
"duplicata_exata_sem_referencia","Assets\RecursosUnificados\BranchPedrao\TextMesh Pro\Shaders\TMP_SDF-HDRP LIT.shadergraph","Assets\RecursosUnificados\ChegaComJhon\TextMesh Pro\Shaders\TMP_SDF-HDRP LIT.shadergraph","4adef9fb80a36eb409062adda0c9111d","BF68062F68B38B588ABD1C354F64E905F824D9A2C47F92EBDD70A32989EB2097","287427",".shadergraph"
"duplicata_exata_sem_referencia","Assets\RecursosUnificados\BranchPedrao\TextMesh Pro\Shaders\TMP_SDF-HDRP UNLIT.shadergraph","Assets\RecursosUnificados\ChegaComJhon\TextMesh Pro\Shaders\TMP_SDF-HDRP UNLIT.shadergraph","45e6ca1a2667d1849a6972e66c190b32","8A969C2D775079CCE4E1C45D5EB6D3964B27D44DC884178363050C74FD5E9742","279909",".shadergraph"
"duplicata_exata_sem_referencia","Assets\RecursosUnificados\BranchPedrao\TextMesh Pro\Shaders\TMP_SDF-Mobile Masking.shader","Assets\RecursosUnificados\ChegaComJhon\TextMesh Pro\Shaders\TMP_SDF-Mobile Masking.shader","ae84d113249d2eb4daeb7978931b0c94","41CFF58473557BF760D03513A8C098F43A24E4EEB4C8CCD7D828C045A338A9ED","8273",".shader"
"duplicata_exata_sem_referencia","Assets\RecursosUnificados\BranchPedrao\TextMesh Pro\Shaders\TMP_SDF-Mobile Overlay.shader","Assets\RecursosUnificados\ChegaComJhon\TextMesh Pro\Shaders\TMP_SDF-Mobile Overlay.shader","670727ef69a7a824d92f0a7004d0d92d","FB286386D0592CE6D63EB736F180B4B0F638EC538B0855AA54767A438EBD1173","8081",".shader"
"duplicata_exata_sem_referencia","Assets\RecursosUnificados\BranchPedrao\TextMesh Pro\Shaders\TMP_SDF-Mobile SSD.shader","Assets\RecursosUnificados\ChegaComJhon\TextMesh Pro\Shaders\TMP_SDF-Mobile SSD.shader","f9227e0066fa470469d2bead6dfa6af8","8B30C140F6AF9134392FE6ECF4C0676DB73F873489AC52ADFB47BBD288CB51B8","3064",".shader"
"duplicata_exata_sem_referencia","Assets\RecursosUnificados\BranchPedrao\TextMesh Pro\Shaders\TMP_SDF-Mobile.shader","Assets\RecursosUnificados\ChegaComJhon\TextMesh Pro\Shaders\TMP_SDF-Mobile.shader","064992ad4056f034786ae55570c40f3b","44C39AABC7E88E7E1FEFFC1880DF754F4ADF86B62E9512AA89E9D2D65171AFF4","8074",".shader"
"duplicata_exata_sem_referencia","Assets\RecursosUnificados\BranchPedrao\TextMesh Pro\Shaders\TMP_SDF-Mobile-2-Pass.shader","Assets\RecursosUnificados\ChegaComJhon\TextMesh Pro\Shaders\TMP_SDF-Mobile-2-Pass.shader","0bc481da2e13b7641afa007e2d27f2f9","4BC2DB64BEFBD0E37E23539F21096AD2FCD9D61B36D2174D208A7D831A0883F7","11795",".shader"
"duplicata_exata_sem_referencia","Assets\RecursosUnificados\BranchPedrao\TextMesh Pro\Shaders\TMP_SDF-Surface.shader","Assets\RecursosUnificados\ChegaComJhon\TextMesh Pro\Shaders\TMP_SDF-Surface.shader","eb21a290b31adb5458ad1c4b5b18f7d1","5DADB68B56429547918B392626E9AF8FD5173936D20BB43CFCA58DFA00947257","4353",".shader"
"duplicata_exata_sem_referencia","Assets\RecursosUnificados\BranchPedrao\TextMesh Pro\Shaders\TMP_SDF-Surface-Mobile.shader","Assets\RecursosUnificados\ChegaComJhon\TextMesh Pro\Shaders\TMP_SDF-Surface-Mobile.shader","9b41221c7014c0d4f93cf86db1d90f56","F9FAE5906DD37D89298338953294459975DE58A5421E68DD9E82A79794B95509","3523",".shader"
"duplicata_exata_sem_referencia","Assets\RecursosUnificados\BranchPedrao\TextMesh Pro\Shaders\TMP_SDF-URP Lit.shadergraph","Assets\RecursosUnificados\ChegaComJhon\TextMesh Pro\Shaders\TMP_SDF-URP Lit.shadergraph","7fbf6c62bf95dd9439df2e854f7d1cd9","E0148CE8E5904232A4E711376A45B7AF2A007FB9690C5A69C1CB4952A696CDBF","283866",".shadergraph"
"duplicata_exata_sem_referencia","Assets\RecursosUnificados\BranchPedrao\TextMesh Pro\Shaders\TMP_SDF-URP Unlit.shadergraph","Assets\RecursosUnificados\ChegaComJhon\TextMesh Pro\Shaders\TMP_SDF-URP Unlit.shadergraph","fdde66cf2f5c800409b0529d65166735","DC15B6819AD87A4B34ED888AE2C274624EFC0ADA902D1A9E7752D87922414DCC","277012",".shadergraph"
"duplicata_exata_sem_referencia","Assets\RecursosUnificados\BranchPedrao\TextMesh Pro\Shaders\TMP_Sprite.shader","Assets\RecursosUnificados\ChegaComJhon\TextMesh Pro\Shaders\TMP_Sprite.shader","048124bcc2b979c41b97276b83365701","AF669BB9AE136C8099F8E0A94A6933FD2F1E1FB0A6842129939A319FAB4B8DBB","3446",".shader"
"duplicata_exata_sem_referencia","Assets\RecursosUnificados\BranchPedrao\TextMesh Pro\Shaders\TMPro.cginc","Assets\RecursosUnificados\ChegaComJhon\TextMesh Pro\Shaders\TMPro.cginc","2bc6055c60df8da4483924460d32b36d","14EDB7D7B88CAF2B82CAE68200ABE895E5B5B3474C3FFFBF0E9B4B09A4E2467E","2277",".cginc"
"duplicata_exata_sem_referencia","Assets\RecursosUnificados\BranchPedrao\TextMesh Pro\Shaders\TMPro_Mobile.cginc","Assets\RecursosUnificados\ChegaComJhon\TextMesh Pro\Shaders\TMPro_Mobile.cginc","f0871b12b3f536c48a6b6a7d36b3aa9b","D9D43DDD9810476162F21B42477D9CE2CDC4E6CC7571D354C3253AAFC6673EAD","5453",".cginc"
"duplicata_exata_sem_referencia","Assets\RecursosUnificados\BranchPedrao\TextMesh Pro\Shaders\TMPro_Properties.cginc","Assets\RecursosUnificados\ChegaComJhon\TextMesh Pro\Shaders\TMPro_Properties.cginc","531e36a068f814845a535d00276f3305","66DB1F03E8D7A413EBA79BCB6602FDB2DE710B586F34A6F2584ED6F68F028E90","2707",".cginc"
"duplicata_exata_sem_referencia","Assets\RecursosUnificados\BranchPedrao\TextMesh Pro\Shaders\TMPro_Surface.cginc","Assets\RecursosUnificados\ChegaComJhon\TextMesh Pro\Shaders\TMPro_Surface.cginc","ff153d0bcf62234439a9c9bb7062ad5e","244B442520282A66363D121C8D2AEEB30BB1E72CBBADBF41CE68D9100322ADE5","3515",".cginc"
"duplicata_exata_sem_referencia","Assets\RecursosUnificados\BranchPedrao\TextMesh Pro\Sprites\EmojiOne Attribution.txt","Assets\RecursosUnificados\ChegaComJhon\TextMesh Pro\Sprites\EmojiOne Attribution.txt","f6cffcb7b3610fc4d8c0b54740d15e54","4B65F8960E4F4C5C8B35FD139E369265E9BB45667FC16461B2BA01188D464D93","185",".txt"
"duplicata_exata_sem_referencia","Assets\RecursosUnificados\BranchPedrao\TextMesh Pro\Sprites\EmojiOne.json","Assets\RecursosUnificados\ChegaComJhon\TextMesh Pro\Sprites\EmojiOne.json","5a32a2bce0d6f2f49a43219dfe77c735","B85C4B3001B6BA82D175F4CD5DAB83DA467BBC2527D3D447B66919D2D20C4FAF","3966",".json"
"duplicata_exata_sem_referencia","Assets\RecursosUnificados\BranchPedrao\TextMesh Pro\Sprites\EmojiOne.png","Assets\RecursosUnificados\ChegaComJhon\TextMesh Pro\Sprites\EmojiOne.png","394f5c2f043d9bb47aff4256d2922683","A87B965A701DE3DC31D7401E542B1FC946587F912C51D7A26E46ADE9F098BD1A","112319",".png"
"duplicata_exata_sem_referencia","Assets\RecursosUnificados\BranchPedrao\InputSystem_Actions.inputactions","Assets\RecursosUnificados\ColegaTeste\InputSystem_Actions.inputactions","1ca239b38c6e56940b9bac44134cfc20","1C6CBB519D65ECFE19A29231735B7F54741A20AC1A8AD4F46A18E1BFB28A3C39","41005",".inputactions"
"duplicata_exata_sem_referencia","Assets\RecursosUnificados\BranchPedrao\_Recovery\0 (1).unity","Assets\RecursosUnificados\ColegaTeste\ProjetoPlayerJhonas\_Recovery\0 (1).unity","d6128e8833ac8ab468958bddd8629cd4","D80B3C05327652DAA6E2D268F9AB9B38E73438C7F6A24948DBCECDBA3DFF3865","24630",".unity"
"duplicata_exata_sem_referencia","Assets\RecursosUnificados\BranchPedrao\_Recovery\0 (2).unity","Assets\RecursosUnificados\ColegaTeste\ProjetoPlayerJhonas\_Recovery\0 (2).unity","9b7f66b1deb2b33449aff40ee58e106e","F36E0AC3C99063BA82554D04682AAEA85B2B6DB7428D88225AC56250F91551B9","38846",".unity"
"duplicata_exata_sem_referencia","Assets\RecursosUnificados\BranchPedrao\_Recovery\0 (3).unity","Assets\RecursosUnificados\ColegaTeste\ProjetoPlayerJhonas\_Recovery\0 (3).unity","2d6c92384fef1e3468dd8c6537b57aea","233D7B91FD0D9DFCCAC25969E36145A324B27B2E914D4410AD8730E7CF5A77DE","38848",".unity"
"duplicata_exata_sem_referencia","Assets\RecursosUnificados\BranchPedrao\_Recovery\0 (3).unity","Assets\RecursosUnificados\ColegaTeste\ProjetoPlayerJhonas\_Recovery\0 (4).unity","5658fb787e1098b4aa2f82677eb7e2aa","233D7B91FD0D9DFCCAC25969E36145A324B27B2E914D4410AD8730E7CF5A77DE","38848",".unity"
"duplicata_exata_sem_referencia","Assets\RecursosUnificados\BranchPedrao\_Recovery\0.unity","Assets\RecursosUnificados\ColegaTeste\ProjetoPlayerJhonas\_Recovery\0.unity","224ae7f91622d8941b007c518d1e313f","8412574E039D364CA1CFE56BA24FA26459BA8BC96BF45C0626174B3D2D067E07","17177",".unity"
"duplicata_exata_sem_referencia","Assets\RecursosUnificados\BranchPedrao\Animacoes\Anjo\Anjo.controller","Assets\RecursosUnificados\ColegaTeste\ProjetoPlayerJhonas\Animacoes\Anjo\Anjo.controller","a1731847942eb7d4a9b1628e3363818e","DDB6C83164B48AA9F380298ACBDB4D36D7C4195CB76AC9F9D13B65A96193DB9A","5844",".controller"
"duplicata_exata_sem_referencia","Assets\RecursosUnificados\BranchPedrao\Animacoes\Anjo\Exit.anim","Assets\RecursosUnificados\ColegaTeste\ProjetoPlayerJhonas\Animacoes\Anjo\Exit.anim","bc63a2707fa964044afd875861c1ec34","2678EC402202187CB93966395F955FDE1824213F63CECE744FB2DAD5350385C1","6318",".anim"
"duplicata_exata_sem_referencia","Assets\RecursosUnificados\BranchPedrao\Animacoes\Anjo\Idle.anim","Assets\RecursosUnificados\ColegaTeste\ProjetoPlayerJhonas\Animacoes\Anjo\Idle.anim","8cb56eccf8fa1f34aa841358f096a759","43621B7DEE865F9DC2D90D5F18D42543C287CC92314DB7ED30C35D69155A6AC7","3480",".anim"
"duplicata_exata_sem_referencia","Assets\RecursosUnificados\BranchPedrao\Animacoes\Anjo\Suger.anim","Assets\RecursosUnificados\ColegaTeste\ProjetoPlayerJhonas\Animacoes\Anjo\Suger.anim","d4c83e8e3dfc3914490c4a6dd9744fd8","765705C52C802C618B0813FDEF0BA3E8EBF9E7D87A776C767A1A2DDA9CD85865","6093",".anim"
"duplicata_exata_sem_referencia","Assets\RecursosUnificados\BranchPedrao\Animacoes\Boss\ataque especial.anim","Assets\RecursosUnificados\ColegaTeste\ProjetoPlayerJhonas\Animacoes\Boss\ataque especial.anim","c90c61976fd4dc24fa3cc219c6aeba70","1300DA1A998E428E0B7D6974FF2279307499ECFDA736C586A48A897B30D087A7","5300",".anim"
"duplicata_exata_sem_referencia","Assets\RecursosUnificados\BranchPedrao\Animacoes\Boss\Ataque.anim","Assets\RecursosUnificados\ColegaTeste\ProjetoPlayerJhonas\Animacoes\Boss\Ataque.anim","d5f7d061b086709429814da9e3f2ef68","9CFAC91F52099E1657E7C3E820D6AEBA50D6E2C08AB63BF17D3AEE5FD4DEBDBD","3501",".anim"
"duplicata_exata_sem_referencia","Assets\RecursosUnificados\BranchPedrao\Animacoes\Boss\Boss.controller","Assets\RecursosUnificados\ColegaTeste\ProjetoPlayerJhonas\Animacoes\Boss\Boss.controller","8aa6019230ffd794e99f0497698d9caa","F1A16C30A10E4C0BF83003D973B3952E072788139FD015223839B370A52C75B3","21706",".controller"
"duplicata_exata_sem_referencia","Assets\RecursosUnificados\BranchPedrao\Animacoes\Boss\Cry.anim","Assets\RecursosUnificados\ColegaTeste\ProjetoPlayerJhonas\Animacoes\Boss\Cry.anim","16c1b2d29f918724aaa6480512f2f9e8","333E8EEDA8456BE6F003EC7713517CBA7613B26BD549AB1EAF5143BCF8E6035B","4702",".anim"
"duplicata_exata_sem_referencia","Assets\RecursosUnificados\BranchPedrao\Animacoes\Boss\Idle.anim","Assets\RecursosUnificados\ColegaTeste\ProjetoPlayerJhonas\Animacoes\Boss\Idle.anim","f4c772c3182d84b47bc3ff1a31017a24","C48CE4DF455C54A4C08B5997B5D2694779C465B00B7EE3A1F919F765EEA8E16E","5114",".anim"
"duplicata_exata_sem_referencia","Assets\RecursosUnificados\BranchPedrao\Animacoes\Boss\intro.anim","Assets\RecursosUnificados\ColegaTeste\ProjetoPlayerJhonas\Animacoes\Boss\intro.anim","7dc7f8abf54d60447baba639d28ea5a1","F1A52F2C48CE5FF5B21B466A6A7D97CFF8165F07D8445DEB05E304272655486B","7287",".anim"
"duplicata_exata_sem_referencia","Assets\RecursosUnificados\BranchPedrao\Animacoes\Boss\morte.anim","Assets\RecursosUnificados\ColegaTeste\ProjetoPlayerJhonas\Animacoes\Boss\morte.anim","d0b986be62831214986db8942e9758e6","F71ED8CE1BC639122CC79F3A2B83007C01710DE847AE45382999B2EE7AA346D1","7724",".anim"
"duplicata_exata_sem_referencia","Assets\RecursosUnificados\BranchPedrao\Animacoes\Boss\Prep.anim","Assets\RecursosUnificados\ColegaTeste\ProjetoPlayerJhonas\Animacoes\Boss\Prep.anim","caa63cf26fb63884dad52a24b1b0ddf2","183B88FD352BAFF62245B422C1305C18DB07A9A4D2FC5DCCBE4F2F40135D380B","1345",".anim"
"duplicata_exata_sem_referencia","Assets\RecursosUnificados\BranchPedrao\Animacoes\Boss\PrepAtaque.anim","Assets\RecursosUnificados\ColegaTeste\ProjetoPlayerJhonas\Animacoes\Boss\PrepAtaque.anim","7e90b5047a38a664f8541e17454d16b3","50E5C4629A139510F281ADCB03ECB3C8BDBFD85D284B1B673B30AC32986E1FA7","3100",".anim"
"duplicata_exata_sem_referencia","Assets\RecursosUnificados\BranchPedrao\Animacoes\Boss\PrepRun.anim","Assets\RecursosUnificados\ColegaTeste\ProjetoPlayerJhonas\Animacoes\Boss\PrepRun.anim","92197ea55b8e8f04c814152a4023599a","4FAAEA8402B94CA4B47D4ED0A641CB33A88DF577F071A8C26EB9F4496A58DAD3","3097",".anim"
"duplicata_exata_sem_referencia","Assets\RecursosUnificados\BranchPedrao\Animacoes\Boss\Run.anim","Assets\RecursosUnificados\ColegaTeste\ProjetoPlayerJhonas\Animacoes\Boss\Run.anim","ae7e1acb161b98d4696cfdd717060e65","B908DC4FC92E29A11197106C465388E2C2F7E4B29462252B3F861934CB5D975F","4300",".anim"
"duplicata_exata_sem_referencia","Assets\RecursosUnificados\BranchPedrao\Animacoes\Boss\wallking.anim","Assets\RecursosUnificados\ColegaTeste\ProjetoPlayerJhonas\Animacoes\Boss\wallking.anim","6e17091781edc3e4bae08663109cb6fc","04DC180011B7F909F61A211DEC90EDE488A5B9B5EE43E007E051A80BA2AE83B8","4308",".anim"
"duplicata_exata_sem_referencia","Assets\RecursosUnificados\BranchPedrao\Animacoes\Player\ataque.anim","Assets\RecursosUnificados\ColegaTeste\ProjetoPlayerJhonas\Animacoes\Player\ataque.anim","69f4b9d93c4789b4592cbf4ef1f887e5","A980E090131248BFC5C93640356B51F3E15BCB79A6CDB7254478E35E9A01D7D0","3087",".anim"
"duplicata_exata_sem_referencia","Assets\RecursosUnificados\BranchPedrao\Animacoes\Player\ataque2.anim","Assets\RecursosUnificados\ColegaTeste\ProjetoPlayerJhonas\Animacoes\Player\ataque2.anim","ac969119b7c8b0748b96251a70c2fc7d","D71144CC81081525358B881037BB56884B590252A33987CEF90A76CEE8120E2A","3290",".anim"
"duplicata_exata_sem_referencia","Assets\RecursosUnificados\BranchPedrao\Animacoes\Player\Ataque3.anim","Assets\RecursosUnificados\ColegaTeste\ProjetoPlayerJhonas\Animacoes\Player\Ataque3.anim","ae56d82ea9392f2449a1a3cdc81c84dc","9267E2AF587BBD86019294CB4F9A5A4BA1530A45272789B4BC802A82E26106EC","3089",".anim"
"duplicata_exata_sem_referencia","Assets\RecursosUnificados\BranchPedrao\Animacoes\Player\Ataquejump.anim","Assets\RecursosUnificados\ColegaTeste\ProjetoPlayerJhonas\Animacoes\Player\Ataquejump.anim","40b9718fb27e384418ebf8534daa2c70","C1C5B9C86440D2B2A84D1A28D4686B6E3D7C00FF7B0AE0E6D104A8D38ABBB830","3099",".anim"
"duplicata_exata_sem_referencia","Assets\RecursosUnificados\BranchPedrao\Animacoes\Player\Dash.anim","Assets\RecursosUnificados\ColegaTeste\ProjetoPlayerJhonas\Animacoes\Player\Dash.anim","a9dca78bc2cfcf84caea5ab7f3e6103a","CDB10386B3A82FD7043406F786816392E3D0B97AA1480ADB052C4F46376EE6A3","4302",".anim"
"duplicata_exata_sem_referencia","Assets\RecursosUnificados\BranchPedrao\Animacoes\Player\dead.anim","Assets\RecursosUnificados\ColegaTeste\ProjetoPlayerJhonas\Animacoes\Player\dead.anim","0f41812984788a84cba325f3320abd0e","C77D2922998C186B3D209AFE75A609FF46A4AE2DEF6BED34A92205FA43BB3C80","2887",".anim"
"duplicata_exata_sem_referencia","Assets\RecursosUnificados\BranchPedrao\Animacoes\Player\Fall.anim","Assets\RecursosUnificados\ColegaTeste\ProjetoPlayerJhonas\Animacoes\Player\Fall.anim","ad2ac3bff59978440b75e93669a9b698","29EBAAB73FA1528ED16E22FB6C4E8BC32504AA9A2B226C03ED41831FB626C065","2886",".anim"
"duplicata_exata_sem_referencia","Assets\RecursosUnificados\BranchPedrao\Animacoes\Player\Idle.anim","Assets\RecursosUnificados\ColegaTeste\ProjetoPlayerJhonas\Animacoes\Player\Idle.anim","44ca749bbdbb06044a2d169d9a3d3fb0","0086F22A4A4F6E81303FAF496F76F81CEE723C07796C0A2E8D653D1ABFA66152","3698",".anim"
"duplicata_exata_sem_referencia","Assets\RecursosUnificados\BranchPedrao\Animacoes\Player\Jump.anim","Assets\RecursosUnificados\ColegaTeste\ProjetoPlayerJhonas\Animacoes\Player\Jump.anim","ce7b47aedf2af8a4baed053dd702ea7d","3B92721A08E50887C7FDA81C11630F2DEB257A98743460F2C5E9F8EC67A0D017","3502",".anim"
"duplicata_exata_sem_referencia","Assets\RecursosUnificados\BranchPedrao\Animacoes\Player\Player.controller","Assets\RecursosUnificados\ColegaTeste\ProjetoPlayerJhonas\Animacoes\Player\Player.controller","0ce59d4b1cfec5e49a8c450349f49ae8","57BCA08578EB43C9051C0F90C25B3F088D6FB3583CB33D0BA0045175BC3CEE89","38113",".controller"
"duplicata_exata_sem_referencia","Assets\RecursosUnificados\BranchPedrao\Animacoes\Player\PulandoDenovo.anim","Assets\RecursosUnificados\ColegaTeste\ProjetoPlayerJhonas\Animacoes\Player\PulandoDenovo.anim","8d66c4cf5f2a0f84d9c973d978cb87c3","1BB04AB8130F02F109F466B9DC329F0637016A0324C9AEF3A75C91A809E56BB4","3511",".anim"
"duplicata_exata_sem_referencia","Assets\RecursosUnificados\BranchPedrao\Animacoes\Player\Running.anim","Assets\RecursosUnificados\ColegaTeste\ProjetoPlayerJhonas\Animacoes\Player\Running.anim","d529d9f31c7da654fb241af5efb0463e","AA090524435DA711B40EAE46DEE5E71B45488A8CEBCDBEC1F1795F9C21AE4839","4298",".anim"
"duplicata_exata_sem_referencia","Assets\RecursosUnificados\BranchPedrao\Animacoes\Player\Takedamage.anim","Assets\RecursosUnificados\ColegaTeste\ProjetoPlayerJhonas\Animacoes\Player\Takedamage.anim","5ab21be9020440a48bdeaea31c3edda6","CC8FDF7D08902A5306B3C72D8E82CE48EB7A2F64354C5577035C5A6D59580DE8","2686",".anim"
"duplicata_exata_sem_referencia","Assets\RecursosUnificados\BranchPedrao\Animacoes\Player\trocaDeLado.anim","Assets\RecursosUnificados\ColegaTeste\ProjetoPlayerJhonas\Animacoes\Player\trocaDeLado.anim","2166929bb2dcdef418a75bcf0615c639","337AA24C68B1C73B6B0486C0DC353A7ECD565074269FE82134DFB76CFBCA8CE8","3909",".anim"
"duplicata_exata_sem_referencia","Assets\RecursosUnificados\BranchPedrao\Animacoes\Player\UpPlataforma.anim","Assets\RecursosUnificados\ColegaTeste\ProjetoPlayerJhonas\Animacoes\Player\UpPlataforma.anim","056551018fa51e345b8dab5594b96be6","5700A68BAB2BC4E34F08724288440547F09DB49FD9415B9F8E42E3A149B1F995","1353",".anim"
"duplicata_exata_sem_referencia","Assets\RecursosUnificados\BranchPedrao\Animacoes\Player\Walking.anim","Assets\RecursosUnificados\ColegaTeste\ProjetoPlayerJhonas\Animacoes\Player\Walking.anim","57b0f90a74c437249a202807d506d412","E85FF42F72318F387211D679B6EE69A0B858A678C1309701FAA5D75302C83BD1","4309",".anim"
"duplicata_exata_sem_referencia","Assets\RecursosUnificados\BranchPedrao\Assets\DefaultVolumeProfile.asset","Assets\RecursosUnificados\ColegaTeste\ProjetoPlayerJhonas\Assets\DefaultVolumeProfile.asset","d7bf569de31a8e04c97d994906e5c6fb","C5DD9BEE1ADD10F9346F3CB9881738BD41C7BB72E76BE68629D835738C574083","19524",".asset"
"duplicata_exata_sem_referencia","Assets\RecursosUnificados\BranchPedrao\Assets\InputSystem_Actions.inputactions","Assets\RecursosUnificados\ColegaTeste\ProjetoPlayerJhonas\Assets\InputSystem_Actions.inputactions","72e4b1778b126784da4804d550a2bc32","CD5A6308F9BCE6DDAC2023B5ED185FF6BC36AC09FBFD9680054D367822203812","42061",".inputactions"
"duplicata_exata_sem_referencia","Assets\RecursosUnificados\BranchPedrao\Assets\UniversalRenderPipelineGlobalSettings.asset","Assets\RecursosUnificados\ColegaTeste\ProjetoPlayerJhonas\Assets\UniversalRenderPipelineGlobalSettings.asset","9241320054935f34f90d707625249852","53EB2EAE711F3B9B945B393171564757297195CC77C45EAB9B48274EF98261C6","23234",".asset"
"duplicata_exata_sem_referencia","Assets\RecursosUnificados\BranchPedrao\Assets\DefaultVolumeProfile.asset","Assets\RecursosUnificados\ColegaTeste\ProjetoPlayerJhonas\DefaultVolumeProfile.asset","209a060ed569241448fb7b73cac84f2c","C5DD9BEE1ADD10F9346F3CB9881738BD41C7BB72E76BE68629D835738C574083","19524",".asset"
"duplicata_exata_sem_referencia","Assets\RecursosUnificados\BranchPedrao\Assets\InputSystem_Actions.inputactions","Assets\RecursosUnificados\ColegaTeste\ProjetoPlayerJhonas\InputSystem_Actions.inputactions","5c74eab1b3d99fb4a9082c8fb47f3451","CD5A6308F9BCE6DDAC2023B5ED185FF6BC36AC09FBFD9680054D367822203812","42061",".inputactions"
"duplicata_exata_sem_referencia","Assets\RecursosUnificados\BranchPedrao\Scenes\Cena do JHON.unity","Assets\RecursosUnificados\ColegaTeste\ProjetoPlayerJhonas\Scenes\Cena do JHON.unity","a83dd0a4d4390684bae672d0f3d314d5","C127A894794949EF0D98DCA40561C8C9DB8831BBF88FDAAE99FB8A9DE587E61D","21704",".unity"
"duplicata_exata_sem_referencia","Assets\RecursosUnificados\BranchPedrao\Scenes\CenaDoCT.unity","Assets\RecursosUnificados\ColegaTeste\ProjetoPlayerJhonas\Scenes\CenaDoCT.unity","2e72a83d85d3a8b43a0b9c7f4596adcd","C4CB7DB7E09BDDC3E49B5986D4581D142E5D088152D9858985A05C912297C126","13386",".unity"
"duplicata_exata_sem_referencia","Assets\RecursosUnificados\BranchPedrao\Settings\UniversalRP.asset","Assets\RecursosUnificados\ColegaTeste\ProjetoPlayerJhonas\Settings\UniversalRP.asset","6cc32a6f5fe166a4493bb4b00e4610fb","8115A6A750C739DCBCBF71737D1733EAFE068AD9FBDC3D4CA0DEF2723F47311F","4733",".asset"
"duplicata_exata_sem_referencia","Assets\RecursosUnificados\BranchPedrao\Sprites\ANJO\IDLE\DISSPAR\dissipar.gif","Assets\RecursosUnificados\ColegaTeste\ProjetoPlayerJhonas\Sprites\ANJO\IDLE\DISSPAR\dissipar.gif","c2ba41edf006ebc489d63d0c2490635e","647FA4F7394B39129F5E71E7A273B7EA5FE614321A6603B10442E5DF32577545","50640",".gif"
"duplicata_exata_sem_referencia","Assets\RecursosUnificados\BranchPedrao\Sprites\ANJO\IDLE\DISSPAR\DISSPAR_0001.png","Assets\RecursosUnificados\ColegaTeste\ProjetoPlayerJhonas\Sprites\ANJO\IDLE\DISSPAR\DISSPAR_0001.png","c89c7c9287c31784a93fdd0892fc0756","2D8DAE719CBD1D26E47A1CA4B946A329F053D91EFCDA7BA7F2AC32987C9884B8","4260",".png"
"duplicata_exata_sem_referencia","Assets\RecursosUnificados\BranchPedrao\Sprites\ANJO\IDLE\DISSPAR\DISSPAR_0002.png","Assets\RecursosUnificados\ColegaTeste\ProjetoPlayerJhonas\Sprites\ANJO\IDLE\DISSPAR\DISSPAR_0002.png","ca20d287099474e47b62a5f45b417472","1FC6C87D860591E88CE2ACA0F0197BCC5F1C6F6436950F4A68FB7714C5BEDC03","5246",".png"
"duplicata_exata_sem_referencia","Assets\RecursosUnificados\BranchPedrao\Sprites\ANJO\IDLE\DISSPAR\DISSPAR_0003.png","Assets\RecursosUnificados\ColegaTeste\ProjetoPlayerJhonas\Sprites\ANJO\IDLE\DISSPAR\DISSPAR_0003.png","2d6ece950a3229c429b1d7860673bcff","1A5D2BD4FC413E376BBF469DD08C1EEAFFCB5BB26BF21012D60458CD90725DDA","6643",".png"
"duplicata_exata_sem_referencia","Assets\RecursosUnificados\BranchPedrao\Sprites\ANJO\IDLE\DISSPAR\DISSPAR_0004.png","Assets\RecursosUnificados\ColegaTeste\ProjetoPlayerJhonas\Sprites\ANJO\IDLE\DISSPAR\DISSPAR_0004.png","c430f9d04b783c84cbf1705deb2d5920","EB65B48E2E971CC216E62C6F670F56E83B7F81FB94BA8497073F895BAF590564","9634",".png"
"duplicata_exata_sem_referencia","Assets\RecursosUnificados\BranchPedrao\Sprites\ANJO\IDLE\DISSPAR\DISSPAR_0005.png","Assets\RecursosUnificados\ColegaTeste\ProjetoPlayerJhonas\Sprites\ANJO\IDLE\DISSPAR\DISSPAR_0005.png","4aa6aade7be779c4fa692c65cc9187ea","E574820DD2268D9292ABE880D6D1F5077465DDCCC3647244371E7DF8718E2077","8633",".png"
"duplicata_exata_sem_referencia","Assets\RecursosUnificados\BranchPedrao\Sprites\ANJO\IDLE\DISSPAR\DISSPAR_0006.png","Assets\RecursosUnificados\ColegaTeste\ProjetoPlayerJhonas\Sprites\ANJO\IDLE\DISSPAR\DISSPAR_0006.png","2af8c073be33aa44a93f8deb08f5ddad","9045A5DAE332C7330B8107A207B751545EEC84473474DE0EF2D1917DA1A64948","11061",".png"
"duplicata_exata_sem_referencia","Assets\RecursosUnificados\BranchPedrao\Sprites\ANJO\IDLE\DISSPAR\DISSPAR_0007.png","Assets\RecursosUnificados\ColegaTeste\ProjetoPlayerJhonas\Sprites\ANJO\IDLE\DISSPAR\DISSPAR_0007.png","2e5d6c74726dda843bafe78bcc7f4208","A4AB12E8F5731C68EDE6D246EB121F4A26EA47D57405FCE55F6C352B5E8C538C","8718",".png"
"duplicata_exata_sem_referencia","Assets\RecursosUnificados\BranchPedrao\Sprites\ANJO\IDLE\DISSPAR\DISSPAR_0008.png","Assets\RecursosUnificados\ColegaTeste\ProjetoPlayerJhonas\Sprites\ANJO\IDLE\DISSPAR\DISSPAR_0008.png","d4b79d6ff1e91484bb3a060d1ad6fa12","1C0C1EFAF6F2D2CD642493D86B15DD16D36F6EE1FBD39CE71955012CB568D535","11409",".png"
"duplicata_exata_sem_referencia","Assets\RecursosUnificados\BranchPedrao\Sprites\ANJO\IDLE\DISSPAR\DISSPAR_0009.png","Assets\RecursosUnificados\ColegaTeste\ProjetoPlayerJhonas\Sprites\ANJO\IDLE\DISSPAR\DISSPAR_0009.png","3a1533900287c4f44b0567603d3c5777","55A942088FF723208A1EFA442DDC3F9DD2368DD79246544CAEDE6F657310BBE3","9926",".png"
"duplicata_exata_sem_referencia","Assets\RecursosUnificados\BranchPedrao\Sprites\ANJO\IDLE\IDLE.gif","Assets\RecursosUnificados\ColegaTeste\ProjetoPlayerJhonas\Sprites\ANJO\IDLE\IDLE.gif","2f11d08a2fa9f0a4fa1bae267585904b","5C4E3EE1F1F196EC305C3B3FD2C4BC49516AD2A7A1DF395C1044C54442D2AC3C","68856",".gif"
"duplicata_exata_sem_referencia","Assets\RecursosUnificados\BranchPedrao\Sprites\ANJO\IDLE\IDLE-MASC.gif","Assets\RecursosUnificados\ColegaTeste\ProjetoPlayerJhonas\Sprites\ANJO\IDLE\IDLE-MASC.gif","3627a45adb0a0034e875a5f07e6b6e5c","720102723B0CA6D7016DCA2184F92D1CEAF710635649AFD83041AB2DB286BB80","46151",".gif"
"duplicata_exata_sem_referencia","Assets\RecursosUnificados\BranchPedrao\Sprites\ANJO\IDLE\PNG\PNG_0001.png","Assets\RecursosUnificados\ColegaTeste\ProjetoPlayerJhonas\Sprites\ANJO\IDLE\PNG\PNG_0001.png","cd13f408511458741ab35a4e71be5dcb","D4A5B8C10B0A7F12E838EB590FA0406010C9209BE313134D794F7235CBDC2360","14332",".png"
"duplicata_exata_sem_referencia","Assets\RecursosUnificados\BranchPedrao\Sprites\ANJO\IDLE\PNG\PNG_0002.png","Assets\RecursosUnificados\ColegaTeste\ProjetoPlayerJhonas\Sprites\ANJO\IDLE\PNG\PNG_0002.png","1bb416435c82eb14cabce331b8a8417b","2D9AA7BC7BB5182F6C2D6539B084D37758542284DBAA359490656CC545060666","14992",".png"
"duplicata_exata_sem_referencia","Assets\RecursosUnificados\BranchPedrao\Sprites\ANJO\IDLE\PNG\PNG_0003.png","Assets\RecursosUnificados\ColegaTeste\ProjetoPlayerJhonas\Sprites\ANJO\IDLE\PNG\PNG_0003.png","6303d1d19d83432469c7cec0bcb44292","A136D84506B8ED406EAE636BE46977243C0CBBC478597AA84935127EACC3BADF","15240",".png"
"duplicata_exata_sem_referencia","Assets\RecursosUnificados\BranchPedrao\Sprites\ANJO\IDLE\PNG\PNG_0004.png","Assets\RecursosUnificados\ColegaTeste\ProjetoPlayerJhonas\Sprites\ANJO\IDLE\PNG\PNG_0004.png","083915d72529b4248a3d68c12d7b90cf","11A754FFECFA6CDA3350E7FCA036F430E2A46AEB5F1CCA2D10E4ADE47809D696","14602",".png"
"duplicata_exata_sem_referencia","Assets\RecursosUnificados\BranchPedrao\Sprites\ANJO\IDLE\PNG\PNG_0005.png","Assets\RecursosUnificados\ColegaTeste\ProjetoPlayerJhonas\Sprites\ANJO\IDLE\PNG\PNG_0005.png","35059697074c1b148960451b61577a19","76B5C1806DADCC4CBF927C9CC4CB74C279156BA17322F383506114EDBED72687","14038",".png"
"duplicata_exata_sem_referencia","Assets\RecursosUnificados\BranchPedrao\Sprites\ANJO\IDLE\PNG\PNG_0006.png","Assets\RecursosUnificados\ColegaTeste\ProjetoPlayerJhonas\Sprites\ANJO\IDLE\PNG\PNG_0006.png","bac62498115403641bbfa1dab22f195d","1412F0D79AFF369CB5282C7F18146CADA43EAD3DFA98A32148D6092FB9D30A64","14670",".png"
"duplicata_exata_sem_referencia","Assets\RecursosUnificados\BranchPedrao\Sprites\ANJO\IDLE\PNG\PNG_0007.png","Assets\RecursosUnificados\ColegaTeste\ProjetoPlayerJhonas\Sprites\ANJO\IDLE\PNG\PNG_0007.png","ecf3373cc54dbea4bbd9e8e7e9bbc22b","73F9E34B207BB114B1DC278EC184009E5C350F913FB4582E7A4EFA8CE512E6D9","14468",".png"
"duplicata_exata_sem_referencia","Assets\RecursosUnificados\BranchPedrao\Sprites\ANJO\IDLE\PNG\PNG_0008.png","Assets\RecursosUnificados\ColegaTeste\ProjetoPlayerJhonas\Sprites\ANJO\IDLE\PNG\PNG_0008.png","43ff68522668215449ce398538b6bb20","C7AA0810C6CC3CF4B78BDC1D9E507DCE1B73415624F7836A666EF7E9C1D150FD","14693",".png"
"duplicata_exata_sem_referencia","Assets\RecursosUnificados\BranchPedrao\Sprites\ANJO\IDLE\PNG\PNG_0009.png","Assets\RecursosUnificados\ColegaTeste\ProjetoPlayerJhonas\Sprites\ANJO\IDLE\PNG\PNG_0009.png","c501c84e33c624840acca23d9115ddb3","45F39526B7499774C88ADA90A533FEBADC6D3FEA537BECDEDF4A07EA814CFCED","13542",".png"
"duplicata_exata_sem_referencia","Assets\RecursosUnificados\BranchPedrao\Sprites\ANJO\IDLE\PNG\PNG_0010.png","Assets\RecursosUnificados\ColegaTeste\ProjetoPlayerJhonas\Sprites\ANJO\IDLE\PNG\PNG_0010.png","1e84b9cd500bed944843f3e3f92b6d76","22E512B71AA8326A6FF827A094576D4BBA04CF3DA652CE1D79F8199B174CC450","15045",".png"
"duplicata_exata_sem_referencia","Assets\RecursosUnificados\BranchPedrao\Sprites\ANJO\IDLE\PNG\PNG_0011.png","Assets\RecursosUnificados\ColegaTeste\ProjetoPlayerJhonas\Sprites\ANJO\IDLE\PNG\PNG_0011.png","92b9cc6008fd5bb498dc16016b18f616","8C66FC2C899616D62E21FE42F6A5E9F9A7CE09B184E35086D44A52FB666B0813","15226",".png"
"duplicata_exata_sem_referencia","Assets\RecursosUnificados\BranchPedrao\Sprites\ANJO\IDLE\PNG-MASC\PNG_0001.png","Assets\RecursosUnificados\ColegaTeste\ProjetoPlayerJhonas\Sprites\ANJO\IDLE\PNG-MASC\PNG_0001.png","674fa9a4823aff9419c9f8030a51ae12","BCA4865489094C8C1FDA01388D65EE15CA2D56F08799C254AC19AC1D4AD5C4EB","8093",".png"
"duplicata_exata_sem_referencia","Assets\RecursosUnificados\BranchPedrao\Sprites\ANJO\IDLE\PNG-MASC\PNG_0002.png","Assets\RecursosUnificados\ColegaTeste\ProjetoPlayerJhonas\Sprites\ANJO\IDLE\PNG-MASC\PNG_0002.png","90d8afcd3a4ac4544bda13460e7abd1b","D450D82FA39B175AA451EBC0035DE5F725D748DB2BA20D6FAA0DC7178122B7EB","11456",".png"
"duplicata_exata_sem_referencia","Assets\RecursosUnificados\BranchPedrao\Sprites\ANJO\IDLE\PNG-MASC\PNG_0003.png","Assets\RecursosUnificados\ColegaTeste\ProjetoPlayerJhonas\Sprites\ANJO\IDLE\PNG-MASC\PNG_0003.png","6cc5367c28a800141a8ba2d4465c394b","89C8A99EBFB6082242FB77EC3AC8F330CF45A743DD471209525B48C227312162","10593",".png"
"duplicata_exata_sem_referencia","Assets\RecursosUnificados\BranchPedrao\Sprites\ANJO\IDLE\PNG-MASC\PNG_0004.png","Assets\RecursosUnificados\ColegaTeste\ProjetoPlayerJhonas\Sprites\ANJO\IDLE\PNG-MASC\PNG_0004.png","f6fd7f0db7d963a48adb766026c0aed6","5D9EC16C3629D7A06981347D7DAE6B488E1BEF57E885BCBB103287DE67EDE1F7","13422",".png"
"duplicata_exata_sem_referencia","Assets\RecursosUnificados\BranchPedrao\Sprites\ANJO\IDLE\PNG-MASC\PNG_0005.png","Assets\RecursosUnificados\ColegaTeste\ProjetoPlayerJhonas\Sprites\ANJO\IDLE\PNG-MASC\PNG_0005.png","c9c0a49c411c10841af7712788ffb4a2","5A669F3B494C534C7F6CB49D579B9B7372A154524B0633CF2F3172797142027B","11947",".png"
"duplicata_exata_sem_referencia","Assets\RecursosUnificados\BranchPedrao\Sprites\ANJO\IDLE\PNG-MASC\PNG_0006.png","Assets\RecursosUnificados\ColegaTeste\ProjetoPlayerJhonas\Sprites\ANJO\IDLE\PNG-MASC\PNG_0006.png","600312c0a3ea0a94f941bb35999f69a7","D2090F34CC012CE1F3044709C543DDF9D8AE31F32D36A6A932AB7BEB0A1C92D9","13074",".png"
"duplicata_exata_sem_referencia","Assets\RecursosUnificados\BranchPedrao\Sprites\ANJO\IDLE\PNG-MASC\PNG_0007.png","Assets\RecursosUnificados\ColegaTeste\ProjetoPlayerJhonas\Sprites\ANJO\IDLE\PNG-MASC\PNG_0007.png","873f6bdd68dcdbb418ed08dbf84b8d5d","9C314380FA754332A93803C974F40B08043DCD67C31F0F74EA9DC2A8484171AC","11587",".png"
"duplicata_exata_sem_referencia","Assets\RecursosUnificados\BranchPedrao\Sprites\ANJO\IDLE\PNG-MASC\PNG_0008.png","Assets\RecursosUnificados\ColegaTeste\ProjetoPlayerJhonas\Sprites\ANJO\IDLE\PNG-MASC\PNG_0008.png","c1ee7149b7778c447952c60ba2f1c557","D3CCCC4B7FC0E4385F94C849E7E948B53A73F10A3303B0C0E922F561BFF46937","13034",".png"
"duplicata_exata_sem_referencia","Assets\RecursosUnificados\BranchPedrao\Sprites\ANJO\IDLE\PNG-MASC\PNG_0009.png","Assets\RecursosUnificados\ColegaTeste\ProjetoPlayerJhonas\Sprites\ANJO\IDLE\PNG-MASC\PNG_0009.png","5366a24a521d01b4793f11eb75e40d74","E6AA592311245D7100D2FE09113865876871F507EA840F9CF8E0B957A402E24D","10255",".png"
"duplicata_exata_sem_referencia","Assets\RecursosUnificados\BranchPedrao\Sprites\ANJO\IDLE\PNG-SURGE\PNG-SURGE_0001.png","Assets\RecursosUnificados\ColegaTeste\ProjetoPlayerJhonas\Sprites\ANJO\IDLE\PNG-SURGE\PNG-SURGE_0001.png","bb4e799579c3e5346bd9d58474f0b69d","AAFD623754879DD55E027F9CDD26ACB3766BB7E41203BE8B62D11E11BE84B7F8","4609",".png"
"duplicata_exata_sem_referencia","Assets\RecursosUnificados\BranchPedrao\Sprites\ANJO\IDLE\PNG-SURGE\PNG-SURGE_0002.png","Assets\RecursosUnificados\ColegaTeste\ProjetoPlayerJhonas\Sprites\ANJO\IDLE\PNG-SURGE\PNG-SURGE_0002.png","9ba38f7771638a6498206e0e4493b4f8","91BE2500827A859D9E992C26CA6851C0F4BE8D7D9FB491D4913867A730E9ACD1","4690",".png"
"duplicata_exata_sem_referencia","Assets\RecursosUnificados\BranchPedrao\Sprites\ANJO\IDLE\PNG-SURGE\PNG-SURGE_0003.png","Assets\RecursosUnificados\ColegaTeste\ProjetoPlayerJhonas\Sprites\ANJO\IDLE\PNG-SURGE\PNG-SURGE_0003.png","4b987f1434c60a9419e387cf13f95539","3A7517A4F63424D60B601160031C9E811D101A5915DF4150C8250196FF41602E","3836",".png"
"duplicata_exata_sem_referencia","Assets\RecursosUnificados\BranchPedrao\Sprites\ANJO\IDLE\PNG-SURGE\PNG-SURGE_0004.png","Assets\RecursosUnificados\ColegaTeste\ProjetoPlayerJhonas\Sprites\ANJO\IDLE\PNG-SURGE\PNG-SURGE_0004.png","80d048dabaa8d01419acdf787271db7a","610BA46BA41691032FC8BDDEC3A8C561B9B040EE10BA2D6D809B089BB4BB8A36","5646",".png"
"duplicata_exata_sem_referencia","Assets\RecursosUnificados\BranchPedrao\Sprites\ANJO\IDLE\PNG-SURGE\PNG-SURGE_0005.png","Assets\RecursosUnificados\ColegaTeste\ProjetoPlayerJhonas\Sprites\ANJO\IDLE\PNG-SURGE\PNG-SURGE_0005.png","4f2bf7630a58703488d66ebbaa8c1615","1B868BA5308FE0727CCF2074DF410796C0E0C79EB4B39F2C8899FC662D3AF5B0","4275",".png"
"duplicata_exata_sem_referencia","Assets\RecursosUnificados\BranchPedrao\Sprites\ANJO\IDLE\PNG-SURGE\PNG-SURGE_0006.png","Assets\RecursosUnificados\ColegaTeste\ProjetoPlayerJhonas\Sprites\ANJO\IDLE\PNG-SURGE\PNG-SURGE_0006.png","ada38702ee1f2714d95368f66a0d72f8","57DA9E3027BAF160439C21CED9DCF3C4B6C9B0E5CBD8C58003CC7EB08911325F","6185",".png"
"duplicata_exata_sem_referencia","Assets\RecursosUnificados\BranchPedrao\Sprites\ANJO\IDLE\PNG-SURGE\PNG-SURGE_0007.png","Assets\RecursosUnificados\ColegaTeste\ProjetoPlayerJhonas\Sprites\ANJO\IDLE\PNG-SURGE\PNG-SURGE_0007.png","69cd0ee4d48a8a14ea448ddf10f3098a","F800CED7AC6EC74B286C810E34DE52E33D5B5D821BA2AAEA83CD90C9CB8FAE00","11393",".png"
"duplicata_exata_sem_referencia","Assets\RecursosUnificados\BranchPedrao\Sprites\ANJO\IDLE\PNG-SURGE\PNG-SURGE_0008.png","Assets\RecursosUnificados\ColegaTeste\ProjetoPlayerJhonas\Sprites\ANJO\IDLE\PNG-SURGE\PNG-SURGE_0008.png","d5c1001be73c40247937ac78ef72ffa9","CFEC3DD26B2CF407AFD123719C9734379C4EAA97A940593471424DDEC95D3AE4","12724",".png"
"duplicata_exata_sem_referencia","Assets\RecursosUnificados\BranchPedrao\Sprites\ANJO\IDLE\PNG-SURGE\PNG-SURGE_0009.png","Assets\RecursosUnificados\ColegaTeste\ProjetoPlayerJhonas\Sprites\ANJO\IDLE\PNG-SURGE\PNG-SURGE_0009.png","360b9c95fd7dbfa47bf5f52fa430b200","C12459C49921E6109FD9F94B56F379D1F65F777054124B06506B693C2A230A43","11299",".png"
"duplicata_exata_sem_referencia","Assets\RecursosUnificados\BranchPedrao\Sprites\ANJO\IDLE\PNG-SURGE\PNG-SURGE_0010.png","Assets\RecursosUnificados\ColegaTeste\ProjetoPlayerJhonas\Sprites\ANJO\IDLE\PNG-SURGE\PNG-SURGE_0010.png","6819e3dc12eca5a4fb0b86da9f565a23","64ABC7ADE13B110F9283A30045DC176CF0464F602FEC9EAFA8F2600A12661A9E","13761",".png"
"duplicata_exata_sem_referencia","Assets\RecursosUnificados\BranchPedrao\Sprites\ANJO\IDLE\PNG-SURGE\PNG-SURGE_0011.png","Assets\RecursosUnificados\ColegaTeste\ProjetoPlayerJhonas\Sprites\ANJO\IDLE\PNG-SURGE\PNG-SURGE_0011.png","e9ae1396e387e214cb1f34d7ed569daf","0A89DCCDEE30AD57E6A415DD3C5E14B9D7E952F2D2BA782C30CBD2E4CD83E594","11724",".png"
"duplicata_exata_sem_referencia","Assets\RecursosUnificados\BranchPedrao\Sprites\ANJO\IDLE\PNG-SURGE\PNG-SURGE_0012.png","Assets\RecursosUnificados\ColegaTeste\ProjetoPlayerJhonas\Sprites\ANJO\IDLE\PNG-SURGE\PNG-SURGE_0012.png","9ab9c484339ee5f448fd2fbc2e4c4634","145956E68E31BAD12ED844CCC730499782525849E1C8CA954FDE0C3BB9803A80","14930",".png"
"duplicata_exata_sem_referencia","Assets\RecursosUnificados\BranchPedrao\Sprites\ANJO\IDLE\PNG-SURGE\PNG-SURGE_0013.png","Assets\RecursosUnificados\ColegaTeste\ProjetoPlayerJhonas\Sprites\ANJO\IDLE\PNG-SURGE\PNG-SURGE_0013.png","89dd921981a17eb44871fda35b81c343","480956F040DC23F7912F759D97498B00B4308594DEB4C16B191E8C2993FDD804","12200",".png"
"duplicata_exata_sem_referencia","Assets\RecursosUnificados\BranchPedrao\Sprites\ANJO\IDLE\SURGE.gif","Assets\RecursosUnificados\ColegaTeste\ProjetoPlayerJhonas\Sprites\ANJO\IDLE\SURGE.gif","9fcd333492eb7fe4da0305b2f7a12034","578EF39C8F20D98F15086E76D65981D906448C9877EF165C837CB686D26D89AB","62424",".gif"
"duplicata_exata_sem_referencia","Assets\RecursosUnificados\BranchPedrao\Sprites\Boss\attack\attk-1.gif","Assets\RecursosUnificados\ColegaTeste\ProjetoPlayerJhonas\Sprites\Boss\attack\attk-1.gif","85c04fec13483c342995f2de43cb1c7f","AD4DB5B96BEC566C28651C7B69CBCC2FB8A223306D6CA693423FE0D5F7A2C66B","43749",".gif"
"duplicata_exata_sem_referencia","Assets\RecursosUnificados\BranchPedrao\Sprites\Boss\attack\PNG\ATTK\PNG_0001.png","Assets\RecursosUnificados\ColegaTeste\ProjetoPlayerJhonas\Sprites\Boss\attack\PNG\ATTK\PNG_0001.png","31f1dfe343370b24badf8c63cf07acf0","0C8F618672416CB2E65D88128C63901F858059AA3CA2025B63DBC3C2EDD78F43","5657",".png"
"duplicata_exata_sem_referencia","Assets\RecursosUnificados\BranchPedrao\Sprites\Boss\attack\PNG\ATTK\PNG_0002.png","Assets\RecursosUnificados\ColegaTeste\ProjetoPlayerJhonas\Sprites\Boss\attack\PNG\ATTK\PNG_0002.png","a0f2a67004f55bd4b97a553db5f4e5c6","5BDB5963A74437BCA2715CE55D865CE50D03CBCCBB5C221534B2A99E5DB72EF3","8041",".png"
"duplicata_exata_sem_referencia","Assets\RecursosUnificados\BranchPedrao\Sprites\Boss\attack\PNG\ATTK\PNG_0003.png","Assets\RecursosUnificados\ColegaTeste\ProjetoPlayerJhonas\Sprites\Boss\attack\PNG\ATTK\PNG_0003.png","9cc8369722d83cb4eb9335f6f4afc0eb","310B788354F79BCE2C7C8235F76BC2F6AE1B5C61947E8AD6129DA2A7357DB386","10839",".png"
"duplicata_exata_sem_referencia","Assets\RecursosUnificados\BranchPedrao\Sprites\Boss\attack\PNG\ATTK\PNG_0004.png","Assets\RecursosUnificados\ColegaTeste\ProjetoPlayerJhonas\Sprites\Boss\attack\PNG\ATTK\PNG_0004.png","825887c4a5981b946a7a35c8b2a0814e","687CEE43F6C2D61F46C93D4050A34A336BCC6052847EC21C49FF80875D1C10F5","12272",".png"
"duplicata_exata_sem_referencia","Assets\RecursosUnificados\BranchPedrao\Sprites\Boss\attack\PNG\ATTK\PNG_0005.png","Assets\RecursosUnificados\ColegaTeste\ProjetoPlayerJhonas\Sprites\Boss\attack\PNG\ATTK\PNG_0005.png","9f8878487b363ca419d2559bdc9173f2","003B1C4CF11E41924B90238FC15CB08C9290854EE83054C59BB16B39AD50F059","11586",".png"
"duplicata_exata_sem_referencia","Assets\RecursosUnificados\BranchPedrao\Sprites\Boss\attack\PNG\ATTK\PNG_0006.png","Assets\RecursosUnificados\ColegaTeste\ProjetoPlayerJhonas\Sprites\Boss\attack\PNG\ATTK\PNG_0006.png","66063b62f9233df4da2d655cd888d531","6A24FEA06039B6A52EFEF45EA4CBEEC88E263622D3E85F59F2D1AB889039AFBC","13888",".png"
"duplicata_exata_sem_referencia","Assets\RecursosUnificados\BranchPedrao\Sprites\Boss\attack\PNG\ATTK\PNG_0007.png","Assets\RecursosUnificados\ColegaTeste\ProjetoPlayerJhonas\Sprites\Boss\attack\PNG\ATTK\PNG_0007.png","92ddf8ca2ea360b48a3f3509e7301b04","C7CEB418309B5D9D2B9B30F679D897DCABC629F139E8558A5490B056095C645A","12627",".png"
"duplicata_exata_sem_referencia","Assets\RecursosUnificados\BranchPedrao\Sprites\Boss\attack\PNG\ATTK\PNG_0008.png","Assets\RecursosUnificados\ColegaTeste\ProjetoPlayerJhonas\Sprites\Boss\attack\PNG\ATTK\PNG_0008.png","b3316723a96c4664a9697487bd277bb9","D7AC3217AF68A611192C2D92DCD0D624FAF3D58BE576431CACA0419313641D8B","14575",".png"
"duplicata_exata_sem_referencia","Assets\RecursosUnificados\BranchPedrao\Sprites\Boss\attack\PNG\ATTK\PNG_0009.png","Assets\RecursosUnificados\ColegaTeste\ProjetoPlayerJhonas\Sprites\Boss\attack\PNG\ATTK\PNG_0009.png","63fc59e4c208e1b4a80d417422b800f8","A21ABEB1217E4EED23DE98CC9144877EC9C7DE7C937A8E41DC2148BD8F12422B","10180",".png"
"duplicata_exata_sem_referencia","Assets\RecursosUnificados\BranchPedrao\Sprites\Boss\attack\PNG\PREPARAÇÃO\PNG_0001.png","Assets\RecursosUnificados\ColegaTeste\ProjetoPlayerJhonas\Sprites\Boss\attack\PNG\PREPARAÇÃO\PNG_0001.png","01c0739aa219a8d46997b11429f663ef","E92F562D43130E7CC1B95AF942ECA9BC64AE3DCA31BDAE049AC24383DF8AAAB3","5569",".png"
"duplicata_exata_sem_referencia","Assets\RecursosUnificados\BranchPedrao\Sprites\Boss\attack\PNG\PREPARAÇÃO\PNG_0002.png","Assets\RecursosUnificados\ColegaTeste\ProjetoPlayerJhonas\Sprites\Boss\attack\PNG\PREPARAÇÃO\PNG_0002.png","8bb325ea6ca4b45459665ee63d7476d9","2DE509FF97B545BB72A20279BC1EE9336C400903E0B7C6A2703ABD1AFA19C266","9236",".png"
"duplicata_exata_sem_referencia","Assets\RecursosUnificados\BranchPedrao\Sprites\Boss\attack\PNG\PREPARAÇÃO\PNG_0003.png","Assets\RecursosUnificados\ColegaTeste\ProjetoPlayerJhonas\Sprites\Boss\attack\PNG\PREPARAÇÃO\PNG_0003.png","5f849536feadef44792a66d8b373c14d","F4BE21605702BD75C0CFBD2AE420CBB77F8EE7F31EA30F6B41DB9F29BDB008EF","8254",".png"
"duplicata_exata_sem_referencia","Assets\RecursosUnificados\BranchPedrao\Sprites\Boss\attack\PNG\PREPARAÇÃO\PNG_0004.png","Assets\RecursosUnificados\ColegaTeste\ProjetoPlayerJhonas\Sprites\Boss\attack\PNG\PREPARAÇÃO\PNG_0004.png","39964e64d291bf64cb3758ed7e99a720","069AB4BC1AF734ABF5181CD762EE27602C5DD91E2A79DE5F2AC8CA8DFF0728A5","8081",".png"
"duplicata_exata_sem_referencia","Assets\RecursosUnificados\BranchPedrao\Sprites\Boss\attack\PNG\PREPARAÇÃO\PNG_0005.png","Assets\RecursosUnificados\ColegaTeste\ProjetoPlayerJhonas\Sprites\Boss\attack\PNG\PREPARAÇÃO\PNG_0005.png","2ad150e86c671114789f08cd3c36f3a4","2659F914568A7C5AB805C88EEA5EF6D167937E87F476CFDA73A27F6FBFC4078B","6960",".png"
"duplicata_exata_sem_referencia","Assets\RecursosUnificados\BranchPedrao\Sprites\Boss\attack\PNG\PREPARAÇÃO\PNG_0006.png","Assets\RecursosUnificados\ColegaTeste\ProjetoPlayerJhonas\Sprites\Boss\attack\PNG\PREPARAÇÃO\PNG_0006.png","d9138317c2510bc4c93837c7645e87ea","ACF06E2DF09BE9860BDFCF5FF4E35AFCA0DD704F177D0730BA7E12ACC3F0BD7B","7802",".png"
"duplicata_exata_sem_referencia","Assets\RecursosUnificados\BranchPedrao\Sprites\Boss\attack\PNG\PREPARAÇÃO\PNG_0007.png","Assets\RecursosUnificados\ColegaTeste\ProjetoPlayerJhonas\Sprites\Boss\attack\PNG\PREPARAÇÃO\PNG_0007.png","f018d482efbf25a4ab7af45dfa3c7731","9C8F6668D499F27719780554F0C93618EEE10ABC3BA7448947A879F5DF409DA8","5654",".png"
"duplicata_exata_sem_referencia","Assets\RecursosUnificados\BranchPedrao\Sprites\Boss\attack\PNG\PREPARAÇÃO\special-attk.gif","Assets\RecursosUnificados\ColegaTeste\ProjetoPlayerJhonas\Sprites\Boss\attack\PNG\PREPARAÇÃO\special-attk.gif","2050078ea0a75c743930dfb6829ce905","B86750122007BEB5B5D12723D9354D24015C856DB5B3ABE79FD0E8269A8C262A","56813",".gif"
"duplicata_exata_sem_referencia","Assets\RecursosUnificados\BranchPedrao\Sprites\Boss\attack\PNG\PREPARAÇÃO\special-attk_0001.png","Assets\RecursosUnificados\ColegaTeste\ProjetoPlayerJhonas\Sprites\Boss\attack\PNG\PREPARAÇÃO\special-attk_0001.png","44edf0756ac62c745adcea7ee3871c87","1751BABCD4A4CC33B0001A05E99D09D60D90E2D0BB44071AB3BE853CB79D6782","6390",".png"
"duplicata_exata_sem_referencia","Assets\RecursosUnificados\BranchPedrao\Sprites\Boss\attack\PNG\PREPARAÇÃO\special-attk_0002.png","Assets\RecursosUnificados\ColegaTeste\ProjetoPlayerJhonas\Sprites\Boss\attack\PNG\PREPARAÇÃO\special-attk_0002.png","2a5b5c0006356474187f0303f2108b31","1437B473CE3D84F70D4716D6670AC22E4528A50CD41A351960D4D3547C9E849A","14099",".png"
"duplicata_exata_sem_referencia","Assets\RecursosUnificados\BranchPedrao\Sprites\Boss\attack\PNG\PREPARAÇÃO\special-attk_0003.png","Assets\RecursosUnificados\ColegaTeste\ProjetoPlayerJhonas\Sprites\Boss\attack\PNG\PREPARAÇÃO\special-attk_0003.png","89c209cc839ad284e9b5285aabafaf9b","0B1609A990A1F5956D22009C5E1E8A5CBE95A7F87690793D506A0A5E5A5663BE","15936",".png"
"duplicata_exata_sem_referencia","Assets\RecursosUnificados\BranchPedrao\Sprites\Boss\attack\PNG\PREPARAÇÃO\special-attk_0004.png","Assets\RecursosUnificados\ColegaTeste\ProjetoPlayerJhonas\Sprites\Boss\attack\PNG\PREPARAÇÃO\special-attk_0004.png","b231e32e5eebe804f81b33e3780564b6","6D88F21A04BBF21C259327A2BBFD1EAB3C0797E85A5E051D42CCB476F88045C1","18383",".png"
"duplicata_exata_sem_referencia","Assets\RecursosUnificados\BranchPedrao\Sprites\Boss\attack\PNG\PREPARAÇÃO\special-attk_0005.png","Assets\RecursosUnificados\ColegaTeste\ProjetoPlayerJhonas\Sprites\Boss\attack\PNG\PREPARAÇÃO\special-attk_0005.png","673c29bc3f9945f478efe683672967ef","C9B7DF51461B711B66DEC9004A366303B3846EF0CD11817296708873248CC8C4","14680",".png"
"duplicata_exata_sem_referencia","Assets\RecursosUnificados\BranchPedrao\Sprites\Boss\attack\PNG\PREPARAÇÃO\special-attk_0006.png","Assets\RecursosUnificados\ColegaTeste\ProjetoPlayerJhonas\Sprites\Boss\attack\PNG\PREPARAÇÃO\special-attk_0006.png","533f2a43779294e41bfac8550dca8d90","D195CA90FE6CA0169CE9567E0819788E67E5B6ADED862185ED08D4CFBD4EC5C1","12685",".png"
"duplicata_exata_sem_referencia","Assets\RecursosUnificados\BranchPedrao\Sprites\Boss\attack\PNG\PREPARAÇÃO\special-attk_0007.png","Assets\RecursosUnificados\ColegaTeste\ProjetoPlayerJhonas\Sprites\Boss\attack\PNG\PREPARAÇÃO\special-attk_0007.png","5168297d7590b7441b053733dd8b8ba7","C381E488437B7C99889B5B90BD6BFCE35ECEDD188B16E89C516C0BFA56EE93B6","20313",".png"
"duplicata_exata_sem_referencia","Assets\RecursosUnificados\BranchPedrao\Sprites\Boss\attack\PNG\PREPARAÇÃO\special-attk_0008.png","Assets\RecursosUnificados\ColegaTeste\ProjetoPlayerJhonas\Sprites\Boss\attack\PNG\PREPARAÇÃO\special-attk_0008.png","c888cc0b1c1825b459f19ab0bf14ae7c","342216361738746F18291108AAE3013437771CC7CB56B7157E97D0F4B6888315","18777",".png"
"duplicata_exata_sem_referencia","Assets\RecursosUnificados\BranchPedrao\Sprites\Boss\attack\PNG\PREPARAÇÃO\special-attk_0009.png","Assets\RecursosUnificados\ColegaTeste\ProjetoPlayerJhonas\Sprites\Boss\attack\PNG\PREPARAÇÃO\special-attk_0009.png","b59d84ff54468c04c9ebb5b7cdfe3773","8F25D72B816C0C6A91F6FA95F5209FD7E515DE6E25C80A9F66D2798C6D16F178","14348",".png"
"duplicata_exata_sem_referencia","Assets\RecursosUnificados\BranchPedrao\Sprites\Boss\attack\PNG\PREPARAÇÃO\special-attk-def.gif","Assets\RecursosUnificados\ColegaTeste\ProjetoPlayerJhonas\Sprites\Boss\attack\PNG\PREPARAÇÃO\special-attk-def.gif","e7d9f4d47c7df08429b7d918468a129c","2CE34CB3A71702E831B6E8F3A0634A4832032E76017AE347AE3D6C73A11AA403","56817",".gif"
"duplicata_exata_sem_referencia","Assets\RecursosUnificados\BranchPedrao\Sprites\Boss\attack\preparação.gif","Assets\RecursosUnificados\ColegaTeste\ProjetoPlayerJhonas\Sprites\Boss\attack\preparação.gif","f1654b401c6ba3f4bbb8772388e2c701","07AA1881010BB744EA44C9812379363F6E5B1049386ADB29452F374BA5F3F13A","22594",".gif"
"duplicata_exata_sem_referencia","Assets\RecursosUnificados\BranchPedrao\Sprites\Boss\cry\cry_0001.png","Assets\RecursosUnificados\ColegaTeste\ProjetoPlayerJhonas\Sprites\Boss\cry\cry_0001.png","a38ee0e500624494e86db335769f053c","7F650D1CFD6122D27AED0D7714D8453A361F45BF6F889093C3F26364FDF1FE53","5570",".png"
"duplicata_exata_sem_referencia","Assets\RecursosUnificados\BranchPedrao\Sprites\Boss\cry\cry_0002.png","Assets\RecursosUnificados\ColegaTeste\ProjetoPlayerJhonas\Sprites\Boss\cry\cry_0002.png","1aae5819e657f184f8c070ea6d68ced2","BAB10ECF24B5588A37E543C9F7C8776C3C02B505B64684367885359C7D09EF16","13242",".png"
"duplicata_exata_sem_referencia","Assets\RecursosUnificados\BranchPedrao\Sprites\Boss\cry\cry_0003.png","Assets\RecursosUnificados\ColegaTeste\ProjetoPlayerJhonas\Sprites\Boss\cry\cry_0003.png","1eeb1e8b6917b4542a2036f61448acc9","2A47CB8EE47E5D1BF3676596505312FDEC50C6FCB5A41556C94AB57ED18F94DF","11462",".png"
"duplicata_exata_sem_referencia","Assets\RecursosUnificados\BranchPedrao\Sprites\Boss\cry\cry_0004.png","Assets\RecursosUnificados\ColegaTeste\ProjetoPlayerJhonas\Sprites\Boss\cry\cry_0004.png","c8f5e27dd216b7740b07838dac91f99b","F439D08EE5801EF30C864A52024E4CFB023A12AABFCBA2AC903B6F0BB217D82F","12574",".png"
"duplicata_exata_sem_referencia","Assets\RecursosUnificados\BranchPedrao\Sprites\Boss\cry\cry_0005.png","Assets\RecursosUnificados\ColegaTeste\ProjetoPlayerJhonas\Sprites\Boss\cry\cry_0005.png","4dbb79974fc18db41a3fb662f3c6fb50","51D25D7ED50CDB1BEEE7631EEC18487DDF257710468F2F3847DB69A071A24B30","10033",".png"
"duplicata_exata_sem_referencia","Assets\RecursosUnificados\BranchPedrao\Sprites\Boss\cry\cry_0006.png","Assets\RecursosUnificados\ColegaTeste\ProjetoPlayerJhonas\Sprites\Boss\cry\cry_0006.png","30c643b1719bcdf4b81b61770399e103","07F6CCE3C981335FA48875700C84FDA69F55F3B0CF789E2AB035D217A02522CC","11105",".png"
"duplicata_exata_sem_referencia","Assets\RecursosUnificados\BranchPedrao\Sprites\Boss\cry\cry_0007.png","Assets\RecursosUnificados\ColegaTeste\ProjetoPlayerJhonas\Sprites\Boss\cry\cry_0007.png","2c4441fcfda667c4884bd6d4cd3d8397","2ABCEA32A40D29A3AA2333C11E38A636DF4380E7E8E97AED07682E6CB3749CAA","10396",".png"
"duplicata_exata_sem_referencia","Assets\RecursosUnificados\BranchPedrao\Sprites\Boss\cry\cry_0008.png","Assets\RecursosUnificados\ColegaTeste\ProjetoPlayerJhonas\Sprites\Boss\cry\cry_0008.png","034ebcbc67ebbba4da15e0555f1c4357","35AE602AF1F9BF2951986F53E291D8C9FB8968FDFD1645FBCDFE6ADB7FAE665B","11636",".png"
"duplicata_exata_sem_referencia","Assets\RecursosUnificados\BranchPedrao\Sprites\Boss\cry\cry_0009.png","Assets\RecursosUnificados\ColegaTeste\ProjetoPlayerJhonas\Sprites\Boss\cry\cry_0009.png","b8f2895a7684f9248b9f69e3236e1598","49D8FBD88D015E443B36FE97D2FF152F0801891DDACCCBEA9DE1363BA4F35C42","6538",".png"
"duplicata_exata_sem_referencia","Assets\RecursosUnificados\BranchPedrao\Sprites\ANJO\IDLE\DISSPAR\dissipar.gif","Assets\RecursosUnificados\ColegaTeste\ProjetoPlayerJhonas\Sprites\Boss\dead\dissipar.gif","f9ee72ca51816014fa0777a150a46fbb","647FA4F7394B39129F5E71E7A273B7EA5FE614321A6603B10442E5DF32577545","50640",".gif"
"duplicata_exata_sem_referencia","Assets\RecursosUnificados\BranchPedrao\Sprites\Boss\dead\morte.gif","Assets\RecursosUnificados\ColegaTeste\ProjetoPlayerJhonas\Sprites\Boss\dead\morte.gif","e956ffbaf456cf84492d9485adfcd3e5","8DFA01CBCDE340160E3340547114559A55AB6501DB11C6D6ED131C88E9F8B2F9","44034",".gif"
"duplicata_exata_sem_referencia","Assets\RecursosUnificados\BranchPedrao\Sprites\ANJO\IDLE\DISSPAR\dissipar.gif","Assets\RecursosUnificados\ColegaTeste\ProjetoPlayerJhonas\Sprites\Boss\dead\PNG\dissipar.gif","4ee0fed0adec872419a57b3eaef518ff","647FA4F7394B39129F5E71E7A273B7EA5FE614321A6603B10442E5DF32577545","50640",".gif"
"duplicata_exata_sem_referencia","Assets\RecursosUnificados\BranchPedrao\Sprites\ANJO\IDLE\DISSPAR\DISSPAR_0001.png","Assets\RecursosUnificados\ColegaTeste\ProjetoPlayerJhonas\Sprites\Boss\dead\PNG\DISSPAR_0001.png","c6d622ca0c771594caad750a33d37dd7","2D8DAE719CBD1D26E47A1CA4B946A329F053D91EFCDA7BA7F2AC32987C9884B8","4260",".png"
"duplicata_exata_sem_referencia","Assets\RecursosUnificados\BranchPedrao\Sprites\ANJO\IDLE\DISSPAR\DISSPAR_0002.png","Assets\RecursosUnificados\ColegaTeste\ProjetoPlayerJhonas\Sprites\Boss\dead\PNG\DISSPAR_0002.png","d683508eef138724ca299747a1fc4818","1FC6C87D860591E88CE2ACA0F0197BCC5F1C6F6436950F4A68FB7714C5BEDC03","5246",".png"
"duplicata_exata_sem_referencia","Assets\RecursosUnificados\BranchPedrao\Sprites\ANJO\IDLE\DISSPAR\DISSPAR_0003.png","Assets\RecursosUnificados\ColegaTeste\ProjetoPlayerJhonas\Sprites\Boss\dead\PNG\DISSPAR_0003.png","c2d554cace321e844ac932eb5b190cce","1A5D2BD4FC413E376BBF469DD08C1EEAFFCB5BB26BF21012D60458CD90725DDA","6643",".png"
"duplicata_exata_sem_referencia","Assets\RecursosUnificados\BranchPedrao\Sprites\ANJO\IDLE\DISSPAR\DISSPAR_0004.png","Assets\RecursosUnificados\ColegaTeste\ProjetoPlayerJhonas\Sprites\Boss\dead\PNG\DISSPAR_0004.png","d8fae7614dbfdcc4fae27f7749c982ba","EB65B48E2E971CC216E62C6F670F56E83B7F81FB94BA8497073F895BAF590564","9634",".png"
"duplicata_exata_sem_referencia","Assets\RecursosUnificados\BranchPedrao\Sprites\ANJO\IDLE\DISSPAR\DISSPAR_0005.png","Assets\RecursosUnificados\ColegaTeste\ProjetoPlayerJhonas\Sprites\Boss\dead\PNG\DISSPAR_0005.png","138051a7ac195144eabfc3c0ef2bb400","E574820DD2268D9292ABE880D6D1F5077465DDCCC3647244371E7DF8718E2077","8633",".png"
"duplicata_exata_sem_referencia","Assets\RecursosUnificados\BranchPedrao\Sprites\ANJO\IDLE\DISSPAR\DISSPAR_0006.png","Assets\RecursosUnificados\ColegaTeste\ProjetoPlayerJhonas\Sprites\Boss\dead\PNG\DISSPAR_0006.png","4afef32b4a02c0e41ad225861607122d","9045A5DAE332C7330B8107A207B751545EEC84473474DE0EF2D1917DA1A64948","11061",".png"
"duplicata_exata_sem_referencia","Assets\RecursosUnificados\BranchPedrao\Sprites\ANJO\IDLE\DISSPAR\DISSPAR_0007.png","Assets\RecursosUnificados\ColegaTeste\ProjetoPlayerJhonas\Sprites\Boss\dead\PNG\DISSPAR_0007.png","e08274c82cea70b46a41f0d0c6158c35","A4AB12E8F5731C68EDE6D246EB121F4A26EA47D57405FCE55F6C352B5E8C538C","8718",".png"
"duplicata_exata_sem_referencia","Assets\RecursosUnificados\BranchPedrao\Sprites\ANJO\IDLE\DISSPAR\DISSPAR_0008.png","Assets\RecursosUnificados\ColegaTeste\ProjetoPlayerJhonas\Sprites\Boss\dead\PNG\DISSPAR_0008.png","7f874875ff553484eb5f5a6da9ec6159","1C0C1EFAF6F2D2CD642493D86B15DD16D36F6EE1FBD39CE71955012CB568D535","11409",".png"
"duplicata_exata_sem_referencia","Assets\RecursosUnificados\BranchPedrao\Sprites\ANJO\IDLE\DISSPAR\DISSPAR_0009.png","Assets\RecursosUnificados\ColegaTeste\ProjetoPlayerJhonas\Sprites\Boss\dead\PNG\DISSPAR_0009.png","e4066e391d6683a43b54ef5736c77fbf","55A942088FF723208A1EFA442DDC3F9DD2368DD79246544CAEDE6F657310BBE3","9926",".png"
"duplicata_exata_sem_referencia","Assets\RecursosUnificados\BranchPedrao\Sprites\Boss\dead\PNG\PNG_0001.png","Assets\RecursosUnificados\ColegaTeste\ProjetoPlayerJhonas\Sprites\Boss\dead\PNG\PNG_0001.png","f33210628f365584fbe60a251658dbd8","EB6FE9A28C16F9CE00F1DA1420040B0B859E11C118E33B1CEEC118BEF844E325","8965",".png"
"duplicata_exata_sem_referencia","Assets\RecursosUnificados\BranchPedrao\Sprites\Boss\dead\PNG\PNG_0002.png","Assets\RecursosUnificados\ColegaTeste\ProjetoPlayerJhonas\Sprites\Boss\dead\PNG\PNG_0002.png","dbb29fb8f6350874fa6e13219d326ec2","DA0D64CAE45EFB7232AA3800E643B8DF1C6E545AA1BCBE41D0F76981571CEF2F","7361",".png"
"duplicata_exata_sem_referencia","Assets\RecursosUnificados\BranchPedrao\Sprites\Boss\dead\PNG\PNG_0003.png","Assets\RecursosUnificados\ColegaTeste\ProjetoPlayerJhonas\Sprites\Boss\dead\PNG\PNG_0003.png","87b82a6c2053fc54fa7668be0721c0a4","E78F3DE31ECCECC341BF07FC28F04DD87F305A200BE5D02A55832D25844FD8BE","8937",".png"
"duplicata_exata_sem_referencia","Assets\RecursosUnificados\BranchPedrao\Sprites\Boss\dead\PNG\PNG_0004.png","Assets\RecursosUnificados\ColegaTeste\ProjetoPlayerJhonas\Sprites\Boss\dead\PNG\PNG_0004.png","9231a328d0a0ce7448b98edfb247fa5e","0F73CD8CAE4247BC809FEE2375DF47934CDF371D6A813DB3273DC13D2ABBB60B","6729",".png"
"duplicata_exata_sem_referencia","Assets\RecursosUnificados\BranchPedrao\Sprites\Boss\dead\PNG\PNG_0005.png","Assets\RecursosUnificados\ColegaTeste\ProjetoPlayerJhonas\Sprites\Boss\dead\PNG\PNG_0005.png","0424b65a15a5e8e42b939bde0abc9f14","67179444979ECAD6946C807CC228891D4EF4DD1E5B0EBA2E874F3AD9FF0DB422","8025",".png"
"duplicata_exata_sem_referencia","Assets\RecursosUnificados\BranchPedrao\Sprites\Boss\dead\PNG\PNG_0006.png","Assets\RecursosUnificados\ColegaTeste\ProjetoPlayerJhonas\Sprites\Boss\dead\PNG\PNG_0006.png","5738a5b214562c043908ff96a991cc7f","E1D6F65CDFE2A80EAA11E317506AC38FB66648C5B781E26565CF46E688A29B42","6677",".png"
"duplicata_exata_sem_referencia","Assets\RecursosUnificados\BranchPedrao\Sprites\Boss\dead\PNG\PNG_0007.png","Assets\RecursosUnificados\ColegaTeste\ProjetoPlayerJhonas\Sprites\Boss\dead\PNG\PNG_0007.png","d001fa22e25c5564599e80c3b747e45e","27FE98539ECF07F8EC49774938D72C6DC37B2C034CBE6D475B576F9225644EC1","7663",".png"
"duplicata_exata_sem_referencia","Assets\RecursosUnificados\BranchPedrao\Sprites\Boss\dead\PNG\PNG_0008.png","Assets\RecursosUnificados\ColegaTeste\ProjetoPlayerJhonas\Sprites\Boss\dead\PNG\PNG_0008.png","0ef2fc60a111af640bae1b8ae1e13012","02672A980793E7E43B061AA6B97676C9D59A0278077E93A720322D5A50CF1E7F","6333",".png"
"duplicata_exata_sem_referencia","Assets\RecursosUnificados\BranchPedrao\Sprites\Boss\dead\PNG\PNG_0009.png","Assets\RecursosUnificados\ColegaTeste\ProjetoPlayerJhonas\Sprites\Boss\dead\PNG\PNG_0009.png","a1cb7875d36ec5d499e83217f8474cde","1781DE2447938CDC8F5BCA841F5957B30A4E1D84E1B75BFEE59AB5101B1CCD45","7395",".png"
"duplicata_exata_sem_referencia","Assets\RecursosUnificados\BranchPedrao\Sprites\Boss\dead\PNG\PNG_0010.png","Assets\RecursosUnificados\ColegaTeste\ProjetoPlayerJhonas\Sprites\Boss\dead\PNG\PNG_0010.png","7df2b837af56e824f84d6a66f3b349a4","E140ED9C8CB213B9A6654C231012C59EC05EBC2B23AEC089BEEC0ED33B2F50E3","6464",".png"
"duplicata_exata_sem_referencia","Assets\RecursosUnificados\BranchPedrao\Sprites\Boss\dead\PNG\PNG_0011.png","Assets\RecursosUnificados\ColegaTeste\ProjetoPlayerJhonas\Sprites\Boss\dead\PNG\PNG_0011.png","f270471cee392bb40a36e97753b72789","1FE02EBDDAC80C767DC5C846009D871B99304D23900F4E0FB37A581ACAE23490","6740",".png"
"duplicata_exata_sem_referencia","Assets\RecursosUnificados\BranchPedrao\Sprites\Boss\dead\PNG\PNG_0012.png","Assets\RecursosUnificados\ColegaTeste\ProjetoPlayerJhonas\Sprites\Boss\dead\PNG\PNG_0012.png","5d55f9c1cd2e6e4448ef72cf506042aa","78E48486FA6DB946F322FECA898A7D43E4D9820ACA3E0F4DB36065A6E87C1DCD","6062",".png"
"duplicata_exata_sem_referencia","Assets\RecursosUnificados\BranchPedrao\Sprites\Boss\dead\PNG\PNG_0013.png","Assets\RecursosUnificados\ColegaTeste\ProjetoPlayerJhonas\Sprites\Boss\dead\PNG\PNG_0013.png","70e34a7d537ea75499a48e030036df93","1502435493871DC91339A60F290FEA7575EF9A4BFC9441AF828FD8EEAC490FBC","7333",".png"
"duplicata_exata_sem_referencia","Assets\RecursosUnificados\BranchPedrao\Sprites\Boss\dead\PNG\PNG_0014.png","Assets\RecursosUnificados\ColegaTeste\ProjetoPlayerJhonas\Sprites\Boss\dead\PNG\PNG_0014.png","4a8e419544a03444787e77a41b6cbddc","570774DCFAB21137F5D7911A248B25CC48D03A66948B3893B1D87DDE78384A8E","10799",".png"
"duplicata_exata_sem_referencia","Assets\RecursosUnificados\BranchPedrao\Sprites\Boss\dead\PNG\PNG_0015.png","Assets\RecursosUnificados\ColegaTeste\ProjetoPlayerJhonas\Sprites\Boss\dead\PNG\PNG_0015.png","f37e7d3815654a743aace8b91fa7e08a","F13D8B2DFA622E13B5D5028A749D4C197A0FFF172EC02E5F3C4717FD26AFF6BD","9848",".png"
"duplicata_exata_sem_referencia","Assets\RecursosUnificados\BranchPedrao\Sprites\Boss\dead\PNG\PNG_0016.png","Assets\RecursosUnificados\ColegaTeste\ProjetoPlayerJhonas\Sprites\Boss\dead\PNG\PNG_0016.png","cc191b4f71145f249a83ee2c23471aae","D0BFE3866D96B03CC5B0BBD25792DADA71FA6BB629C08C0368067EB1629EA54D","10885",".png"
"duplicata_exata_sem_referencia","Assets\RecursosUnificados\BranchPedrao\Sprites\Boss\dead\PNG\PNG_0017.png","Assets\RecursosUnificados\ColegaTeste\ProjetoPlayerJhonas\Sprites\Boss\dead\PNG\PNG_0017.png","8b8ff4aedf2a0e040a725364667337b7","9DF28A78CA39477ACA46115E82237AD0C7C6B7DC097404C53833B24183EA4460","9234",".png"
"duplicata_exata_sem_referencia","Assets\RecursosUnificados\BranchPedrao\Sprites\Boss\dead\PNG\PNG_0018.png","Assets\RecursosUnificados\ColegaTeste\ProjetoPlayerJhonas\Sprites\Boss\dead\PNG\PNG_0018.png","c7a1a2f9eb32fdf418109cbae63d53e0","DCCBAFD39CC13295FE1F6C31A77A5DE4194C53FF51B18F3B101A25923135DF9E","6697",".png"
"duplicata_exata_sem_referencia","Assets\RecursosUnificados\BranchPedrao\Sprites\Boss\dead\PNG\PNG_0019.png","Assets\RecursosUnificados\ColegaTeste\ProjetoPlayerJhonas\Sprites\Boss\dead\PNG\PNG_0019.png","2b7224fddde3bb34aa94d6f6c3a4569c","65B9A03CBA2EBEDADDAEA760666ACE97E6BF5666732E927D3295612ADB3070AF","7046",".png"
"duplicata_exata_sem_referencia","Assets\RecursosUnificados\BranchPedrao\Sprites\Boss\dead\PNG\PNG_0020.png","Assets\RecursosUnificados\ColegaTeste\ProjetoPlayerJhonas\Sprites\Boss\dead\PNG\PNG_0020.png","b7d5d1dfcb3ad5c41957afcd56b5d49e","3C68FF7482A081EC27713DF1BAC7405A37E0E6BA55A86012CFABDC9017809536","8228",".png"
"duplicata_exata_sem_referencia","Assets\RecursosUnificados\BranchPedrao\Sprites\ANJO\IDLE\DISSPAR\DISSPAR_0001.png","Assets\RecursosUnificados\ColegaTeste\ProjetoPlayerJhonas\Sprites\Boss\dead\PNG\PNG_0021.png","9382305a9f2fd3244bbbb53fb71189f2","2D8DAE719CBD1D26E47A1CA4B946A329F053D91EFCDA7BA7F2AC32987C9884B8","4260",".png"
"duplicata_exata_sem_referencia","Assets\RecursosUnificados\BranchPedrao\Sprites\Boss\dead\start-dissipar.gif","Assets\RecursosUnificados\ColegaTeste\ProjetoPlayerJhonas\Sprites\Boss\dead\start-dissipar.gif","6d29e729c945b694e8cbf4bfd08a4394","3CEB49860870E9FD8C2A08D517C5066827CD019D2F7CB540AE3E28E11C391F04","37399",".gif"
"duplicata_exata_sem_referencia","Assets\RecursosUnificados\BranchPedrao\Sprites\Boss\fall\battle-cry.gif","Assets\RecursosUnificados\ColegaTeste\ProjetoPlayerJhonas\Sprites\Boss\fall\battle-cry.gif","a09c0f2c14bd9594dbc40ab1aa8f86bd","EACD9C33853928EA1F5A050521F724BC595E1A5134238F31196EDF4910D65791","42021",".gif"
"duplicata_exata_sem_referencia","Assets\RecursosUnificados\BranchPedrao\Sprites\Boss\fall\end-fall.gif","Assets\RecursosUnificados\ColegaTeste\ProjetoPlayerJhonas\Sprites\Boss\fall\end-fall.gif","06eba6ba102e8054daea3c04cd4ba58f","900A804895BC9180759123D43CE7BB5D3984DAB979E4D0874F152ACEACBAD162","43037",".gif"
"duplicata_exata_sem_referencia","Assets\RecursosUnificados\BranchPedrao\Sprites\Boss\fall\PNG\fall.png","Assets\RecursosUnificados\ColegaTeste\ProjetoPlayerJhonas\Sprites\Boss\fall\PNG\fall.png","3483e01cbfa10624c8b3b04d2224073d","D708CABD658C471334DFD8DAE3D430381593C60622694B96A191EA75514C1F7E","7895",".png"
"duplicata_exata_sem_referencia","Assets\RecursosUnificados\BranchPedrao\Sprites\Boss\fall\PNG\PNG_0001.png","Assets\RecursosUnificados\ColegaTeste\ProjetoPlayerJhonas\Sprites\Boss\fall\PNG\PNG_0001.png","955a09f31368fa042987e9c4d5ae6840","6AA6B96E183FD1F420C8518CD57894CC656E2303C508A30012C1600F209913C7","9800",".png"
"duplicata_exata_sem_referencia","Assets\RecursosUnificados\BranchPedrao\Sprites\Boss\fall\PNG\PNG_0002.png","Assets\RecursosUnificados\ColegaTeste\ProjetoPlayerJhonas\Sprites\Boss\fall\PNG\PNG_0002.png","eaad61b56ebf4c74cb708842c52ff107","0C589AFF16AD6F62868C8BCAF7A86BE6E5B5DC4C26358164BDEA8E913EDED9F5","8277",".png"
"duplicata_exata_sem_referencia","Assets\RecursosUnificados\BranchPedrao\Sprites\Boss\fall\PNG\PNG_0003.png","Assets\RecursosUnificados\ColegaTeste\ProjetoPlayerJhonas\Sprites\Boss\fall\PNG\PNG_0003.png","992da8cd03400b643b336f89367ffd46","4E17F946C6D45F0953C71D42E8DA6E471B0F21C539F1B56223E533181C38F76D","10550",".png"
"duplicata_exata_sem_referencia","Assets\RecursosUnificados\BranchPedrao\Sprites\Boss\fall\PNG\PNG_0004.png","Assets\RecursosUnificados\ColegaTeste\ProjetoPlayerJhonas\Sprites\Boss\fall\PNG\PNG_0004.png","64265aee18344c94b80c3014a28a5ccd","B9A1F0082EF749047835C841263DD08735220FB9E9C127CFFC738DF7C10EFB19","9436",".png"
"duplicata_exata_sem_referencia","Assets\RecursosUnificados\BranchPedrao\Sprites\Boss\fall\PNG\PNG_0005.png","Assets\RecursosUnificados\ColegaTeste\ProjetoPlayerJhonas\Sprites\Boss\fall\PNG\PNG_0005.png","bd7bf8fae509a464da54fdb240900fc2","FA3A475E2587835777FF60F226E750A9913172A7108A0A129CA36FFBF790E305","11979",".png"
"duplicata_exata_sem_referencia","Assets\RecursosUnificados\BranchPedrao\Sprites\Boss\cry\cry_0001.png","Assets\RecursosUnificados\ColegaTeste\ProjetoPlayerJhonas\Sprites\Boss\fall\PNG\PNG_0006 (2).png","4a2d3f9d217bcf24b875ee3bb46708ce","7F650D1CFD6122D27AED0D7714D8453A361F45BF6F889093C3F26364FDF1FE53","5570",".png"
"duplicata_exata_sem_referencia","Assets\RecursosUnificados\BranchPedrao\Sprites\Boss\fall\PNG\PNG_0006.png","Assets\RecursosUnificados\ColegaTeste\ProjetoPlayerJhonas\Sprites\Boss\fall\PNG\PNG_0006.png","f4d6508bb09a59f43ad9bf805cf57078","5904BEA04D62765585AA0A11B0109F11B6A3792BA52EFF8B4C6BB960ADE92420","5570",".png"
"duplicata_exata_sem_referencia","Assets\RecursosUnificados\BranchPedrao\Sprites\Boss\cry\cry_0002.png","Assets\RecursosUnificados\ColegaTeste\ProjetoPlayerJhonas\Sprites\Boss\fall\PNG\PNG_0007 (2).png","27744719cb4ce464484c8fdb34b50097","BAB10ECF24B5588A37E543C9F7C8776C3C02B505B64684367885359C7D09EF16","13242",".png"
"duplicata_exata_sem_referencia","Assets\RecursosUnificados\BranchPedrao\Sprites\Boss\cry\cry_0003.png","Assets\RecursosUnificados\ColegaTeste\ProjetoPlayerJhonas\Sprites\Boss\fall\PNG\PNG_0008 (2).png","2fafb4055a4aded479df3d29bccb090d","2A47CB8EE47E5D1BF3676596505312FDEC50C6FCB5A41556C94AB57ED18F94DF","11462",".png"
"duplicata_exata_sem_referencia","Assets\RecursosUnificados\BranchPedrao\Sprites\Boss\cry\cry_0004.png","Assets\RecursosUnificados\ColegaTeste\ProjetoPlayerJhonas\Sprites\Boss\fall\PNG\PNG_0009 (2).png","9fc1d6f7167573643b638b2fbb84fe37","F439D08EE5801EF30C864A52024E4CFB023A12AABFCBA2AC903B6F0BB217D82F","12574",".png"
"duplicata_exata_sem_referencia","Assets\RecursosUnificados\BranchPedrao\Sprites\Boss\cry\cry_0005.png","Assets\RecursosUnificados\ColegaTeste\ProjetoPlayerJhonas\Sprites\Boss\fall\PNG\PNG_0010.png","94358636cadf71e45b8d96e359531785","51D25D7ED50CDB1BEEE7631EEC18487DDF257710468F2F3847DB69A071A24B30","10033",".png"
"duplicata_exata_sem_referencia","Assets\RecursosUnificados\BranchPedrao\Sprites\Boss\cry\cry_0006.png","Assets\RecursosUnificados\ColegaTeste\ProjetoPlayerJhonas\Sprites\Boss\fall\PNG\PNG_0011.png","4d4b5a32e96c2904795eb9e2f20e91f5","07F6CCE3C981335FA48875700C84FDA69F55F3B0CF789E2AB035D217A02522CC","11105",".png"
"duplicata_exata_sem_referencia","Assets\RecursosUnificados\BranchPedrao\Sprites\Boss\cry\cry_0007.png","Assets\RecursosUnificados\ColegaTeste\ProjetoPlayerJhonas\Sprites\Boss\fall\PNG\PNG_0012.png","5f6d76264e4cb4d46b0104b1ca6c6fbe","2ABCEA32A40D29A3AA2333C11E38A636DF4380E7E8E97AED07682E6CB3749CAA","10396",".png"
"duplicata_exata_sem_referencia","Assets\RecursosUnificados\BranchPedrao\Sprites\Boss\cry\cry_0008.png","Assets\RecursosUnificados\ColegaTeste\ProjetoPlayerJhonas\Sprites\Boss\fall\PNG\PNG_0013.png","92c7845b43cc0054f84a3b06bad25a31","35AE602AF1F9BF2951986F53E291D8C9FB8968FDFD1645FBCDFE6ADB7FAE665B","11636",".png"
"duplicata_exata_sem_referencia","Assets\RecursosUnificados\BranchPedrao\Sprites\Boss\cry\cry_0009.png","Assets\RecursosUnificados\ColegaTeste\ProjetoPlayerJhonas\Sprites\Boss\fall\PNG\PNG_0014.png","f91e0f5dad47eb445aa6c12740364b47","49D8FBD88D015E443B36FE97D2FF152F0801891DDACCCBEA9DE1363BA4F35C42","6538",".png"
"duplicata_exata_sem_referencia","Assets\RecursosUnificados\BranchPedrao\Sprites\Boss\idle\idle.gif","Assets\RecursosUnificados\ColegaTeste\ProjetoPlayerJhonas\Sprites\Boss\idle\idle.gif","8b187afacaa94a34082d359267280c6b","A5526A3390568FA81ECEB6E5105EDC3B0D9BBE0D9C234DAA4273EA793E49F71D","54891",".gif"
"duplicata_exata_sem_referencia","Assets\RecursosUnificados\BranchPedrao\Sprites\Boss\idle\PNG\idle_0001.png","Assets\RecursosUnificados\ColegaTeste\ProjetoPlayerJhonas\Sprites\Boss\idle\PNG\idle_0001.png","50f2a3646a77ee24d94d6c9847266375","773730526CA41083C32BCD88826AE723A96B2DD7D6F4B0B9EA2CC77C31A450D1","5579",".png"
"duplicata_exata_sem_referencia","Assets\RecursosUnificados\BranchPedrao\Sprites\Boss\idle\PNG\idle_0002.png","Assets\RecursosUnificados\ColegaTeste\ProjetoPlayerJhonas\Sprites\Boss\idle\PNG\idle_0002.png","18b6379f4847c814497eaed84db8478f","9D8EF8A951C8CFAD1DDFCFD7CEA088DB63B7191B568EC206DC30F629DA6BF49A","7098",".png"
"duplicata_exata_sem_referencia","Assets\RecursosUnificados\BranchPedrao\Sprites\Boss\idle\PNG\idle_0003.png","Assets\RecursosUnificados\ColegaTeste\ProjetoPlayerJhonas\Sprites\Boss\idle\PNG\idle_0003.png","dd3bd86f403ed6a4c8f03c633962b67d","7339DD0BAB3B9C69DF5EBE4CF6667BFE6F5927662020F92137462A460CA94369","6734",".png"
"duplicata_exata_sem_referencia","Assets\RecursosUnificados\BranchPedrao\Sprites\Boss\idle\PNG\idle_0004.png","Assets\RecursosUnificados\ColegaTeste\ProjetoPlayerJhonas\Sprites\Boss\idle\PNG\idle_0004.png","6469f632cf680884ab420f58fd12491b","AD12FF1F3647DBFF83DEEE8ECFB065F0983E41E6DF8329C1BCDCA518D2C9A331","7617",".png"
"duplicata_exata_sem_referencia","Assets\RecursosUnificados\BranchPedrao\Sprites\Boss\idle\PNG\idle_0005.png","Assets\RecursosUnificados\ColegaTeste\ProjetoPlayerJhonas\Sprites\Boss\idle\PNG\idle_0005.png","0a7394434f4872d41bb39c7d28f07d30","E99C369EDCF8D0D6C1CDDDD646556A3AC83B5F0182AD99B6D082EBD5AC01605D","6262",".png"
"duplicata_exata_sem_referencia","Assets\RecursosUnificados\BranchPedrao\Sprites\Boss\idle\PNG\idle_0006.png","Assets\RecursosUnificados\ColegaTeste\ProjetoPlayerJhonas\Sprites\Boss\idle\PNG\idle_0006.png","67a3d61716e16c94daf4663ba5bf8abd","5A3B7A7D3FCCA1C16073D408DDA0EE4A9D33CEF1516415EC1206D28503EEB0AD","6271",".png"
"duplicata_exata_sem_referencia","Assets\RecursosUnificados\BranchPedrao\Sprites\Boss\idle\PNG\idle_0007.png","Assets\RecursosUnificados\ColegaTeste\ProjetoPlayerJhonas\Sprites\Boss\idle\PNG\idle_0007.png","3338f92f5d6bcc6478fda63c331580cd","27874B868A0D37822EFB133AC19375C8A77BC54B4576B11A384AFAD36A6D40EF","6194",".png"
"duplicata_exata_sem_referencia","Assets\RecursosUnificados\BranchPedrao\Sprites\Boss\idle\PNG\idle_0008.png","Assets\RecursosUnificados\ColegaTeste\ProjetoPlayerJhonas\Sprites\Boss\idle\PNG\idle_0008.png","75781f5700d61c24f9c045e70c20e870","692B72FE51D79FDA869E240D07E4120EA6D96A05851AB31CF11CA0E86307DA34","6313",".png"
"duplicata_exata_sem_referencia","Assets\RecursosUnificados\BranchPedrao\Sprites\Boss\idle\PNG\idle_0009.png","Assets\RecursosUnificados\ColegaTeste\ProjetoPlayerJhonas\Sprites\Boss\idle\PNG\idle_0009.png","b0e448491e390694ba093b6be1494cb8","A0193B3DE206BB5384DFFB471949891306E933A4BD9CDA497019EA434FE47647","6103",".png"
"duplicata_exata_sem_referencia","Assets\RecursosUnificados\BranchPedrao\Sprites\Boss\idle\PNG\idle_0010.png","Assets\RecursosUnificados\ColegaTeste\ProjetoPlayerJhonas\Sprites\Boss\idle\PNG\idle_0010.png","3a06c9d2e66df3941b486a04642497b8","AEFB5A97FC8ADE3137946DB8C98C0EBF925778F731D010ACA97EF0B484BD81EE","6295",".png"
"duplicata_exata_sem_referencia","Assets\RecursosUnificados\BranchPedrao\Sprites\Boss\idle\PNG\idle_0011.png","Assets\RecursosUnificados\ColegaTeste\ProjetoPlayerJhonas\Sprites\Boss\idle\PNG\idle_0011.png","695e82e038e745b47a3a55c85c47b70e","6AF4AFCB5A23AE24E3EA85615BF4E53984C03FA4BF9F14BCF101FD8723C1F6AC","5942",".png"
"duplicata_exata_sem_referencia","Assets\RecursosUnificados\BranchPedrao\Sprites\Boss\idle\PNG\idle_0012.png","Assets\RecursosUnificados\ColegaTeste\ProjetoPlayerJhonas\Sprites\Boss\idle\PNG\idle_0012.png","abee8666ae8527844ad1e42641798395","718383F85BBFF5FF886293136A5E0F2C9C91516769954540C9B14B014E2E9C31","6272",".png"
"duplicata_exata_sem_referencia","Assets\RecursosUnificados\BranchPedrao\Sprites\Boss\idle\PNG\idle_0013.png","Assets\RecursosUnificados\ColegaTeste\ProjetoPlayerJhonas\Sprites\Boss\idle\PNG\idle_0013.png","e129cfac3ae62e945a16f5081affd668","692EC7C295634232212FF3776928DFC6EFBC4E103BACC950B1DC213E327AE40F","5919",".png"
"duplicata_exata_sem_referencia","Assets\RecursosUnificados\BranchPedrao\Sprites\Boss\idle\PNG\idle_0014.png","Assets\RecursosUnificados\ColegaTeste\ProjetoPlayerJhonas\Sprites\Boss\idle\PNG\idle_0014.png","b847563a77b8b5546a2f4abc53da7e1e","62B71CE0F441E4D33C84A5C024005A753D94E138F5F9C39F4F7056165FD5B0ED","6477",".png"
"duplicata_exata_sem_referencia","Assets\RecursosUnificados\BranchPedrao\Sprites\Boss\idle\PNG\idle_0015.png","Assets\RecursosUnificados\ColegaTeste\ProjetoPlayerJhonas\Sprites\Boss\idle\PNG\idle_0015.png","f02565cdcf85b6b469881c64fd6dea07","56C7EA5E5695D42F2CAB924E6DE8B25841D44865C026ADACAE25822F4BF2D3C7","6577",".png"
"duplicata_exata_sem_referencia","Assets\RecursosUnificados\BranchPedrao\Sprites\Boss\idle\PNG\idle_0016.png","Assets\RecursosUnificados\ColegaTeste\ProjetoPlayerJhonas\Sprites\Boss\idle\PNG\idle_0016.png","d1b94131aa7ce514db380814a7824ce3","AEC46BC71A6BE76A0F7AADFAEC408A00EDC33D30977FC5ECB38A6798C0FB4C24","7437",".png"
"duplicata_exata_sem_referencia","Assets\RecursosUnificados\BranchPedrao\Sprites\Boss\idle\PNG\idle_0017.png","Assets\RecursosUnificados\ColegaTeste\ProjetoPlayerJhonas\Sprites\Boss\idle\PNG\idle_0017.png","d5ef6a9bf2206fe48a2829f0cc952cac","04E2B8A657CA25DD89FAC5C89B70A66BF44D16FD7610523B5A3D77DD213193A7","6738",".png"
"duplicata_exata_sem_referencia","Assets\RecursosUnificados\BranchPedrao\Sprites\Boss\PREPARAÇÃO\PREPARAÇÃO.rar","Assets\RecursosUnificados\ColegaTeste\ProjetoPlayerJhonas\Sprites\Boss\PREPARAÇÃO\PREPARAÇÃO.rar","0f369e7bbfcf809419b29a9facccbfa4","93EFCF07FBBA0FE1E3BC72AA1B00DA31A404EAE943BB1215BC0A9D8D173D082C","61630",".rar"
"duplicata_exata_sem_referencia","Assets\RecursosUnificados\BranchPedrao\Sprites\Boss\run\PNG\PNG_0001.png","Assets\RecursosUnificados\ColegaTeste\ProjetoPlayerJhonas\Sprites\Boss\run\PNG\PNG_0001.png","b223d59a42fa61e45a733d7006c62827","A2A97E41AE9EC25F62DF59E26868229C53DD0803CEC7A34A9E5071C7604B3B2A","7450",".png"
"duplicata_exata_sem_referencia","Assets\RecursosUnificados\BranchPedrao\Sprites\Boss\run\PNG\PNG_0002.png","Assets\RecursosUnificados\ColegaTeste\ProjetoPlayerJhonas\Sprites\Boss\run\PNG\PNG_0002.png","5fdf8c9a592aa7b44b13252f2fcce783","D4F4424BF755FE733BFB8F1DC9C428575BB68A771B3CC65CC401A5DEC1D58DFD","9676",".png"
"duplicata_exata_sem_referencia","Assets\RecursosUnificados\BranchPedrao\Sprites\Boss\run\PNG\PNG_0003.png","Assets\RecursosUnificados\ColegaTeste\ProjetoPlayerJhonas\Sprites\Boss\run\PNG\PNG_0003.png","a7d971b465703d84ab69178675a5b787","0A05E9148BB71523CF4C45F13D5A8FCDCC76CB279985950FE6FE385D5A39EE8F","8352",".png"
"duplicata_exata_sem_referencia","Assets\RecursosUnificados\BranchPedrao\Sprites\Boss\run\PNG\PNG_0004.png","Assets\RecursosUnificados\ColegaTeste\ProjetoPlayerJhonas\Sprites\Boss\run\PNG\PNG_0004.png","474f9d469b996ad43852714ecdbb2e9d","0A0B50B5DD3431BAB2CE5BFC5792DA9DC24F445E9E2B9570AE7E36DDE5AED722","9466",".png"
"duplicata_exata_sem_referencia","Assets\RecursosUnificados\BranchPedrao\Sprites\Boss\run\PNG\PNG_0005.png","Assets\RecursosUnificados\ColegaTeste\ProjetoPlayerJhonas\Sprites\Boss\run\PNG\PNG_0005.png","d30cb109b3139c941bff9fafa8ecc387","83E59C89A652FEB6BF6FF1D7CC95E7DF31EA5C1E8F49CF7941B11523DF84F169","7645",".png"
"duplicata_exata_sem_referencia","Assets\RecursosUnificados\BranchPedrao\Sprites\Boss\run\PNG\PNG_0006.png","Assets\RecursosUnificados\ColegaTeste\ProjetoPlayerJhonas\Sprites\Boss\run\PNG\PNG_0006.png","f9320404ef538d646b2f02cefeb6aee4","64D09F1D190048994391CFD3317C20936FB654A175FFC51D3C1A07E83E0A3047","8874",".png"
"duplicata_exata_sem_referencia","Assets\RecursosUnificados\BranchPedrao\Sprites\Boss\run\PNG\PNG_0007.png","Assets\RecursosUnificados\ColegaTeste\ProjetoPlayerJhonas\Sprites\Boss\run\PNG\PNG_0007.png","bdea269cfd9ec294bb5c2f067f490487","25AF08E9B6233BE3512DFDCCDBA02BAABF80D67D17569F3A7735127CB0B5BB2C","7571",".png"
"duplicata_exata_sem_referencia","Assets\RecursosUnificados\BranchPedrao\Sprites\Boss\run\PNG\PNG_0008.png","Assets\RecursosUnificados\ColegaTeste\ProjetoPlayerJhonas\Sprites\Boss\run\PNG\PNG_0008.png","a96d972d6fb29e14e9a9d21589db8431","E8A5D4D96E697A702A0F9AD9B06DF1D86C42F933BB7B4D95AD31403B082E6E8C","8882",".png"
"duplicata_exata_sem_referencia","Assets\RecursosUnificados\BranchPedrao\Sprites\Boss\run\PNG\PNG_0009.png","Assets\RecursosUnificados\ColegaTeste\ProjetoPlayerJhonas\Sprites\Boss\run\PNG\PNG_0009.png","a3cbdd3225407bc4eb8edf9380c50ebe","45000C3EEC77731B61DCC929A6CC99D3111DA6B56197968051043D34EDA9C014","7862",".png"
"duplicata_exata_sem_referencia","Assets\RecursosUnificados\BranchPedrao\Sprites\Boss\run\PNG\PNG_0010.png","Assets\RecursosUnificados\ColegaTeste\ProjetoPlayerJhonas\Sprites\Boss\run\PNG\PNG_0010.png","63765f9ea41389e4f9b18ea0b658c391","287759E412974C87D7661C833F82C2EDF83FFDF6116A7C6CA89DCD677CC772B8","8789",".png"
"duplicata_exata_sem_referencia","Assets\RecursosUnificados\BranchPedrao\Sprites\Boss\run\PNG\PNG_0011.png","Assets\RecursosUnificados\ColegaTeste\ProjetoPlayerJhonas\Sprites\Boss\run\PNG\PNG_0011.png","a9c32504985f61642b4235aae40978e6","BFF201A60AE754025A0B4A0CBF2A05518303306AC8AFB4A534E22B313A660A55","8040",".png"
"duplicata_exata_sem_referencia","Assets\RecursosUnificados\BranchPedrao\Sprites\Boss\run\PNG\PNG_0012.png","Assets\RecursosUnificados\ColegaTeste\ProjetoPlayerJhonas\Sprites\Boss\run\PNG\PNG_0012.png","e8211e3f33c9252448e952ce75bc195c","6D0C43CE4C38FFF5962942A5D33820464B20CC6F9A879623BF98224026167582","10209",".png"
"duplicata_exata_sem_referencia","Assets\RecursosUnificados\BranchPedrao\Sprites\Boss\run\PNG\PNG_0013.png","Assets\RecursosUnificados\ColegaTeste\ProjetoPlayerJhonas\Sprites\Boss\run\PNG\PNG_0013.png","36f4fa7f56c6eb7428e0456b0b71b216","33C1FA1F1FD32B9CA205E592BF453C4714A25FAFE6745D017F71B4C1EE8292ED","7390",".png"
"duplicata_exata_sem_referencia","Assets\RecursosUnificados\BranchPedrao\Sprites\Boss\attack\PNG\PREPARAÇÃO\PNG_0001.png","Assets\RecursosUnificados\ColegaTeste\ProjetoPlayerJhonas\Sprites\Boss\run\PREPARAÇÃO\run_0001.png","5b2bb4ea4320eb540b2ab0e44d9270f1","E92F562D43130E7CC1B95AF942ECA9BC64AE3DCA31BDAE049AC24383DF8AAAB3","5569",".png"
"duplicata_exata_sem_referencia","Assets\RecursosUnificados\BranchPedrao\Sprites\Boss\run\PREPARAÇÃO\run_0002.png","Assets\RecursosUnificados\ColegaTeste\ProjetoPlayerJhonas\Sprites\Boss\run\PREPARAÇÃO\run_0002.png","9b16d79c8440ff84d976ac7f955a4213","09DC231BCBE08E3AE50759EDA3B69D7170080E745C5A4481F43795603223E607","10280",".png"
"duplicata_exata_sem_referencia","Assets\RecursosUnificados\BranchPedrao\Sprites\Boss\run\PREPARAÇÃO\run_0003.png","Assets\RecursosUnificados\ColegaTeste\ProjetoPlayerJhonas\Sprites\Boss\run\PREPARAÇÃO\run_0003.png","6d51752f0ff91844fbaf3503e4bef47d","96A05A7CDA9BB41F31B8CF818FD73F745BD7126C2B39DFFB55C908ED09FA5567","8190",".png"
"duplicata_exata_sem_referencia","Assets\RecursosUnificados\BranchPedrao\Sprites\Boss\run\PREPARAÇÃO\run_0004.png","Assets\RecursosUnificados\ColegaTeste\ProjetoPlayerJhonas\Sprites\Boss\run\PREPARAÇÃO\run_0004.png","19c604ddce2d3d7448d1bc9d35701263","BD5EE8013F6F3DDE6AFFD6B54085A3B54CA932A31F0590FC623FF76AD448726E","9519",".png"
"duplicata_exata_sem_referencia","Assets\RecursosUnificados\BranchPedrao\Sprites\Boss\run\PREPARAÇÃO\run_0005.png","Assets\RecursosUnificados\ColegaTeste\ProjetoPlayerJhonas\Sprites\Boss\run\PREPARAÇÃO\run_0005.png","8efc35d93bdeba541b8e2c6204642a9c","2B584ADEC742B3805103F78FCDF4DA72AF51A75A58C0B1EDD6BA3AF74D30C8F9","9333",".png"
"duplicata_exata_sem_referencia","Assets\RecursosUnificados\BranchPedrao\Sprites\Boss\run\PREPARAÇÃO\run_0006.png","Assets\RecursosUnificados\ColegaTeste\ProjetoPlayerJhonas\Sprites\Boss\run\PREPARAÇÃO\run_0006.png","a6675c6a0a7a3454da7f2916501bc329","B06F140C547AFA78EE67BE18A81815A659AAD3B99BD275012E0AA72170BEB240","10418",".png"
"duplicata_exata_sem_referencia","Assets\RecursosUnificados\BranchPedrao\Sprites\Boss\run\PREPARAÇÃO\run_0007.png","Assets\RecursosUnificados\ColegaTeste\ProjetoPlayerJhonas\Sprites\Boss\run\PREPARAÇÃO\run_0007.png","c125f51f69a6f1f43971979fa0026733","2CF80D5EA870A2AF0B3E798EC6536F705DEC6F32B91B084446A8D22EAC956326","7404",".png"
"duplicata_exata_sem_referencia","Assets\RecursosUnificados\BranchPedrao\Sprites\Boss\run\run.gif","Assets\RecursosUnificados\ColegaTeste\ProjetoPlayerJhonas\Sprites\Boss\run\run.gif","4b22d2c52034d4e4db10c2fa11100e5c","1F5A4C4077E6AB0E48C12A7B329FBFA9671F7CC4E38AE915C2B995B059A024E8","44723",".gif"
"duplicata_exata_sem_referencia","Assets\RecursosUnificados\BranchPedrao\Sprites\Boss\special-attk\special-attk_0001.png","Assets\RecursosUnificados\ColegaTeste\ProjetoPlayerJhonas\Sprites\Boss\special-attk\special-attk_0001.png","0c05b2d5e87bc01458893fbe919e8b3d","98233A270CEA78F23EC65EC4D3466D0E5261C52D19C979ABDB0158CBDD335485","6410",".png"
"duplicata_exata_sem_referencia","Assets\RecursosUnificados\BranchPedrao\Sprites\Boss\attack\PNG\PREPARAÇÃO\special-attk_0002.png","Assets\RecursosUnificados\ColegaTeste\ProjetoPlayerJhonas\Sprites\Boss\special-attk\special-attk_0002.png","c7a5275d40b473d448dc14c9798c2bb8","1437B473CE3D84F70D4716D6670AC22E4528A50CD41A351960D4D3547C9E849A","14099",".png"
"duplicata_exata_sem_referencia","Assets\RecursosUnificados\BranchPedrao\Sprites\Boss\attack\PNG\PREPARAÇÃO\special-attk_0003.png","Assets\RecursosUnificados\ColegaTeste\ProjetoPlayerJhonas\Sprites\Boss\special-attk\special-attk_0003.png","3614d2ff67ffc2748bd296b71805191c","0B1609A990A1F5956D22009C5E1E8A5CBE95A7F87690793D506A0A5E5A5663BE","15936",".png"
"duplicata_exata_sem_referencia","Assets\RecursosUnificados\BranchPedrao\Sprites\Boss\attack\PNG\PREPARAÇÃO\special-attk_0004.png","Assets\RecursosUnificados\ColegaTeste\ProjetoPlayerJhonas\Sprites\Boss\special-attk\special-attk_0004.png","68eb0ac15431e974ba1a9a1bfebe54e4","6D88F21A04BBF21C259327A2BBFD1EAB3C0797E85A5E051D42CCB476F88045C1","18383",".png"
"duplicata_exata_sem_referencia","Assets\RecursosUnificados\BranchPedrao\Sprites\Boss\attack\PNG\PREPARAÇÃO\special-attk_0005.png","Assets\RecursosUnificados\ColegaTeste\ProjetoPlayerJhonas\Sprites\Boss\special-attk\special-attk_0005.png","ef6c6d5e96f38f94d837ce2586e527e5","C9B7DF51461B711B66DEC9004A366303B3846EF0CD11817296708873248CC8C4","14680",".png"
"duplicata_exata_sem_referencia","Assets\RecursosUnificados\BranchPedrao\Sprites\Boss\attack\PNG\PREPARAÇÃO\special-attk_0006.png","Assets\RecursosUnificados\ColegaTeste\ProjetoPlayerJhonas\Sprites\Boss\special-attk\special-attk_0006.png","b014ed5312c17e24387a2a37255001ee","D195CA90FE6CA0169CE9567E0819788E67E5B6ADED862185ED08D4CFBD4EC5C1","12685",".png"
"duplicata_exata_sem_referencia","Assets\RecursosUnificados\BranchPedrao\Sprites\Boss\attack\PNG\PREPARAÇÃO\special-attk_0007.png","Assets\RecursosUnificados\ColegaTeste\ProjetoPlayerJhonas\Sprites\Boss\special-attk\special-attk_0007.png","eedcb35ea5a93ce4e9408971cd0ec0d2","C381E488437B7C99889B5B90BD6BFCE35ECEDD188B16E89C516C0BFA56EE93B6","20313",".png"
"duplicata_exata_sem_referencia","Assets\RecursosUnificados\BranchPedrao\Sprites\Boss\attack\PNG\PREPARAÇÃO\special-attk_0008.png","Assets\RecursosUnificados\ColegaTeste\ProjetoPlayerJhonas\Sprites\Boss\special-attk\special-attk_0008.png","83b2a5b6700d62f4484d30dd1cc075ba","342216361738746F18291108AAE3013437771CC7CB56B7157E97D0F4B6888315","18777",".png"
"duplicata_exata_sem_referencia","Assets\RecursosUnificados\BranchPedrao\Sprites\Boss\attack\PNG\PREPARAÇÃO\special-attk_0009.png","Assets\RecursosUnificados\ColegaTeste\ProjetoPlayerJhonas\Sprites\Boss\special-attk\special-attk_0009.png","b508d2ccc379be843a392516aedce35f","8F25D72B816C0C6A91F6FA95F5209FD7E515DE6E25C80A9F66D2798C6D16F178","14348",".png"
"duplicata_exata_sem_referencia","Assets\RecursosUnificados\BranchPedrao\Sprites\Boss\special-attk\special-attk-def.gif","Assets\RecursosUnificados\ColegaTeste\ProjetoPlayerJhonas\Sprites\Boss\special-attk\special-attk-def.gif","6e7cddcbc60c4ce428135b281620846f","716174FCAAE68DA46CCF15798A4DB26EED92956976465DDF69190AE0EB303F2F","56822",".gif"
"duplicata_exata_sem_referencia","Assets\RecursosUnificados\BranchPedrao\Sprites\Boss\attack\PNG\PREPARAÇÃO\PNG_0001.png","Assets\RecursosUnificados\ColegaTeste\ProjetoPlayerJhonas\Sprites\Boss\walk\PNG\PNG_0001.png","68abca4f31cd9e2488e485af3b343b31","E92F562D43130E7CC1B95AF942ECA9BC64AE3DCA31BDAE049AC24383DF8AAAB3","5569",".png"
"duplicata_exata_sem_referencia","Assets\RecursosUnificados\BranchPedrao\Sprites\Boss\walk\PNG\PNG_0002.png","Assets\RecursosUnificados\ColegaTeste\ProjetoPlayerJhonas\Sprites\Boss\walk\PNG\PNG_0002.png","0314d3a4432ba30469985d72f44bd6b0","A7ABD01236CF590466151FEE41DAFCEEDEAE148174D13F5FDD98C74B36A50996","8335",".png"
"duplicata_exata_sem_referencia","Assets\RecursosUnificados\BranchPedrao\Sprites\Boss\walk\PNG\PNG_0003.png","Assets\RecursosUnificados\ColegaTeste\ProjetoPlayerJhonas\Sprites\Boss\walk\PNG\PNG_0003.png","df4650c80916c604283de4ae52e8e129","FF44DAE68C359AD573FA45D656B3871DE4C6834404FC58F4904DAB545892F517","7057",".png"
"duplicata_exata_sem_referencia","Assets\RecursosUnificados\BranchPedrao\Sprites\Boss\walk\PNG\PNG_0004.png","Assets\RecursosUnificados\ColegaTeste\ProjetoPlayerJhonas\Sprites\Boss\walk\PNG\PNG_0004.png","bf8d074290d402a46bceae48647716c3","BBFB6C4C1B1C153CE1452853680701EDCF656B3BECE80F38FD14D7A14037AFA8","7854",".png"
"duplicata_exata_sem_referencia","Assets\RecursosUnificados\BranchPedrao\Sprites\Boss\walk\PNG\PNG_0005.png","Assets\RecursosUnificados\ColegaTeste\ProjetoPlayerJhonas\Sprites\Boss\walk\PNG\PNG_0005.png","948881d5fd4057c42b148cdcd4df4ef2","9579607472F1D3DD683F607F28578582E6C185115216FFA21B87A39EA1B790F5","6614",".png"
"duplicata_exata_sem_referencia","Assets\RecursosUnificados\BranchPedrao\Sprites\Boss\walk\PNG\PNG_0006.png","Assets\RecursosUnificados\ColegaTeste\ProjetoPlayerJhonas\Sprites\Boss\walk\PNG\PNG_0006.png","5f305e7be52508f478df86fbc09ea843","1675303F17F4A2F776DCA8432AA915A9A2E109352C6D5FE984EF1E39DCF81647","7927",".png"
"duplicata_exata_sem_referencia","Assets\RecursosUnificados\BranchPedrao\Sprites\Boss\walk\PNG\PNG_0007.png","Assets\RecursosUnificados\ColegaTeste\ProjetoPlayerJhonas\Sprites\Boss\walk\PNG\PNG_0007.png","60180b0babf95694db347173e71cbbbf","2C834188B5F2B23363A8A3A32EA86CE25323FFCDB0B6580695A5F8D530268225","6708",".png"
"duplicata_exata_sem_referencia","Assets\RecursosUnificados\BranchPedrao\Sprites\Boss\walk\PNG\PNG_0008.png","Assets\RecursosUnificados\ColegaTeste\ProjetoPlayerJhonas\Sprites\Boss\walk\PNG\PNG_0008.png","df22d02c9caa7da42afeac8fa264ebaf","8AEB39481B34367171E27D4BB8EC698F66A9147FDF3AD2A70B5936D6901FCC2C","7629",".png"
"duplicata_exata_sem_referencia","Assets\RecursosUnificados\BranchPedrao\Sprites\Boss\walk\PNG\PNG_0009.png","Assets\RecursosUnificados\ColegaTeste\ProjetoPlayerJhonas\Sprites\Boss\walk\PNG\PNG_0009.png","6c9ac2f55c7406c4294735dbeff4a04d","A487C0291DE6B47EFCF800EE8F3B4B5D2F83E72392C8B3C76F0DF6A4525C31BE","6691",".png"
"duplicata_exata_sem_referencia","Assets\RecursosUnificados\BranchPedrao\Sprites\Boss\walk\PNG\PNG_0010.png","Assets\RecursosUnificados\ColegaTeste\ProjetoPlayerJhonas\Sprites\Boss\walk\PNG\PNG_0010.png","cfbef67aca47e37428dcedf403a28d93","CB656B2B0CEC8A3C4616E3A428B43834859583B00F1B566B01A537AF54A568A5","7918",".png"
"duplicata_exata_sem_referencia","Assets\RecursosUnificados\BranchPedrao\Sprites\Boss\walk\PNG\PNG_0011.png","Assets\RecursosUnificados\ColegaTeste\ProjetoPlayerJhonas\Sprites\Boss\walk\PNG\PNG_0011.png","1822e45bcdb77774588707f41144fb89","D63ADC26F612B1F548DC886D25F8259BE18B74D0611C56DFBCE1DFA23D8F1C68","6702",".png"
"duplicata_exata_sem_referencia","Assets\RecursosUnificados\BranchPedrao\Sprites\Boss\walk\PNG\PNG_0012.png","Assets\RecursosUnificados\ColegaTeste\ProjetoPlayerJhonas\Sprites\Boss\walk\PNG\PNG_0012.png","e88ff6e9d57012c4eb8278ba07417917","8623F57BCBBC43649E0547A7BDC20ACC0EEE880E2CBDC0112A5055F8CCAC3B38","7633",".png"
"duplicata_exata_sem_referencia","Assets\RecursosUnificados\BranchPedrao\Sprites\Boss\walk\PNG\PNG_0013.png","Assets\RecursosUnificados\ColegaTeste\ProjetoPlayerJhonas\Sprites\Boss\walk\PNG\PNG_0013.png","37aa46f66389e68428235689b95dfb28","FAE6BFE76B215A37E3D23C91C7A7166378B0A68E0A78852D08CB81D795ED256B","6723",".png"
"duplicata_exata_sem_referencia","Assets\RecursosUnificados\BranchPedrao\Sprites\Boss\walk\walk.gif","Assets\RecursosUnificados\ColegaTeste\ProjetoPlayerJhonas\Sprites\Boss\walk\walk.gif","bf1efe923e75a94409033f322d24e626","B88437CF1698BD0F2102F1818F092540500D0DF248EDC71A1850D2DAE68A52E5","45007",".gif"
"duplicata_exata_sem_referencia","Assets\RecursosUnificados\BranchPedrao\Sprites\Player 1\Ataque\ATTK-1\attack-1_0001.png","Assets\RecursosUnificados\ColegaTeste\ProjetoPlayerJhonas\Sprites\Player 1\Ataque\ATTK-1\attack-1_0001.png","fe1faa0382953024ba3504c49263607b","B028832D321AD441DD2A2BCEC0D77B5F5CF828BF410C43E53B22D72A77B1715C","5833",".png"
"duplicata_exata_sem_referencia","Assets\RecursosUnificados\BranchPedrao\Sprites\Player 1\Ataque\ATTK-1\attack-1_0002.png","Assets\RecursosUnificados\ColegaTeste\ProjetoPlayerJhonas\Sprites\Player 1\Ataque\ATTK-1\attack-1_0002.png","1f52af592320a3c4781b4e1a79deb23c","D53042937C160B561D970B8D9E384624BE84DEDAD240826F402AE4C340684EB6","6911",".png"
"duplicata_exata_sem_referencia","Assets\RecursosUnificados\BranchPedrao\Sprites\Player 1\Ataque\ATTK-1\attack-1_0003.png","Assets\RecursosUnificados\ColegaTeste\ProjetoPlayerJhonas\Sprites\Player 1\Ataque\ATTK-1\attack-1_0003.png","8acd450519bd61b4aa46a8006fe4764e","885B23CAA757ADFD1E634D24CDF59B819D2A95B5858ADD47659615D529057BE3","7044",".png"
"duplicata_exata_sem_referencia","Assets\RecursosUnificados\BranchPedrao\Sprites\Player 1\Ataque\ATTK-1\attack-1_0004.png","Assets\RecursosUnificados\ColegaTeste\ProjetoPlayerJhonas\Sprites\Player 1\Ataque\ATTK-1\attack-1_0004.png","beeaef196987e7b47a8ff9ab1aaceac0","8F7B6A29D9F4902EAB599A7598869963C4CF797369C53B0873515E59A42B7146","7638",".png"
"duplicata_exata_sem_referencia","Assets\RecursosUnificados\BranchPedrao\Sprites\Player 1\Ataque\ATTK-1\attack-1_0005.png","Assets\RecursosUnificados\ColegaTeste\ProjetoPlayerJhonas\Sprites\Player 1\Ataque\ATTK-1\attack-1_0005.png","60b507813c795d445ab8fc011c4a20e7","463FB7D7704FF62AD79B1C4B03CE35BA055B9C2A1FDA7C6AE80A54074E433E73","8041",".png"
"duplicata_exata_sem_referencia","Assets\RecursosUnificados\BranchPedrao\Sprites\Player 1\Ataque\ATTK-1\attack-1_0006.png","Assets\RecursosUnificados\ColegaTeste\ProjetoPlayerJhonas\Sprites\Player 1\Ataque\ATTK-1\attack-1_0006.png","853bb347ed0c07f48af31ff543fdaa92","28415F07063B11A7C75D239A20C7DD872B63D4D5B899F0D65F229B47EB18F766","10457",".png"
"duplicata_exata_sem_referencia","Assets\RecursosUnificados\BranchPedrao\Sprites\Player 1\Ataque\ATTK-1\attack-1_0007.png","Assets\RecursosUnificados\ColegaTeste\ProjetoPlayerJhonas\Sprites\Player 1\Ataque\ATTK-1\attack-1_0007.png","7ef38f38470e66748bbcb848ff6e570b","AB50C34862BDB2F4D53FF36469C67CAD433B9CFE3DE4C7EC89D78EFCCEA4EFBF","8862",".png"
"duplicata_exata_sem_referencia","Assets\RecursosUnificados\BranchPedrao\Sprites\Player 1\Ataque\ATTK-2\ATTK-2_0001.png","Assets\RecursosUnificados\ColegaTeste\ProjetoPlayerJhonas\Sprites\Player 1\Ataque\ATTK-2\ATTK-2_0001.png","a158b27e446b08e4e80548589419150f","C257F77D9A32B4D6F6D8860A3407CAAC3762E66880D4930B63999F9A9F9DFA87","7617",".png"
"duplicata_exata_sem_referencia","Assets\RecursosUnificados\BranchPedrao\Sprites\Player 1\Ataque\ATTK-2\ATTK-2_0002.png","Assets\RecursosUnificados\ColegaTeste\ProjetoPlayerJhonas\Sprites\Player 1\Ataque\ATTK-2\ATTK-2_0002.png","7abed661176803f4fb74a64d396e9e99","3727DD1BE246D401434D298E1E3E126578604CE62AB02B687B65A9B43CBA1660","9274",".png"
"duplicata_exata_sem_referencia","Assets\RecursosUnificados\BranchPedrao\Sprites\Player 1\Ataque\ATTK-2\ATTK-2_0003.png","Assets\RecursosUnificados\ColegaTeste\ProjetoPlayerJhonas\Sprites\Player 1\Ataque\ATTK-2\ATTK-2_0003.png","3bffd78fab6d0b94f985df7c06c5f5c5","681522A9D3C15D1A03DDB669ED265B7CFF410A89C673FC5282730BC7A9EE7FAA","7057",".png"
"duplicata_exata_sem_referencia","Assets\RecursosUnificados\BranchPedrao\Sprites\Player 1\Ataque\ATTK-2\ATTK-2_0004.png","Assets\RecursosUnificados\ColegaTeste\ProjetoPlayerJhonas\Sprites\Player 1\Ataque\ATTK-2\ATTK-2_0004.png","60b018ea71d35e243bfbc3d7cdd4e364","E08EDA0BA9BECBC30637FC2ECA9B639B24654F1B77F500CB360505E21A4D3FF9","8278",".png"
"duplicata_exata_sem_referencia","Assets\RecursosUnificados\BranchPedrao\Sprites\Player 1\Ataque\ATTK-2\ATTK-2_0005.png","Assets\RecursosUnificados\ColegaTeste\ProjetoPlayerJhonas\Sprites\Player 1\Ataque\ATTK-2\ATTK-2_0005.png","70609a8f0454f774abdb5572c0e47a3c","50929CCA5A2EC79ECEFA6F462527EEE988B2600031F75C50B9BCF5D4B24BFF68","6458",".png"
"duplicata_exata_sem_referencia","Assets\RecursosUnificados\BranchPedrao\Sprites\Player 1\Ataque\ATTK-2\ATTK-2_0006.png","Assets\RecursosUnificados\ColegaTeste\ProjetoPlayerJhonas\Sprites\Player 1\Ataque\ATTK-2\ATTK-2_0006.png","9e0dc2ce25866c847820acd0ad005fad","4A8A647F74D852F2E8FE64ED1E6072B5874E7208F43381ACBA25E1CBCA9B8FB2","5086",".png"
"duplicata_exata_sem_referencia","Assets\RecursosUnificados\BranchPedrao\Sprites\Player 1\Ataque\ATTK-2\ATTK-2_0007.png","Assets\RecursosUnificados\ColegaTeste\ProjetoPlayerJhonas\Sprites\Player 1\Ataque\ATTK-2\ATTK-2_0007.png","da61972210be2844cbaccaaceebc6b8e","483E596C7F47F47396B19CBBEADB3936F6160BE839B69CD54B22303B00970039","4783",".png"
"duplicata_exata_sem_referencia","Assets\RecursosUnificados\BranchPedrao\Sprites\Player 1\Ataque\ATTK-3\ATTK-3_0001.png","Assets\RecursosUnificados\ColegaTeste\ProjetoPlayerJhonas\Sprites\Player 1\Ataque\ATTK-3\ATTK-3_0001.png","7d40f3de48f10d048b1ca28a750abde9","A26F474AF7DB91ADA541D75CCF9ECB1758994900FE271013BA2451DA0F0F6C62","5076",".png"
"duplicata_exata_sem_referencia","Assets\RecursosUnificados\BranchPedrao\Sprites\Player 1\Ataque\ATTK-3\ATTK-3_0002.png","Assets\RecursosUnificados\ColegaTeste\ProjetoPlayerJhonas\Sprites\Player 1\Ataque\ATTK-3\ATTK-3_0002.png","124418b9e93775a4dbd20bb33ef3d229","8A2BEAECF37DE416156FE980EF4FBC7E082551550E04F799F8FEFBE805FE7C88","4858",".png"
"duplicata_exata_sem_referencia","Assets\RecursosUnificados\BranchPedrao\Sprites\Player 1\Ataque\ATTK-3\ATTK-3_0003.png","Assets\RecursosUnificados\ColegaTeste\ProjetoPlayerJhonas\Sprites\Player 1\Ataque\ATTK-3\ATTK-3_0003.png","6bf576f803c9fc747826c69f8327d38a","2E324BFE3A8800DAB143AF91CC43BB3CB352C92C5134E8CF33D1DC21F4D526B2","4361",".png"
"duplicata_exata_sem_referencia","Assets\RecursosUnificados\BranchPedrao\Sprites\Player 1\Ataque\ATTK-3\ATTK-3_0004.png","Assets\RecursosUnificados\ColegaTeste\ProjetoPlayerJhonas\Sprites\Player 1\Ataque\ATTK-3\ATTK-3_0004.png","4a4eb480ef176294ab9bef55d0cfd2af","6E1A77DEFB1EFFAA7133F725CB3EBC178F53A710F3386CD2F4BFBA8C519395A0","5066",".png"
"duplicata_exata_sem_referencia","Assets\RecursosUnificados\BranchPedrao\Sprites\Player 1\Ataque\ATTK-3\ATTK-3_0005.png","Assets\RecursosUnificados\ColegaTeste\ProjetoPlayerJhonas\Sprites\Player 1\Ataque\ATTK-3\ATTK-3_0005.png","e1d46f002100cc84ab0cdd1848cae2ff","D7172376BAD1C8830E37D12BF72DF7FA1409C00B0D41ECBBE5ABAC21929810B2","7612",".png"
"duplicata_exata_sem_referencia","Assets\RecursosUnificados\BranchPedrao\Sprites\Player 1\Ataque\ATTK-3\ATTK-3_0006.png","Assets\RecursosUnificados\ColegaTeste\ProjetoPlayerJhonas\Sprites\Player 1\Ataque\ATTK-3\ATTK-3_0006.png","3eb78611e9e7891498ee204bac4428f8","C21742D816F4BEF70A6E970CEBD7F50E55F0706EB8A41E8A40F7EB847DB9977E","9446",".png"
"duplicata_exata_sem_referencia","Assets\RecursosUnificados\BranchPedrao\Sprites\Player 1\Ataque\ATTK-3\ATTK-3_0007.png","Assets\RecursosUnificados\ColegaTeste\ProjetoPlayerJhonas\Sprites\Player 1\Ataque\ATTK-3\ATTK-3_0007.png","d07ebed972050c347b2fc0c2d5531278","6E77A86CEE126A100F7EE573928DCF4B281FFE1D9CB562D8E66D5A4B45253E04","7927",".png"
"duplicata_exata_sem_referencia","Assets\RecursosUnificados\BranchPedrao\Sprites\Player 1\jump-(pode ser trocado com o tempo)\PNGS\PNGS_0009.png","Assets\RecursosUnificados\ColegaTeste\ProjetoPlayerJhonas\Sprites\Player 1\Ataque\JUMP-ATTK\ATTK-1_0001.png","94419f933e3ddea4a82057e40de7df98","5396A50F8E7201D3897D3B1BFFCDD459B88229E527F6B48303702E079E799DF3","6021",".png"
"duplicata_exata_sem_referencia","Assets\RecursosUnificados\BranchPedrao\Sprites\Player 1\Ataque\JUMP-ATTK\PNG_0001.png","Assets\RecursosUnificados\ColegaTeste\ProjetoPlayerJhonas\Sprites\Player 1\Ataque\JUMP-ATTK\PNG_0001.png","58f6049db75749346b69c3d2caaf3dca","11B11824734A616E12B8C2609D47012765BCF0A501369A9CDE128CC5EBF67073","6222",".png"
"duplicata_exata_sem_referencia","Assets\RecursosUnificados\BranchPedrao\Sprites\Player 1\Ataque\JUMP-ATTK\PNG_0002.png","Assets\RecursosUnificados\ColegaTeste\ProjetoPlayerJhonas\Sprites\Player 1\Ataque\JUMP-ATTK\PNG_0002.png","a7866be280599e74fab3c95e29b26b36","E89FB436393F3725E2FC1C59C7F8EA08577B7DE1319ED5007F54476A0209E6B6","8141",".png"
"duplicata_exata_sem_referencia","Assets\RecursosUnificados\BranchPedrao\Sprites\Player 1\Ataque\JUMP-ATTK\PNG_0003.png","Assets\RecursosUnificados\ColegaTeste\ProjetoPlayerJhonas\Sprites\Player 1\Ataque\JUMP-ATTK\PNG_0003.png","38c1a49cb18b7f54f84c4a1312b4b8e3","3C7BEA2E828B91F14066E49A9FAFB65EEBECBBB6EAABF72B030947DE1F771AE2","7169",".png"
"duplicata_exata_sem_referencia","Assets\RecursosUnificados\BranchPedrao\Sprites\Player 1\Ataque\JUMP-ATTK\PNG_0004.png","Assets\RecursosUnificados\ColegaTeste\ProjetoPlayerJhonas\Sprites\Player 1\Ataque\JUMP-ATTK\PNG_0004.png","60743bb6b3bb56c4c9407dcec171ca7b","F2CA5752D5083662FFC2CA3D3CB5FACB304351594F7C46A5CBF21AB6DAF7DB20","8586",".png"
"duplicata_exata_sem_referencia","Assets\RecursosUnificados\BranchPedrao\Sprites\Player 1\Ataque\JUMP-ATTK\PNG_0005.png","Assets\RecursosUnificados\ColegaTeste\ProjetoPlayerJhonas\Sprites\Player 1\Ataque\JUMP-ATTK\PNG_0005.png","27d06cac6a042d1489c7038a3c6f0752","6D106BEABA99873AE222F4B0413ABF4FA441EE6E39C02BE33247814556320FE6","10194",".png"
"duplicata_exata_sem_referencia","Assets\RecursosUnificados\BranchPedrao\Sprites\Player 1\Ataque\JUMP-ATTK\PNG_0006.png","Assets\RecursosUnificados\ColegaTeste\ProjetoPlayerJhonas\Sprites\Player 1\Ataque\JUMP-ATTK\PNG_0006.png","817615a08b8ecaa4f81e0b28b18d15dd","393F4C560376636DB1252257BD7663190ADD0A3AA1A23011B588FF92EA5CDD05","12233",".png"
"duplicata_exata_sem_referencia","Assets\RecursosUnificados\BranchPedrao\Sprites\Player 1\Ataque\JUMP-ATTK\PNG_0007.png","Assets\RecursosUnificados\ColegaTeste\ProjetoPlayerJhonas\Sprites\Player 1\Ataque\JUMP-ATTK\PNG_0007.png","0626106397bc28a47b4b79bfc8a8664d","B9103D5D1E658C906D20BD56ABD937B7D0FB5063F3F91C0C285F3CA585DFAA32","9961",".png"
"duplicata_exata_sem_referencia","Assets\RecursosUnificados\BranchPedrao\Sprites\Player 1\dash\animação inacabada do dash.gif","Assets\RecursosUnificados\ColegaTeste\ProjetoPlayerJhonas\Sprites\Player 1\dash\animação inacabada do dash.gif","79cd59c6a8b9c8d47afe804743665e93","44D3D97542D088CB76DABF6557DF46FA6BFF538830B55F460C4F65AD66E9E994","32154",".gif"
"duplicata_exata_sem_referencia","Assets\RecursosUnificados\BranchPedrao\Sprites\Player 1\dash\PNG\dash_0001.png","Assets\RecursosUnificados\ColegaTeste\ProjetoPlayerJhonas\Sprites\Player 1\dash\PNG\dash_0001.png","c5a771cfcfaac684dbccddf77c935275","4B9430FDDF6A385CE46CD2FAF058946AC6AAA39768FB0B93F414CD00EDD6FCDB","6635",".png"
"duplicata_exata_sem_referencia","Assets\RecursosUnificados\BranchPedrao\Sprites\Player 1\dash\PNG\dash_0002.png","Assets\RecursosUnificados\ColegaTeste\ProjetoPlayerJhonas\Sprites\Player 1\dash\PNG\dash_0002.png","e8ae694abb035f74287ef150c6a19d87","9879FAD170B7F016E6AEC3DE890200D3BB1EE09AF42C4430AED9EE21D411FFCB","6167",".png"
"duplicata_exata_sem_referencia","Assets\RecursosUnificados\BranchPedrao\Sprites\Player 1\dash\PNG\dash_0003.png","Assets\RecursosUnificados\ColegaTeste\ProjetoPlayerJhonas\Sprites\Player 1\dash\PNG\dash_0003.png","da6f845a17b3cbd43a1604691fcc42cb","620978118AA5403A63782B47EBAE6C2FDF189AD977BEBFF2E26E08253BD510EB","5772",".png"
"duplicata_exata_sem_referencia","Assets\RecursosUnificados\BranchPedrao\Sprites\Player 1\dash\PNG\dash_0004.png","Assets\RecursosUnificados\ColegaTeste\ProjetoPlayerJhonas\Sprites\Player 1\dash\PNG\dash_0004.png","eb079cc4d12b84a4290be6978b82f53f","13CCFC64AA85B87C7E9E7000175E3E3C4FEEF331C6F200EC8391DAC8862CE4A7","5855",".png"
"duplicata_exata_sem_referencia","Assets\RecursosUnificados\BranchPedrao\Sprites\Player 1\dash\PNG\dash_0005.png","Assets\RecursosUnificados\ColegaTeste\ProjetoPlayerJhonas\Sprites\Player 1\dash\PNG\dash_0005.png","7323037028b8b2442b51863b4ed98aba","C567188F11A924E6C0F06E02525483EB37F117EDB7781E91AEA5836DFB27546D","5431",".png"
"duplicata_exata_sem_referencia","Assets\RecursosUnificados\BranchPedrao\Sprites\Player 1\dash\PNG\dash_0006.png","Assets\RecursosUnificados\ColegaTeste\ProjetoPlayerJhonas\Sprites\Player 1\dash\PNG\dash_0006.png","bef0ca9661bdf154a9a964059c2ca946","630BE792829C14B3FE5E6A1C3BE9D78E7F35A4304EABA1201BF93A9C9DED5B9D","5406",".png"
"duplicata_exata_sem_referencia","Assets\RecursosUnificados\BranchPedrao\Sprites\Player 1\dash\PNG\dash_0007.png","Assets\RecursosUnificados\ColegaTeste\ProjetoPlayerJhonas\Sprites\Player 1\dash\PNG\dash_0007.png","3709af00ce57b3944963b14c0ad710bb","77095069069AFE216394BA2D6E3CE3955FABF6845E4E3DFDDD1AE2D144E9EBD3","5477",".png"
"duplicata_exata_sem_referencia","Assets\RecursosUnificados\BranchPedrao\Sprites\Player 1\dash\PNG\dash_0008.png","Assets\RecursosUnificados\ColegaTeste\ProjetoPlayerJhonas\Sprites\Player 1\dash\PNG\dash_0008.png","d57b066ab559f4f43aa032fc12c43ba3","ED795C9494476DF582102A194111C2E00331D1FCC447F92B128CC17937B584FE","5455",".png"
"duplicata_exata_sem_referencia","Assets\RecursosUnificados\BranchPedrao\Sprites\Player 1\dash\PNG\dash_0009.png","Assets\RecursosUnificados\ColegaTeste\ProjetoPlayerJhonas\Sprites\Player 1\dash\PNG\dash_0009.png","9993296508342a44db7898dc7f24d961","8101B05BBEF0E8F65699FE89ED5EC924B3EB8A06D40816C11C52302A9FE7547D","5404",".png"
"duplicata_exata_sem_referencia","Assets\RecursosUnificados\BranchPedrao\Sprites\Player 1\dash\PNG\dash_0010.png","Assets\RecursosUnificados\ColegaTeste\ProjetoPlayerJhonas\Sprites\Player 1\dash\PNG\dash_0010.png","5fd92c0127420574488b8c9893ca7f6a","B6837AC2E1212E3EB6A660ADF527787F754CE78BFBE8177D8C4520633D33C71B","6108",".png"
"duplicata_exata_sem_referencia","Assets\RecursosUnificados\BranchPedrao\Sprites\Player 1\dash\PNG\dash_0011.png","Assets\RecursosUnificados\ColegaTeste\ProjetoPlayerJhonas\Sprites\Player 1\dash\PNG\dash_0011.png","9f15fee237a33e44faf7e7b4eff20be6","674BEC64976EF5C531011DF22F307993F13BEF8CA82F4A5C3E6C2F61E1A8EE9A","5928",".png"
"duplicata_exata_sem_referencia","Assets\RecursosUnificados\BranchPedrao\Sprites\Player 1\dash\PNG\dash_0012.png","Assets\RecursosUnificados\ColegaTeste\ProjetoPlayerJhonas\Sprites\Player 1\dash\PNG\dash_0012.png","34a088515f877f94f8839a466fc29d96","86F1553E6A81BD5B49892B4D15BE575FB5D24DC48D6A69A9E31DF4861AC3E3CD","6720",".png"
"duplicata_exata_sem_referencia","Assets\RecursosUnificados\BranchPedrao\Sprites\Player 1\dash\PNG\dash_0013.png","Assets\RecursosUnificados\ColegaTeste\ProjetoPlayerJhonas\Sprites\Player 1\dash\PNG\dash_0013.png","422ff04fddf5aa24d935563f425715ff","268C2CC1D92962531353FC45EECD0C365394D4CE0F4A14A472A372682B89939F","6175",".png"
"duplicata_exata_sem_referencia","Assets\RecursosUnificados\BranchPedrao\Sprites\Player 1\dead\dead_0001.png","Assets\RecursosUnificados\ColegaTeste\ProjetoPlayerJhonas\Sprites\Player 1\dead\dead_0001.png","7a3db2a88858ce94e973f3e497655ade","523EA7129B2FFE217962D0BC31E9250F5090DD784596E8B6566A4E92E69D6F5B","7557",".png"
"duplicata_exata_sem_referencia","Assets\RecursosUnificados\BranchPedrao\Sprites\Player 1\dead\dead_0002.png","Assets\RecursosUnificados\ColegaTeste\ProjetoPlayerJhonas\Sprites\Player 1\dead\dead_0002.png","cfb09a8179f4d1a43858437e7db60582","4C47BB1CF7A77D5C7DDEEDB98B036EB9A550711C5ABA6292B8A898D3992A83DE","6905",".png"
"duplicata_exata_sem_referencia","Assets\RecursosUnificados\BranchPedrao\Sprites\Player 1\dead\dead_0003.png","Assets\RecursosUnificados\ColegaTeste\ProjetoPlayerJhonas\Sprites\Player 1\dead\dead_0003.png","68c29ec5741d0b9449103d6b61d8cc75","E4EA041939483AD91B70D0E95E9C8BF479ED865C39C6A6F3536D56528853A4D9","7108",".png"
"duplicata_exata_sem_referencia","Assets\RecursosUnificados\BranchPedrao\Sprites\Player 1\dead\dead_0004.png","Assets\RecursosUnificados\ColegaTeste\ProjetoPlayerJhonas\Sprites\Player 1\dead\dead_0004.png","57fefd80e342f7445b00a3d7bd8cf0cf","90881654C2C55A0EAA7ACFB223ECD900F949D57BCE49566039AAE3B05FE7FE93","4993",".png"
"duplicata_exata_sem_referencia","Assets\RecursosUnificados\BranchPedrao\Sprites\Player 1\dead\dead_0005.png","Assets\RecursosUnificados\ColegaTeste\ProjetoPlayerJhonas\Sprites\Player 1\dead\dead_0005.png","d386359bf4136ad40aaed8c28b17a0a7","A4A8EB12D866E0A2F35486532BA330E6D716F27E4FC62355F145752A501BECE7","4396",".png"
"duplicata_exata_sem_referencia","Assets\RecursosUnificados\BranchPedrao\Sprites\Player 1\dead\dead_0006.png","Assets\RecursosUnificados\ColegaTeste\ProjetoPlayerJhonas\Sprites\Player 1\dead\dead_0006.png","787e7fe7a48fe4e408f422d4b24105e4","E247B58DDFE40AC8A62D553050971325F14B4547844BBB3133DD9F5C5580C66F","3913",".png"
"duplicata_exata_sem_referencia","Assets\RecursosUnificados\BranchPedrao\Sprites\Player 1\DMG-animation\DMG-animation_0001.png","Assets\RecursosUnificados\ColegaTeste\ProjetoPlayerJhonas\Sprites\Player 1\DMG-animation\DMG-animation_0001.png","bc86798cfd509d54785b91b960a64b1f","C4B00B39C3A80EA1692A97C9BF3A2F1336CA9B894F8ADE0AF92FAC886050906C","11638",".png"
"duplicata_exata_sem_referencia","Assets\RecursosUnificados\BranchPedrao\Sprites\Player 1\DMG-animation\DMG-animation_0002.png","Assets\RecursosUnificados\ColegaTeste\ProjetoPlayerJhonas\Sprites\Player 1\DMG-animation\DMG-animation_0002.png","2e35eb2e8a62de04993dd54093d731bf","FA2FFA10CC0DBC9B7CC51ED875DE172137940A313E93E6953C1BE82060FB171D","8187",".png"
"duplicata_exata_sem_referencia","Assets\RecursosUnificados\BranchPedrao\Sprites\Player 1\DMG-animation\DMG-animation_0003.png","Assets\RecursosUnificados\ColegaTeste\ProjetoPlayerJhonas\Sprites\Player 1\DMG-animation\DMG-animation_0003.png","6e7eb35a07ac0a14d8d1d479cefe8cea","0E9678CC9C32DFC00B2A288890C464900C9C9ABF576824BFCE442D2211D8C80F","7607",".png"
"duplicata_exata_sem_referencia","Assets\RecursosUnificados\BranchPedrao\Sprites\Player 1\DMG-animation\DMG-animation_0004.png","Assets\RecursosUnificados\ColegaTeste\ProjetoPlayerJhonas\Sprites\Player 1\DMG-animation\DMG-animation_0004.png","92e491afe6c23c745a3abee9c16183e5","BAD53E9B79C4DAB2AD35CCCC8D98FAD6204F5F9C95CB74B384746BC4879535D6","11452",".png"
"duplicata_exata_sem_referencia","Assets\RecursosUnificados\BranchPedrao\Sprites\Player 1\DMG-animation\DMG-animation_0005.png","Assets\RecursosUnificados\ColegaTeste\ProjetoPlayerJhonas\Sprites\Player 1\DMG-animation\DMG-animation_0005.png","060d3d1c76669824cbdea8f3359fa780","2DFAF8CF5FA8A6677849DAA90AA7EC456B8558979E55B8B1C9A9C4398ADFC168","10901",".png"
"duplicata_exata_sem_referencia","Assets\RecursosUnificados\BranchPedrao\Sprites\Player 1\idle\idle.gif","Assets\RecursosUnificados\ColegaTeste\ProjetoPlayerJhonas\Sprites\Player 1\idle\idle.gif","2e02bb4db1a116945a3a0a64cf22ddf9","59CE5BD910F93A1BFAF3607F685B4D27B0DCC46EC0045E3AE5A1D7E7976C1FFB","24053",".gif"
"duplicata_exata_sem_referencia","Assets\RecursosUnificados\BranchPedrao\Sprites\Player 1\idle\idle.gif","Assets\RecursosUnificados\ColegaTeste\ProjetoPlayerJhonas\Sprites\Player 1\idle\idle1.gif","e78173db2c4efb84389165e9b4c404a8","59CE5BD910F93A1BFAF3607F685B4D27B0DCC46EC0045E3AE5A1D7E7976C1FFB","24053",".gif"
"duplicata_exata_sem_referencia","Assets\RecursosUnificados\BranchPedrao\Sprites\Player 1\idle\idle1.png","Assets\RecursosUnificados\ColegaTeste\ProjetoPlayerJhonas\Sprites\Player 1\idle\idle1.png","9c29df8d3b016fd40a3a080231108f3b","5F53A428EB9BA7ED7DA6B65B45D36CC360D4A214DA264B441E87E6E847F72EE7","5394",".png"
"duplicata_exata_sem_referencia","Assets\RecursosUnificados\BranchPedrao\Sprites\Player 1\idle\idle2.png","Assets\RecursosUnificados\ColegaTeste\ProjetoPlayerJhonas\Sprites\Player 1\idle\idle2.png","b034657a488b7774495174856273ba8d","CA2EB5D93DF1881F49E75FFDDDD28C9AEAF9F1C1954F5BEB7A7BF3622B9CD3FA","6682",".png"
"duplicata_exata_sem_referencia","Assets\RecursosUnificados\BranchPedrao\Sprites\Player 1\idle\idle3.png","Assets\RecursosUnificados\ColegaTeste\ProjetoPlayerJhonas\Sprites\Player 1\idle\idle3.png","6519b4b938b8eac4ab3fa5ce44faaead","94E4571633B340BDC1F9E289B55202AD4B616489A838331E870B2E2C57FEFD0D","5975",".png"
"duplicata_exata_sem_referencia","Assets\RecursosUnificados\BranchPedrao\Sprites\Player 1\idle\idle4.png","Assets\RecursosUnificados\ColegaTeste\ProjetoPlayerJhonas\Sprites\Player 1\idle\idle4.png","b8ae7b9172b1000409dc48ff942b95d5","468730F04EFA4685AE03063FEA1C6C7A3CCBCF10539D639A1B65D4A373721912","6796",".png"
"duplicata_exata_sem_referencia","Assets\RecursosUnificados\BranchPedrao\Sprites\Player 1\idle\idle5.png","Assets\RecursosUnificados\ColegaTeste\ProjetoPlayerJhonas\Sprites\Player 1\idle\idle5.png","fb99e99fbb540134c94668b5767a93fa","53203C5FBFD3129A4674B0D0B606A6E8CDFE41F7141A179B16A2AFFEF08DBFA9","6117",".png"
"duplicata_exata_sem_referencia","Assets\RecursosUnificados\BranchPedrao\Sprites\Player 1\idle\idle6.png","Assets\RecursosUnificados\ColegaTeste\ProjetoPlayerJhonas\Sprites\Player 1\idle\idle6.png","4ae41d364089e0846916963720ad5ff8","B72ABA02DF4361D783E4BBEA10D9DEEFCA5868C2BC5960C29EC2D1862C0C5BC7","6672",".png"
"duplicata_exata_sem_referencia","Assets\RecursosUnificados\BranchPedrao\Sprites\Player 1\idle\idle7.png","Assets\RecursosUnificados\ColegaTeste\ProjetoPlayerJhonas\Sprites\Player 1\idle\idle7.png","ee518f652562fcc4f913d22516c34676","7EB5398742E3DC2EA51F58A2D96466D137327E286F292EE442B8142C4C23EF2E","6001",".png"
"duplicata_exata_sem_referencia","Assets\RecursosUnificados\BranchPedrao\Sprites\Player 1\idle\idle8.png","Assets\RecursosUnificados\ColegaTeste\ProjetoPlayerJhonas\Sprites\Player 1\idle\idle8.png","555706c36587e654babca75bd9ce6034","F794A2260F23E7993DE422780CE3A323CBE1A0A8B763632F1923D340A62570B9","6537",".png"
"duplicata_exata_sem_referencia","Assets\RecursosUnificados\BranchPedrao\Sprites\Player 1\idle\idle9.png","Assets\RecursosUnificados\ColegaTeste\ProjetoPlayerJhonas\Sprites\Player 1\idle\idle9.png","a1de7804f2d91f04e98e618b0b8052ac","C653EBB79010C6A8657647552BC1DFE639924009777C131B9B48657FD85AF47E","5664",".png"
"duplicata_exata_sem_referencia","Assets\RecursosUnificados\BranchPedrao\Sprites\Player 1\idle\init.png","Assets\RecursosUnificados\ColegaTeste\ProjetoPlayerJhonas\Sprites\Player 1\idle\init.png","583aec2e3648bcd4698b790056a99340","438D425604185EF8A62E11DEE69184DA6C1CB43E353AE73D408629054C037831","5901",".png"
"duplicata_exata_sem_referencia","Assets\RecursosUnificados\BranchPedrao\Sprites\Player 1\idle\init-fix.png","Assets\RecursosUnificados\ColegaTeste\ProjetoPlayerJhonas\Sprites\Player 1\idle\init-fix.png","3cf5eb3fc61ad354399a11afe3d9009b","BCDEA921DB9EAF16DD99E68D1C1C0E620EACC157AC2ABD6B4583207CC79D8E96","5504",".png"
"duplicata_exata_sem_referencia","Assets\RecursosUnificados\BranchPedrao\Sprites\Player 1\jump-(pode ser trocado com o tempo)\jump(menos ruim).gif","Assets\RecursosUnificados\ColegaTeste\ProjetoPlayerJhonas\Sprites\Player 1\jump-(pode ser trocado com o tempo)\jump(menos ruim).gif","00e2f905b5b0cf94fac27c31a78e453e","0BC84412D3527A5C5D114F5CA7BC39E55F1A63CF8DF8B1FEC4D47B33624CEDB5","37829",".gif"
"duplicata_exata_sem_referencia","Assets\RecursosUnificados\BranchPedrao\Sprites\Player 1\jump-(pode ser trocado com o tempo)\opção2.gif","Assets\RecursosUnificados\ColegaTeste\ProjetoPlayerJhonas\Sprites\Player 1\jump-(pode ser trocado com o tempo)\opção2.gif","16557e4a8b44f1d439a872d7b29942ce","0AED5458121C18E5391A2A7297AE5F3F7726A4F747679614453F95C0F89CCB02","38166",".gif"
"duplicata_exata_sem_referencia","Assets\RecursosUnificados\BranchPedrao\Sprites\Player 1\idle\idle1.png","Assets\RecursosUnificados\ColegaTeste\ProjetoPlayerJhonas\Sprites\Player 1\jump-(pode ser trocado com o tempo)\PNGS\PNGS_0001.png","6afb5b98d0b6b434ba9af7089088fddf","5F53A428EB9BA7ED7DA6B65B45D36CC360D4A214DA264B441E87E6E847F72EE7","5394",".png"
"duplicata_exata_sem_referencia","Assets\RecursosUnificados\BranchPedrao\Sprites\Player 1\jump-(pode ser trocado com o tempo)\PNGS\PNGS_0002.png","Assets\RecursosUnificados\ColegaTeste\ProjetoPlayerJhonas\Sprites\Player 1\jump-(pode ser trocado com o tempo)\PNGS\PNGS_0002.png","68093ee03e459244793e1686aed61294","2FB1145EB4BCE04E40150CD314F8E75ABF6DA270AB1C63B83DC82C8AF8305175","6992",".png"
"duplicata_exata_sem_referencia","Assets\RecursosUnificados\BranchPedrao\Sprites\Player 1\jump-(pode ser trocado com o tempo)\PNGS\PNGS_0003.png","Assets\RecursosUnificados\ColegaTeste\ProjetoPlayerJhonas\Sprites\Player 1\jump-(pode ser trocado com o tempo)\PNGS\PNGS_0003.png","01e53fd65dc9b5549912bf5ce4d04cfe","53D0E799F0E79B18BB7245430AEC51737435B173A988983249E3FDFDB28F25C4","6219",".png"
"duplicata_exata_sem_referencia","Assets\RecursosUnificados\BranchPedrao\Sprites\Player 1\jump-(pode ser trocado com o tempo)\PNGS\PNGS_0004.png","Assets\RecursosUnificados\ColegaTeste\ProjetoPlayerJhonas\Sprites\Player 1\jump-(pode ser trocado com o tempo)\PNGS\PNGS_0004.png","4700e8ea11b088b42872a53fb243bed7","B94A40BD1BE3204963DB02D9E858686D6E3DC54CE725459459179C83FC0BF078","6806",".png"
"duplicata_exata_sem_referencia","Assets\RecursosUnificados\BranchPedrao\Sprites\Player 1\jump-(pode ser trocado com o tempo)\PNGS\PNGS_0005.png","Assets\RecursosUnificados\ColegaTeste\ProjetoPlayerJhonas\Sprites\Player 1\jump-(pode ser trocado com o tempo)\PNGS\PNGS_0005.png","98c13b30567af304d955fb0fa474d114","91B9BD1476880B804B376A2E801F3235E3BF327423B7FAE44CCCF031D87EA69D","6108",".png"
"duplicata_exata_sem_referencia","Assets\RecursosUnificados\BranchPedrao\Sprites\Player 1\jump-(pode ser trocado com o tempo)\PNGS\PNGS_0006.png","Assets\RecursosUnificados\ColegaTeste\ProjetoPlayerJhonas\Sprites\Player 1\jump-(pode ser trocado com o tempo)\PNGS\PNGS_0006.png","ad10fee4b7257354d8f3905d4a8823e8","480F2E7549A2ED6DDEEFA9C9E16736D57A823142B3D9D76F23EDF6318F65E1A0","6846",".png"
"duplicata_exata_sem_referencia","Assets\RecursosUnificados\BranchPedrao\Sprites\Player 1\jump-(pode ser trocado com o tempo)\PNGS\PNGS_0007.png","Assets\RecursosUnificados\ColegaTeste\ProjetoPlayerJhonas\Sprites\Player 1\jump-(pode ser trocado com o tempo)\PNGS\PNGS_0007.png","0cec448dd3a535c419c10dbdfbcd291d","3FD30D4258294A70D9DFE75AB3A867CAFB508ACDDC8B7FFA75E47D5B3C9FED47","6244",".png"
"duplicata_exata_sem_referencia","Assets\RecursosUnificados\BranchPedrao\Sprites\Player 1\jump-(pode ser trocado com o tempo)\PNGS\PNGS_0008.png","Assets\RecursosUnificados\ColegaTeste\ProjetoPlayerJhonas\Sprites\Player 1\jump-(pode ser trocado com o tempo)\PNGS\PNGS_0008.png","16ccb111ac014f74587963b121a21bd9","C45FCE2C5D9B381105CBB275DD869A07B490CD03C4964FCCDDD6FA816E68F038","6990",".png"
"duplicata_exata_sem_referencia","Assets\RecursosUnificados\BranchPedrao\Sprites\Player 1\jump-(pode ser trocado com o tempo)\PNGS\PNGS_0009.png","Assets\RecursosUnificados\ColegaTeste\ProjetoPlayerJhonas\Sprites\Player 1\jump-(pode ser trocado com o tempo)\PNGS\PNGS_0009.png","8b2babeddfe031a4baf9387545a41e7c","5396A50F8E7201D3897D3B1BFFCDD459B88229E527F6B48303702E079E799DF3","6021",".png"
"duplicata_exata_sem_referencia","Assets\RecursosUnificados\BranchPedrao\Sprites\Player 1\jump-(pode ser trocado com o tempo)\PNGS\PNGS_0010.png","Assets\RecursosUnificados\ColegaTeste\ProjetoPlayerJhonas\Sprites\Player 1\jump-(pode ser trocado com o tempo)\PNGS\PNGS_0010.png","e6fee74496bfed7428cb4e012f1e1b59","D0A078CBA0019A62DC46C6993B24B2423897E02126CE73CA4476A37D18BCBE70","6275",".png"
"duplicata_exata_sem_referencia","Assets\RecursosUnificados\BranchPedrao\Sprites\Player 1\jump-(pode ser trocado com o tempo)\PNGS\PNGS_0011.png","Assets\RecursosUnificados\ColegaTeste\ProjetoPlayerJhonas\Sprites\Player 1\jump-(pode ser trocado com o tempo)\PNGS\PNGS_0011.png","a5fbcaaba1cbbf2488b3f03bd77ba0d5","B6204ED036DA1B0771D831399EE0E92F38ED0F53122E2957CA95DFD340D53048","5776",".png"
"duplicata_exata_sem_referencia","Assets\RecursosUnificados\BranchPedrao\Sprites\Player 1\jump-(pode ser trocado com o tempo)\PNGS\PNGS_0012.png","Assets\RecursosUnificados\ColegaTeste\ProjetoPlayerJhonas\Sprites\Player 1\jump-(pode ser trocado com o tempo)\PNGS\PNGS_0012.png","3f15b86b5cba7c64bb3eb92e8fd0e433","2C2996EFE463F5098BB7B8C5BF744915A5216101C62B515F0C9642754DE6F164","6678",".png"
"duplicata_exata_sem_referencia","Assets\RecursosUnificados\BranchPedrao\Sprites\Player 1\jump-(pode ser trocado com o tempo)\PNGS\PNGS_0013.png","Assets\RecursosUnificados\ColegaTeste\ProjetoPlayerJhonas\Sprites\Player 1\jump-(pode ser trocado com o tempo)\PNGS\PNGS_0013.png","44fa033b4ecbbdc4190da9ef2268816e","8415284471C3D88B731BB8B7FE3FD0135820846945FF94800EB9E07BAA52CE95","6218",".png"
"duplicata_exata_sem_referencia","Assets\RecursosUnificados\BranchPedrao\Sprites\Player 1\jump-(pode ser trocado com o tempo)\prop-jump.gif","Assets\RecursosUnificados\ColegaTeste\ProjetoPlayerJhonas\Sprites\Player 1\jump-(pode ser trocado com o tempo)\prop-jump.gif","89efb206b97039e45843c65bb367948c","16681D0E6AFB2B27F1BC8CF077FAFFEEC95F7B829C4A564D3D6EC7B373EE5F42","48326",".gif"
"duplicata_exata_sem_referencia","Assets\RecursosUnificados\BranchPedrao\Sprites\Player 1\jump-plataforma\jump-plataforma_0001.png","Assets\RecursosUnificados\ColegaTeste\ProjetoPlayerJhonas\Sprites\Player 1\jump-plataforma\jump-plataforma_0001.png","f2329a532d6b8914dbdf35d837a7de0d","0CFC1A7DD43A14F588D38A561AC3D40E51BC7E1213AB3E13C782A368D326D023","5088",".png"
"duplicata_exata_sem_referencia","Assets\RecursosUnificados\BranchPedrao\Sprites\Player 1\jump-plataforma\jump-plataforma_0002.png","Assets\RecursosUnificados\ColegaTeste\ProjetoPlayerJhonas\Sprites\Player 1\jump-plataforma\jump-plataforma_0002.png","ce62774a5bc425a4b9257f0053a89ce7","80133CB9976803855B422B41342A41DA7EE5215A3DBE0484F74382AA0311CD49","5736",".png"
"duplicata_exata_sem_referencia","Assets\RecursosUnificados\BranchPedrao\Sprites\Player 1\jump-plataforma\jump-plataforma_0003.png","Assets\RecursosUnificados\ColegaTeste\ProjetoPlayerJhonas\Sprites\Player 1\jump-plataforma\jump-plataforma_0003.png","86fa57f0f00330a488aa2ea529492dda","B6E91389CA2A97EAB73363468ED26F7CF22A64F2AB32C5B0890B71F0743C3BF4","5315",".png"
"duplicata_exata_sem_referencia","Assets\RecursosUnificados\BranchPedrao\Sprites\Player 1\jump-plataforma\jump-plataforma_0004.png","Assets\RecursosUnificados\ColegaTeste\ProjetoPlayerJhonas\Sprites\Player 1\jump-plataforma\jump-plataforma_0004.png","53d8729cbbb73bb4fa2aef568d2554dd","C3B682B514B15762AA0993DA334E7D00C40CB79331773859A768644899ECEF3C","6091",".png"
"duplicata_exata_sem_referencia","Assets\RecursosUnificados\BranchPedrao\Sprites\Player 1\jump-plataforma\jump-plataforma_0005.png","Assets\RecursosUnificados\ColegaTeste\ProjetoPlayerJhonas\Sprites\Player 1\jump-plataforma\jump-plataforma_0005.png","7f9b943e5e4bcf4438f4a65238c5ebe3","62D4E0B7451CD753306E4B41B699150114365836451D77BA1D302F041EA8E9AA","5463",".png"
"duplicata_exata_sem_referencia","Assets\RecursosUnificados\BranchPedrao\Sprites\Player 1\jump-plataforma\jump-plataforma_0006.png","Assets\RecursosUnificados\ColegaTeste\ProjetoPlayerJhonas\Sprites\Player 1\jump-plataforma\jump-plataforma_0006.png","4fe3f6b69c672e445a7713edfffde060","B427A5780BB61ED9CED85892572B569E7D2638894B23F248E0C45C657E89CA4C","6690",".png"
"duplicata_exata_sem_referencia","Assets\RecursosUnificados\BranchPedrao\Sprites\Player 1\jump-plataforma\jump-plataforma_0007.png","Assets\RecursosUnificados\ColegaTeste\ProjetoPlayerJhonas\Sprites\Player 1\jump-plataforma\jump-plataforma_0007.png","72a77809c705cfb45bf9a389892d1967","2F343559676131A8F070EA628EE69B8F5B92958B7D1C3BE3E938B58DFD3C5556","7571",".png"
"duplicata_exata_sem_referencia","Assets\RecursosUnificados\BranchPedrao\Sprites\Player 1\jump-plataforma\jump-plataforma_0008.png","Assets\RecursosUnificados\ColegaTeste\ProjetoPlayerJhonas\Sprites\Player 1\jump-plataforma\jump-plataforma_0008.png","ce3e3f4f218758643a57d03372884f7d","E6B32E1EEF09B9B5E64D0906F696E94ECBDA1F226AA6CEE850FCADB08D92A8B4","9114",".png"
"duplicata_exata_sem_referencia","Assets\RecursosUnificados\BranchPedrao\Sprites\Player 1\jump-plataforma\jump-plataforma_0009.png","Assets\RecursosUnificados\ColegaTeste\ProjetoPlayerJhonas\Sprites\Player 1\jump-plataforma\jump-plataforma_0009.png","e817399aff7484d4b98907f2d8c922ea","018682A5F02EB7710AE06FF76D30FE8FCE27AFE9AAFFB6947147084806C0F7E3","5562",".png"
"duplicata_exata_sem_referencia","Assets\RecursosUnificados\BranchPedrao\Sprites\Player 1\prop\pixellab-anima--o-de-dash--part-culas-d-1776644095409.gif","Assets\RecursosUnificados\ColegaTeste\ProjetoPlayerJhonas\Sprites\Player 1\prop\pixellab-anima--o-de-dash--part-culas-d-1776644095409.gif","4571e9fe3a2b41f4cb12f98777e4d642","7539CA899966F7B46DF3A9851C4B60E0A1527DAD7E52BA7B45B15D5C4B2C7D89","7089",".gif"
"duplicata_exata_sem_referencia","Assets\RecursosUnificados\BranchPedrao\Sprites\Player 1\prop\pixellab-make-it-be-the-last-frame-of-t-1776633168244.png","Assets\RecursosUnificados\ColegaTeste\ProjetoPlayerJhonas\Sprites\Player 1\prop\pixellab-make-it-be-the-last-frame-of-t-1776633168244.png","8d104c98374020b42ba342c0be23d108","C49486ED6FAEB24CE9AFA2BBAF2AB66A816B866209AB088CCEA1468C9A640A06","11217",".png"
"duplicata_exata_sem_referencia","Assets\RecursosUnificados\BranchPedrao\Sprites\Player 1\prop\pixellab-make-it-be-the-last-frame-of-t-1776633537342.png","Assets\RecursosUnificados\ColegaTeste\ProjetoPlayerJhonas\Sprites\Player 1\prop\pixellab-make-it-be-the-last-frame-of-t-1776633537342.png","335a7cb2b0f17f54fb699230ed2ad926","E2D96E56977F5A747CA3CB95FDB70C6D775C8AF93B8F4B8FBE9F0C2964E571A6","7909",".png"
"duplicata_exata_sem_referencia","Assets\RecursosUnificados\BranchPedrao\Sprites\Player 1\dash\animação inacabada do dash.gif","Assets\RecursosUnificados\ColegaTeste\ProjetoPlayerJhonas\Sprites\Player 1\prop\pixellab-The-hooded-figure-shifts-their-1776643828722 (1).gif","9b0b453e14ddd034e8c28fea662a8571","44D3D97542D088CB76DABF6557DF46FA6BFF538830B55F460C4F65AD66E9E994","32154",".gif"
"duplicata_exata_sem_referencia","Assets\RecursosUnificados\BranchPedrao\Sprites\Player 1\prop\start-attk.png","Assets\RecursosUnificados\ColegaTeste\ProjetoPlayerJhonas\Sprites\Player 1\prop\start-attk.png","c4167b3d73717ce458166487a4043f8d","BEB08906FB72D8536AA2B2624CA44F5BA2FBE785F564804A1C82853F04053B56","6789",".png"
"duplicata_exata_sem_referencia","Assets\RecursosUnificados\BranchPedrao\Sprites\Player 1\run\png\pixellab-The-hooded-figure-shifts-their-1776630699897_0001.png","Assets\RecursosUnificados\ColegaTeste\ProjetoPlayerJhonas\Sprites\Player 1\run\png\pixellab-The-hooded-figure-shifts-their-1776630699897_0001.png","3ddf037bf1bbc08449b51066d2ad6bc5","92116BCB07BD4A3F805BB0E101104CDB4D1D6FAE9302BA2D5C6660BB653ABB0E","6289",".png"
"duplicata_exata_sem_referencia","Assets\RecursosUnificados\BranchPedrao\Sprites\Player 1\run\png\pixellab-The-hooded-figure-shifts-their-1776630699897_0002.png","Assets\RecursosUnificados\ColegaTeste\ProjetoPlayerJhonas\Sprites\Player 1\run\png\pixellab-The-hooded-figure-shifts-their-1776630699897_0002.png","4f1f0acc200f7184096a4d6f73e883a7","055BFAEFA314390BB5BA9F3C3EB2FE37DDE71DE7A35BC90C25BEB1D1AF1C16A8","6569",".png"
"duplicata_exata_sem_referencia","Assets\RecursosUnificados\BranchPedrao\Sprites\Player 1\run\png\pixellab-The-hooded-figure-shifts-their-1776630699897_0003.png","Assets\RecursosUnificados\ColegaTeste\ProjetoPlayerJhonas\Sprites\Player 1\run\png\pixellab-The-hooded-figure-shifts-their-1776630699897_0003.png","448917c019d80c84182e8de2609b0e5a","6994C35FAD6645ED54EFC6819174B1DE2BD771962B84CA34CFDAB23ACE96E5FB","6033",".png"
"duplicata_exata_sem_referencia","Assets\RecursosUnificados\BranchPedrao\Sprites\Player 1\run\png\pixellab-The-hooded-figure-shifts-their-1776630699897_0004.png","Assets\RecursosUnificados\ColegaTeste\ProjetoPlayerJhonas\Sprites\Player 1\run\png\pixellab-The-hooded-figure-shifts-their-1776630699897_0004.png","1f86249e4cbb212478f7ac590d7836e2","6D9B088CC40D62935CBED7BDD66A14F8F39166E07CA49E918F1E3AE8AF546E0A","6751",".png"
"duplicata_exata_sem_referencia","Assets\RecursosUnificados\BranchPedrao\Sprites\Player 1\run\png\pixellab-The-hooded-figure-shifts-their-1776630699897_0005.png","Assets\RecursosUnificados\ColegaTeste\ProjetoPlayerJhonas\Sprites\Player 1\run\png\pixellab-The-hooded-figure-shifts-their-1776630699897_0005.png","62b15adeab6b8e34ba0698f5b894e1c2","837390BA3B5D77D7D06F353286FF2928C763AD7E97E14B71658D26BABB4B6290","6465",".png"
"duplicata_exata_sem_referencia","Assets\RecursosUnificados\BranchPedrao\Sprites\Player 1\run\png\pixellab-The-hooded-figure-shifts-their-1776630699897_0006.png","Assets\RecursosUnificados\ColegaTeste\ProjetoPlayerJhonas\Sprites\Player 1\run\png\pixellab-The-hooded-figure-shifts-their-1776630699897_0006.png","987d655c22b187f429dfa7d15a467a71","913E789518DFCD83C890132CD035E5490CD59C7B60FABB171AB251B48E3BB422","6950",".png"
"duplicata_exata_sem_referencia","Assets\RecursosUnificados\BranchPedrao\Sprites\Player 1\run\png\pixellab-The-hooded-figure-shifts-their-1776630699897_0007.png","Assets\RecursosUnificados\ColegaTeste\ProjetoPlayerJhonas\Sprites\Player 1\run\png\pixellab-The-hooded-figure-shifts-their-1776630699897_0007.png","33ffef73ea05cf94da809ed271bd3d45","13DE71F0955C1DB6D6CC94269A7C64D6F34548CB19C5E46172E96538F7FB1954","6197",".png"
"duplicata_exata_sem_referencia","Assets\RecursosUnificados\BranchPedrao\Sprites\Player 1\run\png\pixellab-The-hooded-figure-shifts-their-1776630699897_0008.png","Assets\RecursosUnificados\ColegaTeste\ProjetoPlayerJhonas\Sprites\Player 1\run\png\pixellab-The-hooded-figure-shifts-their-1776630699897_0008.png","21bbc8432cbfd8c42a4b090769e9de70","CB1304923E95FEB30D5B49C1368DC802A9363E1431C5208630A999297F070FBE","6614",".png"
"duplicata_exata_sem_referencia","Assets\RecursosUnificados\BranchPedrao\Sprites\Player 1\run\png\pixellab-The-hooded-figure-shifts-their-1776630699897_0009.png","Assets\RecursosUnificados\ColegaTeste\ProjetoPlayerJhonas\Sprites\Player 1\run\png\pixellab-The-hooded-figure-shifts-their-1776630699897_0009.png","c29f21dfc41391a4b91e8f51a6a8f658","BC8A760C270816E0A1A85128549673DD2CC9EC7205D43977B4091B03ED8CC006","5888",".png"
"duplicata_exata_sem_referencia","Assets\RecursosUnificados\BranchPedrao\Sprites\Player 1\run\png\pixellab-The-hooded-figure-shifts-their-1776630699897_0010.png","Assets\RecursosUnificados\ColegaTeste\ProjetoPlayerJhonas\Sprites\Player 1\run\png\pixellab-The-hooded-figure-shifts-their-1776630699897_0010.png","2cd0ad8f14b96bb4e86ee762abad609a","BFC7B0D40EF27EA601C96AA8F60D08FC50895547D5769B9A2D12AE536C12720D","6562",".png"
"duplicata_exata_sem_referencia","Assets\RecursosUnificados\BranchPedrao\Sprites\Player 1\run\png\pixellab-The-hooded-figure-shifts-their-1776630699897_0011.png","Assets\RecursosUnificados\ColegaTeste\ProjetoPlayerJhonas\Sprites\Player 1\run\png\pixellab-The-hooded-figure-shifts-their-1776630699897_0011.png","8d164b474015b7f42a0d265b0c373fe8","BEC6EBB2C2C1BC15978D030E176AFE2D21876E9BF0D02C3C02C15D9D6F8A0B1F","6370",".png"
"duplicata_exata_sem_referencia","Assets\RecursosUnificados\BranchPedrao\Sprites\Player 1\run\png\pixellab-The-hooded-figure-shifts-their-1776630699897_0012.png","Assets\RecursosUnificados\ColegaTeste\ProjetoPlayerJhonas\Sprites\Player 1\run\png\pixellab-The-hooded-figure-shifts-their-1776630699897_0012.png","ab402e823087bb647b48ea14900e7735","7A68865CAD1D4A6E44C386544B74D876B60F7C58E9BC7FEDC6B2E5E72FDD35E9","7247",".png"
"duplicata_exata_sem_referencia","Assets\RecursosUnificados\BranchPedrao\Sprites\Player 1\run\png\pixellab-The-hooded-figure-shifts-their-1776630699897_0013.png","Assets\RecursosUnificados\ColegaTeste\ProjetoPlayerJhonas\Sprites\Player 1\run\png\pixellab-The-hooded-figure-shifts-their-1776630699897_0013.png","c25224bd0bd1679468db0723382ce8db","1A45D69C9C7C535315993EFEF37C635633699426254E6CEACB174DE5EB5CEB11","6282",".png"
"duplicata_exata_sem_referencia","Assets\RecursosUnificados\BranchPedrao\Sprites\Player 1\run\run-loop.gif","Assets\RecursosUnificados\ColegaTeste\ProjetoPlayerJhonas\Sprites\Player 1\run\run-loop.gif","a9541e5e44ff017479be80d4b4b70a53","1EB9919D1441693DC40F325AF15212B726D7A0C72198B5E3090C5A7B7E76950E","36830",".gif"
"duplicata_exata_sem_referencia","Assets\RecursosUnificados\BranchPedrao\Sprites\Player 1\idle\idle1.png","Assets\RecursosUnificados\ColegaTeste\ProjetoPlayerJhonas\Sprites\Player 1\troca-de-lado\PNG\troca-de-lado_0001.png","d04ca07e43fb8fe4d85d589fdef1eaad","5F53A428EB9BA7ED7DA6B65B45D36CC360D4A214DA264B441E87E6E847F72EE7","5394",".png"
"duplicata_exata_sem_referencia","Assets\RecursosUnificados\BranchPedrao\Sprites\Player 1\troca-de-lado\PNG\troca-de-lado_0002.png","Assets\RecursosUnificados\ColegaTeste\ProjetoPlayerJhonas\Sprites\Player 1\troca-de-lado\PNG\troca-de-lado_0002.png","877392496a7978646b9c2685e1bc359d","93E6EC5743D362959E2E3A366407F6EA81C2E95AE5727A9481E7BBA2FE9FFB22","6749",".png"
"duplicata_exata_sem_referencia","Assets\RecursosUnificados\BranchPedrao\Sprites\Player 1\troca-de-lado\PNG\troca-de-lado_0003.png","Assets\RecursosUnificados\ColegaTeste\ProjetoPlayerJhonas\Sprites\Player 1\troca-de-lado\PNG\troca-de-lado_0003.png","df446945244d87d47ae4b2a795173f7b","27C7C8F66585AA5EC8F3B6FFE84C2F9FE5F72EB69E9FD139542E98C53259AF67","6006",".png"
"duplicata_exata_sem_referencia","Assets\RecursosUnificados\BranchPedrao\Sprites\Player 1\troca-de-lado\PNG\troca-de-lado_0004.png","Assets\RecursosUnificados\ColegaTeste\ProjetoPlayerJhonas\Sprites\Player 1\troca-de-lado\PNG\troca-de-lado_0004.png","cdfb6c07ac1e19b43b74ccbe9b94d686","69678A7FC0D5A2651D98A45539958D9B86BA8C7587FCC93421FF568BFAC1EE96","6122",".png"
"duplicata_exata_sem_referencia","Assets\RecursosUnificados\BranchPedrao\Sprites\Player 1\troca-de-lado\PNG\troca-de-lado_0005.png","Assets\RecursosUnificados\ColegaTeste\ProjetoPlayerJhonas\Sprites\Player 1\troca-de-lado\PNG\troca-de-lado_0005.png","726653fc7fd45964ba53a3d23f7c0f4b","75B7AEFB1E01CB64E514742DBE3A2153A624B36AAFFE0ABD4B707021FA84B4C8","4805",".png"
"duplicata_exata_sem_referencia","Assets\RecursosUnificados\BranchPedrao\Sprites\Player 1\troca-de-lado\PNG\troca-de-lado_0006.png","Assets\RecursosUnificados\ColegaTeste\ProjetoPlayerJhonas\Sprites\Player 1\troca-de-lado\PNG\troca-de-lado_0006.png","65f3efdbab4e2a7489da98039b2ac8d0","7837372DC8E4D33C51FE428018E9A7D5F01D68194C9AA8FD5733D40A2E0D622F","5404",".png"
"duplicata_exata_sem_referencia","Assets\RecursosUnificados\BranchPedrao\Sprites\Player 1\troca-de-lado\PNG\troca-de-lado_0007.png","Assets\RecursosUnificados\ColegaTeste\ProjetoPlayerJhonas\Sprites\Player 1\troca-de-lado\PNG\troca-de-lado_0007.png","11a9391ab32a09c49a9a911b8a81242e","D15AE212136A81678F63C3C8EBA0ABC0607C9BFCEEE51F37E173113C3556C10F","5260",".png"
"duplicata_exata_sem_referencia","Assets\RecursosUnificados\BranchPedrao\Sprites\Player 1\troca-de-lado\PNG\troca-de-lado_0008.png","Assets\RecursosUnificados\ColegaTeste\ProjetoPlayerJhonas\Sprites\Player 1\troca-de-lado\PNG\troca-de-lado_0008.png","b35af82cc1cee69409dedd79b3b74303","5C93DF933A55BA00E28267AA09C1F26859A39D92449AD27C75D582537D807AF0","6171",".png"
"duplicata_exata_sem_referencia","Assets\RecursosUnificados\BranchPedrao\Sprites\Player 1\troca-de-lado\PNG\troca-de-lado_0009.png","Assets\RecursosUnificados\ColegaTeste\ProjetoPlayerJhonas\Sprites\Player 1\troca-de-lado\PNG\troca-de-lado_0009.png","5c464d5140221ca42ba8d2797251f068","8F49ECFDCD14B950675D8C641EFA440CA4FD7CD3D143B649E2F2F7BE2E887D5E","5938",".png"
"duplicata_exata_sem_referencia","Assets\RecursosUnificados\BranchPedrao\Sprites\Player 1\troca-de-lado\PNG\troca-de-lado_0010.png","Assets\RecursosUnificados\ColegaTeste\ProjetoPlayerJhonas\Sprites\Player 1\troca-de-lado\PNG\troca-de-lado_0010.png","2fb76d664b77555468ec73cc0a28fbe3","D29F126555F87DD215DC1433DA8FB37E719C967785182DCD28C04497A0F9A359","7040",".png"
"duplicata_exata_sem_referencia","Assets\RecursosUnificados\BranchPedrao\Sprites\Player 1\troca-de-lado\PNG\troca-de-lado_0011.png","Assets\RecursosUnificados\ColegaTeste\ProjetoPlayerJhonas\Sprites\Player 1\troca-de-lado\PNG\troca-de-lado_0011.png","effb15c81b472714cb27a562613a0a0a","C0BA33309AC3DD21A50780CDC9076CAC714511AF5CE292BE18B11875D31B6AA0","5561",".png"
"duplicata_exata_sem_referencia","Assets\RecursosUnificados\BranchPedrao\Sprites\Player 1\troca-de-lado\troca-de-lado.gif","Assets\RecursosUnificados\ColegaTeste\ProjetoPlayerJhonas\Sprites\Player 1\troca-de-lado\troca-de-lado.gif","95086832b677c5f48b6786d7664eb77d","1283E6E1D3DCF5B423977AF8C1170E8ACD7E45871D0BCB3B8CB9F141FE79B776","29577",".gif"
"duplicata_exata_sem_referencia","Assets\RecursosUnificados\BranchPedrao\Sprites\Player 1\walk\def-walk.gif","Assets\RecursosUnificados\ColegaTeste\ProjetoPlayerJhonas\Sprites\Player 1\walk\def-walk.gif","dbfce9ce95d099847957af5aca218370","FB5F0F02A2713C62A5E1E6897CC407823DBE2382853D9C6B315FDA70A2CE8F73","40710",".gif"
"duplicata_exata_sem_referencia","Assets\RecursosUnificados\BranchPedrao\Sprites\Player 1\walk\def-walk_0001.png","Assets\RecursosUnificados\ColegaTeste\ProjetoPlayerJhonas\Sprites\Player 1\walk\def-walk_0001.png","a43fa7b7e8f2f0147a452f24f040b3bd","39A8921769DD6F66771FFA6042AFEF2E39CF236BC42A4B067B4FE3CF1D3FBB96","7222",".png"
"duplicata_exata_sem_referencia","Assets\RecursosUnificados\BranchPedrao\Sprites\Player 1\walk\def-walk_0002.png","Assets\RecursosUnificados\ColegaTeste\ProjetoPlayerJhonas\Sprites\Player 1\walk\def-walk_0002.png","f7c198df70d6804498492ecd9d98b533","F0A1DDC8CF267F47CEF41E9DEC7D3674D38117F2FCE648F8C41C856899BCD25F","7184",".png"
"duplicata_exata_sem_referencia","Assets\RecursosUnificados\BranchPedrao\Sprites\Player 1\walk\def-walk_0003.png","Assets\RecursosUnificados\ColegaTeste\ProjetoPlayerJhonas\Sprites\Player 1\walk\def-walk_0003.png","2307534fc2c92f54fad905dd667c435c","FA3FFD1AFCF821B1007C42C785F9A91D29B73CBC82F0BB9E24F0938F15243069","6873",".png"
"duplicata_exata_sem_referencia","Assets\RecursosUnificados\BranchPedrao\Sprites\Player 1\walk\def-walk_0004.png","Assets\RecursosUnificados\ColegaTeste\ProjetoPlayerJhonas\Sprites\Player 1\walk\def-walk_0004.png","048d355427b457f458e7197afab04bc5","BBB70A10828DFE0AC253805013AB226EDD284379223EB4955E520E7D7749A65E","7736",".png"
"duplicata_exata_sem_referencia","Assets\RecursosUnificados\BranchPedrao\Sprites\Player 1\walk\def-walk_0005.png","Assets\RecursosUnificados\ColegaTeste\ProjetoPlayerJhonas\Sprites\Player 1\walk\def-walk_0005.png","ca6e9aa030067c24fbaa9a542621b58f","6104949B5F69A2BB6B0D8D68D0DD71206DE81DB8BAA3F3C3F868CD4BEA2C13B6","6921",".png"
"duplicata_exata_sem_referencia","Assets\RecursosUnificados\BranchPedrao\Sprites\Player 1\walk\def-walk_0006.png","Assets\RecursosUnificados\ColegaTeste\ProjetoPlayerJhonas\Sprites\Player 1\walk\def-walk_0006.png","ba3739955aaad0149bc3e297e8d9e186","1BEB0FF4B974E9EB59BB8B2201F9BA09E95D5029FACB8948AE1CC6DEC3AE24C5","7458",".png"
"duplicata_exata_sem_referencia","Assets\RecursosUnificados\BranchPedrao\Sprites\Player 1\walk\def-walk_0007.png","Assets\RecursosUnificados\ColegaTeste\ProjetoPlayerJhonas\Sprites\Player 1\walk\def-walk_0007.png","c437f4462216a5c49b49f39c39f3c552","D32997A9AB857CA195DF71FE78F69BFB9D90A36EE1B88ACAB7D93BD52B5B6311","6982",".png"
"duplicata_exata_sem_referencia","Assets\RecursosUnificados\BranchPedrao\Sprites\Player 1\walk\def-walk_0008.png","Assets\RecursosUnificados\ColegaTeste\ProjetoPlayerJhonas\Sprites\Player 1\walk\def-walk_0008.png","db35b235a766f49469ec44dffc6dd78f","B24DE1EB6F91887061F747353B780452033AD9C34C005A9D1DBBB99AF11B8969","7261",".png"
"duplicata_exata_sem_referencia","Assets\RecursosUnificados\BranchPedrao\Sprites\Player 1\walk\def-walk_0009.png","Assets\RecursosUnificados\ColegaTeste\ProjetoPlayerJhonas\Sprites\Player 1\walk\def-walk_0009.png","95d124d8a53ae71448960965ccac1ce5","E4F1E96CD16812B66B90ADA8CB06349C5AA4D2A3D53A3D907F868A28E2E9AF4E","6813",".png"
"duplicata_exata_sem_referencia","Assets\RecursosUnificados\BranchPedrao\Sprites\Player 1\walk\def-walk_0010.png","Assets\RecursosUnificados\ColegaTeste\ProjetoPlayerJhonas\Sprites\Player 1\walk\def-walk_0010.png","0c3092ce21fb0c14b8a4cc3008ecf6cb","7BA284E6ED4F1CD1A08913A697FA018DAF1B8406B636DAD12A29FB489CAD5544","7819",".png"
"duplicata_exata_sem_referencia","Assets\RecursosUnificados\BranchPedrao\Sprites\Player 1\walk\def-walk_0011.png","Assets\RecursosUnificados\ColegaTeste\ProjetoPlayerJhonas\Sprites\Player 1\walk\def-walk_0011.png","9c6a3537b5bf93042a8e808763b67c05","CAC1A815FFCEFBD85147D01498833CA60479A34C3D2137392BDFF8A7B6AD86C9","7404",".png"
"duplicata_exata_sem_referencia","Assets\RecursosUnificados\BranchPedrao\Sprites\Player 1\walk\def-walk_0012.png","Assets\RecursosUnificados\ColegaTeste\ProjetoPlayerJhonas\Sprites\Player 1\walk\def-walk_0012.png","b198aeb75570d4d4ebe06ff2806a0075","9A7F6F0E3A3A1B2BD2F37C52492471A2CF1FCFD16CDE7A2BBB336EDCE3E5509B","7650",".png"
"duplicata_exata_sem_referencia","Assets\RecursosUnificados\BranchPedrao\Sprites\Player 1\walk\def-walk_0013.png","Assets\RecursosUnificados\ColegaTeste\ProjetoPlayerJhonas\Sprites\Player 1\walk\def-walk_0013.png","3fa76609f9cf52d4fb098509aa446bd2","9B400A1ECA6D26E9AA70B75202C6BADE17125D5BC8136CA85113551E30080074","7171",".png"
"duplicata_exata_sem_referencia","Assets\RecursosUnificados\BranchPedrao\Sprites\Player 1\walk\def-walk_0001.png","Assets\RecursosUnificados\ColegaTeste\ProjetoPlayerJhonas\Sprites\Player 1\walk\png\def-walk_0001.png","a3e1968a0230f074fb008c6ac294509a","39A8921769DD6F66771FFA6042AFEF2E39CF236BC42A4B067B4FE3CF1D3FBB96","7222",".png"
"duplicata_exata_sem_referencia","Assets\RecursosUnificados\BranchPedrao\Sprites\Player 1\walk\def-walk_0002.png","Assets\RecursosUnificados\ColegaTeste\ProjetoPlayerJhonas\Sprites\Player 1\walk\png\def-walk_0002.png","c1eee862f4704fc4b951bfcf024005ae","F0A1DDC8CF267F47CEF41E9DEC7D3674D38117F2FCE648F8C41C856899BCD25F","7184",".png"
"duplicata_exata_sem_referencia","Assets\RecursosUnificados\BranchPedrao\Sprites\Player 1\walk\def-walk_0003.png","Assets\RecursosUnificados\ColegaTeste\ProjetoPlayerJhonas\Sprites\Player 1\walk\png\def-walk_0003.png","afab296685aaf6b49a00340da8933c21","FA3FFD1AFCF821B1007C42C785F9A91D29B73CBC82F0BB9E24F0938F15243069","6873",".png"
"duplicata_exata_sem_referencia","Assets\RecursosUnificados\BranchPedrao\Sprites\Player 1\walk\def-walk_0004.png","Assets\RecursosUnificados\ColegaTeste\ProjetoPlayerJhonas\Sprites\Player 1\walk\png\def-walk_0004.png","769ee81913ab1f54e995b3e022ff8560","BBB70A10828DFE0AC253805013AB226EDD284379223EB4955E520E7D7749A65E","7736",".png"
"duplicata_exata_sem_referencia","Assets\RecursosUnificados\BranchPedrao\Sprites\Player 1\walk\def-walk_0005.png","Assets\RecursosUnificados\ColegaTeste\ProjetoPlayerJhonas\Sprites\Player 1\walk\png\def-walk_0005.png","6d6b8881ec38e8246ac2b3b5486add89","6104949B5F69A2BB6B0D8D68D0DD71206DE81DB8BAA3F3C3F868CD4BEA2C13B6","6921",".png"
"duplicata_exata_sem_referencia","Assets\RecursosUnificados\BranchPedrao\Sprites\Player 1\walk\def-walk_0006.png","Assets\RecursosUnificados\ColegaTeste\ProjetoPlayerJhonas\Sprites\Player 1\walk\png\def-walk_0006.png","3393dcaf3dc345a42a975aae1be9b75a","1BEB0FF4B974E9EB59BB8B2201F9BA09E95D5029FACB8948AE1CC6DEC3AE24C5","7458",".png"
"duplicata_exata_sem_referencia","Assets\RecursosUnificados\BranchPedrao\Sprites\Player 1\walk\def-walk_0007.png","Assets\RecursosUnificados\ColegaTeste\ProjetoPlayerJhonas\Sprites\Player 1\walk\png\def-walk_0007.png","2ef3509d266767d47a721b5cb416c788","D32997A9AB857CA195DF71FE78F69BFB9D90A36EE1B88ACAB7D93BD52B5B6311","6982",".png"
"duplicata_exata_sem_referencia","Assets\RecursosUnificados\BranchPedrao\Sprites\Player 1\walk\def-walk_0008.png","Assets\RecursosUnificados\ColegaTeste\ProjetoPlayerJhonas\Sprites\Player 1\walk\png\def-walk_0008.png","66a20c2ba2d11fe4c9fdb6972e5c132a","B24DE1EB6F91887061F747353B780452033AD9C34C005A9D1DBBB99AF11B8969","7261",".png"
"duplicata_exata_sem_referencia","Assets\RecursosUnificados\BranchPedrao\Sprites\Player 1\walk\def-walk_0009.png","Assets\RecursosUnificados\ColegaTeste\ProjetoPlayerJhonas\Sprites\Player 1\walk\png\def-walk_0009.png","bceeec08045728141a585ced2a8c4ebb","E4F1E96CD16812B66B90ADA8CB06349C5AA4D2A3D53A3D907F868A28E2E9AF4E","6813",".png"
"duplicata_exata_sem_referencia","Assets\RecursosUnificados\BranchPedrao\Sprites\Player 1\walk\def-walk_0010.png","Assets\RecursosUnificados\ColegaTeste\ProjetoPlayerJhonas\Sprites\Player 1\walk\png\def-walk_0010.png","5e2a5172999d97a4dadd2323fae6ffd0","7BA284E6ED4F1CD1A08913A697FA018DAF1B8406B636DAD12A29FB489CAD5544","7819",".png"
"duplicata_exata_sem_referencia","Assets\RecursosUnificados\BranchPedrao\Sprites\Player 1\walk\def-walk_0011.png","Assets\RecursosUnificados\ColegaTeste\ProjetoPlayerJhonas\Sprites\Player 1\walk\png\def-walk_0011.png","4de8eb6b1d73f2340ad022f04ba5de1e","CAC1A815FFCEFBD85147D01498833CA60479A34C3D2137392BDFF8A7B6AD86C9","7404",".png"
"duplicata_exata_sem_referencia","Assets\RecursosUnificados\BranchPedrao\Sprites\Player 1\walk\def-walk_0012.png","Assets\RecursosUnificados\ColegaTeste\ProjetoPlayerJhonas\Sprites\Player 1\walk\png\def-walk_0012.png","774714c13c6318049b081dee59d25614","9A7F6F0E3A3A1B2BD2F37C52492471A2CF1FCFD16CDE7A2BBB336EDCE3E5509B","7650",".png"
"duplicata_exata_sem_referencia","Assets\RecursosUnificados\BranchPedrao\Sprites\Player 1\walk\def-walk_0013.png","Assets\RecursosUnificados\ColegaTeste\ProjetoPlayerJhonas\Sprites\Player 1\walk\png\def-walk_0013.png","cee1ed449eadac1469e8e3352428b168","9B400A1ECA6D26E9AA70B75202C6BADE17125D5BC8136CA85113551E30080074","7171",".png"
"duplicata_exata_sem_referencia","Assets\RecursosUnificados\BranchPedrao\Sprites\Player 1\walk\start-walk.gif","Assets\RecursosUnificados\ColegaTeste\ProjetoPlayerJhonas\Sprites\Player 1\walk\start-walk.gif","d46c5255dfea02d44a6799b37c69d597","24E993DF55B536C73BD532D5FAEDD002C7AAFCC42D858B8CCCB35EDF137C670E","36997",".gif"
"duplicata_exata_sem_referencia","Assets\RecursosUnificados\BranchPedrao\TextMesh Pro\Fonts\LiberationSans.ttf","Assets\RecursosUnificados\ColegaTeste\ProjetoPlayerJhonas\TextMesh Pro\Fonts\LiberationSans.ttf","ca9a1b7c4281f6748b3255d5cda14787","E5B0AF421EA2BFBC1AC8D251D647268087AE82786234C57F757D1F0B90FA8B49","350200",".ttf"
"duplicata_exata_sem_referencia","Assets\RecursosUnificados\BranchPedrao\TextMesh Pro\Resources\Fonts & Materials\LiberationSans SDF.asset","Assets\RecursosUnificados\ColegaTeste\ProjetoPlayerJhonas\TextMesh Pro\Resources\Fonts & Materials\LiberationSans SDF.asset","43775e37c95dfd44daaa1b01a2b5e779","3E255BF16C9D35F6019C541174813B6F9E2DBFA5B0B458311CAC63FEA66A0357","2264683",".asset"
"duplicata_exata_sem_referencia","Assets\RecursosUnificados\BranchPedrao\TextMesh Pro\Resources\LineBreaking Following Characters.txt","Assets\RecursosUnificados\ColegaTeste\ProjetoPlayerJhonas\TextMesh Pro\Resources\LineBreaking Following Characters.txt","fadfa15b91a0c144fba613d58d2b303a","3A73E5FFE2510756DD3C2E982FDC1218B4BE82C6E21ABDE88070D6860E1BC8E6","269",".txt"
"duplicata_exata_sem_referencia","Assets\RecursosUnificados\BranchPedrao\TextMesh Pro\Resources\LineBreaking Leading Characters.txt","Assets\RecursosUnificados\ColegaTeste\ProjetoPlayerJhonas\TextMesh Pro\Resources\LineBreaking Leading Characters.txt","5878886e1fecc0d42a396fdcab474256","62D3F4D5F64AAF885692D2D13A8313F6918E6E4C5AEB3990A43F614652BFD89C","95",".txt"
"duplicata_exata_sem_referencia","Assets\RecursosUnificados\BranchPedrao\TextMesh Pro\Sprites\EmojiOne.png","Assets\RecursosUnificados\ColegaTeste\ProjetoPlayerJhonas\TextMesh Pro\Sprites\EmojiOne.png","beb9bcf358ad1ce45bb17cff0b966232","A87B965A701DE3DC31D7401E542B1FC946587F912C51D7A26E46ADE9F098BD1A","112319",".png"
"duplicata_exata_sem_referencia","Assets\RecursosUnificados\BranchPedrao\UniversalRenderPipelineGlobalSettings.asset","Assets\RecursosUnificados\ColegaTeste\ProjetoPlayerJhonas\UniversalRenderPipelineGlobalSettings.asset","d0187d8c06fc91c41a908e301bd5e603","CF7804C317AFAE02D8D5FB666AB5234CB2DC0100669649259806EAC4C0C27544","23234",".asset"
"duplicata_exata_sem_referencia","Assets\RecursosUnificados\BranchPedrao\Assets\DefaultVolumeProfile.asset","Assets\RecursosUnificados\ColegaTeste\ProjetoTesteAssets\DefaultVolumeProfile.asset","8a07787b2e557644cb4c02b6e2e56a98","C5DD9BEE1ADD10F9346F3CB9881738BD41C7BB72E76BE68629D835738C574083","19524",".asset"
"duplicata_exata_sem_referencia","Assets\RecursosUnificados\BranchPedrao\Assets\InputSystem_Actions.inputactions","Assets\RecursosUnificados\ColegaTeste\ProjetoTesteAssets\InputSystem_Actions.inputactions","73aa1909e0066a54787d326796fdc4f8","CD5A6308F9BCE6DDAC2023B5ED185FF6BC36AC09FBFD9680054D367822203812","42061",".inputactions"
"duplicata_exata_sem_referencia","Assets\RecursosUnificados\ColegaTeste\ProjetoPlayerJhonas\Settings\Lit2DSceneTemplate.scenetemplate","Assets\RecursosUnificados\ColegaTeste\ProjetoTesteAssets\Settings\Lit2DSceneTemplate.scenetemplate","bb389997e85aaed4fafea1463c39feea","EA8BBD3D1010935A8A64A7E9924D708ABB481D693B08008CDC13F1470C7CBCAF","3942880",".scenetemplate"
"duplicata_exata_sem_referencia","Assets\RecursosUnificados\ColegaTeste\ProjetoPlayerJhonas\Settings\Renderer2D.asset","Assets\RecursosUnificados\ColegaTeste\ProjetoTesteAssets\Settings\Renderer2D.asset","ad7f3691843cd224bbd8c214524f735f","833A5DE0B047BFF1327D3E97656EBFB7F595B4693CA5B8F652B676C5D8CC89AF","3698",".asset"
"duplicata_exata_sem_referencia","Assets\RecursosUnificados\ColegaTeste\ProjetoPlayerJhonas\Settings\Scenes\URP2DSceneTemplate.unity","Assets\RecursosUnificados\ColegaTeste\ProjetoTesteAssets\Settings\Scenes\URP2DSceneTemplate.unity","7629ce0f75cb97444b948e1e58d3423e","55E315E1A1075331A3D70941B870F39529B1FFE7A01534539DBF290F89A11AA3","10231",".unity"
"duplicata_exata_sem_referencia","Assets\RecursosUnificados\BranchPedrao\Settings\UniversalRP.asset","Assets\RecursosUnificados\ColegaTeste\ProjetoTesteAssets\Settings\UniversalRP.asset","6189596d4bcbffb40b21f0544c076d95","8115A6A750C739DCBCBF71737D1733EAFE068AD9FBDC3D4CA0DEF2723F47311F","4733",".asset"
"duplicata_exata_sem_referencia","Assets\RecursosUnificados\BranchPedrao\Settings\Lit2DSceneTemplate.scenetemplate","Assets\RecursosUnificados\ColegaTeste\Settings\Lit2DSceneTemplate.scenetemplate","617131f1c0ceeb841add36122bb7a57b","CA928761BF976C878D54DF524A3742C5F1BCA53A013B4061ABD2C752C8A212AA","3942809",".scenetemplate"
"duplicata_exata_sem_referencia","Assets\RecursosUnificados\BranchPedrao\Settings\Renderer2D.asset","Assets\RecursosUnificados\ColegaTeste\Settings\Renderer2D.asset","62540331d28707f4092d74e1c1d1d78a","900455794D0D788504847C3AA54E03A0374FD3635AFA295ED05C2F646F974705","3629",".asset"
"duplicata_exata_sem_referencia","Assets\RecursosUnificados\BranchPedrao\Settings\Scenes\URP2DSceneTemplate.unity","Assets\RecursosUnificados\ColegaTeste\Settings\Scenes\URP2DSceneTemplate.unity","2c2191d0099718f49aeb1e57d2df722e","F6FB3E91AAA90417E2920B7F903066833B3B9AEA72DDCB5E46B91AFA729C2E90","9881",".unity"
"duplicata_exata_sem_referencia","Assets\RecursosUnificados\BranchPedrao\Settings\UniversalRP.asset","Assets\RecursosUnificados\ColegaTeste\Settings\UniversalRP.asset","ee85a0fc1445e8c4c9f0e6604910a701","8115A6A750C739DCBCBF71737D1733EAFE068AD9FBDC3D4CA0DEF2723F47311F","4733",".asset"
"duplicata_exata_sem_referencia","Assets\RecursosUnificados\BranchPedrao\TextMesh Pro\Fonts\LiberationSans - OFL.txt","Assets\RecursosUnificados\ColegaTeste\TextMesh Pro\Fonts\LiberationSans - OFL.txt","943f0382454c79e41a69b53f992cd934","37F8552E9A874EC10710DC0EDE6A9ADF168E6609FBD02A507F35629373B85A48","4469",".txt"
"duplicata_exata_sem_referencia","Assets\RecursosUnificados\BranchPedrao\TextMesh Pro\Fonts\LiberationSans.ttf","Assets\RecursosUnificados\ColegaTeste\TextMesh Pro\Fonts\LiberationSans.ttf","448e4298ec0514042b19da3143211aae","E5B0AF421EA2BFBC1AC8D251D647268087AE82786234C57F757D1F0B90FA8B49","350200",".ttf"
"duplicata_exata_sem_referencia","Assets\RecursosUnificados\BranchPedrao\TextMesh Pro\Resources\Fonts & Materials\LiberationSans SDF - Drop Shadow.mat","Assets\RecursosUnificados\ColegaTeste\TextMesh Pro\Resources\Fonts & Materials\LiberationSans SDF - Drop Shadow.mat","9c484acdea76d5a44855654711d49c55","B6B65C34E4907DD3006C2217FC8A4CEF81B6DA24DF0A3DE8E2288199EB6C5A9D","2975",".mat"
"duplicata_exata_sem_referencia","Assets\RecursosUnificados\BranchPedrao\TextMesh Pro\Resources\Fonts & Materials\LiberationSans SDF - Fallback.asset","Assets\RecursosUnificados\ColegaTeste\TextMesh Pro\Resources\Fonts & Materials\LiberationSans SDF - Fallback.asset","62b1ae7f64b3fe143b0da0e6201700f5","E2D77876F2B90D98BA2424F6FC32B1403EA701DE8FD24A8FE8E571ECC3CDC10A","9365",".asset"
"duplicata_exata_sem_referencia","Assets\RecursosUnificados\BranchPedrao\TextMesh Pro\Resources\Fonts & Materials\LiberationSans SDF - Outline.mat","Assets\RecursosUnificados\ColegaTeste\TextMesh Pro\Resources\Fonts & Materials\LiberationSans SDF - Outline.mat","05d132afcfd292b4da4bf7f6be497053","25874340976D40E9F9E8ABF731B7F32E5A478541DEAD9288140BD60C7A3287D9","2889",".mat"
"duplicata_exata_sem_referencia","Assets\RecursosUnificados\BranchPedrao\TextMesh Pro\Resources\Fonts & Materials\LiberationSans SDF.asset","Assets\RecursosUnificados\ColegaTeste\TextMesh Pro\Resources\Fonts & Materials\LiberationSans SDF.asset","ae1b1f195643d6447a710bf3ccd8139d","3E255BF16C9D35F6019C541174813B6F9E2DBFA5B0B458311CAC63FEA66A0357","2264683",".asset"
"duplicata_exata_sem_referencia","Assets\RecursosUnificados\BranchPedrao\TextMesh Pro\Resources\LineBreaking Following Characters.txt","Assets\RecursosUnificados\ColegaTeste\TextMesh Pro\Resources\LineBreaking Following Characters.txt","d647ea3bf747e0248a4d41cc0183cee5","3A73E5FFE2510756DD3C2E982FDC1218B4BE82C6E21ABDE88070D6860E1BC8E6","269",".txt"
"duplicata_exata_sem_referencia","Assets\RecursosUnificados\BranchPedrao\TextMesh Pro\Resources\LineBreaking Leading Characters.txt","Assets\RecursosUnificados\ColegaTeste\TextMesh Pro\Resources\LineBreaking Leading Characters.txt","e20a10716877bdd458ef00ff9e33bc24","62D3F4D5F64AAF885692D2D13A8313F6918E6E4C5AEB3990A43F614652BFD89C","95",".txt"
"duplicata_exata_sem_referencia","Assets\RecursosUnificados\BranchPedrao\TextMesh Pro\Resources\Sprite Assets\EmojiOne.asset","Assets\RecursosUnificados\ColegaTeste\TextMesh Pro\Resources\Sprite Assets\EmojiOne.asset","fef3c42ac5c0c29479e71785dcad33ce","155FFF99F467BAA93DD2D0886DF466BD242CD5E3C8C60C9D43E9CDAD269F7F54","13441",".asset"
"duplicata_exata_sem_referencia","Assets\RecursosUnificados\BranchPedrao\TextMesh Pro\Resources\Style Sheets\Default Style Sheet.asset","Assets\RecursosUnificados\ColegaTeste\TextMesh Pro\Resources\Style Sheets\Default Style Sheet.asset","834a6ca339b88ae44b7e1016b067289e","93E073CDB91B7E3D2FA31E2DD13626D7B9D2F327904BA8C3C2B97A3EECFBABAC","5539",".asset"
"duplicata_exata_sem_referencia","Assets\RecursosUnificados\BranchPedrao\TextMesh Pro\Resources\TMP Settings.asset","Assets\RecursosUnificados\ColegaTeste\TextMesh Pro\Resources\TMP Settings.asset","2e7ff12fbb013614b932e14e47680a7b","7BE438062CDC296835A1258B68BCBEB8E9FDC4B01EA27C05A24A1074260F7424","1852",".asset"
"duplicata_exata_sem_referencia","Assets\RecursosUnificados\BranchPedrao\TextMesh Pro\Shaders\SDFFunctions.hlsl","Assets\RecursosUnificados\ColegaTeste\TextMesh Pro\Shaders\SDFFunctions.hlsl","837f40d65b5e93e47ba0f173073429a8","88CF0F62E4000B71750C059D0886B19504CD1CF10F39BB61DDC11B77A882D417","6021",".hlsl"
"duplicata_exata_sem_referencia","Assets\RecursosUnificados\BranchPedrao\TextMesh Pro\Shaders\TMP_Bitmap.shader","Assets\RecursosUnificados\ColegaTeste\TextMesh Pro\Shaders\TMP_Bitmap.shader","16a79edf433ccae49a054d3636c26860","1D32F34C71276C1321AA0540A2410E15808743A38B2026923045A4DEC4A79B58","3839",".shader"
"duplicata_exata_sem_referencia","Assets\RecursosUnificados\BranchPedrao\TextMesh Pro\Shaders\TMP_Bitmap-Custom-Atlas.shader","Assets\RecursosUnificados\ColegaTeste\TextMesh Pro\Shaders\TMP_Bitmap-Custom-Atlas.shader","71aa14b0531135b499e759934ab3d997","42892A52F22BDDE6D482CF2DA5F35E4B813063FC6FE42189EEE5562080079494","3836",".shader"
"duplicata_exata_sem_referencia","Assets\RecursosUnificados\BranchPedrao\TextMesh Pro\Shaders\TMP_Bitmap-Mobile.shader","Assets\RecursosUnificados\ColegaTeste\TextMesh Pro\Shaders\TMP_Bitmap-Mobile.shader","63ad67c8f704ccd4cb2f4a809ce1c31a","B50AFC7EDC8A710F8B4159149B2391E7238B5E4076CC0EA2119090ED29E13B4A","4071",".shader"
"duplicata_exata_sem_referencia","Assets\RecursosUnificados\BranchPedrao\TextMesh Pro\Shaders\TMP_SDF Overlay.shader","Assets\RecursosUnificados\ColegaTeste\TextMesh Pro\Shaders\TMP_SDF Overlay.shader","94b49a649209b1242a5c2ee7b8d89e84","A0D318756CBA0F95A7052C387E629D0ADD3E9A4125C8333F1D1ED591AF5F17CB","11054",".shader"
"duplicata_exata_sem_referencia","Assets\RecursosUnificados\BranchPedrao\TextMesh Pro\Shaders\TMP_SDF SSD.shader","Assets\RecursosUnificados\ColegaTeste\TextMesh Pro\Shaders\TMP_SDF SSD.shader","da38f28a257e3ea4cacdabe55f6f9a13","2A991951B00B0C052363A1025F655450054325437B3D13C2623A987C8EC77C30","12438",".shader"
"duplicata_exata_sem_referencia","Assets\RecursosUnificados\BranchPedrao\TextMesh Pro\Shaders\TMP_SDF.shader","Assets\RecursosUnificados\ColegaTeste\TextMesh Pro\Shaders\TMP_SDF.shader","92b480a5234056f498d290bc6743ed9e","10EFE6D4728474A09970B857FAF37913793E168DC13DBD4D7316B54B37615D97","11027",".shader"
"duplicata_exata_sem_referencia","Assets\RecursosUnificados\BranchPedrao\TextMesh Pro\Shaders\TMP_SDF-HDRP LIT.shadergraph","Assets\RecursosUnificados\ColegaTeste\TextMesh Pro\Shaders\TMP_SDF-HDRP LIT.shadergraph","56ef364178a4c3a4dbf0e91c2fcb8da1","BF68062F68B38B588ABD1C354F64E905F824D9A2C47F92EBDD70A32989EB2097","287427",".shadergraph"
"duplicata_exata_sem_referencia","Assets\RecursosUnificados\BranchPedrao\TextMesh Pro\Shaders\TMP_SDF-HDRP UNLIT.shadergraph","Assets\RecursosUnificados\ColegaTeste\TextMesh Pro\Shaders\TMP_SDF-HDRP UNLIT.shadergraph","d04ace869eb0bd448ac87d09cb7dcff9","8A969C2D775079CCE4E1C45D5EB6D3964B27D44DC884178363050C74FD5E9742","279909",".shadergraph"
"duplicata_exata_sem_referencia","Assets\RecursosUnificados\BranchPedrao\TextMesh Pro\Shaders\TMP_SDF-Mobile Masking.shader","Assets\RecursosUnificados\ColegaTeste\TextMesh Pro\Shaders\TMP_SDF-Mobile Masking.shader","6ed4cacd9e4816f449871db19eeba087","41CFF58473557BF760D03513A8C098F43A24E4EEB4C8CCD7D828C045A338A9ED","8273",".shader"
"duplicata_exata_sem_referencia","Assets\RecursosUnificados\BranchPedrao\TextMesh Pro\Shaders\TMP_SDF-Mobile Overlay.shader","Assets\RecursosUnificados\ColegaTeste\TextMesh Pro\Shaders\TMP_SDF-Mobile Overlay.shader","b68350345703e264c829223a7dbd55fa","FB286386D0592CE6D63EB736F180B4B0F638EC538B0855AA54767A438EBD1173","8081",".shader"
"duplicata_exata_sem_referencia","Assets\RecursosUnificados\BranchPedrao\TextMesh Pro\Shaders\TMP_SDF-Mobile SSD.shader","Assets\RecursosUnificados\ColegaTeste\TextMesh Pro\Shaders\TMP_SDF-Mobile SSD.shader","bf6cf6c47cdb1f047ab90453f542a884","8B30C140F6AF9134392FE6ECF4C0676DB73F873489AC52ADFB47BBD288CB51B8","3064",".shader"
"duplicata_exata_sem_referencia","Assets\RecursosUnificados\BranchPedrao\TextMesh Pro\Shaders\TMP_SDF-Mobile.shader","Assets\RecursosUnificados\ColegaTeste\TextMesh Pro\Shaders\TMP_SDF-Mobile.shader","c75cb1d381434ed4da61ed1dca860448","44C39AABC7E88E7E1FEFFC1880DF754F4ADF86B62E9512AA89E9D2D65171AFF4","8074",".shader"
"duplicata_exata_sem_referencia","Assets\RecursosUnificados\BranchPedrao\TextMesh Pro\Shaders\TMP_SDF-Mobile-2-Pass.shader","Assets\RecursosUnificados\ColegaTeste\TextMesh Pro\Shaders\TMP_SDF-Mobile-2-Pass.shader","f231d79c81fc83645aa7c89565d62560","4BC2DB64BEFBD0E37E23539F21096AD2FCD9D61B36D2174D208A7D831A0883F7","11795",".shader"
"duplicata_exata_sem_referencia","Assets\RecursosUnificados\BranchPedrao\TextMesh Pro\Shaders\TMP_SDF-Surface.shader","Assets\RecursosUnificados\ColegaTeste\TextMesh Pro\Shaders\TMP_SDF-Surface.shader","12eddd2c9632a4743aa683ebcbf324a8","5DADB68B56429547918B392626E9AF8FD5173936D20BB43CFCA58DFA00947257","4353",".shader"
"duplicata_exata_sem_referencia","Assets\RecursosUnificados\BranchPedrao\TextMesh Pro\Shaders\TMP_SDF-Surface-Mobile.shader","Assets\RecursosUnificados\ColegaTeste\TextMesh Pro\Shaders\TMP_SDF-Surface-Mobile.shader","da482748a4f7d764dbf53b9666eb185c","F9FAE5906DD37D89298338953294459975DE58A5421E68DD9E82A79794B95509","3523",".shader"
"duplicata_exata_sem_referencia","Assets\RecursosUnificados\BranchPedrao\TextMesh Pro\Shaders\TMP_SDF-URP Lit.shadergraph","Assets\RecursosUnificados\ColegaTeste\TextMesh Pro\Shaders\TMP_SDF-URP Lit.shadergraph","cad7f240d2258bc48a547511fcb18699","E0148CE8E5904232A4E711376A45B7AF2A007FB9690C5A69C1CB4952A696CDBF","283866",".shadergraph"
"duplicata_exata_sem_referencia","Assets\RecursosUnificados\BranchPedrao\TextMesh Pro\Shaders\TMP_SDF-URP Unlit.shadergraph","Assets\RecursosUnificados\ColegaTeste\TextMesh Pro\Shaders\TMP_SDF-URP Unlit.shadergraph","ca3cf026fd4fcbd44aeb092bd8dd96b0","DC15B6819AD87A4B34ED888AE2C274624EFC0ADA902D1A9E7752D87922414DCC","277012",".shadergraph"
"duplicata_exata_sem_referencia","Assets\RecursosUnificados\BranchPedrao\TextMesh Pro\Shaders\TMP_Sprite.shader","Assets\RecursosUnificados\ColegaTeste\TextMesh Pro\Shaders\TMP_Sprite.shader","2b2a2c89dd5c3924499bca80940e5031","AF669BB9AE136C8099F8E0A94A6933FD2F1E1FB0A6842129939A319FAB4B8DBB","3446",".shader"
"duplicata_exata_sem_referencia","Assets\RecursosUnificados\BranchPedrao\TextMesh Pro\Shaders\TMPro.cginc","Assets\RecursosUnificados\ColegaTeste\TextMesh Pro\Shaders\TMPro.cginc","e5f003b7a002dbd43984e4f4da5b2dc7","14EDB7D7B88CAF2B82CAE68200ABE895E5B5B3474C3FFFBF0E9B4B09A4E2467E","2277",".cginc"
"duplicata_exata_sem_referencia","Assets\RecursosUnificados\BranchPedrao\TextMesh Pro\Shaders\TMPro_Mobile.cginc","Assets\RecursosUnificados\ColegaTeste\TextMesh Pro\Shaders\TMPro_Mobile.cginc","4d5b5351977650848ade2489f1672ba0","D9D43DDD9810476162F21B42477D9CE2CDC4E6CC7571D354C3253AAFC6673EAD","5453",".cginc"
"duplicata_exata_sem_referencia","Assets\RecursosUnificados\BranchPedrao\TextMesh Pro\Shaders\TMPro_Properties.cginc","Assets\RecursosUnificados\ColegaTeste\TextMesh Pro\Shaders\TMPro_Properties.cginc","734839d82bd67eb4c80d39b46dd78c8f","66DB1F03E8D7A413EBA79BCB6602FDB2DE710B586F34A6F2584ED6F68F028E90","2707",".cginc"
"duplicata_exata_sem_referencia","Assets\RecursosUnificados\BranchPedrao\TextMesh Pro\Shaders\TMPro_Surface.cginc","Assets\RecursosUnificados\ColegaTeste\TextMesh Pro\Shaders\TMPro_Surface.cginc","eb4766f866a5bb445a851b68704a2e6e","244B442520282A66363D121C8D2AEEB30BB1E72CBBADBF41CE68D9100322ADE5","3515",".cginc"
"duplicata_exata_sem_referencia","Assets\RecursosUnificados\BranchPedrao\TextMesh Pro\Sprites\EmojiOne Attribution.txt","Assets\RecursosUnificados\ColegaTeste\TextMesh Pro\Sprites\EmojiOne Attribution.txt","07ce66aed1d8ab14a8c27efcf68129ff","4B65F8960E4F4C5C8B35FD139E369265E9BB45667FC16461B2BA01188D464D93","185",".txt"
"duplicata_exata_sem_referencia","Assets\RecursosUnificados\BranchPedrao\TextMesh Pro\Sprites\EmojiOne.json","Assets\RecursosUnificados\ColegaTeste\TextMesh Pro\Sprites\EmojiOne.json","d7a7f5f0713a7f1468f6a3a5dfacb5d0","B85C4B3001B6BA82D175F4CD5DAB83DA467BBC2527D3D447B66919D2D20C4FAF","3966",".json"
"duplicata_exata_sem_referencia","Assets\RecursosUnificados\BranchPedrao\TextMesh Pro\Sprites\EmojiOne.png","Assets\RecursosUnificados\ColegaTeste\TextMesh Pro\Sprites\EmojiOne.png","e9f52ea194fb35c4287a9bc3f724fd83","A87B965A701DE3DC31D7401E542B1FC946587F912C51D7A26E46ADE9F098BD1A","112319",".png"
