"Hash","Count","Size","Ext","Path"
"003B1C4CF11E41924B90238FC15CB08C9290854EE83054C59BB16B39AD50F059","3","11586",".png","Assets\RecursosUnificados\BranchPedrao\Sprites\Boss\attack\PNG\ATTK\PNG_0005.png"
"003B1C4CF11E41924B90238FC15CB08C9290854EE83054C59BB16B39AD50F059","3","11586",".png","Assets\RecursosUnificados\ChegaComJhon\Sprites\Objetos\Boss\attack\PNG\ATTK\PNG_0005.png"
"003B1C4CF11E41924B90238FC15CB08C9290854EE83054C59BB16B39AD50F059","3","11586",".png","Assets\RecursosUnificados\ColegaTeste\ProjetoPlayerJhonas\Sprites\Boss\attack\PNG\ATTK\PNG_0005.png"
"0086F22A4A4F6E81303FAF496F76F81CEE723C07796C0A2E8D653D1ABFA66152","3","3698",".anim","Assets\RecursosUnificados\BranchPedrao\Animacoes\Player\Idle.anim"
"0086F22A4A4F6E81303FAF496F76F81CEE723C07796C0A2E8D653D1ABFA66152","3","3698",".anim","Assets\RecursosUnificados\ChegaComJhon\Animacoes\Player\Idle.anim"
"0086F22A4A4F6E81303FAF496F76F81CEE723C07796C0A2E8D653D1ABFA66152","3","3698",".anim","Assets\RecursosUnificados\ColegaTeste\ProjetoPlayerJhonas\Animacoes\Player\Idle.anim"
"018682A5F02EB7710AE06FF76D30FE8FCE27AFE9AAFFB6947147084806C0F7E3","3","5562",".png","Assets\RecursosUnificados\BranchPedrao\Sprites\Player 1\jump-plataforma\jump-plataforma_0009.png"
"018682A5F02EB7710AE06FF76D30FE8FCE27AFE9AAFFB6947147084806C0F7E3","3","5562",".png","Assets\RecursosUnificados\ChegaComJhon\Sprites\Objetos\Player 1\jump-plataforma\jump-plataforma_0009.png"
"018682A5F02EB7710AE06FF76D30FE8FCE27AFE9AAFFB6947147084806C0F7E3","3","5562",".png","Assets\RecursosUnificados\ColegaTeste\ProjetoPlayerJhonas\Sprites\Player 1\jump-plataforma\jump-plataforma_0009.png"
"02672A980793E7E43B061AA6B97676C9D59A0278077E93A720322D5A50CF1E7F","3","6333",".png","Assets\RecursosUnificados\BranchPedrao\Sprites\Boss\dead\PNG\PNG_0008.png"
"02672A980793E7E43B061AA6B97676C9D59A0278077E93A720322D5A50CF1E7F","3","6333",".png","Assets\RecursosUnificados\ChegaComJhon\Sprites\Objetos\Boss\dead\PNG\PNG_0008.png"
"02672A980793E7E43B061AA6B97676C9D59A0278077E93A720322D5A50CF1E7F","3","6333",".png","Assets\RecursosUnificados\ColegaTeste\ProjetoPlayerJhonas\Sprites\Boss\dead\PNG\PNG_0008.png"
"04DC180011B7F909F61A211DEC90EDE488A5B9B5EE43E007E051A80BA2AE83B8","2","4308",".anim","Assets\RecursosUnificados\BranchPedrao\Animacoes\Boss\wallking.anim"
"04DC180011B7F909F61A211DEC90EDE488A5B9B5EE43E007E051A80BA2AE83B8","2","4308",".anim","Assets\RecursosUnificados\ColegaTeste\ProjetoPlayerJhonas\Animacoes\Boss\wallking.anim"
"04E2B8A657CA25DD89FAC5C89B70A66BF44D16FD7610523B5A3D77DD213193A7","3","6738",".png","Assets\RecursosUnificados\BranchPedrao\Sprites\Boss\idle\PNG\idle_0017.png"
"04E2B8A657CA25DD89FAC5C89B70A66BF44D16FD7610523B5A3D77DD213193A7","3","6738",".png","Assets\RecursosUnificados\ChegaComJhon\Sprites\Objetos\Boss\idle\PNG\idle_0017.png"
"04E2B8A657CA25DD89FAC5C89B70A66BF44D16FD7610523B5A3D77DD213193A7","3","6738",".png","Assets\RecursosUnificados\ColegaTeste\ProjetoPlayerJhonas\Sprites\Boss\idle\PNG\idle_0017.png"
"055BFAEFA314390BB5BA9F3C3EB2FE37DDE71DE7A35BC90C25BEB1D1AF1C16A8","3","6569",".png","Assets\RecursosUnificados\BranchPedrao\Sprites\Player 1\run\png\pixellab-The-hooded-figure-shifts-their-1776630699897_0002.png"
"055BFAEFA314390BB5BA9F3C3EB2FE37DDE71DE7A35BC90C25BEB1D1AF1C16A8","3","6569",".png","Assets\RecursosUnificados\ChegaComJhon\Sprites\Objetos\Player 1\Run\png\pixellab-The-hooded-figure-shifts-their-1776630699897_0002.png"
"055BFAEFA314390BB5BA9F3C3EB2FE37DDE71DE7A35BC90C25BEB1D1AF1C16A8","3","6569",".png","Assets\RecursosUnificados\ColegaTeste\ProjetoPlayerJhonas\Sprites\Player 1\run\png\pixellab-The-hooded-figure-shifts-their-1776630699897_0002.png"
"069AB4BC1AF734ABF5181CD762EE27602C5DD91E2A79DE5F2AC8CA8DFF0728A5","3","8081",".png","Assets\RecursosUnificados\BranchPedrao\Sprites\Boss\attack\PNG\PREPARAÇÃO\PNG_0004.png"
"069AB4BC1AF734ABF5181CD762EE27602C5DD91E2A79DE5F2AC8CA8DFF0728A5","3","8081",".png","Assets\RecursosUnificados\ChegaComJhon\Sprites\Objetos\Boss\attack\PNG\PREPARAÇÃO\PNG_0004.png"
"069AB4BC1AF734ABF5181CD762EE27602C5DD91E2A79DE5F2AC8CA8DFF0728A5","3","8081",".png","Assets\RecursosUnificados\ColegaTeste\ProjetoPlayerJhonas\Sprites\Boss\attack\PNG\PREPARAÇÃO\PNG_0004.png"
"07AA1881010BB744EA44C9812379363F6E5B1049386ADB29452F374BA5F3F13A","3","22594",".gif","Assets\RecursosUnificados\BranchPedrao\Sprites\Boss\attack\preparação.gif"
"07AA1881010BB744EA44C9812379363F6E5B1049386ADB29452F374BA5F3F13A","3","22594",".gif","Assets\RecursosUnificados\ChegaComJhon\Sprites\Objetos\Boss\attack\preparação.gif"
"07AA1881010BB744EA44C9812379363F6E5B1049386ADB29452F374BA5F3F13A","3","22594",".gif","Assets\RecursosUnificados\ColegaTeste\ProjetoPlayerJhonas\Sprites\Boss\attack\preparação.gif"
"07F6CCE3C981335FA48875700C84FDA69F55F3B0CF789E2AB035D217A02522CC","6","11105",".png","Assets\RecursosUnificados\BranchPedrao\Sprites\Boss\cry\cry_0006.png"
"07F6CCE3C981335FA48875700C84FDA69F55F3B0CF789E2AB035D217A02522CC","6","11105",".png","Assets\RecursosUnificados\BranchPedrao\Sprites\Boss\fall\PNG\PNG_0011.png"
"07F6CCE3C981335FA48875700C84FDA69F55F3B0CF789E2AB035D217A02522CC","6","11105",".png","Assets\RecursosUnificados\ChegaComJhon\Sprites\Objetos\Boss\cry\cry_0006.png"
"07F6CCE3C981335FA48875700C84FDA69F55F3B0CF789E2AB035D217A02522CC","6","11105",".png","Assets\RecursosUnificados\ChegaComJhon\Sprites\Objetos\Boss\fall\PNG\PNG_0011.png"
"07F6CCE3C981335FA48875700C84FDA69F55F3B0CF789E2AB035D217A02522CC","6","11105",".png","Assets\RecursosUnificados\ColegaTeste\ProjetoPlayerJhonas\Sprites\Boss\cry\cry_0006.png"
"07F6CCE3C981335FA48875700C84FDA69F55F3B0CF789E2AB035D217A02522CC","6","11105",".png","Assets\RecursosUnificados\ColegaTeste\ProjetoPlayerJhonas\Sprites\Boss\fall\PNG\PNG_0011.png"
"09DC231BCBE08E3AE50759EDA3B69D7170080E745C5A4481F43795603223E607","3","10280",".png","Assets\RecursosUnificados\BranchPedrao\Sprites\Boss\run\PREPARAÇÃO\run_0002.png"
"09DC231BCBE08E3AE50759EDA3B69D7170080E745C5A4481F43795603223E607","3","10280",".png","Assets\RecursosUnificados\ChegaComJhon\Sprites\Objetos\Boss\run\PREPARAÇÃO\run_0002.png"
"09DC231BCBE08E3AE50759EDA3B69D7170080E745C5A4481F43795603223E607","3","10280",".png","Assets\RecursosUnificados\ColegaTeste\ProjetoPlayerJhonas\Sprites\Boss\run\PREPARAÇÃO\run_0002.png"
"0A05E9148BB71523CF4C45F13D5A8FCDCC76CB279985950FE6FE385D5A39EE8F","3","8352",".png","Assets\RecursosUnificados\BranchPedrao\Sprites\Boss\run\PNG\PNG_0003.png"
"0A05E9148BB71523CF4C45F13D5A8FCDCC76CB279985950FE6FE385D5A39EE8F","3","8352",".png","Assets\RecursosUnificados\ChegaComJhon\Sprites\Objetos\Boss\run\PNG\PNG_0003.png"
"0A05E9148BB71523CF4C45F13D5A8FCDCC76CB279985950FE6FE385D5A39EE8F","3","8352",".png","Assets\RecursosUnificados\ColegaTeste\ProjetoPlayerJhonas\Sprites\Boss\run\PNG\PNG_0003.png"
"0A0B50B5DD3431BAB2CE5BFC5792DA9DC24F445E9E2B9570AE7E36DDE5AED722","3","9466",".png","Assets\RecursosUnificados\BranchPedrao\Sprites\Boss\run\PNG\PNG_0004.png"
"0A0B50B5DD3431BAB2CE5BFC5792DA9DC24F445E9E2B9570AE7E36DDE5AED722","3","9466",".png","Assets\RecursosUnificados\ChegaComJhon\Sprites\Objetos\Boss\run\PNG\PNG_0004.png"
"0A0B50B5DD3431BAB2CE5BFC5792DA9DC24F445E9E2B9570AE7E36DDE5AED722","3","9466",".png","Assets\RecursosUnificados\ColegaTeste\ProjetoPlayerJhonas\Sprites\Boss\run\PNG\PNG_0004.png"
"0A89DCCDEE30AD57E6A415DD3C5E14B9D7E952F2D2BA782C30CBD2E4CD83E594","3","11724",".png","Assets\RecursosUnificados\BranchPedrao\Sprites\ANJO\IDLE\PNG-SURGE\PNG-SURGE_0011.png"
"0A89DCCDEE30AD57E6A415DD3C5E14B9D7E952F2D2BA782C30CBD2E4CD83E594","3","11724",".png","Assets\RecursosUnificados\ChegaComJhon\Sprites\Objetos\Anjo\IDLE\PNG-SURGE\PNG-SURGE_0011.png"
"0A89DCCDEE30AD57E6A415DD3C5E14B9D7E952F2D2BA782C30CBD2E4CD83E594","3","11724",".png","Assets\RecursosUnificados\ColegaTeste\ProjetoPlayerJhonas\Sprites\ANJO\IDLE\PNG-SURGE\PNG-SURGE_0011.png"
"0AED5458121C18E5391A2A7297AE5F3F7726A4F747679614453F95C0F89CCB02","3","38166",".gif","Assets\RecursosUnificados\BranchPedrao\Sprites\Player 1\jump-(pode ser trocado com o tempo)\opção2.gif"
"0AED5458121C18E5391A2A7297AE5F3F7726A4F747679614453F95C0F89CCB02","3","38166",".gif","Assets\RecursosUnificados\ChegaComJhon\Sprites\Objetos\Player 1\jump-(pode ser trocado com o tempo)\opção2.gif"
"0AED5458121C18E5391A2A7297AE5F3F7726A4F747679614453F95C0F89CCB02","3","38166",".gif","Assets\RecursosUnificados\ColegaTeste\ProjetoPlayerJhonas\Sprites\Player 1\jump-(pode ser trocado com o tempo)\opção2.gif"
"0B1609A990A1F5956D22009C5E1E8A5CBE95A7F87690793D506A0A5E5A5663BE","6","15936",".png","Assets\RecursosUnificados\BranchPedrao\Sprites\Boss\attack\PNG\PREPARAÇÃO\special-attk_0003.png"
"0B1609A990A1F5956D22009C5E1E8A5CBE95A7F87690793D506A0A5E5A5663BE","6","15936",".png","Assets\RecursosUnificados\BranchPedrao\Sprites\Boss\special-attk\special-attk_0003.png"
"0B1609A990A1F5956D22009C5E1E8A5CBE95A7F87690793D506A0A5E5A5663BE","6","15936",".png","Assets\RecursosUnificados\ChegaComJhon\Sprites\Objetos\Boss\attack\PNG\PREPARAÇÃO\special-attk_0003.png"
"0B1609A990A1F5956D22009C5E1E8A5CBE95A7F87690793D506A0A5E5A5663BE","6","15936",".png","Assets\RecursosUnificados\ChegaComJhon\Sprites\Objetos\Boss\special-attk\special-attk_0003.png"
"0B1609A990A1F5956D22009C5E1E8A5CBE95A7F87690793D506A0A5E5A5663BE","6","15936",".png","Assets\RecursosUnificados\ColegaTeste\ProjetoPlayerJhonas\Sprites\Boss\attack\PNG\PREPARAÇÃO\special-attk_0003.png"
"0B1609A990A1F5956D22009C5E1E8A5CBE95A7F87690793D506A0A5E5A5663BE","6","15936",".png","Assets\RecursosUnificados\ColegaTeste\ProjetoPlayerJhonas\Sprites\Boss\special-attk\special-attk_0003.png"
"0BC84412D3527A5C5D114F5CA7BC39E55F1A63CF8DF8B1FEC4D47B33624CEDB5","3","37829",".gif","Assets\RecursosUnificados\BranchPedrao\Sprites\Player 1\jump-(pode ser trocado com o tempo)\jump(menos ruim).gif"
"0BC84412D3527A5C5D114F5CA7BC39E55F1A63CF8DF8B1FEC4D47B33624CEDB5","3","37829",".gif","Assets\RecursosUnificados\ChegaComJhon\Sprites\Objetos\Player 1\jump-(pode ser trocado com o tempo)\jump(menos ruim).gif"
"0BC84412D3527A5C5D114F5CA7BC39E55F1A63CF8DF8B1FEC4D47B33624CEDB5","3","37829",".gif","Assets\RecursosUnificados\ColegaTeste\ProjetoPlayerJhonas\Sprites\Player 1\jump-(pode ser trocado com o tempo)\jump(menos ruim).gif"
"0C589AFF16AD6F62868C8BCAF7A86BE6E5B5DC4C26358164BDEA8E913EDED9F5","3","8277",".png","Assets\RecursosUnificados\BranchPedrao\Sprites\Boss\fall\PNG\PNG_0002.png"
"0C589AFF16AD6F62868C8BCAF7A86BE6E5B5DC4C26358164BDEA8E913EDED9F5","3","8277",".png","Assets\RecursosUnificados\ChegaComJhon\Sprites\Objetos\Boss\fall\PNG\PNG_0002.png"
"0C589AFF16AD6F62868C8BCAF7A86BE6E5B5DC4C26358164BDEA8E913EDED9F5","3","8277",".png","Assets\RecursosUnificados\ColegaTeste\ProjetoPlayerJhonas\Sprites\Boss\fall\PNG\PNG_0002.png"
"0C8F618672416CB2E65D88128C63901F858059AA3CA2025B63DBC3C2EDD78F43","3","5657",".png","Assets\RecursosUnificados\BranchPedrao\Sprites\Boss\attack\PNG\ATTK\PNG_0001.png"
"0C8F618672416CB2E65D88128C63901F858059AA3CA2025B63DBC3C2EDD78F43","3","5657",".png","Assets\RecursosUnificados\ChegaComJhon\Sprites\Objetos\Boss\attack\PNG\ATTK\PNG_0001.png"
"0C8F618672416CB2E65D88128C63901F858059AA3CA2025B63DBC3C2EDD78F43","3","5657",".png","Assets\RecursosUnificados\ColegaTeste\ProjetoPlayerJhonas\Sprites\Boss\attack\PNG\ATTK\PNG_0001.png"
"0CFC1A7DD43A14F588D38A561AC3D40E51BC7E1213AB3E13C782A368D326D023","3","5088",".png","Assets\RecursosUnificados\BranchPedrao\Sprites\Player 1\jump-plataforma\jump-plataforma_0001.png"
"0CFC1A7DD43A14F588D38A561AC3D40E51BC7E1213AB3E13C782A368D326D023","3","5088",".png","Assets\RecursosUnificados\ChegaComJhon\Sprites\Objetos\Player 1\jump-plataforma\jump-plataforma_0001.png"
"0CFC1A7DD43A14F588D38A561AC3D40E51BC7E1213AB3E13C782A368D326D023","3","5088",".png","Assets\RecursosUnificados\ColegaTeste\ProjetoPlayerJhonas\Sprites\Player 1\jump-plataforma\jump-plataforma_0001.png"
"0E9678CC9C32DFC00B2A288890C464900C9C9ABF576824BFCE442D2211D8C80F","3","7607",".png","Assets\RecursosUnificados\BranchPedrao\Sprites\Player 1\DMG-animation\DMG-animation_0003.png"
"0E9678CC9C32DFC00B2A288890C464900C9C9ABF576824BFCE442D2211D8C80F","3","7607",".png","Assets\RecursosUnificados\ChegaComJhon\Sprites\Objetos\Player 1\DMG-animation\DMG-animation_0003.png"
"0E9678CC9C32DFC00B2A288890C464900C9C9ABF576824BFCE442D2211D8C80F","3","7607",".png","Assets\RecursosUnificados\ColegaTeste\ProjetoPlayerJhonas\Sprites\Player 1\DMG-animation\DMG-animation_0003.png"
"0F73CD8CAE4247BC809FEE2375DF47934CDF371D6A813DB3273DC13D2ABBB60B","3","6729",".png","Assets\RecursosUnificados\BranchPedrao\Sprites\Boss\dead\PNG\PNG_0004.png"
"0F73CD8CAE4247BC809FEE2375DF47934CDF371D6A813DB3273DC13D2ABBB60B","3","6729",".png","Assets\RecursosUnificados\ChegaComJhon\Sprites\Objetos\Boss\dead\PNG\PNG_0004.png"
"0F73CD8CAE4247BC809FEE2375DF47934CDF371D6A813DB3273DC13D2ABBB60B","3","6729",".png","Assets\RecursosUnificados\ColegaTeste\ProjetoPlayerJhonas\Sprites\Boss\dead\PNG\PNG_0004.png"
"10EFE6D4728474A09970B857FAF37913793E168DC13DBD4D7316B54B37615D97","3","11027",".shader","Assets\RecursosUnificados\BranchPedrao\TextMesh Pro\Shaders\TMP_SDF.shader"
"10EFE6D4728474A09970B857FAF37913793E168DC13DBD4D7316B54B37615D97","3","11027",".shader","Assets\RecursosUnificados\ChegaComJhon\TextMesh Pro\Shaders\TMP_SDF.shader"
"10EFE6D4728474A09970B857FAF37913793E168DC13DBD4D7316B54B37615D97","3","11027",".shader","Assets\RecursosUnificados\ColegaTeste\TextMesh Pro\Shaders\TMP_SDF.shader"
"11A754FFECFA6CDA3350E7FCA036F430E2A46AEB5F1CCA2D10E4ADE47809D696","3","14602",".png","Assets\RecursosUnificados\BranchPedrao\Sprites\ANJO\IDLE\PNG\PNG_0004.png"
"11A754FFECFA6CDA3350E7FCA036F430E2A46AEB5F1CCA2D10E4ADE47809D696","3","14602",".png","Assets\RecursosUnificados\ChegaComJhon\Sprites\Objetos\Anjo\IDLE\PNG\PNG_0004.png"
"11A754FFECFA6CDA3350E7FCA036F430E2A46AEB5F1CCA2D10E4ADE47809D696","3","14602",".png","Assets\RecursosUnificados\ColegaTeste\ProjetoPlayerJhonas\Sprites\ANJO\IDLE\PNG\PNG_0004.png"
"11B11824734A616E12B8C2609D47012765BCF0A501369A9CDE128CC5EBF67073","3","6222",".png","Assets\RecursosUnificados\BranchPedrao\Sprites\Player 1\Ataque\JUMP-ATTK\PNG_0001.png"
"11B11824734A616E12B8C2609D47012765BCF0A501369A9CDE128CC5EBF67073","3","6222",".png","Assets\RecursosUnificados\ChegaComJhon\Sprites\Objetos\Player 1\Ataque\JUMP-ATTK\PNG_0001.png"
"11B11824734A616E12B8C2609D47012765BCF0A501369A9CDE128CC5EBF67073","3","6222",".png","Assets\RecursosUnificados\ColegaTeste\ProjetoPlayerJhonas\Sprites\Player 1\Ataque\JUMP-ATTK\PNG_0001.png"
"1283E6E1D3DCF5B423977AF8C1170E8ACD7E45871D0BCB3B8CB9F141FE79B776","3","29577",".gif","Assets\RecursosUnificados\BranchPedrao\Sprites\Player 1\troca-de-lado\troca-de-lado.gif"
"1283E6E1D3DCF5B423977AF8C1170E8ACD7E45871D0BCB3B8CB9F141FE79B776","3","29577",".gif","Assets\RecursosUnificados\ChegaComJhon\Sprites\Objetos\Player 1\Troca-de-lado\troca-de-lado.gif"
"1283E6E1D3DCF5B423977AF8C1170E8ACD7E45871D0BCB3B8CB9F141FE79B776","3","29577",".gif","Assets\RecursosUnificados\ColegaTeste\ProjetoPlayerJhonas\Sprites\Player 1\troca-de-lado\troca-de-lado.gif"
"1300DA1A998E428E0B7D6974FF2279307499ECFDA736C586A48A897B30D087A7","3","5300",".anim","Assets\RecursosUnificados\BranchPedrao\Animacoes\Boss\ataque especial.anim"
"1300DA1A998E428E0B7D6974FF2279307499ECFDA736C586A48A897B30D087A7","3","5300",".anim","Assets\RecursosUnificados\ChegaComJhon\Animacoes\Boss\ataque especial.anim"
"1300DA1A998E428E0B7D6974FF2279307499ECFDA736C586A48A897B30D087A7","3","5300",".anim","Assets\RecursosUnificados\ColegaTeste\ProjetoPlayerJhonas\Animacoes\Boss\ataque especial.anim"
"13CCFC64AA85B87C7E9E7000175E3E3C4FEEF331C6F200EC8391DAC8862CE4A7","3","5855",".png","Assets\RecursosUnificados\BranchPedrao\Sprites\Player 1\dash\PNG\dash_0004.png"
"13CCFC64AA85B87C7E9E7000175E3E3C4FEEF331C6F200EC8391DAC8862CE4A7","3","5855",".png","Assets\RecursosUnificados\ChegaComJhon\Sprites\Objetos\Player 1\Dash\PNG\dash_0004.png"
"13CCFC64AA85B87C7E9E7000175E3E3C4FEEF331C6F200EC8391DAC8862CE4A7","3","5855",".png","Assets\RecursosUnificados\ColegaTeste\ProjetoPlayerJhonas\Sprites\Player 1\dash\PNG\dash_0004.png"
"13DE71F0955C1DB6D6CC94269A7C64D6F34548CB19C5E46172E96538F7FB1954","3","6197",".png","Assets\RecursosUnificados\BranchPedrao\Sprites\Player 1\run\png\pixellab-The-hooded-figure-shifts-their-1776630699897_0007.png"
"13DE71F0955C1DB6D6CC94269A7C64D6F34548CB19C5E46172E96538F7FB1954","3","6197",".png","Assets\RecursosUnificados\ChegaComJhon\Sprites\Objetos\Player 1\Run\png\pixellab-The-hooded-figure-shifts-their-1776630699897_0007.png"
"13DE71F0955C1DB6D6CC94269A7C64D6F34548CB19C5E46172E96538F7FB1954","3","6197",".png","Assets\RecursosUnificados\ColegaTeste\ProjetoPlayerJhonas\Sprites\Player 1\run\png\pixellab-The-hooded-figure-shifts-their-1776630699897_0007.png"
"1412F0D79AFF369CB5282C7F18146CADA43EAD3DFA98A32148D6092FB9D30A64","3","14670",".png","Assets\RecursosUnificados\BranchPedrao\Sprites\ANJO\IDLE\PNG\PNG_0006.png"
"1412F0D79AFF369CB5282C7F18146CADA43EAD3DFA98A32148D6092FB9D30A64","3","14670",".png","Assets\RecursosUnificados\ChegaComJhon\Sprites\Objetos\Anjo\IDLE\PNG\PNG_0006.png"
"1412F0D79AFF369CB5282C7F18146CADA43EAD3DFA98A32148D6092FB9D30A64","3","14670",".png","Assets\RecursosUnificados\ColegaTeste\ProjetoPlayerJhonas\Sprites\ANJO\IDLE\PNG\PNG_0006.png"
"1437B473CE3D84F70D4716D6670AC22E4528A50CD41A351960D4D3547C9E849A","6","14099",".png","Assets\RecursosUnificados\BranchPedrao\Sprites\Boss\attack\PNG\PREPARAÇÃO\special-attk_0002.png"
"1437B473CE3D84F70D4716D6670AC22E4528A50CD41A351960D4D3547C9E849A","6","14099",".png","Assets\RecursosUnificados\BranchPedrao\Sprites\Boss\special-attk\special-attk_0002.png"
"1437B473CE3D84F70D4716D6670AC22E4528A50CD41A351960D4D3547C9E849A","6","14099",".png","Assets\RecursosUnificados\ChegaComJhon\Sprites\Objetos\Boss\attack\PNG\PREPARAÇÃO\special-attk_0002.png"
"1437B473CE3D84F70D4716D6670AC22E4528A50CD41A351960D4D3547C9E849A","6","14099",".png","Assets\RecursosUnificados\ChegaComJhon\Sprites\Objetos\Boss\special-attk\special-attk_0002.png"
"1437B473CE3D84F70D4716D6670AC22E4528A50CD41A351960D4D3547C9E849A","6","14099",".png","Assets\RecursosUnificados\ColegaTeste\ProjetoPlayerJhonas\Sprites\Boss\attack\PNG\PREPARAÇÃO\special-attk_0002.png"
"1437B473CE3D84F70D4716D6670AC22E4528A50CD41A351960D4D3547C9E849A","6","14099",".png","Assets\RecursosUnificados\ColegaTeste\ProjetoPlayerJhonas\Sprites\Boss\special-attk\special-attk_0002.png"
"145956E68E31BAD12ED844CCC730499782525849E1C8CA954FDE0C3BB9803A80","3","14930",".png","Assets\RecursosUnificados\BranchPedrao\Sprites\ANJO\IDLE\PNG-SURGE\PNG-SURGE_0012.png"
"145956E68E31BAD12ED844CCC730499782525849E1C8CA954FDE0C3BB9803A80","3","14930",".png","Assets\RecursosUnificados\ChegaComJhon\Sprites\Objetos\Anjo\IDLE\PNG-SURGE\PNG-SURGE_0012.png"
"145956E68E31BAD12ED844CCC730499782525849E1C8CA954FDE0C3BB9803A80","3","14930",".png","Assets\RecursosUnificados\ColegaTeste\ProjetoPlayerJhonas\Sprites\ANJO\IDLE\PNG-SURGE\PNG-SURGE_0012.png"
"14EDB7D7B88CAF2B82CAE68200ABE895E5B5B3474C3FFFBF0E9B4B09A4E2467E","3","2277",".cginc","Assets\RecursosUnificados\BranchPedrao\TextMesh Pro\Shaders\TMPro.cginc"
"14EDB7D7B88CAF2B82CAE68200ABE895E5B5B3474C3FFFBF0E9B4B09A4E2467E","3","2277",".cginc","Assets\RecursosUnificados\ChegaComJhon\TextMesh Pro\Shaders\TMPro.cginc"
"14EDB7D7B88CAF2B82CAE68200ABE895E5B5B3474C3FFFBF0E9B4B09A4E2467E","3","2277",".cginc","Assets\RecursosUnificados\ColegaTeste\TextMesh Pro\Shaders\TMPro.cginc"
"1502435493871DC91339A60F290FEA7575EF9A4BFC9441AF828FD8EEAC490FBC","3","7333",".png","Assets\RecursosUnificados\BranchPedrao\Sprites\Boss\dead\PNG\PNG_0013.png"
"1502435493871DC91339A60F290FEA7575EF9A4BFC9441AF828FD8EEAC490FBC","3","7333",".png","Assets\RecursosUnificados\ChegaComJhon\Sprites\Objetos\Boss\dead\PNG\PNG_0013.png"
"1502435493871DC91339A60F290FEA7575EF9A4BFC9441AF828FD8EEAC490FBC","3","7333",".png","Assets\RecursosUnificados\ColegaTeste\ProjetoPlayerJhonas\Sprites\Boss\dead\PNG\PNG_0013.png"
"155FFF99F467BAA93DD2D0886DF466BD242CD5E3C8C60C9D43E9CDAD269F7F54","3","13441",".asset","Assets\RecursosUnificados\BranchPedrao\TextMesh Pro\Resources\Sprite Assets\EmojiOne.asset"
"155FFF99F467BAA93DD2D0886DF466BD242CD5E3C8C60C9D43E9CDAD269F7F54","3","13441",".asset","Assets\RecursosUnificados\ChegaComJhon\TextMesh Pro\Resources\Sprite Assets\EmojiOne.asset"
"155FFF99F467BAA93DD2D0886DF466BD242CD5E3C8C60C9D43E9CDAD269F7F54","3","13441",".asset","Assets\RecursosUnificados\ColegaTeste\TextMesh Pro\Resources\Sprite Assets\EmojiOne.asset"
"16681D0E6AFB2B27F1BC8CF077FAFFEEC95F7B829C4A564D3D6EC7B373EE5F42","3","48326",".gif","Assets\RecursosUnificados\BranchPedrao\Sprites\Player 1\jump-(pode ser trocado com o tempo)\prop-jump.gif"
"16681D0E6AFB2B27F1BC8CF077FAFFEEC95F7B829C4A564D3D6EC7B373EE5F42","3","48326",".gif","Assets\RecursosUnificados\ChegaComJhon\Sprites\Objetos\Player 1\jump-(pode ser trocado com o tempo)\prop-jump.gif"
"16681D0E6AFB2B27F1BC8CF077FAFFEEC95F7B829C4A564D3D6EC7B373EE5F42","3","48326",".gif","Assets\RecursosUnificados\ColegaTeste\ProjetoPlayerJhonas\Sprites\Player 1\jump-(pode ser trocado com o tempo)\prop-jump.gif"
"1675303F17F4A2F776DCA8432AA915A9A2E109352C6D5FE984EF1E39DCF81647","3","7927",".png","Assets\RecursosUnificados\BranchPedrao\Sprites\Boss\walk\PNG\PNG_0006.png"
"1675303F17F4A2F776DCA8432AA915A9A2E109352C6D5FE984EF1E39DCF81647","3","7927",".png","Assets\RecursosUnificados\ChegaComJhon\Sprites\Objetos\Boss\walk\PNG\PNG_0006.png"
"1675303F17F4A2F776DCA8432AA915A9A2E109352C6D5FE984EF1E39DCF81647","3","7927",".png","Assets\RecursosUnificados\ColegaTeste\ProjetoPlayerJhonas\Sprites\Boss\walk\PNG\PNG_0006.png"
"1751BABCD4A4CC33B0001A05E99D09D60D90E2D0BB44071AB3BE853CB79D6782","3","6390",".png","Assets\RecursosUnificados\BranchPedrao\Sprites\Boss\attack\PNG\PREPARAÇÃO\special-attk_0001.png"
"1751BABCD4A4CC33B0001A05E99D09D60D90E2D0BB44071AB3BE853CB79D6782","3","6390",".png","Assets\RecursosUnificados\ChegaComJhon\Sprites\Objetos\Boss\attack\PNG\PREPARAÇÃO\special-attk_0001.png"
"1751BABCD4A4CC33B0001A05E99D09D60D90E2D0BB44071AB3BE853CB79D6782","3","6390",".png","Assets\RecursosUnificados\ColegaTeste\ProjetoPlayerJhonas\Sprites\Boss\attack\PNG\PREPARAÇÃO\special-attk_0001.png"
"1781DE2447938CDC8F5BCA841F5957B30A4E1D84E1B75BFEE59AB5101B1CCD45","3","7395",".png","Assets\RecursosUnificados\BranchPedrao\Sprites\Boss\dead\PNG\PNG_0009.png"
"1781DE2447938CDC8F5BCA841F5957B30A4E1D84E1B75BFEE59AB5101B1CCD45","3","7395",".png","Assets\RecursosUnificados\ChegaComJhon\Sprites\Objetos\Boss\dead\PNG\PNG_0009.png"
"1781DE2447938CDC8F5BCA841F5957B30A4E1D84E1B75BFEE59AB5101B1CCD45","3","7395",".png","Assets\RecursosUnificados\ColegaTeste\ProjetoPlayerJhonas\Sprites\Boss\dead\PNG\PNG_0009.png"
"183B88FD352BAFF62245B422C1305C18DB07A9A4D2FC5DCCBE4F2F40135D380B","3","1345",".anim","Assets\RecursosUnificados\BranchPedrao\Animacoes\Boss\Prep.anim"
"183B88FD352BAFF62245B422C1305C18DB07A9A4D2FC5DCCBE4F2F40135D380B","3","1345",".anim","Assets\RecursosUnificados\ChegaComJhon\Animacoes\Boss\Prep.anim"
"183B88FD352BAFF62245B422C1305C18DB07A9A4D2FC5DCCBE4F2F40135D380B","3","1345",".anim","Assets\RecursosUnificados\ColegaTeste\ProjetoPlayerJhonas\Animacoes\Boss\Prep.anim"
"1A45D69C9C7C535315993EFEF37C635633699426254E6CEACB174DE5EB5CEB11","3","6282",".png","Assets\RecursosUnificados\BranchPedrao\Sprites\Player 1\run\png\pixellab-The-hooded-figure-shifts-their-1776630699897_0013.png"
"1A45D69C9C7C535315993EFEF37C635633699426254E6CEACB174DE5EB5CEB11","3","6282",".png","Assets\RecursosUnificados\ChegaComJhon\Sprites\Objetos\Player 1\Run\png\pixellab-The-hooded-figure-shifts-their-1776630699897_0013.png"
"1A45D69C9C7C535315993EFEF37C635633699426254E6CEACB174DE5EB5CEB11","3","6282",".png","Assets\RecursosUnificados\ColegaTeste\ProjetoPlayerJhonas\Sprites\Player 1\run\png\pixellab-The-hooded-figure-shifts-their-1776630699897_0013.png"
"1A5D2BD4FC413E376BBF469DD08C1EEAFFCB5BB26BF21012D60458CD90725DDA","6","6643",".png","Assets\RecursosUnificados\BranchPedrao\Sprites\ANJO\IDLE\DISSPAR\DISSPAR_0003.png"
"1A5D2BD4FC413E376BBF469DD08C1EEAFFCB5BB26BF21012D60458CD90725DDA","6","6643",".png","Assets\RecursosUnificados\BranchPedrao\Sprites\Boss\dead\PNG\DISSPAR_0003.png"
"1A5D2BD4FC413E376BBF469DD08C1EEAFFCB5BB26BF21012D60458CD90725DDA","6","6643",".png","Assets\RecursosUnificados\ChegaComJhon\Sprites\Objetos\Anjo\IDLE\DISSPAR\DISSPAR_0003.png"
"1A5D2BD4FC413E376BBF469DD08C1EEAFFCB5BB26BF21012D60458CD90725DDA","6","6643",".png","Assets\RecursosUnificados\ChegaComJhon\Sprites\Objetos\Boss\dead\PNG\DISSPAR_0003.png"
"1A5D2BD4FC413E376BBF469DD08C1EEAFFCB5BB26BF21012D60458CD90725DDA","6","6643",".png","Assets\RecursosUnificados\ColegaTeste\ProjetoPlayerJhonas\Sprites\ANJO\IDLE\DISSPAR\DISSPAR_0003.png"
"1A5D2BD4FC413E376BBF469DD08C1EEAFFCB5BB26BF21012D60458CD90725DDA","6","6643",".png","Assets\RecursosUnificados\ColegaTeste\ProjetoPlayerJhonas\Sprites\Boss\dead\PNG\DISSPAR_0003.png"
"1B868BA5308FE0727CCF2074DF410796C0E0C79EB4B39F2C8899FC662D3AF5B0","3","4275",".png","Assets\RecursosUnificados\BranchPedrao\Sprites\ANJO\IDLE\PNG-SURGE\PNG-SURGE_0005.png"
"1B868BA5308FE0727CCF2074DF410796C0E0C79EB4B39F2C8899FC662D3AF5B0","3","4275",".png","Assets\RecursosUnificados\ChegaComJhon\Sprites\Objetos\Anjo\IDLE\PNG-SURGE\PNG-SURGE_0005.png"
"1B868BA5308FE0727CCF2074DF410796C0E0C79EB4B39F2C8899FC662D3AF5B0","3","4275",".png","Assets\RecursosUnificados\ColegaTeste\ProjetoPlayerJhonas\Sprites\ANJO\IDLE\PNG-SURGE\PNG-SURGE_0005.png"
"1BB04AB8130F02F109F466B9DC329F0637016A0324C9AEF3A75C91A809E56BB4","3","3511",".anim","Assets\RecursosUnificados\BranchPedrao\Animacoes\Player\PulandoDenovo.anim"
"1BB04AB8130F02F109F466B9DC329F0637016A0324C9AEF3A75C91A809E56BB4","3","3511",".anim","Assets\RecursosUnificados\ChegaComJhon\Animacoes\Player\PulandoDenovo.anim"
"1BB04AB8130F02F109F466B9DC329F0637016A0324C9AEF3A75C91A809E56BB4","3","3511",".anim","Assets\RecursosUnificados\ColegaTeste\ProjetoPlayerJhonas\Animacoes\Player\PulandoDenovo.anim"
"1BEB0FF4B974E9EB59BB8B2201F9BA09E95D5029FACB8948AE1CC6DEC3AE24C5","6","7458",".png","Assets\RecursosUnificados\BranchPedrao\Sprites\Player 1\walk\def-walk_0006.png"
"1BEB0FF4B974E9EB59BB8B2201F9BA09E95D5029FACB8948AE1CC6DEC3AE24C5","6","7458",".png","Assets\RecursosUnificados\BranchPedrao\Sprites\Player 1\walk\png\def-walk_0006.png"
"1BEB0FF4B974E9EB59BB8B2201F9BA09E95D5029FACB8948AE1CC6DEC3AE24C5","6","7458",".png","Assets\RecursosUnificados\ChegaComJhon\Sprites\Objetos\Player 1\Walk\def-walk_0006.png"
"1BEB0FF4B974E9EB59BB8B2201F9BA09E95D5029FACB8948AE1CC6DEC3AE24C5","6","7458",".png","Assets\RecursosUnificados\ChegaComJhon\Sprites\Objetos\Player 1\Walk\png\def-walk_0006.png"
"1BEB0FF4B974E9EB59BB8B2201F9BA09E95D5029FACB8948AE1CC6DEC3AE24C5","6","7458",".png","Assets\RecursosUnificados\ColegaTeste\ProjetoPlayerJhonas\Sprites\Player 1\walk\def-walk_0006.png"
"1BEB0FF4B974E9EB59BB8B2201F9BA09E95D5029FACB8948AE1CC6DEC3AE24C5","6","7458",".png","Assets\RecursosUnificados\ColegaTeste\ProjetoPlayerJhonas\Sprites\Player 1\walk\png\def-walk_0006.png"
"1C0C1EFAF6F2D2CD642493D86B15DD16D36F6EE1FBD39CE71955012CB568D535","6","11409",".png","Assets\RecursosUnificados\BranchPedrao\Sprites\ANJO\IDLE\DISSPAR\DISSPAR_0008.png"
"1C0C1EFAF6F2D2CD642493D86B15DD16D36F6EE1FBD39CE71955012CB568D535","6","11409",".png","Assets\RecursosUnificados\BranchPedrao\Sprites\Boss\dead\PNG\DISSPAR_0008.png"
"1C0C1EFAF6F2D2CD642493D86B15DD16D36F6EE1FBD39CE71955012CB568D535","6","11409",".png","Assets\RecursosUnificados\ChegaComJhon\Sprites\Objetos\Anjo\IDLE\DISSPAR\DISSPAR_0008.png"
"1C0C1EFAF6F2D2CD642493D86B15DD16D36F6EE1FBD39CE71955012CB568D535","6","11409",".png","Assets\RecursosUnificados\ChegaComJhon\Sprites\Objetos\Boss\dead\PNG\DISSPAR_0008.png"
"1C0C1EFAF6F2D2CD642493D86B15DD16D36F6EE1FBD39CE71955012CB568D535","6","11409",".png","Assets\RecursosUnificados\ColegaTeste\ProjetoPlayerJhonas\Sprites\ANJO\IDLE\DISSPAR\DISSPAR_0008.png"
"1C0C1EFAF6F2D2CD642493D86B15DD16D36F6EE1FBD39CE71955012CB568D535","6","11409",".png","Assets\RecursosUnificados\ColegaTeste\ProjetoPlayerJhonas\Sprites\Boss\dead\PNG\DISSPAR_0008.png"
"1C6CBB519D65ECFE19A29231735B7F54741A20AC1A8AD4F46A18E1BFB28A3C39","3","41005",".inputactions","Assets\RecursosUnificados\BranchPedrao\InputSystem_Actions.inputactions"
"1C6CBB519D65ECFE19A29231735B7F54741A20AC1A8AD4F46A18E1BFB28A3C39","3","41005",".inputactions","Assets\RecursosUnificados\ChegaComJhon\InputSystem_Actions.inputactions"
"1C6CBB519D65ECFE19A29231735B7F54741A20AC1A8AD4F46A18E1BFB28A3C39","3","41005",".inputactions","Assets\RecursosUnificados\ColegaTeste\InputSystem_Actions.inputactions"
"1D32F34C71276C1321AA0540A2410E15808743A38B2026923045A4DEC4A79B58","3","3839",".shader","Assets\RecursosUnificados\BranchPedrao\TextMesh Pro\Shaders\TMP_Bitmap.shader"
"1D32F34C71276C1321AA0540A2410E15808743A38B2026923045A4DEC4A79B58","3","3839",".shader","Assets\RecursosUnificados\ChegaComJhon\TextMesh Pro\Shaders\TMP_Bitmap.shader"
"1D32F34C71276C1321AA0540A2410E15808743A38B2026923045A4DEC4A79B58","3","3839",".shader","Assets\RecursosUnificados\ColegaTeste\TextMesh Pro\Shaders\TMP_Bitmap.shader"
"1EB9919D1441693DC40F325AF15212B726D7A0C72198B5E3090C5A7B7E76950E","3","36830",".gif","Assets\RecursosUnificados\BranchPedrao\Sprites\Player 1\run\run-loop.gif"
"1EB9919D1441693DC40F325AF15212B726D7A0C72198B5E3090C5A7B7E76950E","3","36830",".gif","Assets\RecursosUnificados\ChegaComJhon\Sprites\Objetos\Player 1\Run\run-loop.gif"
"1EB9919D1441693DC40F325AF15212B726D7A0C72198B5E3090C5A7B7E76950E","3","36830",".gif","Assets\RecursosUnificados\ColegaTeste\ProjetoPlayerJhonas\Sprites\Player 1\run\run-loop.gif"
"1F5A4C4077E6AB0E48C12A7B329FBFA9671F7CC4E38AE915C2B995B059A024E8","3","44723",".gif","Assets\RecursosUnificados\BranchPedrao\Sprites\Boss\run\run.gif"
"1F5A4C4077E6AB0E48C12A7B329FBFA9671F7CC4E38AE915C2B995B059A024E8","3","44723",".gif","Assets\RecursosUnificados\ChegaComJhon\Sprites\Objetos\Boss\run\run.gif"
"1F5A4C4077E6AB0E48C12A7B329FBFA9671F7CC4E38AE915C2B995B059A024E8","3","44723",".gif","Assets\RecursosUnificados\ColegaTeste\ProjetoPlayerJhonas\Sprites\Boss\run\run.gif"
"1FC6C87D860591E88CE2ACA0F0197BCC5F1C6F6436950F4A68FB7714C5BEDC03","6","5246",".png","Assets\RecursosUnificados\BranchPedrao\Sprites\ANJO\IDLE\DISSPAR\DISSPAR_0002.png"
"1FC6C87D860591E88CE2ACA0F0197BCC5F1C6F6436950F4A68FB7714C5BEDC03","6","5246",".png","Assets\RecursosUnificados\BranchPedrao\Sprites\Boss\dead\PNG\DISSPAR_0002.png"
"1FC6C87D860591E88CE2ACA0F0197BCC5F1C6F6436950F4A68FB7714C5BEDC03","6","5246",".png","Assets\RecursosUnificados\ChegaComJhon\Sprites\Objetos\Anjo\IDLE\DISSPAR\DISSPAR_0002.png"
"1FC6C87D860591E88CE2ACA0F0197BCC5F1C6F6436950F4A68FB7714C5BEDC03","6","5246",".png","Assets\RecursosUnificados\ChegaComJhon\Sprites\Objetos\Boss\dead\PNG\DISSPAR_0002.png"
"1FC6C87D860591E88CE2ACA0F0197BCC5F1C6F6436950F4A68FB7714C5BEDC03","6","5246",".png","Assets\RecursosUnificados\ColegaTeste\ProjetoPlayerJhonas\Sprites\ANJO\IDLE\DISSPAR\DISSPAR_0002.png"
"1FC6C87D860591E88CE2ACA0F0197BCC5F1C6F6436950F4A68FB7714C5BEDC03","6","5246",".png","Assets\RecursosUnificados\ColegaTeste\ProjetoPlayerJhonas\Sprites\Boss\dead\PNG\DISSPAR_0002.png"
"1FE02EBDDAC80C767DC5C846009D871B99304D23900F4E0FB37A581ACAE23490","3","6740",".png","Assets\RecursosUnificados\BranchPedrao\Sprites\Boss\dead\PNG\PNG_0011.png"
"1FE02EBDDAC80C767DC5C846009D871B99304D23900F4E0FB37A581ACAE23490","3","6740",".png","Assets\RecursosUnificados\ChegaComJhon\Sprites\Objetos\Boss\dead\PNG\PNG_0011.png"
"1FE02EBDDAC80C767DC5C846009D871B99304D23900F4E0FB37A581ACAE23490","3","6740",".png","Assets\RecursosUnificados\ColegaTeste\ProjetoPlayerJhonas\Sprites\Boss\dead\PNG\PNG_0011.png"
"22E512B71AA8326A6FF827A094576D4BBA04CF3DA652CE1D79F8199B174CC450","3","15045",".png","Assets\RecursosUnificados\BranchPedrao\Sprites\ANJO\IDLE\PNG\PNG_0010.png"
"22E512B71AA8326A6FF827A094576D4BBA04CF3DA652CE1D79F8199B174CC450","3","15045",".png","Assets\RecursosUnificados\ChegaComJhon\Sprites\Objetos\Anjo\IDLE\PNG\PNG_0010.png"
"22E512B71AA8326A6FF827A094576D4BBA04CF3DA652CE1D79F8199B174CC450","3","15045",".png","Assets\RecursosUnificados\ColegaTeste\ProjetoPlayerJhonas\Sprites\ANJO\IDLE\PNG\PNG_0010.png"
"233D7B91FD0D9DFCCAC25969E36145A324B27B2E914D4410AD8730E7CF5A77DE","6","38848",".unity","Assets\RecursosUnificados\BranchPedrao\_Recovery\0 (3).unity"
"233D7B91FD0D9DFCCAC25969E36145A324B27B2E914D4410AD8730E7CF5A77DE","6","38848",".unity","Assets\RecursosUnificados\BranchPedrao\_Recovery\0 (4).unity"
"233D7B91FD0D9DFCCAC25969E36145A324B27B2E914D4410AD8730E7CF5A77DE","6","38848",".unity","Assets\RecursosUnificados\ChegaComJhon\_Recovery\0 (3).unity"
"233D7B91FD0D9DFCCAC25969E36145A324B27B2E914D4410AD8730E7CF5A77DE","6","38848",".unity","Assets\RecursosUnificados\ChegaComJhon\_Recovery\0 (4).unity"
"233D7B91FD0D9DFCCAC25969E36145A324B27B2E914D4410AD8730E7CF5A77DE","6","38848",".unity","Assets\RecursosUnificados\ColegaTeste\ProjetoPlayerJhonas\_Recovery\0 (3).unity"
"233D7B91FD0D9DFCCAC25969E36145A324B27B2E914D4410AD8730E7CF5A77DE","6","38848",".unity","Assets\RecursosUnificados\ColegaTeste\ProjetoPlayerJhonas\_Recovery\0 (4).unity"
"244B442520282A66363D121C8D2AEEB30BB1E72CBBADBF41CE68D9100322ADE5","3","3515",".cginc","Assets\RecursosUnificados\BranchPedrao\TextMesh Pro\Shaders\TMPro_Surface.cginc"
"244B442520282A66363D121C8D2AEEB30BB1E72CBBADBF41CE68D9100322ADE5","3","3515",".cginc","Assets\RecursosUnificados\ChegaComJhon\TextMesh Pro\Shaders\TMPro_Surface.cginc"
"244B442520282A66363D121C8D2AEEB30BB1E72CBBADBF41CE68D9100322ADE5","3","3515",".cginc","Assets\RecursosUnificados\ColegaTeste\TextMesh Pro\Shaders\TMPro_Surface.cginc"
"24E993DF55B536C73BD532D5FAEDD002C7AAFCC42D858B8CCCB35EDF137C670E","3","36997",".gif","Assets\RecursosUnificados\BranchPedrao\Sprites\Player 1\walk\start-walk.gif"
"24E993DF55B536C73BD532D5FAEDD002C7AAFCC42D858B8CCCB35EDF137C670E","3","36997",".gif","Assets\RecursosUnificados\ChegaComJhon\Sprites\Objetos\Player 1\Walk\start-walk.gif"
"24E993DF55B536C73BD532D5FAEDD002C7AAFCC42D858B8CCCB35EDF137C670E","3","36997",".gif","Assets\RecursosUnificados\ColegaTeste\ProjetoPlayerJhonas\Sprites\Player 1\walk\start-walk.gif"
"25874340976D40E9F9E8ABF731B7F32E5A478541DEAD9288140BD60C7A3287D9","3","2889",".mat","Assets\RecursosUnificados\BranchPedrao\TextMesh Pro\Resources\Fonts & Materials\LiberationSans SDF - Outline.mat"
"25874340976D40E9F9E8ABF731B7F32E5A478541DEAD9288140BD60C7A3287D9","3","2889",".mat","Assets\RecursosUnificados\ChegaComJhon\TextMesh Pro\Resources\Fonts & Materials\LiberationSans SDF - Outline.mat"
"25874340976D40E9F9E8ABF731B7F32E5A478541DEAD9288140BD60C7A3287D9","3","2889",".mat","Assets\RecursosUnificados\ColegaTeste\TextMesh Pro\Resources\Fonts & Materials\LiberationSans SDF - Outline.mat"
"25AF08E9B6233BE3512DFDCCDBA02BAABF80D67D17569F3A7735127CB0B5BB2C","3","7571",".png","Assets\RecursosUnificados\BranchPedrao\Sprites\Boss\run\PNG\PNG_0007.png"
"25AF08E9B6233BE3512DFDCCDBA02BAABF80D67D17569F3A7735127CB0B5BB2C","3","7571",".png","Assets\RecursosUnificados\ChegaComJhon\Sprites\Objetos\Boss\run\PNG\PNG_0007.png"
"25AF08E9B6233BE3512DFDCCDBA02BAABF80D67D17569F3A7735127CB0B5BB2C","3","7571",".png","Assets\RecursosUnificados\ColegaTeste\ProjetoPlayerJhonas\Sprites\Boss\run\PNG\PNG_0007.png"
"2659F914568A7C5AB805C88EEA5EF6D167937E87F476CFDA73A27F6FBFC4078B","3","6960",".png","Assets\RecursosUnificados\BranchPedrao\Sprites\Boss\attack\PNG\PREPARAÇÃO\PNG_0005.png"
"2659F914568A7C5AB805C88EEA5EF6D167937E87F476CFDA73A27F6FBFC4078B","3","6960",".png","Assets\RecursosUnificados\ChegaComJhon\Sprites\Objetos\Boss\attack\PNG\PREPARAÇÃO\PNG_0005.png"
"2659F914568A7C5AB805C88EEA5EF6D167937E87F476CFDA73A27F6FBFC4078B","3","6960",".png","Assets\RecursosUnificados\ColegaTeste\ProjetoPlayerJhonas\Sprites\Boss\attack\PNG\PREPARAÇÃO\PNG_0005.png"
"2678EC402202187CB93966395F955FDE1824213F63CECE744FB2DAD5350385C1","3","6318",".anim","Assets\RecursosUnificados\BranchPedrao\Animacoes\Anjo\Exit.anim"
"2678EC402202187CB93966395F955FDE1824213F63CECE744FB2DAD5350385C1","3","6318",".anim","Assets\RecursosUnificados\ChegaComJhon\Animacoes\Anjo\Exit.anim"
"2678EC402202187CB93966395F955FDE1824213F63CECE744FB2DAD5350385C1","3","6318",".anim","Assets\RecursosUnificados\ColegaTeste\ProjetoPlayerJhonas\Animacoes\Anjo\Exit.anim"
"268C2CC1D92962531353FC45EECD0C365394D4CE0F4A14A472A372682B89939F","3","6175",".png","Assets\RecursosUnificados\BranchPedrao\Sprites\Player 1\dash\PNG\dash_0013.png"
"268C2CC1D92962531353FC45EECD0C365394D4CE0F4A14A472A372682B89939F","3","6175",".png","Assets\RecursosUnificados\ChegaComJhon\Sprites\Objetos\Player 1\Dash\PNG\dash_0013.png"
"268C2CC1D92962531353FC45EECD0C365394D4CE0F4A14A472A372682B89939F","3","6175",".png","Assets\RecursosUnificados\ColegaTeste\ProjetoPlayerJhonas\Sprites\Player 1\dash\PNG\dash_0013.png"
"27874B868A0D37822EFB133AC19375C8A77BC54B4576B11A384AFAD36A6D40EF","3","6194",".png","Assets\RecursosUnificados\BranchPedrao\Sprites\Boss\idle\PNG\idle_0007.png"
"27874B868A0D37822EFB133AC19375C8A77BC54B4576B11A384AFAD36A6D40EF","3","6194",".png","Assets\RecursosUnificados\ChegaComJhon\Sprites\Objetos\Boss\idle\PNG\idle_0007.png"
"27874B868A0D37822EFB133AC19375C8A77BC54B4576B11A384AFAD36A6D40EF","3","6194",".png","Assets\RecursosUnificados\ColegaTeste\ProjetoPlayerJhonas\Sprites\Boss\idle\PNG\idle_0007.png"
"27C7C8F66585AA5EC8F3B6FFE84C2F9FE5F72EB69E9FD139542E98C53259AF67","3","6006",".png","Assets\RecursosUnificados\BranchPedrao\Sprites\Player 1\troca-de-lado\PNG\troca-de-lado_0003.png"
"27C7C8F66585AA5EC8F3B6FFE84C2F9FE5F72EB69E9FD139542E98C53259AF67","3","6006",".png","Assets\RecursosUnificados\ChegaComJhon\Sprites\Objetos\Player 1\Troca-de-lado\PNG\troca-de-lado_0003.png"
"27C7C8F66585AA5EC8F3B6FFE84C2F9FE5F72EB69E9FD139542E98C53259AF67","3","6006",".png","Assets\RecursosUnificados\ColegaTeste\ProjetoPlayerJhonas\Sprites\Player 1\troca-de-lado\PNG\troca-de-lado_0003.png"
"27FE98539ECF07F8EC49774938D72C6DC37B2C034CBE6D475B576F9225644EC1","3","7663",".png","Assets\RecursosUnificados\BranchPedrao\Sprites\Boss\dead\PNG\PNG_0007.png"
"27FE98539ECF07F8EC49774938D72C6DC37B2C034CBE6D475B576F9225644EC1","3","7663",".png","Assets\RecursosUnificados\ChegaComJhon\Sprites\Objetos\Boss\dead\PNG\PNG_0007.png"
"27FE98539ECF07F8EC49774938D72C6DC37B2C034CBE6D475B576F9225644EC1","3","7663",".png","Assets\RecursosUnificados\ColegaTeste\ProjetoPlayerJhonas\Sprites\Boss\dead\PNG\PNG_0007.png"
"28415F07063B11A7C75D239A20C7DD872B63D4D5B899F0D65F229B47EB18F766","3","10457",".png","Assets\RecursosUnificados\BranchPedrao\Sprites\Player 1\Ataque\ATTK-1\attack-1_0006.png"
"28415F07063B11A7C75D239A20C7DD872B63D4D5B899F0D65F229B47EB18F766","3","10457",".png","Assets\RecursosUnificados\ChegaComJhon\Sprites\Objetos\Player 1\Ataque\ATTK-1\attack-1_0006.png"
"28415F07063B11A7C75D239A20C7DD872B63D4D5B899F0D65F229B47EB18F766","3","10457",".png","Assets\RecursosUnificados\ColegaTeste\ProjetoPlayerJhonas\Sprites\Player 1\Ataque\ATTK-1\attack-1_0006.png"
"287759E412974C87D7661C833F82C2EDF83FFDF6116A7C6CA89DCD677CC772B8","3","8789",".png","Assets\RecursosUnificados\BranchPedrao\Sprites\Boss\run\PNG\PNG_0010.png"
"287759E412974C87D7661C833F82C2EDF83FFDF6116A7C6CA89DCD677CC772B8","3","8789",".png","Assets\RecursosUnificados\ChegaComJhon\Sprites\Objetos\Boss\run\PNG\PNG_0010.png"
"287759E412974C87D7661C833F82C2EDF83FFDF6116A7C6CA89DCD677CC772B8","3","8789",".png","Assets\RecursosUnificados\ColegaTeste\ProjetoPlayerJhonas\Sprites\Boss\run\PNG\PNG_0010.png"
"29EBAAB73FA1528ED16E22FB6C4E8BC32504AA9A2B226C03ED41831FB626C065","3","2886",".anim","Assets\RecursosUnificados\BranchPedrao\Animacoes\Player\Fall.anim"
"29EBAAB73FA1528ED16E22FB6C4E8BC32504AA9A2B226C03ED41831FB626C065","3","2886",".anim","Assets\RecursosUnificados\ChegaComJhon\Animacoes\Player\Fall.anim"
"29EBAAB73FA1528ED16E22FB6C4E8BC32504AA9A2B226C03ED41831FB626C065","3","2886",".anim","Assets\RecursosUnificados\ColegaTeste\ProjetoPlayerJhonas\Animacoes\Player\Fall.anim"
"2A47CB8EE47E5D1BF3676596505312FDEC50C6FCB5A41556C94AB57ED18F94DF","6","11462",".png","Assets\RecursosUnificados\BranchPedrao\Sprites\Boss\cry\cry_0003.png"
"2A47CB8EE47E5D1BF3676596505312FDEC50C6FCB5A41556C94AB57ED18F94DF","6","11462",".png","Assets\RecursosUnificados\BranchPedrao\Sprites\Boss\fall\PNG\PNG_0008 (2).png"
"2A47CB8EE47E5D1BF3676596505312FDEC50C6FCB5A41556C94AB57ED18F94DF","6","11462",".png","Assets\RecursosUnificados\ChegaComJhon\Sprites\Objetos\Boss\cry\cry_0003.png"
"2A47CB8EE47E5D1BF3676596505312FDEC50C6FCB5A41556C94AB57ED18F94DF","6","11462",".png","Assets\RecursosUnificados\ChegaComJhon\Sprites\Objetos\Boss\fall\PNG\PNG_0008 (2).png"
"2A47CB8EE47E5D1BF3676596505312FDEC50C6FCB5A41556C94AB57ED18F94DF","6","11462",".png","Assets\RecursosUnificados\ColegaTeste\ProjetoPlayerJhonas\Sprites\Boss\cry\cry_0003.png"
"2A47CB8EE47E5D1BF3676596505312FDEC50C6FCB5A41556C94AB57ED18F94DF","6","11462",".png","Assets\RecursosUnificados\ColegaTeste\ProjetoPlayerJhonas\Sprites\Boss\fall\PNG\PNG_0008 (2).png"
"2A991951B00B0C052363A1025F655450054325437B3D13C2623A987C8EC77C30","3","12438",".shader","Assets\RecursosUnificados\BranchPedrao\TextMesh Pro\Shaders\TMP_SDF SSD.shader"
"2A991951B00B0C052363A1025F655450054325437B3D13C2623A987C8EC77C30","3","12438",".shader","Assets\RecursosUnificados\ChegaComJhon\TextMesh Pro\Shaders\TMP_SDF SSD.shader"
"2A991951B00B0C052363A1025F655450054325437B3D13C2623A987C8EC77C30","3","12438",".shader","Assets\RecursosUnificados\ColegaTeste\TextMesh Pro\Shaders\TMP_SDF SSD.shader"
"2ABCEA32A40D29A3AA2333C11E38A636DF4380E7E8E97AED07682E6CB3749CAA","6","10396",".png","Assets\RecursosUnificados\BranchPedrao\Sprites\Boss\cry\cry_0007.png"
"2ABCEA32A40D29A3AA2333C11E38A636DF4380E7E8E97AED07682E6CB3749CAA","6","10396",".png","Assets\RecursosUnificados\BranchPedrao\Sprites\Boss\fall\PNG\PNG_0012.png"
"2ABCEA32A40D29A3AA2333C11E38A636DF4380E7E8E97AED07682E6CB3749CAA","6","10396",".png","Assets\RecursosUnificados\ChegaComJhon\Sprites\Objetos\Boss\cry\cry_0007.png"
"2ABCEA32A40D29A3AA2333C11E38A636DF4380E7E8E97AED07682E6CB3749CAA","6","10396",".png","Assets\RecursosUnificados\ChegaComJhon\Sprites\Objetos\Boss\fall\PNG\PNG_0012.png"
"2ABCEA32A40D29A3AA2333C11E38A636DF4380E7E8E97AED07682E6CB3749CAA","6","10396",".png","Assets\RecursosUnificados\ColegaTeste\ProjetoPlayerJhonas\Sprites\Boss\cry\cry_0007.png"
"2ABCEA32A40D29A3AA2333C11E38A636DF4380E7E8E97AED07682E6CB3749CAA","6","10396",".png","Assets\RecursosUnificados\ColegaTeste\ProjetoPlayerJhonas\Sprites\Boss\fall\PNG\PNG_0012.png"
"2B584ADEC742B3805103F78FCDF4DA72AF51A75A58C0B1EDD6BA3AF74D30C8F9","3","9333",".png","Assets\RecursosUnificados\BranchPedrao\Sprites\Boss\run\PREPARAÇÃO\run_0005.png"
"2B584ADEC742B3805103F78FCDF4DA72AF51A75A58C0B1EDD6BA3AF74D30C8F9","3","9333",".png","Assets\RecursosUnificados\ChegaComJhon\Sprites\Objetos\Boss\run\PREPARAÇÃO\run_0005.png"
"2B584ADEC742B3805103F78FCDF4DA72AF51A75A58C0B1EDD6BA3AF74D30C8F9","3","9333",".png","Assets\RecursosUnificados\ColegaTeste\ProjetoPlayerJhonas\Sprites\Boss\run\PREPARAÇÃO\run_0005.png"
"2C2996EFE463F5098BB7B8C5BF744915A5216101C62B515F0C9642754DE6F164","3","6678",".png","Assets\RecursosUnificados\BranchPedrao\Sprites\Player 1\jump-(pode ser trocado com o tempo)\PNGS\PNGS_0012.png"
"2C2996EFE463F5098BB7B8C5BF744915A5216101C62B515F0C9642754DE6F164","3","6678",".png","Assets\RecursosUnificados\ChegaComJhon\Sprites\Objetos\Player 1\jump-(pode ser trocado com o tempo)\PNGS\PNGS_0012.png"
"2C2996EFE463F5098BB7B8C5BF744915A5216101C62B515F0C9642754DE6F164","3","6678",".png","Assets\RecursosUnificados\ColegaTeste\ProjetoPlayerJhonas\Sprites\Player 1\jump-(pode ser trocado com o tempo)\PNGS\PNGS_0012.png"
"2C834188B5F2B23363A8A3A32EA86CE25323FFCDB0B6580695A5F8D530268225","3","6708",".png","Assets\RecursosUnificados\BranchPedrao\Sprites\Boss\walk\PNG\PNG_0007.png"
"2C834188B5F2B23363A8A3A32EA86CE25323FFCDB0B6580695A5F8D530268225","3","6708",".png","Assets\RecursosUnificados\ChegaComJhon\Sprites\Objetos\Boss\walk\PNG\PNG_0007.png"
"2C834188B5F2B23363A8A3A32EA86CE25323FFCDB0B6580695A5F8D530268225","3","6708",".png","Assets\RecursosUnificados\ColegaTeste\ProjetoPlayerJhonas\Sprites\Boss\walk\PNG\PNG_0007.png"
"2CE34CB3A71702E831B6E8F3A0634A4832032E76017AE347AE3D6C73A11AA403","3","56817",".gif","Assets\RecursosUnificados\BranchPedrao\Sprites\Boss\attack\PNG\PREPARAÇÃO\special-attk-def.gif"
"2CE34CB3A71702E831B6E8F3A0634A4832032E76017AE347AE3D6C73A11AA403","3","56817",".gif","Assets\RecursosUnificados\ChegaComJhon\Sprites\Objetos\Boss\attack\PNG\PREPARAÇÃO\special-attk-def.gif"
"2CE34CB3A71702E831B6E8F3A0634A4832032E76017AE347AE3D6C73A11AA403","3","56817",".gif","Assets\RecursosUnificados\ColegaTeste\ProjetoPlayerJhonas\Sprites\Boss\attack\PNG\PREPARAÇÃO\special-attk-def.gif"
"2CF80D5EA870A2AF0B3E798EC6536F705DEC6F32B91B084446A8D22EAC956326","3","7404",".png","Assets\RecursosUnificados\BranchPedrao\Sprites\Boss\run\PREPARAÇÃO\run_0007.png"
"2CF80D5EA870A2AF0B3E798EC6536F705DEC6F32B91B084446A8D22EAC956326","3","7404",".png","Assets\RecursosUnificados\ChegaComJhon\Sprites\Objetos\Boss\run\PREPARAÇÃO\run_0007.png"
"2CF80D5EA870A2AF0B3E798EC6536F705DEC6F32B91B084446A8D22EAC956326","3","7404",".png","Assets\RecursosUnificados\ColegaTeste\ProjetoPlayerJhonas\Sprites\Boss\run\PREPARAÇÃO\run_0007.png"
"2D8DAE719CBD1D26E47A1CA4B946A329F053D91EFCDA7BA7F2AC32987C9884B8","9","4260",".png","Assets\RecursosUnificados\BranchPedrao\Sprites\ANJO\IDLE\DISSPAR\DISSPAR_0001.png"
"2D8DAE719CBD1D26E47A1CA4B946A329F053D91EFCDA7BA7F2AC32987C9884B8","9","4260",".png","Assets\RecursosUnificados\BranchPedrao\Sprites\Boss\dead\PNG\DISSPAR_0001.png"
"2D8DAE719CBD1D26E47A1CA4B946A329F053D91EFCDA7BA7F2AC32987C9884B8","9","4260",".png","Assets\RecursosUnificados\BranchPedrao\Sprites\Boss\dead\PNG\PNG_0021.png"
"2D8DAE719CBD1D26E47A1CA4B946A329F053D91EFCDA7BA7F2AC32987C9884B8","9","4260",".png","Assets\RecursosUnificados\ChegaComJhon\Sprites\Objetos\Anjo\IDLE\DISSPAR\DISSPAR_0001.png"
"2D8DAE719CBD1D26E47A1CA4B946A329F053D91EFCDA7BA7F2AC32987C9884B8","9","4260",".png","Assets\RecursosUnificados\ChegaComJhon\Sprites\Objetos\Boss\dead\PNG\DISSPAR_0001.png"
"2D8DAE719CBD1D26E47A1CA4B946A329F053D91EFCDA7BA7F2AC32987C9884B8","9","4260",".png","Assets\RecursosUnificados\ChegaComJhon\Sprites\Objetos\Boss\dead\PNG\PNG_0021.png"
"2D8DAE719CBD1D26E47A1CA4B946A329F053D91EFCDA7BA7F2AC32987C9884B8","9","4260",".png","Assets\RecursosUnificados\ColegaTeste\ProjetoPlayerJhonas\Sprites\ANJO\IDLE\DISSPAR\DISSPAR_0001.png"
"2D8DAE719CBD1D26E47A1CA4B946A329F053D91EFCDA7BA7F2AC32987C9884B8","9","4260",".png","Assets\RecursosUnificados\ColegaTeste\ProjetoPlayerJhonas\Sprites\Boss\dead\PNG\DISSPAR_0001.png"
"2D8DAE719CBD1D26E47A1CA4B946A329F053D91EFCDA7BA7F2AC32987C9884B8","9","4260",".png","Assets\RecursosUnificados\ColegaTeste\ProjetoPlayerJhonas\Sprites\Boss\dead\PNG\PNG_0021.png"
"2D9AA7BC7BB5182F6C2D6539B084D37758542284DBAA359490656CC545060666","3","14992",".png","Assets\RecursosUnificados\BranchPedrao\Sprites\ANJO\IDLE\PNG\PNG_0002.png"
"2D9AA7BC7BB5182F6C2D6539B084D37758542284DBAA359490656CC545060666","3","14992",".png","Assets\RecursosUnificados\ChegaComJhon\Sprites\Objetos\Anjo\IDLE\PNG\PNG_0002.png"
"2D9AA7BC7BB5182F6C2D6539B084D37758542284DBAA359490656CC545060666","3","14992",".png","Assets\RecursosUnificados\ColegaTeste\ProjetoPlayerJhonas\Sprites\ANJO\IDLE\PNG\PNG_0002.png"
"2DE509FF97B545BB72A20279BC1EE9336C400903E0B7C6A2703ABD1AFA19C266","3","9236",".png","Assets\RecursosUnificados\BranchPedrao\Sprites\Boss\attack\PNG\PREPARAÇÃO\PNG_0002.png"
"2DE509FF97B545BB72A20279BC1EE9336C400903E0B7C6A2703ABD1AFA19C266","3","9236",".png","Assets\RecursosUnificados\ChegaComJhon\Sprites\Objetos\Boss\attack\PNG\PREPARAÇÃO\PNG_0002.png"
"2DE509FF97B545BB72A20279BC1EE9336C400903E0B7C6A2703ABD1AFA19C266","3","9236",".png","Assets\RecursosUnificados\ColegaTeste\ProjetoPlayerJhonas\Sprites\Boss\attack\PNG\PREPARAÇÃO\PNG_0002.png"
"2DFAF8CF5FA8A6677849DAA90AA7EC456B8558979E55B8B1C9A9C4398ADFC168","3","10901",".png","Assets\RecursosUnificados\BranchPedrao\Sprites\Player 1\DMG-animation\DMG-animation_0005.png"
"2DFAF8CF5FA8A6677849DAA90AA7EC456B8558979E55B8B1C9A9C4398ADFC168","3","10901",".png","Assets\RecursosUnificados\ChegaComJhon\Sprites\Objetos\Player 1\DMG-animation\DMG-animation_0005.png"
"2DFAF8CF5FA8A6677849DAA90AA7EC456B8558979E55B8B1C9A9C4398ADFC168","3","10901",".png","Assets\RecursosUnificados\ColegaTeste\ProjetoPlayerJhonas\Sprites\Player 1\DMG-animation\DMG-animation_0005.png"
"2E324BFE3A8800DAB143AF91CC43BB3CB352C92C5134E8CF33D1DC21F4D526B2","3","4361",".png","Assets\RecursosUnificados\BranchPedrao\Sprites\Player 1\Ataque\ATTK-3\ATTK-3_0003.png"
"2E324BFE3A8800DAB143AF91CC43BB3CB352C92C5134E8CF33D1DC21F4D526B2","3","4361",".png","Assets\RecursosUnificados\ChegaComJhon\Sprites\Objetos\Player 1\Ataque\ATTK-3\ATTK-3_0003.png"
"2E324BFE3A8800DAB143AF91CC43BB3CB352C92C5134E8CF33D1DC21F4D526B2","3","4361",".png","Assets\RecursosUnificados\ColegaTeste\ProjetoPlayerJhonas\Sprites\Player 1\Ataque\ATTK-3\ATTK-3_0003.png"
"2F343559676131A8F070EA628EE69B8F5B92958B7D1C3BE3E938B58DFD3C5556","3","7571",".png","Assets\RecursosUnificados\BranchPedrao\Sprites\Player 1\jump-plataforma\jump-plataforma_0007.png"
"2F343559676131A8F070EA628EE69B8F5B92958B7D1C3BE3E938B58DFD3C5556","3","7571",".png","Assets\RecursosUnificados\ChegaComJhon\Sprites\Objetos\Player 1\jump-plataforma\jump-plataforma_0007.png"
"2F343559676131A8F070EA628EE69B8F5B92958B7D1C3BE3E938B58DFD3C5556","3","7571",".png","Assets\RecursosUnificados\ColegaTeste\ProjetoPlayerJhonas\Sprites\Player 1\jump-plataforma\jump-plataforma_0007.png"
"2FB1145EB4BCE04E40150CD314F8E75ABF6DA270AB1C63B83DC82C8AF8305175","3","6992",".png","Assets\RecursosUnificados\BranchPedrao\Sprites\Player 1\jump-(pode ser trocado com o tempo)\PNGS\PNGS_0002.png"
"2FB1145EB4BCE04E40150CD314F8E75ABF6DA270AB1C63B83DC82C8AF8305175","3","6992",".png","Assets\RecursosUnificados\ChegaComJhon\Sprites\Objetos\Player 1\jump-(pode ser trocado com o tempo)\PNGS\PNGS_0002.png"
"2FB1145EB4BCE04E40150CD314F8E75ABF6DA270AB1C63B83DC82C8AF8305175","3","6992",".png","Assets\RecursosUnificados\ColegaTeste\ProjetoPlayerJhonas\Sprites\Player 1\jump-(pode ser trocado com o tempo)\PNGS\PNGS_0002.png"
"310B788354F79BCE2C7C8235F76BC2F6AE1B5C61947E8AD6129DA2A7357DB386","3","10839",".png","Assets\RecursosUnificados\BranchPedrao\Sprites\Boss\attack\PNG\ATTK\PNG_0003.png"
"310B788354F79BCE2C7C8235F76BC2F6AE1B5C61947E8AD6129DA2A7357DB386","3","10839",".png","Assets\RecursosUnificados\ChegaComJhon\Sprites\Objetos\Boss\attack\PNG\ATTK\PNG_0003.png"
"310B788354F79BCE2C7C8235F76BC2F6AE1B5C61947E8AD6129DA2A7357DB386","3","10839",".png","Assets\RecursosUnificados\ColegaTeste\ProjetoPlayerJhonas\Sprites\Boss\attack\PNG\ATTK\PNG_0003.png"
"333E8EEDA8456BE6F003EC7713517CBA7613B26BD549AB1EAF5143BCF8E6035B","2","4702",".anim","Assets\RecursosUnificados\BranchPedrao\Animacoes\Boss\Cry.anim"
"333E8EEDA8456BE6F003EC7713517CBA7613B26BD549AB1EAF5143BCF8E6035B","2","4702",".anim","Assets\RecursosUnificados\ColegaTeste\ProjetoPlayerJhonas\Animacoes\Boss\Cry.anim"
"337AA24C68B1C73B6B0486C0DC353A7ECD565074269FE82134DFB76CFBCA8CE8","3","3909",".anim","Assets\RecursosUnificados\BranchPedrao\Animacoes\Player\trocaDeLado.anim"
"337AA24C68B1C73B6B0486C0DC353A7ECD565074269FE82134DFB76CFBCA8CE8","3","3909",".anim","Assets\RecursosUnificados\ChegaComJhon\Animacoes\Player\trocaDeLado.anim"
"337AA24C68B1C73B6B0486C0DC353A7ECD565074269FE82134DFB76CFBCA8CE8","3","3909",".anim","Assets\RecursosUnificados\ColegaTeste\ProjetoPlayerJhonas\Animacoes\Player\trocaDeLado.anim"
"33C1FA1F1FD32B9CA205E592BF453C4714A25FAFE6745D017F71B4C1EE8292ED","3","7390",".png","Assets\RecursosUnificados\BranchPedrao\Sprites\Boss\run\PNG\PNG_0013.png"
"33C1FA1F1FD32B9CA205E592BF453C4714A25FAFE6745D017F71B4C1EE8292ED","3","7390",".png","Assets\RecursosUnificados\ChegaComJhon\Sprites\Objetos\Boss\run\PNG\PNG_0013.png"
"33C1FA1F1FD32B9CA205E592BF453C4714A25FAFE6745D017F71B4C1EE8292ED","3","7390",".png","Assets\RecursosUnificados\ColegaTeste\ProjetoPlayerJhonas\Sprites\Boss\run\PNG\PNG_0013.png"
"342216361738746F18291108AAE3013437771CC7CB56B7157E97D0F4B6888315","6","18777",".png","Assets\RecursosUnificados\BranchPedrao\Sprites\Boss\attack\PNG\PREPARAÇÃO\special-attk_0008.png"
"342216361738746F18291108AAE3013437771CC7CB56B7157E97D0F4B6888315","6","18777",".png","Assets\RecursosUnificados\BranchPedrao\Sprites\Boss\special-attk\special-attk_0008.png"
"342216361738746F18291108AAE3013437771CC7CB56B7157E97D0F4B6888315","6","18777",".png","Assets\RecursosUnificados\ChegaComJhon\Sprites\Objetos\Boss\attack\PNG\PREPARAÇÃO\special-attk_0008.png"
"342216361738746F18291108AAE3013437771CC7CB56B7157E97D0F4B6888315","6","18777",".png","Assets\RecursosUnificados\ChegaComJhon\Sprites\Objetos\Boss\special-attk\special-attk_0008.png"
"342216361738746F18291108AAE3013437771CC7CB56B7157E97D0F4B6888315","6","18777",".png","Assets\RecursosUnificados\ColegaTeste\ProjetoPlayerJhonas\Sprites\Boss\attack\PNG\PREPARAÇÃO\special-attk_0008.png"
"342216361738746F18291108AAE3013437771CC7CB56B7157E97D0F4B6888315","6","18777",".png","Assets\RecursosUnificados\ColegaTeste\ProjetoPlayerJhonas\Sprites\Boss\special-attk\special-attk_0008.png"
"35AE602AF1F9BF2951986F53E291D8C9FB8968FDFD1645FBCDFE6ADB7FAE665B","6","11636",".png","Assets\RecursosUnificados\BranchPedrao\Sprites\Boss\cry\cry_0008.png"
"35AE602AF1F9BF2951986F53E291D8C9FB8968FDFD1645FBCDFE6ADB7FAE665B","6","11636",".png","Assets\RecursosUnificados\BranchPedrao\Sprites\Boss\fall\PNG\PNG_0013.png"
"35AE602AF1F9BF2951986F53E291D8C9FB8968FDFD1645FBCDFE6ADB7FAE665B","6","11636",".png","Assets\RecursosUnificados\ChegaComJhon\Sprites\Objetos\Boss\cry\cry_0008.png"
"35AE602AF1F9BF2951986F53E291D8C9FB8968FDFD1645FBCDFE6ADB7FAE665B","6","11636",".png","Assets\RecursosUnificados\ChegaComJhon\Sprites\Objetos\Boss\fall\PNG\PNG_0013.png"
"35AE602AF1F9BF2951986F53E291D8C9FB8968FDFD1645FBCDFE6ADB7FAE665B","6","11636",".png","Assets\RecursosUnificados\ColegaTeste\ProjetoPlayerJhonas\Sprites\Boss\cry\cry_0008.png"
"35AE602AF1F9BF2951986F53E291D8C9FB8968FDFD1645FBCDFE6ADB7FAE665B","6","11636",".png","Assets\RecursosUnificados\ColegaTeste\ProjetoPlayerJhonas\Sprites\Boss\fall\PNG\PNG_0013.png"
"3727DD1BE246D401434D298E1E3E126578604CE62AB02B687B65A9B43CBA1660","3","9274",".png","Assets\RecursosUnificados\BranchPedrao\Sprites\Player 1\Ataque\ATTK-2\ATTK-2_0002.png"
"3727DD1BE246D401434D298E1E3E126578604CE62AB02B687B65A9B43CBA1660","3","9274",".png","Assets\RecursosUnificados\ChegaComJhon\Sprites\Objetos\Player 1\Ataque\ATTK-2\ATTK-2_0002.png"
"3727DD1BE246D401434D298E1E3E126578604CE62AB02B687B65A9B43CBA1660","3","9274",".png","Assets\RecursosUnificados\ColegaTeste\ProjetoPlayerJhonas\Sprites\Player 1\Ataque\ATTK-2\ATTK-2_0002.png"
"37F8552E9A874EC10710DC0EDE6A9ADF168E6609FBD02A507F35629373B85A48","3","4469",".txt","Assets\RecursosUnificados\BranchPedrao\TextMesh Pro\Fonts\LiberationSans - OFL.txt"
"37F8552E9A874EC10710DC0EDE6A9ADF168E6609FBD02A507F35629373B85A48","3","4469",".txt","Assets\RecursosUnificados\ChegaComJhon\TextMesh Pro\Fonts\LiberationSans - OFL.txt"
"37F8552E9A874EC10710DC0EDE6A9ADF168E6609FBD02A507F35629373B85A48","3","4469",".txt","Assets\RecursosUnificados\ColegaTeste\TextMesh Pro\Fonts\LiberationSans - OFL.txt"
"393F4C560376636DB1252257BD7663190ADD0A3AA1A23011B588FF92EA5CDD05","3","12233",".png","Assets\RecursosUnificados\BranchPedrao\Sprites\Player 1\Ataque\JUMP-ATTK\PNG_0006.png"
"393F4C560376636DB1252257BD7663190ADD0A3AA1A23011B588FF92EA5CDD05","3","12233",".png","Assets\RecursosUnificados\ChegaComJhon\Sprites\Objetos\Player 1\Ataque\JUMP-ATTK\PNG_0006.png"
"393F4C560376636DB1252257BD7663190ADD0A3AA1A23011B588FF92EA5CDD05","3","12233",".png","Assets\RecursosUnificados\ColegaTeste\ProjetoPlayerJhonas\Sprites\Player 1\Ataque\JUMP-ATTK\PNG_0006.png"
"39A8921769DD6F66771FFA6042AFEF2E39CF236BC42A4B067B4FE3CF1D3FBB96","6","7222",".png","Assets\RecursosUnificados\BranchPedrao\Sprites\Player 1\walk\def-walk_0001.png"
"39A8921769DD6F66771FFA6042AFEF2E39CF236BC42A4B067B4FE3CF1D3FBB96","6","7222",".png","Assets\RecursosUnificados\BranchPedrao\Sprites\Player 1\walk\png\def-walk_0001.png"
"39A8921769DD6F66771FFA6042AFEF2E39CF236BC42A4B067B4FE3CF1D3FBB96","6","7222",".png","Assets\RecursosUnificados\ChegaComJhon\Sprites\Objetos\Player 1\Walk\def-walk_0001.png"
"39A8921769DD6F66771FFA6042AFEF2E39CF236BC42A4B067B4FE3CF1D3FBB96","6","7222",".png","Assets\RecursosUnificados\ChegaComJhon\Sprites\Objetos\Player 1\Walk\png\def-walk_0001.png"
"39A8921769DD6F66771FFA6042AFEF2E39CF236BC42A4B067B4FE3CF1D3FBB96","6","7222",".png","Assets\RecursosUnificados\ColegaTeste\ProjetoPlayerJhonas\Sprites\Player 1\walk\def-walk_0001.png"
"39A8921769DD6F66771FFA6042AFEF2E39CF236BC42A4B067B4FE3CF1D3FBB96","6","7222",".png","Assets\RecursosUnificados\ColegaTeste\ProjetoPlayerJhonas\Sprites\Player 1\walk\png\def-walk_0001.png"
"3A73E5FFE2510756DD3C2E982FDC1218B4BE82C6E21ABDE88070D6860E1BC8E6","4","269",".txt","Assets\RecursosUnificados\BranchPedrao\TextMesh Pro\Resources\LineBreaking Following Characters.txt"
"3A73E5FFE2510756DD3C2E982FDC1218B4BE82C6E21ABDE88070D6860E1BC8E6","4","269",".txt","Assets\RecursosUnificados\ChegaComJhon\TextMesh Pro\Resources\LineBreaking Following Characters.txt"
"3A73E5FFE2510756DD3C2E982FDC1218B4BE82C6E21ABDE88070D6860E1BC8E6","4","269",".txt","Assets\RecursosUnificados\ColegaTeste\ProjetoPlayerJhonas\TextMesh Pro\Resources\LineBreaking Following Characters.txt"
"3A73E5FFE2510756DD3C2E982FDC1218B4BE82C6E21ABDE88070D6860E1BC8E6","4","269",".txt","Assets\RecursosUnificados\ColegaTeste\TextMesh Pro\Resources\LineBreaking Following Characters.txt"
"3A7517A4F63424D60B601160031C9E811D101A5915DF4150C8250196FF41602E","3","3836",".png","Assets\RecursosUnificados\BranchPedrao\Sprites\ANJO\IDLE\PNG-SURGE\PNG-SURGE_0003.png"
"3A7517A4F63424D60B601160031C9E811D101A5915DF4150C8250196FF41602E","3","3836",".png","Assets\RecursosUnificados\ChegaComJhon\Sprites\Objetos\Anjo\IDLE\PNG-SURGE\PNG-SURGE_0003.png"
"3A7517A4F63424D60B601160031C9E811D101A5915DF4150C8250196FF41602E","3","3836",".png","Assets\RecursosUnificados\ColegaTeste\ProjetoPlayerJhonas\Sprites\ANJO\IDLE\PNG-SURGE\PNG-SURGE_0003.png"
"3B92721A08E50887C7FDA81C11630F2DEB257A98743460F2C5E9F8EC67A0D017","3","3502",".anim","Assets\RecursosUnificados\BranchPedrao\Animacoes\Player\Jump.anim"
"3B92721A08E50887C7FDA81C11630F2DEB257A98743460F2C5E9F8EC67A0D017","3","3502",".anim","Assets\RecursosUnificados\ChegaComJhon\Animacoes\Player\Jump.anim"
"3B92721A08E50887C7FDA81C11630F2DEB257A98743460F2C5E9F8EC67A0D017","3","3502",".anim","Assets\RecursosUnificados\ColegaTeste\ProjetoPlayerJhonas\Animacoes\Player\Jump.anim"
"3C68FF7482A081EC27713DF1BAC7405A37E0E6BA55A86012CFABDC9017809536","3","8228",".png","Assets\RecursosUnificados\BranchPedrao\Sprites\Boss\dead\PNG\PNG_0020.png"
"3C68FF7482A081EC27713DF1BAC7405A37E0E6BA55A86012CFABDC9017809536","3","8228",".png","Assets\RecursosUnificados\ChegaComJhon\Sprites\Objetos\Boss\dead\PNG\PNG_0020.png"
"3C68FF7482A081EC27713DF1BAC7405A37E0E6BA55A86012CFABDC9017809536","3","8228",".png","Assets\RecursosUnificados\ColegaTeste\ProjetoPlayerJhonas\Sprites\Boss\dead\PNG\PNG_0020.png"
"3C7BEA2E828B91F14066E49A9FAFB65EEBECBBB6EAABF72B030947DE1F771AE2","3","7169",".png","Assets\RecursosUnificados\BranchPedrao\Sprites\Player 1\Ataque\JUMP-ATTK\PNG_0003.png"
"3C7BEA2E828B91F14066E49A9FAFB65EEBECBBB6EAABF72B030947DE1F771AE2","3","7169",".png","Assets\RecursosUnificados\ChegaComJhon\Sprites\Objetos\Player 1\Ataque\JUMP-ATTK\PNG_0003.png"
"3C7BEA2E828B91F14066E49A9FAFB65EEBECBBB6EAABF72B030947DE1F771AE2","3","7169",".png","Assets\RecursosUnificados\ColegaTeste\ProjetoPlayerJhonas\Sprites\Player 1\Ataque\JUMP-ATTK\PNG_0003.png"
"3CEB49860870E9FD8C2A08D517C5066827CD019D2F7CB540AE3E28E11C391F04","3","37399",".gif","Assets\RecursosUnificados\BranchPedrao\Sprites\Boss\dead\start-dissipar.gif"
"3CEB49860870E9FD8C2A08D517C5066827CD019D2F7CB540AE3E28E11C391F04","3","37399",".gif","Assets\RecursosUnificados\ChegaComJhon\Sprites\Objetos\Boss\dead\start-dissipar.gif"
"3CEB49860870E9FD8C2A08D517C5066827CD019D2F7CB540AE3E28E11C391F04","3","37399",".gif","Assets\RecursosUnificados\ColegaTeste\ProjetoPlayerJhonas\Sprites\Boss\dead\start-dissipar.gif"
"3E255BF16C9D35F6019C541174813B6F9E2DBFA5B0B458311CAC63FEA66A0357","3","2264683",".asset","Assets\RecursosUnificados\BranchPedrao\TextMesh Pro\Resources\Fonts & Materials\LiberationSans SDF.asset"
"3E255BF16C9D35F6019C541174813B6F9E2DBFA5B0B458311CAC63FEA66A0357","3","2264683",".asset","Assets\RecursosUnificados\ColegaTeste\ProjetoPlayerJhonas\TextMesh Pro\Resources\Fonts & Materials\LiberationSans SDF.asset"
"3E255BF16C9D35F6019C541174813B6F9E2DBFA5B0B458311CAC63FEA66A0357","3","2264683",".asset","Assets\RecursosUnificados\ColegaTeste\TextMesh Pro\Resources\Fonts & Materials\LiberationSans SDF.asset"
"3FD30D4258294A70D9DFE75AB3A867CAFB508ACDDC8B7FFA75E47D5B3C9FED47","3","6244",".png","Assets\RecursosUnificados\BranchPedrao\Sprites\Player 1\jump-(pode ser trocado com o tempo)\PNGS\PNGS_0007.png"
"3FD30D4258294A70D9DFE75AB3A867CAFB508ACDDC8B7FFA75E47D5B3C9FED47","3","6244",".png","Assets\RecursosUnificados\ChegaComJhon\Sprites\Objetos\Player 1\jump-(pode ser trocado com o tempo)\PNGS\PNGS_0007.png"
"3FD30D4258294A70D9DFE75AB3A867CAFB508ACDDC8B7FFA75E47D5B3C9FED47","3","6244",".png","Assets\RecursosUnificados\ColegaTeste\ProjetoPlayerJhonas\Sprites\Player 1\jump-(pode ser trocado com o tempo)\PNGS\PNGS_0007.png"
"41CFF58473557BF760D03513A8C098F43A24E4EEB4C8CCD7D828C045A338A9ED","3","8273",".shader","Assets\RecursosUnificados\BranchPedrao\TextMesh Pro\Shaders\TMP_SDF-Mobile Masking.shader"
"41CFF58473557BF760D03513A8C098F43A24E4EEB4C8CCD7D828C045A338A9ED","3","8273",".shader","Assets\RecursosUnificados\ChegaComJhon\TextMesh Pro\Shaders\TMP_SDF-Mobile Masking.shader"
"41CFF58473557BF760D03513A8C098F43A24E4EEB4C8CCD7D828C045A338A9ED","3","8273",".shader","Assets\RecursosUnificados\ColegaTeste\TextMesh Pro\Shaders\TMP_SDF-Mobile Masking.shader"
"42892A52F22BDDE6D482CF2DA5F35E4B813063FC6FE42189EEE5562080079494","3","3836",".shader","Assets\RecursosUnificados\BranchPedrao\TextMesh Pro\Shaders\TMP_Bitmap-Custom-Atlas.shader"
"42892A52F22BDDE6D482CF2DA5F35E4B813063FC6FE42189EEE5562080079494","3","3836",".shader","Assets\RecursosUnificados\ChegaComJhon\TextMesh Pro\Shaders\TMP_Bitmap-Custom-Atlas.shader"
"42892A52F22BDDE6D482CF2DA5F35E4B813063FC6FE42189EEE5562080079494","3","3836",".shader","Assets\RecursosUnificados\ColegaTeste\TextMesh Pro\Shaders\TMP_Bitmap-Custom-Atlas.shader"
"43621B7DEE865F9DC2D90D5F18D42543C287CC92314DB7ED30C35D69155A6AC7","3","3480",".anim","Assets\RecursosUnificados\BranchPedrao\Animacoes\Anjo\Idle.anim"
"43621B7DEE865F9DC2D90D5F18D42543C287CC92314DB7ED30C35D69155A6AC7","3","3480",".anim","Assets\RecursosUnificados\ChegaComJhon\Animacoes\Anjo\Idle.anim"
"43621B7DEE865F9DC2D90D5F18D42543C287CC92314DB7ED30C35D69155A6AC7","3","3480",".anim","Assets\RecursosUnificados\ColegaTeste\ProjetoPlayerJhonas\Animacoes\Anjo\Idle.anim"
"438D425604185EF8A62E11DEE69184DA6C1CB43E353AE73D408629054C037831","3","5901",".png","Assets\RecursosUnificados\BranchPedrao\Sprites\Player 1\idle\init.png"
"438D425604185EF8A62E11DEE69184DA6C1CB43E353AE73D408629054C037831","3","5901",".png","Assets\RecursosUnificados\ChegaComJhon\Sprites\Objetos\Player 1\Idle\init.png"
"438D425604185EF8A62E11DEE69184DA6C1CB43E353AE73D408629054C037831","3","5901",".png","Assets\RecursosUnificados\ColegaTeste\ProjetoPlayerJhonas\Sprites\Player 1\idle\init.png"
"44C39AABC7E88E7E1FEFFC1880DF754F4ADF86B62E9512AA89E9D2D65171AFF4","3","8074",".shader","Assets\RecursosUnificados\BranchPedrao\TextMesh Pro\Shaders\TMP_SDF-Mobile.shader"
"44C39AABC7E88E7E1FEFFC1880DF754F4ADF86B62E9512AA89E9D2D65171AFF4","3","8074",".shader","Assets\RecursosUnificados\ChegaComJhon\TextMesh Pro\Shaders\TMP_SDF-Mobile.shader"
"44C39AABC7E88E7E1FEFFC1880DF754F4ADF86B62E9512AA89E9D2D65171AFF4","3","8074",".shader","Assets\RecursosUnificados\ColegaTeste\TextMesh Pro\Shaders\TMP_SDF-Mobile.shader"
"44D3D97542D088CB76DABF6557DF46FA6BFF538830B55F460C4F65AD66E9E994","6","32154",".gif","Assets\RecursosUnificados\BranchPedrao\Sprites\Player 1\dash\animação inacabada do dash.gif"
"44D3D97542D088CB76DABF6557DF46FA6BFF538830B55F460C4F65AD66E9E994","6","32154",".gif","Assets\RecursosUnificados\BranchPedrao\Sprites\Player 1\prop\pixellab-The-hooded-figure-shifts-their-1776643828722 (1).gif"
"44D3D97542D088CB76DABF6557DF46FA6BFF538830B55F460C4F65AD66E9E994","6","32154",".gif","Assets\RecursosUnificados\ChegaComJhon\Sprites\Objetos\Player 1\Dash\animação inacabada do dash.gif"
"44D3D97542D088CB76DABF6557DF46FA6BFF538830B55F460C4F65AD66E9E994","6","32154",".gif","Assets\RecursosUnificados\ChegaComJhon\Sprites\Objetos\Player 1\Prop\pixellab-The-hooded-figure-shifts-their-1776643828722 (1).gif"
"44D3D97542D088CB76DABF6557DF46FA6BFF538830B55F460C4F65AD66E9E994","6","32154",".gif","Assets\RecursosUnificados\ColegaTeste\ProjetoPlayerJhonas\Sprites\Player 1\dash\animação inacabada do dash.gif"
"44D3D97542D088CB76DABF6557DF46FA6BFF538830B55F460C4F65AD66E9E994","6","32154",".gif","Assets\RecursosUnificados\ColegaTeste\ProjetoPlayerJhonas\Sprites\Player 1\prop\pixellab-The-hooded-figure-shifts-their-1776643828722 (1).gif"
"45000C3EEC77731B61DCC929A6CC99D3111DA6B56197968051043D34EDA9C014","3","7862",".png","Assets\RecursosUnificados\BranchPedrao\Sprites\Boss\run\PNG\PNG_0009.png"
"45000C3EEC77731B61DCC929A6CC99D3111DA6B56197968051043D34EDA9C014","3","7862",".png","Assets\RecursosUnificados\ChegaComJhon\Sprites\Objetos\Boss\run\PNG\PNG_0009.png"
"45000C3EEC77731B61DCC929A6CC99D3111DA6B56197968051043D34EDA9C014","3","7862",".png","Assets\RecursosUnificados\ColegaTeste\ProjetoPlayerJhonas\Sprites\Boss\run\PNG\PNG_0009.png"
"45F39526B7499774C88ADA90A533FEBADC6D3FEA537BECDEDF4A07EA814CFCED","3","13542",".png","Assets\RecursosUnificados\BranchPedrao\Sprites\ANJO\IDLE\PNG\PNG_0009.png"
"45F39526B7499774C88ADA90A533FEBADC6D3FEA537BECDEDF4A07EA814CFCED","3","13542",".png","Assets\RecursosUnificados\ChegaComJhon\Sprites\Objetos\Anjo\IDLE\PNG\PNG_0009.png"
"45F39526B7499774C88ADA90A533FEBADC6D3FEA537BECDEDF4A07EA814CFCED","3","13542",".png","Assets\RecursosUnificados\ColegaTeste\ProjetoPlayerJhonas\Sprites\ANJO\IDLE\PNG\PNG_0009.png"
"463FB7D7704FF62AD79B1C4B03CE35BA055B9C2A1FDA7C6AE80A54074E433E73","3","8041",".png","Assets\RecursosUnificados\BranchPedrao\Sprites\Player 1\Ataque\ATTK-1\attack-1_0005.png"
"463FB7D7704FF62AD79B1C4B03CE35BA055B9C2A1FDA7C6AE80A54074E433E73","3","8041",".png","Assets\RecursosUnificados\ChegaComJhon\Sprites\Objetos\Player 1\Ataque\ATTK-1\attack-1_0005.png"
"463FB7D7704FF62AD79B1C4B03CE35BA055B9C2A1FDA7C6AE80A54074E433E73","3","8041",".png","Assets\RecursosUnificados\ColegaTeste\ProjetoPlayerJhonas\Sprites\Player 1\Ataque\ATTK-1\attack-1_0005.png"
"468730F04EFA4685AE03063FEA1C6C7A3CCBCF10539D639A1B65D4A373721912","3","6796",".png","Assets\RecursosUnificados\BranchPedrao\Sprites\Player 1\idle\idle4.png"
"468730F04EFA4685AE03063FEA1C6C7A3CCBCF10539D639A1B65D4A373721912","3","6796",".png","Assets\RecursosUnificados\ChegaComJhon\Sprites\Objetos\Player 1\Idle\idle4.png"
"468730F04EFA4685AE03063FEA1C6C7A3CCBCF10539D639A1B65D4A373721912","3","6796",".png","Assets\RecursosUnificados\ColegaTeste\ProjetoPlayerJhonas\Sprites\Player 1\idle\idle4.png"
"480956F040DC23F7912F759D97498B00B4308594DEB4C16B191E8C2993FDD804","3","12200",".png","Assets\RecursosUnificados\BranchPedrao\Sprites\ANJO\IDLE\PNG-SURGE\PNG-SURGE_0013.png"
"480956F040DC23F7912F759D97498B00B4308594DEB4C16B191E8C2993FDD804","3","12200",".png","Assets\RecursosUnificados\ChegaComJhon\Sprites\Objetos\Anjo\IDLE\PNG-SURGE\PNG-SURGE_0013.png"
"480956F040DC23F7912F759D97498B00B4308594DEB4C16B191E8C2993FDD804","3","12200",".png","Assets\RecursosUnificados\ColegaTeste\ProjetoPlayerJhonas\Sprites\ANJO\IDLE\PNG-SURGE\PNG-SURGE_0013.png"
"480F2E7549A2ED6DDEEFA9C9E16736D57A823142B3D9D76F23EDF6318F65E1A0","3","6846",".png","Assets\RecursosUnificados\BranchPedrao\Sprites\Player 1\jump-(pode ser trocado com o tempo)\PNGS\PNGS_0006.png"
"480F2E7549A2ED6DDEEFA9C9E16736D57A823142B3D9D76F23EDF6318F65E1A0","3","6846",".png","Assets\RecursosUnificados\ChegaComJhon\Sprites\Objetos\Player 1\jump-(pode ser trocado com o tempo)\PNGS\PNGS_0006.png"
"480F2E7549A2ED6DDEEFA9C9E16736D57A823142B3D9D76F23EDF6318F65E1A0","3","6846",".png","Assets\RecursosUnificados\ColegaTeste\ProjetoPlayerJhonas\Sprites\Player 1\jump-(pode ser trocado com o tempo)\PNGS\PNGS_0006.png"
"483E596C7F47F47396B19CBBEADB3936F6160BE839B69CD54B22303B00970039","3","4783",".png","Assets\RecursosUnificados\BranchPedrao\Sprites\Player 1\Ataque\ATTK-2\ATTK-2_0007.png"
"483E596C7F47F47396B19CBBEADB3936F6160BE839B69CD54B22303B00970039","3","4783",".png","Assets\RecursosUnificados\ChegaComJhon\Sprites\Objetos\Player 1\Ataque\ATTK-2\ATTK-2_0007.png"
"483E596C7F47F47396B19CBBEADB3936F6160BE839B69CD54B22303B00970039","3","4783",".png","Assets\RecursosUnificados\ColegaTeste\ProjetoPlayerJhonas\Sprites\Player 1\Ataque\ATTK-2\ATTK-2_0007.png"
"49D8FBD88D015E443B36FE97D2FF152F0801891DDACCCBEA9DE1363BA4F35C42","6","6538",".png","Assets\RecursosUnificados\BranchPedrao\Sprites\Boss\cry\cry_0009.png"
"49D8FBD88D015E443B36FE97D2FF152F0801891DDACCCBEA9DE1363BA4F35C42","6","6538",".png","Assets\RecursosUnificados\BranchPedrao\Sprites\Boss\fall\PNG\PNG_0014.png"
"49D8FBD88D015E443B36FE97D2FF152F0801891DDACCCBEA9DE1363BA4F35C42","6","6538",".png","Assets\RecursosUnificados\ChegaComJhon\Sprites\Objetos\Boss\cry\cry_0009.png"
"49D8FBD88D015E443B36FE97D2FF152F0801891DDACCCBEA9DE1363BA4F35C42","6","6538",".png","Assets\RecursosUnificados\ChegaComJhon\Sprites\Objetos\Boss\fall\PNG\PNG_0014.png"
"49D8FBD88D015E443B36FE97D2FF152F0801891DDACCCBEA9DE1363BA4F35C42","6","6538",".png","Assets\RecursosUnificados\ColegaTeste\ProjetoPlayerJhonas\Sprites\Boss\cry\cry_0009.png"
"49D8FBD88D015E443B36FE97D2FF152F0801891DDACCCBEA9DE1363BA4F35C42","6","6538",".png","Assets\RecursosUnificados\ColegaTeste\ProjetoPlayerJhonas\Sprites\Boss\fall\PNG\PNG_0014.png"
"4A8A647F74D852F2E8FE64ED1E6072B5874E7208F43381ACBA25E1CBCA9B8FB2","3","5086",".png","Assets\RecursosUnificados\BranchPedrao\Sprites\Player 1\Ataque\ATTK-2\ATTK-2_0006.png"
"4A8A647F74D852F2E8FE64ED1E6072B5874E7208F43381ACBA25E1CBCA9B8FB2","3","5086",".png","Assets\RecursosUnificados\ChegaComJhon\Sprites\Objetos\Player 1\Ataque\ATTK-2\ATTK-2_0006.png"
"4A8A647F74D852F2E8FE64ED1E6072B5874E7208F43381ACBA25E1CBCA9B8FB2","3","5086",".png","Assets\RecursosUnificados\ColegaTeste\ProjetoPlayerJhonas\Sprites\Player 1\Ataque\ATTK-2\ATTK-2_0006.png"
"4B65F8960E4F4C5C8B35FD139E369265E9BB45667FC16461B2BA01188D464D93","3","185",".txt","Assets\RecursosUnificados\BranchPedrao\TextMesh Pro\Sprites\EmojiOne Attribution.txt"
"4B65F8960E4F4C5C8B35FD139E369265E9BB45667FC16461B2BA01188D464D93","3","185",".txt","Assets\RecursosUnificados\ChegaComJhon\TextMesh Pro\Sprites\EmojiOne Attribution.txt"
"4B65F8960E4F4C5C8B35FD139E369265E9BB45667FC16461B2BA01188D464D93","3","185",".txt","Assets\RecursosUnificados\ColegaTeste\TextMesh Pro\Sprites\EmojiOne Attribution.txt"
"4B9430FDDF6A385CE46CD2FAF058946AC6AAA39768FB0B93F414CD00EDD6FCDB","3","6635",".png","Assets\RecursosUnificados\BranchPedrao\Sprites\Player 1\dash\PNG\dash_0001.png"
"4B9430FDDF6A385CE46CD2FAF058946AC6AAA39768FB0B93F414CD00EDD6FCDB","3","6635",".png","Assets\RecursosUnificados\ChegaComJhon\Sprites\Objetos\Player 1\Dash\PNG\dash_0001.png"
"4B9430FDDF6A385CE46CD2FAF058946AC6AAA39768FB0B93F414CD00EDD6FCDB","3","6635",".png","Assets\RecursosUnificados\ColegaTeste\ProjetoPlayerJhonas\Sprites\Player 1\dash\PNG\dash_0001.png"
"4BC2DB64BEFBD0E37E23539F21096AD2FCD9D61B36D2174D208A7D831A0883F7","3","11795",".shader","Assets\RecursosUnificados\BranchPedrao\TextMesh Pro\Shaders\TMP_SDF-Mobile-2-Pass.shader"
"4BC2DB64BEFBD0E37E23539F21096AD2FCD9D61B36D2174D208A7D831A0883F7","3","11795",".shader","Assets\RecursosUnificados\ChegaComJhon\TextMesh Pro\Shaders\TMP_SDF-Mobile-2-Pass.shader"
"4BC2DB64BEFBD0E37E23539F21096AD2FCD9D61B36D2174D208A7D831A0883F7","3","11795",".shader","Assets\RecursosUnificados\ColegaTeste\TextMesh Pro\Shaders\TMP_SDF-Mobile-2-Pass.shader"
"4C47BB1CF7A77D5C7DDEEDB98B036EB9A550711C5ABA6292B8A898D3992A83DE","3","6905",".png","Assets\RecursosUnificados\BranchPedrao\Sprites\Player 1\dead\dead_0002.png"
"4C47BB1CF7A77D5C7DDEEDB98B036EB9A550711C5ABA6292B8A898D3992A83DE","3","6905",".png","Assets\RecursosUnificados\ChegaComJhon\Sprites\Objetos\Player 1\Dead\dead_0002.png"
"4C47BB1CF7A77D5C7DDEEDB98B036EB9A550711C5ABA6292B8A898D3992A83DE","3","6905",".png","Assets\RecursosUnificados\ColegaTeste\ProjetoPlayerJhonas\Sprites\Player 1\dead\dead_0002.png"
"4E17F946C6D45F0953C71D42E8DA6E471B0F21C539F1B56223E533181C38F76D","3","10550",".png","Assets\RecursosUnificados\BranchPedrao\Sprites\Boss\fall\PNG\PNG_0003.png"
"4E17F946C6D45F0953C71D42E8DA6E471B0F21C539F1B56223E533181C38F76D","3","10550",".png","Assets\RecursosUnificados\ChegaComJhon\Sprites\Objetos\Boss\fall\PNG\PNG_0003.png"
"4E17F946C6D45F0953C71D42E8DA6E471B0F21C539F1B56223E533181C38F76D","3","10550",".png","Assets\RecursosUnificados\ColegaTeste\ProjetoPlayerJhonas\Sprites\Boss\fall\PNG\PNG_0003.png"
"4FAAEA8402B94CA4B47D4ED0A641CB33A88DF577F071A8C26EB9F4496A58DAD3","3","3097",".anim","Assets\RecursosUnificados\BranchPedrao\Animacoes\Boss\PrepRun.anim"
"4FAAEA8402B94CA4B47D4ED0A641CB33A88DF577F071A8C26EB9F4496A58DAD3","3","3097",".anim","Assets\RecursosUnificados\ChegaComJhon\Animacoes\Boss\PrepRun.anim"
"4FAAEA8402B94CA4B47D4ED0A641CB33A88DF577F071A8C26EB9F4496A58DAD3","3","3097",".anim","Assets\RecursosUnificados\ColegaTeste\ProjetoPlayerJhonas\Animacoes\Boss\PrepRun.anim"
"50929CCA5A2EC79ECEFA6F462527EEE988B2600031F75C50B9BCF5D4B24BFF68","3","6458",".png","Assets\RecursosUnificados\BranchPedrao\Sprites\Player 1\Ataque\ATTK-2\ATTK-2_0005.png"
"50929CCA5A2EC79ECEFA6F462527EEE988B2600031F75C50B9BCF5D4B24BFF68","3","6458",".png","Assets\RecursosUnificados\ChegaComJhon\Sprites\Objetos\Player 1\Ataque\ATTK-2\ATTK-2_0005.png"
"50929CCA5A2EC79ECEFA6F462527EEE988B2600031F75C50B9BCF5D4B24BFF68","3","6458",".png","Assets\RecursosUnificados\ColegaTeste\ProjetoPlayerJhonas\Sprites\Player 1\Ataque\ATTK-2\ATTK-2_0005.png"
"50E5C4629A139510F281ADCB03ECB3C8BDBFD85D284B1B673B30AC32986E1FA7","3","3100",".anim","Assets\RecursosUnificados\BranchPedrao\Animacoes\Boss\PrepAtaque.anim"
"50E5C4629A139510F281ADCB03ECB3C8BDBFD85D284B1B673B30AC32986E1FA7","3","3100",".anim","Assets\RecursosUnificados\ChegaComJhon\Animacoes\Boss\PrepAtaque.anim"
"50E5C4629A139510F281ADCB03ECB3C8BDBFD85D284B1B673B30AC32986E1FA7","3","3100",".anim","Assets\RecursosUnificados\ColegaTeste\ProjetoPlayerJhonas\Animacoes\Boss\PrepAtaque.anim"
"51D25D7ED50CDB1BEEE7631EEC18487DDF257710468F2F3847DB69A071A24B30","6","10033",".png","Assets\RecursosUnificados\BranchPedrao\Sprites\Boss\cry\cry_0005.png"
"51D25D7ED50CDB1BEEE7631EEC18487DDF257710468F2F3847DB69A071A24B30","6","10033",".png","Assets\RecursosUnificados\BranchPedrao\Sprites\Boss\fall\PNG\PNG_0010.png"
"51D25D7ED50CDB1BEEE7631EEC18487DDF257710468F2F3847DB69A071A24B30","6","10033",".png","Assets\RecursosUnificados\ChegaComJhon\Sprites\Objetos\Boss\cry\cry_0005.png"
"51D25D7ED50CDB1BEEE7631EEC18487DDF257710468F2F3847DB69A071A24B30","6","10033",".png","Assets\RecursosUnificados\ChegaComJhon\Sprites\Objetos\Boss\fall\PNG\PNG_0010.png"
"51D25D7ED50CDB1BEEE7631EEC18487DDF257710468F2F3847DB69A071A24B30","6","10033",".png","Assets\RecursosUnificados\ColegaTeste\ProjetoPlayerJhonas\Sprites\Boss\cry\cry_0005.png"
"51D25D7ED50CDB1BEEE7631EEC18487DDF257710468F2F3847DB69A071A24B30","6","10033",".png","Assets\RecursosUnificados\ColegaTeste\ProjetoPlayerJhonas\Sprites\Boss\fall\PNG\PNG_0010.png"
"523EA7129B2FFE217962D0BC31E9250F5090DD784596E8B6566A4E92E69D6F5B","3","7557",".png","Assets\RecursosUnificados\BranchPedrao\Sprites\Player 1\dead\dead_0001.png"
"523EA7129B2FFE217962D0BC31E9250F5090DD784596E8B6566A4E92E69D6F5B","3","7557",".png","Assets\RecursosUnificados\ChegaComJhon\Sprites\Objetos\Player 1\Dead\dead_0001.png"
"523EA7129B2FFE217962D0BC31E9250F5090DD784596E8B6566A4E92E69D6F5B","3","7557",".png","Assets\RecursosUnificados\ColegaTeste\ProjetoPlayerJhonas\Sprites\Player 1\dead\dead_0001.png"
"53203C5FBFD3129A4674B0D0B606A6E8CDFE41F7141A179B16A2AFFEF08DBFA9","3","6117",".png","Assets\RecursosUnificados\BranchPedrao\Sprites\Player 1\idle\idle5.png"
"53203C5FBFD3129A4674B0D0B606A6E8CDFE41F7141A179B16A2AFFEF08DBFA9","3","6117",".png","Assets\RecursosUnificados\ChegaComJhon\Sprites\Objetos\Player 1\Idle\idle5.png"
"53203C5FBFD3129A4674B0D0B606A6E8CDFE41F7141A179B16A2AFFEF08DBFA9","3","6117",".png","Assets\RecursosUnificados\ColegaTeste\ProjetoPlayerJhonas\Sprites\Player 1\idle\idle5.png"
"5396A50F8E7201D3897D3B1BFFCDD459B88229E527F6B48303702E079E799DF3","4","6021",".png","Assets\RecursosUnificados\BranchPedrao\Sprites\Player 1\jump-(pode ser trocado com o tempo)\PNGS\PNGS_0009.png"
"5396A50F8E7201D3897D3B1BFFCDD459B88229E527F6B48303702E079E799DF3","4","6021",".png","Assets\RecursosUnificados\ChegaComJhon\Sprites\Objetos\Player 1\jump-(pode ser trocado com o tempo)\PNGS\PNGS_0009.png"
"5396A50F8E7201D3897D3B1BFFCDD459B88229E527F6B48303702E079E799DF3","4","6021",".png","Assets\RecursosUnificados\ColegaTeste\ProjetoPlayerJhonas\Sprites\Player 1\Ataque\JUMP-ATTK\ATTK-1_0001.png"
"5396A50F8E7201D3897D3B1BFFCDD459B88229E527F6B48303702E079E799DF3","4","6021",".png","Assets\RecursosUnificados\ColegaTeste\ProjetoPlayerJhonas\Sprites\Player 1\jump-(pode ser trocado com o tempo)\PNGS\PNGS_0009.png"
"53D0E799F0E79B18BB7245430AEC51737435B173A988983249E3FDFDB28F25C4","3","6219",".png","Assets\RecursosUnificados\BranchPedrao\Sprites\Player 1\jump-(pode ser trocado com o tempo)\PNGS\PNGS_0003.png"
"53D0E799F0E79B18BB7245430AEC51737435B173A988983249E3FDFDB28F25C4","3","6219",".png","Assets\RecursosUnificados\ChegaComJhon\Sprites\Objetos\Player 1\jump-(pode ser trocado com o tempo)\PNGS\PNGS_0003.png"
"53D0E799F0E79B18BB7245430AEC51737435B173A988983249E3FDFDB28F25C4","3","6219",".png","Assets\RecursosUnificados\ColegaTeste\ProjetoPlayerJhonas\Sprites\Player 1\jump-(pode ser trocado com o tempo)\PNGS\PNGS_0003.png"
"53EB2EAE711F3B9B945B393171564757297195CC77C45EAB9B48274EF98261C6","3","23234",".asset","Assets\RecursosUnificados\BranchPedrao\Assets\UniversalRenderPipelineGlobalSettings.asset"
"53EB2EAE711F3B9B945B393171564757297195CC77C45EAB9B48274EF98261C6","3","23234",".asset","Assets\RecursosUnificados\ChegaComJhon\Assets\UniversalRenderPipelineGlobalSettings.asset"
"53EB2EAE711F3B9B945B393171564757297195CC77C45EAB9B48274EF98261C6","3","23234",".asset","Assets\RecursosUnificados\ColegaTeste\ProjetoPlayerJhonas\Assets\UniversalRenderPipelineGlobalSettings.asset"
"55A942088FF723208A1EFA442DDC3F9DD2368DD79246544CAEDE6F657310BBE3","6","9926",".png","Assets\RecursosUnificados\BranchPedrao\Sprites\ANJO\IDLE\DISSPAR\DISSPAR_0009.png"
"55A942088FF723208A1EFA442DDC3F9DD2368DD79246544CAEDE6F657310BBE3","6","9926",".png","Assets\RecursosUnificados\BranchPedrao\Sprites\Boss\dead\PNG\DISSPAR_0009.png"
"55A942088FF723208A1EFA442DDC3F9DD2368DD79246544CAEDE6F657310BBE3","6","9926",".png","Assets\RecursosUnificados\ChegaComJhon\Sprites\Objetos\Anjo\IDLE\DISSPAR\DISSPAR_0009.png"
"55A942088FF723208A1EFA442DDC3F9DD2368DD79246544CAEDE6F657310BBE3","6","9926",".png","Assets\RecursosUnificados\ChegaComJhon\Sprites\Objetos\Boss\dead\PNG\DISSPAR_0009.png"
"55A942088FF723208A1EFA442DDC3F9DD2368DD79246544CAEDE6F657310BBE3","6","9926",".png","Assets\RecursosUnificados\ColegaTeste\ProjetoPlayerJhonas\Sprites\ANJO\IDLE\DISSPAR\DISSPAR_0009.png"
"55A942088FF723208A1EFA442DDC3F9DD2368DD79246544CAEDE6F657310BBE3","6","9926",".png","Assets\RecursosUnificados\ColegaTeste\ProjetoPlayerJhonas\Sprites\Boss\dead\PNG\DISSPAR_0009.png"
"55E315E1A1075331A3D70941B870F39529B1FFE7A01534539DBF290F89A11AA3","2","10231",".unity","Assets\RecursosUnificados\ColegaTeste\ProjetoPlayerJhonas\Settings\Scenes\URP2DSceneTemplate.unity"
"55E315E1A1075331A3D70941B870F39529B1FFE7A01534539DBF290F89A11AA3","2","10231",".unity","Assets\RecursosUnificados\ColegaTeste\ProjetoTesteAssets\Settings\Scenes\URP2DSceneTemplate.unity"
"56C7EA5E5695D42F2CAB924E6DE8B25841D44865C026ADACAE25822F4BF2D3C7","3","6577",".png","Assets\RecursosUnificados\BranchPedrao\Sprites\Boss\idle\PNG\idle_0015.png"
"56C7EA5E5695D42F2CAB924E6DE8B25841D44865C026ADACAE25822F4BF2D3C7","3","6577",".png","Assets\RecursosUnificados\ChegaComJhon\Sprites\Objetos\Boss\idle\PNG\idle_0015.png"
"56C7EA5E5695D42F2CAB924E6DE8B25841D44865C026ADACAE25822F4BF2D3C7","3","6577",".png","Assets\RecursosUnificados\ColegaTeste\ProjetoPlayerJhonas\Sprites\Boss\idle\PNG\idle_0015.png"
"5700A68BAB2BC4E34F08724288440547F09DB49FD9415B9F8E42E3A149B1F995","3","1353",".anim","Assets\RecursosUnificados\BranchPedrao\Animacoes\Player\UpPlataforma.anim"
"5700A68BAB2BC4E34F08724288440547F09DB49FD9415B9F8E42E3A149B1F995","3","1353",".anim","Assets\RecursosUnificados\ChegaComJhon\Animacoes\Player\UpPlataforma.anim"
"5700A68BAB2BC4E34F08724288440547F09DB49FD9415B9F8E42E3A149B1F995","3","1353",".anim","Assets\RecursosUnificados\ColegaTeste\ProjetoPlayerJhonas\Animacoes\Player\UpPlataforma.anim"
"570774DCFAB21137F5D7911A248B25CC48D03A66948B3893B1D87DDE78384A8E","3","10799",".png","Assets\RecursosUnificados\BranchPedrao\Sprites\Boss\dead\PNG\PNG_0014.png"
"570774DCFAB21137F5D7911A248B25CC48D03A66948B3893B1D87DDE78384A8E","3","10799",".png","Assets\RecursosUnificados\ChegaComJhon\Sprites\Objetos\Boss\dead\PNG\PNG_0014.png"
"570774DCFAB21137F5D7911A248B25CC48D03A66948B3893B1D87DDE78384A8E","3","10799",".png","Assets\RecursosUnificados\ColegaTeste\ProjetoPlayerJhonas\Sprites\Boss\dead\PNG\PNG_0014.png"
"578EF39C8F20D98F15086E76D65981D906448C9877EF165C837CB686D26D89AB","3","62424",".gif","Assets\RecursosUnificados\BranchPedrao\Sprites\ANJO\IDLE\SURGE.gif"
"578EF39C8F20D98F15086E76D65981D906448C9877EF165C837CB686D26D89AB","3","62424",".gif","Assets\RecursosUnificados\ChegaComJhon\Sprites\Objetos\Anjo\IDLE\SURGE.gif"
"578EF39C8F20D98F15086E76D65981D906448C9877EF165C837CB686D26D89AB","3","62424",".gif","Assets\RecursosUnificados\ColegaTeste\ProjetoPlayerJhonas\Sprites\ANJO\IDLE\SURGE.gif"
"57BCA08578EB43C9051C0F90C25B3F088D6FB3583CB33D0BA0045175BC3CEE89","3","38113",".controller","Assets\RecursosUnificados\BranchPedrao\Animacoes\Player\Player.controller"
"57BCA08578EB43C9051C0F90C25B3F088D6FB3583CB33D0BA0045175BC3CEE89","3","38113",".controller","Assets\RecursosUnificados\ChegaComJhon\Animacoes\Player\Player.controller"
"57BCA08578EB43C9051C0F90C25B3F088D6FB3583CB33D0BA0045175BC3CEE89","3","38113",".controller","Assets\RecursosUnificados\ColegaTeste\ProjetoPlayerJhonas\Animacoes\Player\Player.controller"
"57DA9E3027BAF160439C21CED9DCF3C4B6C9B0E5CBD8C58003CC7EB08911325F","3","6185",".png","Assets\RecursosUnificados\BranchPedrao\Sprites\ANJO\IDLE\PNG-SURGE\PNG-SURGE_0006.png"
"57DA9E3027BAF160439C21CED9DCF3C4B6C9B0E5CBD8C58003CC7EB08911325F","3","6185",".png","Assets\RecursosUnificados\ChegaComJhon\Sprites\Objetos\Anjo\IDLE\PNG-SURGE\PNG-SURGE_0006.png"
"57DA9E3027BAF160439C21CED9DCF3C4B6C9B0E5CBD8C58003CC7EB08911325F","3","6185",".png","Assets\RecursosUnificados\ColegaTeste\ProjetoPlayerJhonas\Sprites\ANJO\IDLE\PNG-SURGE\PNG-SURGE_0006.png"
"5904BEA04D62765585AA0A11B0109F11B6A3792BA52EFF8B4C6BB960ADE92420","3","5570",".png","Assets\RecursosUnificados\BranchPedrao\Sprites\Boss\fall\PNG\PNG_0006.png"
"5904BEA04D62765585AA0A11B0109F11B6A3792BA52EFF8B4C6BB960ADE92420","3","5570",".png","Assets\RecursosUnificados\ChegaComJhon\Sprites\Objetos\Boss\fall\PNG\PNG_0006.png"
"5904BEA04D62765585AA0A11B0109F11B6A3792BA52EFF8B4C6BB960ADE92420","3","5570",".png","Assets\RecursosUnificados\ColegaTeste\ProjetoPlayerJhonas\Sprites\Boss\fall\PNG\PNG_0006.png"
"59CE5BD910F93A1BFAF3607F685B4D27B0DCC46EC0045E3AE5A1D7E7976C1FFB","6","24053",".gif","Assets\RecursosUnificados\BranchPedrao\Sprites\Player 1\idle\idle.gif"
"59CE5BD910F93A1BFAF3607F685B4D27B0DCC46EC0045E3AE5A1D7E7976C1FFB","6","24053",".gif","Assets\RecursosUnificados\BranchPedrao\Sprites\Player 1\idle\idle1.gif"
"59CE5BD910F93A1BFAF3607F685B4D27B0DCC46EC0045E3AE5A1D7E7976C1FFB","6","24053",".gif","Assets\RecursosUnificados\ChegaComJhon\Sprites\Objetos\Player 1\Idle\idle.gif"
"59CE5BD910F93A1BFAF3607F685B4D27B0DCC46EC0045E3AE5A1D7E7976C1FFB","6","24053",".gif","Assets\RecursosUnificados\ChegaComJhon\Sprites\Objetos\Player 1\Idle\idle1.gif"
"59CE5BD910F93A1BFAF3607F685B4D27B0DCC46EC0045E3AE5A1D7E7976C1FFB","6","24053",".gif","Assets\RecursosUnificados\ColegaTeste\ProjetoPlayerJhonas\Sprites\Player 1\idle\idle.gif"
"59CE5BD910F93A1BFAF3607F685B4D27B0DCC46EC0045E3AE5A1D7E7976C1FFB","6","24053",".gif","Assets\RecursosUnificados\ColegaTeste\ProjetoPlayerJhonas\Sprites\Player 1\idle\idle1.gif"
"5A3B7A7D3FCCA1C16073D408DDA0EE4A9D33CEF1516415EC1206D28503EEB0AD","3","6271",".png","Assets\RecursosUnificados\BranchPedrao\Sprites\Boss\idle\PNG\idle_0006.png"
"5A3B7A7D3FCCA1C16073D408DDA0EE4A9D33CEF1516415EC1206D28503EEB0AD","3","6271",".png","Assets\RecursosUnificados\ChegaComJhon\Sprites\Objetos\Boss\idle\PNG\idle_0006.png"
"5A3B7A7D3FCCA1C16073D408DDA0EE4A9D33CEF1516415EC1206D28503EEB0AD","3","6271",".png","Assets\RecursosUnificados\ColegaTeste\ProjetoPlayerJhonas\Sprites\Boss\idle\PNG\idle_0006.png"
"5A669F3B494C534C7F6CB49D579B9B7372A154524B0633CF2F3172797142027B","3","11947",".png","Assets\RecursosUnificados\BranchPedrao\Sprites\ANJO\IDLE\PNG-MASC\PNG_0005.png"
"5A669F3B494C534C7F6CB49D579B9B7372A154524B0633CF2F3172797142027B","3","11947",".png","Assets\RecursosUnificados\ChegaComJhon\Sprites\Objetos\Anjo\IDLE\PNG-MASC\PNG_0005.png"
"5A669F3B494C534C7F6CB49D579B9B7372A154524B0633CF2F3172797142027B","3","11947",".png","Assets\RecursosUnificados\ColegaTeste\ProjetoPlayerJhonas\Sprites\ANJO\IDLE\PNG-MASC\PNG_0005.png"
"5BDB5963A74437BCA2715CE55D865CE50D03CBCCBB5C221534B2A99E5DB72EF3","3","8041",".png","Assets\RecursosUnificados\BranchPedrao\Sprites\Boss\attack\PNG\ATTK\PNG_0002.png"
"5BDB5963A74437BCA2715CE55D865CE50D03CBCCBB5C221534B2A99E5DB72EF3","3","8041",".png","Assets\RecursosUnificados\ChegaComJhon\Sprites\Objetos\Boss\attack\PNG\ATTK\PNG_0002.png"
"5BDB5963A74437BCA2715CE55D865CE50D03CBCCBB5C221534B2A99E5DB72EF3","3","8041",".png","Assets\RecursosUnificados\ColegaTeste\ProjetoPlayerJhonas\Sprites\Boss\attack\PNG\ATTK\PNG_0002.png"
"5C4E3EE1F1F196EC305C3B3FD2C4BC49516AD2A7A1DF395C1044C54442D2AC3C","3","68856",".gif","Assets\RecursosUnificados\BranchPedrao\Sprites\ANJO\IDLE\IDLE.gif"
"5C4E3EE1F1F196EC305C3B3FD2C4BC49516AD2A7A1DF395C1044C54442D2AC3C","3","68856",".gif","Assets\RecursosUnificados\ChegaComJhon\Sprites\Objetos\Anjo\IDLE\IDLE.gif"
"5C4E3EE1F1F196EC305C3B3FD2C4BC49516AD2A7A1DF395C1044C54442D2AC3C","3","68856",".gif","Assets\RecursosUnificados\ColegaTeste\ProjetoPlayerJhonas\Sprites\ANJO\IDLE\IDLE.gif"
"5C93DF933A55BA00E28267AA09C1F26859A39D92449AD27C75D582537D807AF0","3","6171",".png","Assets\RecursosUnificados\BranchPedrao\Sprites\Player 1\troca-de-lado\PNG\troca-de-lado_0008.png"
"5C93DF933A55BA00E28267AA09C1F26859A39D92449AD27C75D582537D807AF0","3","6171",".png","Assets\RecursosUnificados\ChegaComJhon\Sprites\Objetos\Player 1\Troca-de-lado\PNG\troca-de-lado_0008.png"
"5C93DF933A55BA00E28267AA09C1F26859A39D92449AD27C75D582537D807AF0","3","6171",".png","Assets\RecursosUnificados\ColegaTeste\ProjetoPlayerJhonas\Sprites\Player 1\troca-de-lado\PNG\troca-de-lado_0008.png"
"5D9EC16C3629D7A06981347D7DAE6B488E1BEF57E885BCBB103287DE67EDE1F7","3","13422",".png","Assets\RecursosUnificados\BranchPedrao\Sprites\ANJO\IDLE\PNG-MASC\PNG_0004.png"
"5D9EC16C3629D7A06981347D7DAE6B488E1BEF57E885BCBB103287DE67EDE1F7","3","13422",".png","Assets\RecursosUnificados\ChegaComJhon\Sprites\Objetos\Anjo\IDLE\PNG-MASC\PNG_0004.png"
"5D9EC16C3629D7A06981347D7DAE6B488E1BEF57E885BCBB103287DE67EDE1F7","3","13422",".png","Assets\RecursosUnificados\ColegaTeste\ProjetoPlayerJhonas\Sprites\ANJO\IDLE\PNG-MASC\PNG_0004.png"
"5DADB68B56429547918B392626E9AF8FD5173936D20BB43CFCA58DFA00947257","3","4353",".shader","Assets\RecursosUnificados\BranchPedrao\TextMesh Pro\Shaders\TMP_SDF-Surface.shader"
"5DADB68B56429547918B392626E9AF8FD5173936D20BB43CFCA58DFA00947257","3","4353",".shader","Assets\RecursosUnificados\ChegaComJhon\TextMesh Pro\Shaders\TMP_SDF-Surface.shader"
"5DADB68B56429547918B392626E9AF8FD5173936D20BB43CFCA58DFA00947257","3","4353",".shader","Assets\RecursosUnificados\ColegaTeste\TextMesh Pro\Shaders\TMP_SDF-Surface.shader"
"5F53A428EB9BA7ED7DA6B65B45D36CC360D4A214DA264B441E87E6E847F72EE7","9","5394",".png","Assets\RecursosUnificados\BranchPedrao\Sprites\Player 1\idle\idle1.png"
"5F53A428EB9BA7ED7DA6B65B45D36CC360D4A214DA264B441E87E6E847F72EE7","9","5394",".png","Assets\RecursosUnificados\BranchPedrao\Sprites\Player 1\jump-(pode ser trocado com o tempo)\PNGS\PNGS_0001.png"
"5F53A428EB9BA7ED7DA6B65B45D36CC360D4A214DA264B441E87E6E847F72EE7","9","5394",".png","Assets\RecursosUnificados\BranchPedrao\Sprites\Player 1\troca-de-lado\PNG\troca-de-lado_0001.png"
"5F53A428EB9BA7ED7DA6B65B45D36CC360D4A214DA264B441E87E6E847F72EE7","9","5394",".png","Assets\RecursosUnificados\ChegaComJhon\Sprites\Objetos\Player 1\Idle\idle1.png"
"5F53A428EB9BA7ED7DA6B65B45D36CC360D4A214DA264B441E87E6E847F72EE7","9","5394",".png","Assets\RecursosUnificados\ChegaComJhon\Sprites\Objetos\Player 1\jump-(pode ser trocado com o tempo)\PNGS\PNGS_0001.png"
"5F53A428EB9BA7ED7DA6B65B45D36CC360D4A214DA264B441E87E6E847F72EE7","9","5394",".png","Assets\RecursosUnificados\ChegaComJhon\Sprites\Objetos\Player 1\Troca-de-lado\PNG\troca-de-lado_0001.png"
"5F53A428EB9BA7ED7DA6B65B45D36CC360D4A214DA264B441E87E6E847F72EE7","9","5394",".png","Assets\RecursosUnificados\ColegaTeste\ProjetoPlayerJhonas\Sprites\Player 1\idle\idle1.png"
"5F53A428EB9BA7ED7DA6B65B45D36CC360D4A214DA264B441E87E6E847F72EE7","9","5394",".png","Assets\RecursosUnificados\ColegaTeste\ProjetoPlayerJhonas\Sprites\Player 1\jump-(pode ser trocado com o tempo)\PNGS\PNGS_0001.png"
"5F53A428EB9BA7ED7DA6B65B45D36CC360D4A214DA264B441E87E6E847F72EE7","9","5394",".png","Assets\RecursosUnificados\ColegaTeste\ProjetoPlayerJhonas\Sprites\Player 1\troca-de-lado\PNG\troca-de-lado_0001.png"
"6104949B5F69A2BB6B0D8D68D0DD71206DE81DB8BAA3F3C3F868CD4BEA2C13B6","6","6921",".png","Assets\RecursosUnificados\BranchPedrao\Sprites\Player 1\walk\def-walk_0005.png"
"6104949B5F69A2BB6B0D8D68D0DD71206DE81DB8BAA3F3C3F868CD4BEA2C13B6","6","6921",".png","Assets\RecursosUnificados\BranchPedrao\Sprites\Player 1\walk\png\def-walk_0005.png"
"6104949B5F69A2BB6B0D8D68D0DD71206DE81DB8BAA3F3C3F868CD4BEA2C13B6","6","6921",".png","Assets\RecursosUnificados\ChegaComJhon\Sprites\Objetos\Player 1\Walk\def-walk_0005.png"
"6104949B5F69A2BB6B0D8D68D0DD71206DE81DB8BAA3F3C3F868CD4BEA2C13B6","6","6921",".png","Assets\RecursosUnificados\ChegaComJhon\Sprites\Objetos\Player 1\Walk\png\def-walk_0005.png"
"6104949B5F69A2BB6B0D8D68D0DD71206DE81DB8BAA3F3C3F868CD4BEA2C13B6","6","6921",".png","Assets\RecursosUnificados\ColegaTeste\ProjetoPlayerJhonas\Sprites\Player 1\walk\def-walk_0005.png"
"6104949B5F69A2BB6B0D8D68D0DD71206DE81DB8BAA3F3C3F868CD4BEA2C13B6","6","6921",".png","Assets\RecursosUnificados\ColegaTeste\ProjetoPlayerJhonas\Sprites\Player 1\walk\png\def-walk_0005.png"
"610BA46BA41691032FC8BDDEC3A8C561B9B040EE10BA2D6D809B089BB4BB8A36","3","5646",".png","Assets\RecursosUnificados\BranchPedrao\Sprites\ANJO\IDLE\PNG-SURGE\PNG-SURGE_0004.png"
"610BA46BA41691032FC8BDDEC3A8C561B9B040EE10BA2D6D809B089BB4BB8A36","3","5646",".png","Assets\RecursosUnificados\ChegaComJhon\Sprites\Objetos\Anjo\IDLE\PNG-SURGE\PNG-SURGE_0004.png"
"610BA46BA41691032FC8BDDEC3A8C561B9B040EE10BA2D6D809B089BB4BB8A36","3","5646",".png","Assets\RecursosUnificados\ColegaTeste\ProjetoPlayerJhonas\Sprites\ANJO\IDLE\PNG-SURGE\PNG-SURGE_0004.png"
"620978118AA5403A63782B47EBAE6C2FDF189AD977BEBFF2E26E08253BD510EB","3","5772",".png","Assets\RecursosUnificados\BranchPedrao\Sprites\Player 1\dash\PNG\dash_0003.png"
"620978118AA5403A63782B47EBAE6C2FDF189AD977BEBFF2E26E08253BD510EB","3","5772",".png","Assets\RecursosUnificados\ChegaComJhon\Sprites\Objetos\Player 1\Dash\PNG\dash_0003.png"
"620978118AA5403A63782B47EBAE6C2FDF189AD977BEBFF2E26E08253BD510EB","3","5772",".png","Assets\RecursosUnificados\ColegaTeste\ProjetoPlayerJhonas\Sprites\Player 1\dash\PNG\dash_0003.png"
"62B71CE0F441E4D33C84A5C024005A753D94E138F5F9C39F4F7056165FD5B0ED","3","6477",".png","Assets\RecursosUnificados\BranchPedrao\Sprites\Boss\idle\PNG\idle_0014.png"
"62B71CE0F441E4D33C84A5C024005A753D94E138F5F9C39F4F7056165FD5B0ED","3","6477",".png","Assets\RecursosUnificados\ChegaComJhon\Sprites\Objetos\Boss\idle\PNG\idle_0014.png"
"62B71CE0F441E4D33C84A5C024005A753D94E138F5F9C39F4F7056165FD5B0ED","3","6477",".png","Assets\RecursosUnificados\ColegaTeste\ProjetoPlayerJhonas\Sprites\Boss\idle\PNG\idle_0014.png"
"62D3F4D5F64AAF885692D2D13A8313F6918E6E4C5AEB3990A43F614652BFD89C","4","95",".txt","Assets\RecursosUnificados\BranchPedrao\TextMesh Pro\Resources\LineBreaking Leading Characters.txt"
"62D3F4D5F64AAF885692D2D13A8313F6918E6E4C5AEB3990A43F614652BFD89C","4","95",".txt","Assets\RecursosUnificados\ChegaComJhon\TextMesh Pro\Resources\LineBreaking Leading Characters.txt"
"62D3F4D5F64AAF885692D2D13A8313F6918E6E4C5AEB3990A43F614652BFD89C","4","95",".txt","Assets\RecursosUnificados\ColegaTeste\ProjetoPlayerJhonas\TextMesh Pro\Resources\LineBreaking Leading Characters.txt"
"62D3F4D5F64AAF885692D2D13A8313F6918E6E4C5AEB3990A43F614652BFD89C","4","95",".txt","Assets\RecursosUnificados\ColegaTeste\TextMesh Pro\Resources\LineBreaking Leading Characters.txt"
"62D4E0B7451CD753306E4B41B699150114365836451D77BA1D302F041EA8E9AA","3","5463",".png","Assets\RecursosUnificados\BranchPedrao\Sprites\Player 1\jump-plataforma\jump-plataforma_0005.png"
"62D4E0B7451CD753306E4B41B699150114365836451D77BA1D302F041EA8E9AA","3","5463",".png","Assets\RecursosUnificados\ChegaComJhon\Sprites\Objetos\Player 1\jump-plataforma\jump-plataforma_0005.png"
"62D4E0B7451CD753306E4B41B699150114365836451D77BA1D302F041EA8E9AA","3","5463",".png","Assets\RecursosUnificados\ColegaTeste\ProjetoPlayerJhonas\Sprites\Player 1\jump-plataforma\jump-plataforma_0005.png"
"630BE792829C14B3FE5E6A1C3BE9D78E7F35A4304EABA1201BF93A9C9DED5B9D","3","5406",".png","Assets\RecursosUnificados\BranchPedrao\Sprites\Player 1\dash\PNG\dash_0006.png"
"630BE792829C14B3FE5E6A1C3BE9D78E7F35A4304EABA1201BF93A9C9DED5B9D","3","5406",".png","Assets\RecursosUnificados\ChegaComJhon\Sprites\Objetos\Player 1\Dash\PNG\dash_0006.png"
"630BE792829C14B3FE5E6A1C3BE9D78E7F35A4304EABA1201BF93A9C9DED5B9D","3","5406",".png","Assets\RecursosUnificados\ColegaTeste\ProjetoPlayerJhonas\Sprites\Player 1\dash\PNG\dash_0006.png"
"647FA4F7394B39129F5E71E7A273B7EA5FE614321A6603B10442E5DF32577545","9","50640",".gif","Assets\RecursosUnificados\BranchPedrao\Sprites\ANJO\IDLE\DISSPAR\dissipar.gif"
"647FA4F7394B39129F5E71E7A273B7EA5FE614321A6603B10442E5DF32577545","9","50640",".gif","Assets\RecursosUnificados\BranchPedrao\Sprites\Boss\dead\dissipar.gif"
"647FA4F7394B39129F5E71E7A273B7EA5FE614321A6603B10442E5DF32577545","9","50640",".gif","Assets\RecursosUnificados\BranchPedrao\Sprites\Boss\dead\PNG\dissipar.gif"
"647FA4F7394B39129F5E71E7A273B7EA5FE614321A6603B10442E5DF32577545","9","50640",".gif","Assets\RecursosUnificados\ChegaComJhon\Sprites\Objetos\Anjo\IDLE\DISSPAR\dissipar.gif"
"647FA4F7394B39129F5E71E7A273B7EA5FE614321A6603B10442E5DF32577545","9","50640",".gif","Assets\RecursosUnificados\ChegaComJhon\Sprites\Objetos\Boss\dead\dissipar.gif"
"647FA4F7394B39129F5E71E7A273B7EA5FE614321A6603B10442E5DF32577545","9","50640",".gif","Assets\RecursosUnificados\ChegaComJhon\Sprites\Objetos\Boss\dead\PNG\dissipar.gif"
"647FA4F7394B39129F5E71E7A273B7EA5FE614321A6603B10442E5DF32577545","9","50640",".gif","Assets\RecursosUnificados\ColegaTeste\ProjetoPlayerJhonas\Sprites\ANJO\IDLE\DISSPAR\dissipar.gif"
"647FA4F7394B39129F5E71E7A273B7EA5FE614321A6603B10442E5DF32577545","9","50640",".gif","Assets\RecursosUnificados\ColegaTeste\ProjetoPlayerJhonas\Sprites\Boss\dead\dissipar.gif"
"647FA4F7394B39129F5E71E7A273B7EA5FE614321A6603B10442E5DF32577545","9","50640",".gif","Assets\RecursosUnificados\ColegaTeste\ProjetoPlayerJhonas\Sprites\Boss\dead\PNG\dissipar.gif"
"64ABC7ADE13B110F9283A30045DC176CF0464F602FEC9EAFA8F2600A12661A9E","3","13761",".png","Assets\RecursosUnificados\BranchPedrao\Sprites\ANJO\IDLE\PNG-SURGE\PNG-SURGE_0010.png"
"64ABC7ADE13B110F9283A30045DC176CF0464F602FEC9EAFA8F2600A12661A9E","3","13761",".png","Assets\RecursosUnificados\ChegaComJhon\Sprites\Objetos\Anjo\IDLE\PNG-SURGE\PNG-SURGE_0010.png"
"64ABC7ADE13B110F9283A30045DC176CF0464F602FEC9EAFA8F2600A12661A9E","3","13761",".png","Assets\RecursosUnificados\ColegaTeste\ProjetoPlayerJhonas\Sprites\ANJO\IDLE\PNG-SURGE\PNG-SURGE_0010.png"
"64D09F1D190048994391CFD3317C20936FB654A175FFC51D3C1A07E83E0A3047","3","8874",".png","Assets\RecursosUnificados\BranchPedrao\Sprites\Boss\run\PNG\PNG_0006.png"
"64D09F1D190048994391CFD3317C20936FB654A175FFC51D3C1A07E83E0A3047","3","8874",".png","Assets\RecursosUnificados\ChegaComJhon\Sprites\Objetos\Boss\run\PNG\PNG_0006.png"
"64D09F1D190048994391CFD3317C20936FB654A175FFC51D3C1A07E83E0A3047","3","8874",".png","Assets\RecursosUnificados\ColegaTeste\ProjetoPlayerJhonas\Sprites\Boss\run\PNG\PNG_0006.png"
"65B9A03CBA2EBEDADDAEA760666ACE97E6BF5666732E927D3295612ADB3070AF","3","7046",".png","Assets\RecursosUnificados\BranchPedrao\Sprites\Boss\dead\PNG\PNG_0019.png"
"65B9A03CBA2EBEDADDAEA760666ACE97E6BF5666732E927D3295612ADB3070AF","3","7046",".png","Assets\RecursosUnificados\ChegaComJhon\Sprites\Objetos\Boss\dead\PNG\PNG_0019.png"
"65B9A03CBA2EBEDADDAEA760666ACE97E6BF5666732E927D3295612ADB3070AF","3","7046",".png","Assets\RecursosUnificados\ColegaTeste\ProjetoPlayerJhonas\Sprites\Boss\dead\PNG\PNG_0019.png"
"66DB1F03E8D7A413EBA79BCB6602FDB2DE710B586F34A6F2584ED6F68F028E90","3","2707",".cginc","Assets\RecursosUnificados\BranchPedrao\TextMesh Pro\Shaders\TMPro_Properties.cginc"
"66DB1F03E8D7A413EBA79BCB6602FDB2DE710B586F34A6F2584ED6F68F028E90","3","2707",".cginc","Assets\RecursosUnificados\ChegaComJhon\TextMesh Pro\Shaders\TMPro_Properties.cginc"
"66DB1F03E8D7A413EBA79BCB6602FDB2DE710B586F34A6F2584ED6F68F028E90","3","2707",".cginc","Assets\RecursosUnificados\ColegaTeste\TextMesh Pro\Shaders\TMPro_Properties.cginc"
"67179444979ECAD6946C807CC228891D4EF4DD1E5B0EBA2E874F3AD9FF0DB422","3","8025",".png","Assets\RecursosUnificados\BranchPedrao\Sprites\Boss\dead\PNG\PNG_0005.png"
"67179444979ECAD6946C807CC228891D4EF4DD1E5B0EBA2E874F3AD9FF0DB422","3","8025",".png","Assets\RecursosUnificados\ChegaComJhon\Sprites\Objetos\Boss\dead\PNG\PNG_0005.png"
"67179444979ECAD6946C807CC228891D4EF4DD1E5B0EBA2E874F3AD9FF0DB422","3","8025",".png","Assets\RecursosUnificados\ColegaTeste\ProjetoPlayerJhonas\Sprites\Boss\dead\PNG\PNG_0005.png"
"674BEC64976EF5C531011DF22F307993F13BEF8CA82F4A5C3E6C2F61E1A8EE9A","3","5928",".png","Assets\RecursosUnificados\BranchPedrao\Sprites\Player 1\dash\PNG\dash_0011.png"
"674BEC64976EF5C531011DF22F307993F13BEF8CA82F4A5C3E6C2F61E1A8EE9A","3","5928",".png","Assets\RecursosUnificados\ChegaComJhon\Sprites\Objetos\Player 1\Dash\PNG\dash_0011.png"
"674BEC64976EF5C531011DF22F307993F13BEF8CA82F4A5C3E6C2F61E1A8EE9A","3","5928",".png","Assets\RecursosUnificados\ColegaTeste\ProjetoPlayerJhonas\Sprites\Player 1\dash\PNG\dash_0011.png"
"681522A9D3C15D1A03DDB669ED265B7CFF410A89C673FC5282730BC7A9EE7FAA","3","7057",".png","Assets\RecursosUnificados\BranchPedrao\Sprites\Player 1\Ataque\ATTK-2\ATTK-2_0003.png"
"681522A9D3C15D1A03DDB669ED265B7CFF410A89C673FC5282730BC7A9EE7FAA","3","7057",".png","Assets\RecursosUnificados\ChegaComJhon\Sprites\Objetos\Player 1\Ataque\ATTK-2\ATTK-2_0003.png"
"681522A9D3C15D1A03DDB669ED265B7CFF410A89C673FC5282730BC7A9EE7FAA","3","7057",".png","Assets\RecursosUnificados\ColegaTeste\ProjetoPlayerJhonas\Sprites\Player 1\Ataque\ATTK-2\ATTK-2_0003.png"
"687CEE43F6C2D61F46C93D4050A34A336BCC6052847EC21C49FF80875D1C10F5","3","12272",".png","Assets\RecursosUnificados\BranchPedrao\Sprites\Boss\attack\PNG\ATTK\PNG_0004.png"
"687CEE43F6C2D61F46C93D4050A34A336BCC6052847EC21C49FF80875D1C10F5","3","12272",".png","Assets\RecursosUnificados\ChegaComJhon\Sprites\Objetos\Boss\attack\PNG\ATTK\PNG_0004.png"
"687CEE43F6C2D61F46C93D4050A34A336BCC6052847EC21C49FF80875D1C10F5","3","12272",".png","Assets\RecursosUnificados\ColegaTeste\ProjetoPlayerJhonas\Sprites\Boss\attack\PNG\ATTK\PNG_0004.png"
"692B72FE51D79FDA869E240D07E4120EA6D96A05851AB31CF11CA0E86307DA34","3","6313",".png","Assets\RecursosUnificados\BranchPedrao\Sprites\Boss\idle\PNG\idle_0008.png"
"692B72FE51D79FDA869E240D07E4120EA6D96A05851AB31CF11CA0E86307DA34","3","6313",".png","Assets\RecursosUnificados\ChegaComJhon\Sprites\Objetos\Boss\idle\PNG\idle_0008.png"
"692B72FE51D79FDA869E240D07E4120EA6D96A05851AB31CF11CA0E86307DA34","3","6313",".png","Assets\RecursosUnificados\ColegaTeste\ProjetoPlayerJhonas\Sprites\Boss\idle\PNG\idle_0008.png"
"692EC7C295634232212FF3776928DFC6EFBC4E103BACC950B1DC213E327AE40F","3","5919",".png","Assets\RecursosUnificados\BranchPedrao\Sprites\Boss\idle\PNG\idle_0013.png"
"692EC7C295634232212FF3776928DFC6EFBC4E103BACC950B1DC213E327AE40F","3","5919",".png","Assets\RecursosUnificados\ChegaComJhon\Sprites\Objetos\Boss\idle\PNG\idle_0013.png"
"692EC7C295634232212FF3776928DFC6EFBC4E103BACC950B1DC213E327AE40F","3","5919",".png","Assets\RecursosUnificados\ColegaTeste\ProjetoPlayerJhonas\Sprites\Boss\idle\PNG\idle_0013.png"
"69678A7FC0D5A2651D98A45539958D9B86BA8C7587FCC93421FF568BFAC1EE96","3","6122",".png","Assets\RecursosUnificados\BranchPedrao\Sprites\Player 1\troca-de-lado\PNG\troca-de-lado_0004.png"
"69678A7FC0D5A2651D98A45539958D9B86BA8C7587FCC93421FF568BFAC1EE96","3","6122",".png","Assets\RecursosUnificados\ChegaComJhon\Sprites\Objetos\Player 1\Troca-de-lado\PNG\troca-de-lado_0004.png"
"69678A7FC0D5A2651D98A45539958D9B86BA8C7587FCC93421FF568BFAC1EE96","3","6122",".png","Assets\RecursosUnificados\ColegaTeste\ProjetoPlayerJhonas\Sprites\Player 1\troca-de-lado\PNG\troca-de-lado_0004.png"
"6994C35FAD6645ED54EFC6819174B1DE2BD771962B84CA34CFDAB23ACE96E5FB","3","6033",".png","Assets\RecursosUnificados\BranchPedrao\Sprites\Player 1\run\png\pixellab-The-hooded-figure-shifts-their-1776630699897_0003.png"
"6994C35FAD6645ED54EFC6819174B1DE2BD771962B84CA34CFDAB23ACE96E5FB","3","6033",".png","Assets\RecursosUnificados\ChegaComJhon\Sprites\Objetos\Player 1\Run\png\pixellab-The-hooded-figure-shifts-their-1776630699897_0003.png"
"6994C35FAD6645ED54EFC6819174B1DE2BD771962B84CA34CFDAB23ACE96E5FB","3","6033",".png","Assets\RecursosUnificados\ColegaTeste\ProjetoPlayerJhonas\Sprites\Player 1\run\png\pixellab-The-hooded-figure-shifts-their-1776630699897_0003.png"
"6A24FEA06039B6A52EFEF45EA4CBEEC88E263622D3E85F59F2D1AB889039AFBC","3","13888",".png","Assets\RecursosUnificados\BranchPedrao\Sprites\Boss\attack\PNG\ATTK\PNG_0006.png"
"6A24FEA06039B6A52EFEF45EA4CBEEC88E263622D3E85F59F2D1AB889039AFBC","3","13888",".png","Assets\RecursosUnificados\ChegaComJhon\Sprites\Objetos\Boss\attack\PNG\ATTK\PNG_0006.png"
"6A24FEA06039B6A52EFEF45EA4CBEEC88E263622D3E85F59F2D1AB889039AFBC","3","13888",".png","Assets\RecursosUnificados\ColegaTeste\ProjetoPlayerJhonas\Sprites\Boss\attack\PNG\ATTK\PNG_0006.png"
"6AA6B96E183FD1F420C8518CD57894CC656E2303C508A30012C1600F209913C7","3","9800",".png","Assets\RecursosUnificados\BranchPedrao\Sprites\Boss\fall\PNG\PNG_0001.png"
"6AA6B96E183FD1F420C8518CD57894CC656E2303C508A30012C1600F209913C7","3","9800",".png","Assets\RecursosUnificados\ChegaComJhon\Sprites\Objetos\Boss\fall\PNG\PNG_0001.png"
"6AA6B96E183FD1F420C8518CD57894CC656E2303C508A30012C1600F209913C7","3","9800",".png","Assets\RecursosUnificados\ColegaTeste\ProjetoPlayerJhonas\Sprites\Boss\fall\PNG\PNG_0001.png"
"6AF4AFCB5A23AE24E3EA85615BF4E53984C03FA4BF9F14BCF101FD8723C1F6AC","3","5942",".png","Assets\RecursosUnificados\BranchPedrao\Sprites\Boss\idle\PNG\idle_0011.png"
"6AF4AFCB5A23AE24E3EA85615BF4E53984C03FA4BF9F14BCF101FD8723C1F6AC","3","5942",".png","Assets\RecursosUnificados\ChegaComJhon\Sprites\Objetos\Boss\idle\PNG\idle_0011.png"
"6AF4AFCB5A23AE24E3EA85615BF4E53984C03FA4BF9F14BCF101FD8723C1F6AC","3","5942",".png","Assets\RecursosUnificados\ColegaTeste\ProjetoPlayerJhonas\Sprites\Boss\idle\PNG\idle_0011.png"
"6D0C43CE4C38FFF5962942A5D33820464B20CC6F9A879623BF98224026167582","3","10209",".png","Assets\RecursosUnificados\BranchPedrao\Sprites\Boss\run\PNG\PNG_0012.png"
"6D0C43CE4C38FFF5962942A5D33820464B20CC6F9A879623BF98224026167582","3","10209",".png","Assets\RecursosUnificados\ChegaComJhon\Sprites\Objetos\Boss\run\PNG\PNG_0012.png"
"6D0C43CE4C38FFF5962942A5D33820464B20CC6F9A879623BF98224026167582","3","10209",".png","Assets\RecursosUnificados\ColegaTeste\ProjetoPlayerJhonas\Sprites\Boss\run\PNG\PNG_0012.png"
"6D106BEABA99873AE222F4B0413ABF4FA441EE6E39C02BE33247814556320FE6","3","10194",".png","Assets\RecursosUnificados\BranchPedrao\Sprites\Player 1\Ataque\JUMP-ATTK\PNG_0005.png"
"6D106BEABA99873AE222F4B0413ABF4FA441EE6E39C02BE33247814556320FE6","3","10194",".png","Assets\RecursosUnificados\ChegaComJhon\Sprites\Objetos\Player 1\Ataque\JUMP-ATTK\PNG_0005.png"
"6D106BEABA99873AE222F4B0413ABF4FA441EE6E39C02BE33247814556320FE6","3","10194",".png","Assets\RecursosUnificados\ColegaTeste\ProjetoPlayerJhonas\Sprites\Player 1\Ataque\JUMP-ATTK\PNG_0005.png"
"6D88F21A04BBF21C259327A2BBFD1EAB3C0797E85A5E051D42CCB476F88045C1","6","18383",".png","Assets\RecursosUnificados\BranchPedrao\Sprites\Boss\attack\PNG\PREPARAÇÃO\special-attk_0004.png"
"6D88F21A04BBF21C259327A2BBFD1EAB3C0797E85A5E051D42CCB476F88045C1","6","18383",".png","Assets\RecursosUnificados\BranchPedrao\Sprites\Boss\special-attk\special-attk_0004.png"
"6D88F21A04BBF21C259327A2BBFD1EAB3C0797E85A5E051D42CCB476F88045C1","6","18383",".png","Assets\RecursosUnificados\ChegaComJhon\Sprites\Objetos\Boss\attack\PNG\PREPARAÇÃO\special-attk_0004.png"
"6D88F21A04BBF21C259327A2BBFD1EAB3C0797E85A5E051D42CCB476F88045C1","6","18383",".png","Assets\RecursosUnificados\ChegaComJhon\Sprites\Objetos\Boss\special-attk\special-attk_0004.png"
"6D88F21A04BBF21C259327A2BBFD1EAB3C0797E85A5E051D42CCB476F88045C1","6","18383",".png","Assets\RecursosUnificados\ColegaTeste\ProjetoPlayerJhonas\Sprites\Boss\attack\PNG\PREPARAÇÃO\special-attk_0004.png"
"6D88F21A04BBF21C259327A2BBFD1EAB3C0797E85A5E051D42CCB476F88045C1","6","18383",".png","Assets\RecursosUnificados\ColegaTeste\ProjetoPlayerJhonas\Sprites\Boss\special-attk\special-attk_0004.png"
"6D9B088CC40D62935CBED7BDD66A14F8F39166E07CA49E918F1E3AE8AF546E0A","3","6751",".png","Assets\RecursosUnificados\BranchPedrao\Sprites\Player 1\run\png\pixellab-The-hooded-figure-shifts-their-1776630699897_0004.png"
"6D9B088CC40D62935CBED7BDD66A14F8F39166E07CA49E918F1E3AE8AF546E0A","3","6751",".png","Assets\RecursosUnificados\ChegaComJhon\Sprites\Objetos\Player 1\Run\png\pixellab-The-hooded-figure-shifts-their-1776630699897_0004.png"
"6D9B088CC40D62935CBED7BDD66A14F8F39166E07CA49E918F1E3AE8AF546E0A","3","6751",".png","Assets\RecursosUnificados\ColegaTeste\ProjetoPlayerJhonas\Sprites\Player 1\run\png\pixellab-The-hooded-figure-shifts-their-1776630699897_0004.png"
"6E1A77DEFB1EFFAA7133F725CB3EBC178F53A710F3386CD2F4BFBA8C519395A0","3","5066",".png","Assets\RecursosUnificados\BranchPedrao\Sprites\Player 1\Ataque\ATTK-3\ATTK-3_0004.png"
"6E1A77DEFB1EFFAA7133F725CB3EBC178F53A710F3386CD2F4BFBA8C519395A0","3","5066",".png","Assets\RecursosUnificados\ChegaComJhon\Sprites\Objetos\Player 1\Ataque\ATTK-3\ATTK-3_0004.png"
"6E1A77DEFB1EFFAA7133F725CB3EBC178F53A710F3386CD2F4BFBA8C519395A0","3","5066",".png","Assets\RecursosUnificados\ColegaTeste\ProjetoPlayerJhonas\Sprites\Player 1\Ataque\ATTK-3\ATTK-3_0004.png"
"6E77A86CEE126A100F7EE573928DCF4B281FFE1D9CB562D8E66D5A4B45253E04","3","7927",".png","Assets\RecursosUnificados\BranchPedrao\Sprites\Player 1\Ataque\ATTK-3\ATTK-3_0007.png"
"6E77A86CEE126A100F7EE573928DCF4B281FFE1D9CB562D8E66D5A4B45253E04","3","7927",".png","Assets\RecursosUnificados\ChegaComJhon\Sprites\Objetos\Player 1\Ataque\ATTK-3\ATTK-3_0007.png"
"6E77A86CEE126A100F7EE573928DCF4B281FFE1D9CB562D8E66D5A4B45253E04","3","7927",".png","Assets\RecursosUnificados\ColegaTeste\ProjetoPlayerJhonas\Sprites\Player 1\Ataque\ATTK-3\ATTK-3_0007.png"
"716174FCAAE68DA46CCF15798A4DB26EED92956976465DDF69190AE0EB303F2F","3","56822",".gif","Assets\RecursosUnificados\BranchPedrao\Sprites\Boss\special-attk\special-attk-def.gif"
"716174FCAAE68DA46CCF15798A4DB26EED92956976465DDF69190AE0EB303F2F","3","56822",".gif","Assets\RecursosUnificados\ChegaComJhon\Sprites\Objetos\Boss\special-attk\special-attk-def.gif"
"716174FCAAE68DA46CCF15798A4DB26EED92956976465DDF69190AE0EB303F2F","3","56822",".gif","Assets\RecursosUnificados\ColegaTeste\ProjetoPlayerJhonas\Sprites\Boss\special-attk\special-attk-def.gif"
"718383F85BBFF5FF886293136A5E0F2C9C91516769954540C9B14B014E2E9C31","3","6272",".png","Assets\RecursosUnificados\BranchPedrao\Sprites\Boss\idle\PNG\idle_0012.png"
"718383F85BBFF5FF886293136A5E0F2C9C91516769954540C9B14B014E2E9C31","3","6272",".png","Assets\RecursosUnificados\ChegaComJhon\Sprites\Objetos\Boss\idle\PNG\idle_0012.png"
"718383F85BBFF5FF886293136A5E0F2C9C91516769954540C9B14B014E2E9C31","3","6272",".png","Assets\RecursosUnificados\ColegaTeste\ProjetoPlayerJhonas\Sprites\Boss\idle\PNG\idle_0012.png"
"720102723B0CA6D7016DCA2184F92D1CEAF710635649AFD83041AB2DB286BB80","3","46151",".gif","Assets\RecursosUnificados\BranchPedrao\Sprites\ANJO\IDLE\IDLE-MASC.gif"
"720102723B0CA6D7016DCA2184F92D1CEAF710635649AFD83041AB2DB286BB80","3","46151",".gif","Assets\RecursosUnificados\ChegaComJhon\Sprites\Objetos\Anjo\IDLE\IDLE-MASC.gif"
"720102723B0CA6D7016DCA2184F92D1CEAF710635649AFD83041AB2DB286BB80","3","46151",".gif","Assets\RecursosUnificados\ColegaTeste\ProjetoPlayerJhonas\Sprites\ANJO\IDLE\IDLE-MASC.gif"
"7339DD0BAB3B9C69DF5EBE4CF6667BFE6F5927662020F92137462A460CA94369","3","6734",".png","Assets\RecursosUnificados\BranchPedrao\Sprites\Boss\idle\PNG\idle_0003.png"
"7339DD0BAB3B9C69DF5EBE4CF6667BFE6F5927662020F92137462A460CA94369","3","6734",".png","Assets\RecursosUnificados\ChegaComJhon\Sprites\Objetos\Boss\idle\PNG\idle_0003.png"
"7339DD0BAB3B9C69DF5EBE4CF6667BFE6F5927662020F92137462A460CA94369","3","6734",".png","Assets\RecursosUnificados\ColegaTeste\ProjetoPlayerJhonas\Sprites\Boss\idle\PNG\idle_0003.png"
"73F9E34B207BB114B1DC278EC184009E5C350F913FB4582E7A4EFA8CE512E6D9","3","14468",".png","Assets\RecursosUnificados\BranchPedrao\Sprites\ANJO\IDLE\PNG\PNG_0007.png"
"73F9E34B207BB114B1DC278EC184009E5C350F913FB4582E7A4EFA8CE512E6D9","3","14468",".png","Assets\RecursosUnificados\ChegaComJhon\Sprites\Objetos\Anjo\IDLE\PNG\PNG_0007.png"
"73F9E34B207BB114B1DC278EC184009E5C350F913FB4582E7A4EFA8CE512E6D9","3","14468",".png","Assets\RecursosUnificados\ColegaTeste\ProjetoPlayerJhonas\Sprites\ANJO\IDLE\PNG\PNG_0007.png"
"7539CA899966F7B46DF3A9851C4B60E0A1527DAD7E52BA7B45B15D5C4B2C7D89","3","7089",".gif","Assets\RecursosUnificados\BranchPedrao\Sprites\Player 1\prop\pixellab-anima--o-de-dash--part-culas-d-1776644095409.gif"
"7539CA899966F7B46DF3A9851C4B60E0A1527DAD7E52BA7B45B15D5C4B2C7D89","3","7089",".gif","Assets\RecursosUnificados\ChegaComJhon\Sprites\Objetos\Player 1\Prop\pixellab-anima--o-de-dash--part-culas-d-1776644095409.gif"
"7539CA899966F7B46DF3A9851C4B60E0A1527DAD7E52BA7B45B15D5C4B2C7D89","3","7089",".gif","Assets\RecursosUnificados\ColegaTeste\ProjetoPlayerJhonas\Sprites\Player 1\prop\pixellab-anima--o-de-dash--part-culas-d-1776644095409.gif"
"75B7AEFB1E01CB64E514742DBE3A2153A624B36AAFFE0ABD4B707021FA84B4C8","3","4805",".png","Assets\RecursosUnificados\BranchPedrao\Sprites\Player 1\troca-de-lado\PNG\troca-de-lado_0005.png"
"75B7AEFB1E01CB64E514742DBE3A2153A624B36AAFFE0ABD4B707021FA84B4C8","3","4805",".png","Assets\RecursosUnificados\ChegaComJhon\Sprites\Objetos\Player 1\Troca-de-lado\PNG\troca-de-lado_0005.png"
"75B7AEFB1E01CB64E514742DBE3A2153A624B36AAFFE0ABD4B707021FA84B4C8","3","4805",".png","Assets\RecursosUnificados\ColegaTeste\ProjetoPlayerJhonas\Sprites\Player 1\troca-de-lado\PNG\troca-de-lado_0005.png"
"765705C52C802C618B0813FDEF0BA3E8EBF9E7D87A776C767A1A2DDA9CD85865","3","6093",".anim","Assets\RecursosUnificados\BranchPedrao\Animacoes\Anjo\Suger.anim"
"765705C52C802C618B0813FDEF0BA3E8EBF9E7D87A776C767A1A2DDA9CD85865","3","6093",".anim","Assets\RecursosUnificados\ChegaComJhon\Animacoes\Anjo\Suger.anim"
"765705C52C802C618B0813FDEF0BA3E8EBF9E7D87A776C767A1A2DDA9CD85865","3","6093",".anim","Assets\RecursosUnificados\ColegaTeste\ProjetoPlayerJhonas\Animacoes\Anjo\Suger.anim"
"76B5C1806DADCC4CBF927C9CC4CB74C279156BA17322F383506114EDBED72687","3","14038",".png","Assets\RecursosUnificados\BranchPedrao\Sprites\ANJO\IDLE\PNG\PNG_0005.png"
"76B5C1806DADCC4CBF927C9CC4CB74C279156BA17322F383506114EDBED72687","3","14038",".png","Assets\RecursosUnificados\ChegaComJhon\Sprites\Objetos\Anjo\IDLE\PNG\PNG_0005.png"
"76B5C1806DADCC4CBF927C9CC4CB74C279156BA17322F383506114EDBED72687","3","14038",".png","Assets\RecursosUnificados\ColegaTeste\ProjetoPlayerJhonas\Sprites\ANJO\IDLE\PNG\PNG_0005.png"
"77095069069AFE216394BA2D6E3CE3955FABF6845E4E3DFDDD1AE2D144E9EBD3","3","5477",".png","Assets\RecursosUnificados\BranchPedrao\Sprites\Player 1\dash\PNG\dash_0007.png"
"77095069069AFE216394BA2D6E3CE3955FABF6845E4E3DFDDD1AE2D144E9EBD3","3","5477",".png","Assets\RecursosUnificados\ChegaComJhon\Sprites\Objetos\Player 1\Dash\PNG\dash_0007.png"
"77095069069AFE216394BA2D6E3CE3955FABF6845E4E3DFDDD1AE2D144E9EBD3","3","5477",".png","Assets\RecursosUnificados\ColegaTeste\ProjetoPlayerJhonas\Sprites\Player 1\dash\PNG\dash_0007.png"
"773730526CA41083C32BCD88826AE723A96B2DD7D6F4B0B9EA2CC77C31A450D1","3","5579",".png","Assets\RecursosUnificados\BranchPedrao\Sprites\Boss\idle\PNG\idle_0001.png"
"773730526CA41083C32BCD88826AE723A96B2DD7D6F4B0B9EA2CC77C31A450D1","3","5579",".png","Assets\RecursosUnificados\ChegaComJhon\Sprites\Objetos\Boss\idle\PNG\idle_0001.png"
"773730526CA41083C32BCD88826AE723A96B2DD7D6F4B0B9EA2CC77C31A450D1","3","5579",".png","Assets\RecursosUnificados\ColegaTeste\ProjetoPlayerJhonas\Sprites\Boss\idle\PNG\idle_0001.png"
"7837372DC8E4D33C51FE428018E9A7D5F01D68194C9AA8FD5733D40A2E0D622F","3","5404",".png","Assets\RecursosUnificados\BranchPedrao\Sprites\Player 1\troca-de-lado\PNG\troca-de-lado_0006.png"
"7837372DC8E4D33C51FE428018E9A7D5F01D68194C9AA8FD5733D40A2E0D622F","3","5404",".png","Assets\RecursosUnificados\ChegaComJhon\Sprites\Objetos\Player 1\Troca-de-lado\PNG\troca-de-lado_0006.png"
"7837372DC8E4D33C51FE428018E9A7D5F01D68194C9AA8FD5733D40A2E0D622F","3","5404",".png","Assets\RecursosUnificados\ColegaTeste\ProjetoPlayerJhonas\Sprites\Player 1\troca-de-lado\PNG\troca-de-lado_0006.png"
"78E48486FA6DB946F322FECA898A7D43E4D9820ACA3E0F4DB36065A6E87C1DCD","3","6062",".png","Assets\RecursosUnificados\BranchPedrao\Sprites\Boss\dead\PNG\PNG_0012.png"
"78E48486FA6DB946F322FECA898A7D43E4D9820ACA3E0F4DB36065A6E87C1DCD","3","6062",".png","Assets\RecursosUnificados\ChegaComJhon\Sprites\Objetos\Boss\dead\PNG\PNG_0012.png"
"78E48486FA6DB946F322FECA898A7D43E4D9820ACA3E0F4DB36065A6E87C1DCD","3","6062",".png","Assets\RecursosUnificados\ColegaTeste\ProjetoPlayerJhonas\Sprites\Boss\dead\PNG\PNG_0012.png"
"7A68865CAD1D4A6E44C386544B74D876B60F7C58E9BC7FEDC6B2E5E72FDD35E9","3","7247",".png","Assets\RecursosUnificados\BranchPedrao\Sprites\Player 1\run\png\pixellab-The-hooded-figure-shifts-their-1776630699897_0012.png"
"7A68865CAD1D4A6E44C386544B74D876B60F7C58E9BC7FEDC6B2E5E72FDD35E9","3","7247",".png","Assets\RecursosUnificados\ChegaComJhon\Sprites\Objetos\Player 1\Run\png\pixellab-The-hooded-figure-shifts-their-1776630699897_0012.png"
"7A68865CAD1D4A6E44C386544B74D876B60F7C58E9BC7FEDC6B2E5E72FDD35E9","3","7247",".png","Assets\RecursosUnificados\ColegaTeste\ProjetoPlayerJhonas\Sprites\Player 1\run\png\pixellab-The-hooded-figure-shifts-their-1776630699897_0012.png"
"7BA284E6ED4F1CD1A08913A697FA018DAF1B8406B636DAD12A29FB489CAD5544","6","7819",".png","Assets\RecursosUnificados\BranchPedrao\Sprites\Player 1\walk\def-walk_0010.png"
"7BA284E6ED4F1CD1A08913A697FA018DAF1B8406B636DAD12A29FB489CAD5544","6","7819",".png","Assets\RecursosUnificados\BranchPedrao\Sprites\Player 1\walk\png\def-walk_0010.png"
"7BA284E6ED4F1CD1A08913A697FA018DAF1B8406B636DAD12A29FB489CAD5544","6","7819",".png","Assets\RecursosUnificados\ChegaComJhon\Sprites\Objetos\Player 1\Walk\def-walk_0010.png"
"7BA284E6ED4F1CD1A08913A697FA018DAF1B8406B636DAD12A29FB489CAD5544","6","7819",".png","Assets\RecursosUnificados\ChegaComJhon\Sprites\Objetos\Player 1\Walk\png\def-walk_0010.png"
"7BA284E6ED4F1CD1A08913A697FA018DAF1B8406B636DAD12A29FB489CAD5544","6","7819",".png","Assets\RecursosUnificados\ColegaTeste\ProjetoPlayerJhonas\Sprites\Player 1\walk\def-walk_0010.png"
"7BA284E6ED4F1CD1A08913A697FA018DAF1B8406B636DAD12A29FB489CAD5544","6","7819",".png","Assets\RecursosUnificados\ColegaTeste\ProjetoPlayerJhonas\Sprites\Player 1\walk\png\def-walk_0010.png"
"7BE438062CDC296835A1258B68BCBEB8E9FDC4B01EA27C05A24A1074260F7424","3","1852",".asset","Assets\RecursosUnificados\BranchPedrao\TextMesh Pro\Resources\TMP Settings.asset"
"7BE438062CDC296835A1258B68BCBEB8E9FDC4B01EA27C05A24A1074260F7424","3","1852",".asset","Assets\RecursosUnificados\ChegaComJhon\TextMesh Pro\Resources\TMP Settings.asset"
"7BE438062CDC296835A1258B68BCBEB8E9FDC4B01EA27C05A24A1074260F7424","3","1852",".asset","Assets\RecursosUnificados\ColegaTeste\TextMesh Pro\Resources\TMP Settings.asset"
"7EB5398742E3DC2EA51F58A2D96466D137327E286F292EE442B8142C4C23EF2E","3","6001",".png","Assets\RecursosUnificados\BranchPedrao\Sprites\Player 1\idle\idle7.png"
"7EB5398742E3DC2EA51F58A2D96466D137327E286F292EE442B8142C4C23EF2E","3","6001",".png","Assets\RecursosUnificados\ChegaComJhon\Sprites\Objetos\Player 1\Idle\idle7.png"
"7EB5398742E3DC2EA51F58A2D96466D137327E286F292EE442B8142C4C23EF2E","3","6001",".png","Assets\RecursosUnificados\ColegaTeste\ProjetoPlayerJhonas\Sprites\Player 1\idle\idle7.png"
"7F650D1CFD6122D27AED0D7714D8453A361F45BF6F889093C3F26364FDF1FE53","6","5570",".png","Assets\RecursosUnificados\BranchPedrao\Sprites\Boss\cry\cry_0001.png"
"7F650D1CFD6122D27AED0D7714D8453A361F45BF6F889093C3F26364FDF1FE53","6","5570",".png","Assets\RecursosUnificados\BranchPedrao\Sprites\Boss\fall\PNG\PNG_0006 (2).png"
"7F650D1CFD6122D27AED0D7714D8453A361F45BF6F889093C3F26364FDF1FE53","6","5570",".png","Assets\RecursosUnificados\ChegaComJhon\Sprites\Objetos\Boss\cry\cry_0001.png"
"7F650D1CFD6122D27AED0D7714D8453A361F45BF6F889093C3F26364FDF1FE53","6","5570",".png","Assets\RecursosUnificados\ChegaComJhon\Sprites\Objetos\Boss\fall\PNG\PNG_0006 (2).png"
"7F650D1CFD6122D27AED0D7714D8453A361F45BF6F889093C3F26364FDF1FE53","6","5570",".png","Assets\RecursosUnificados\ColegaTeste\ProjetoPlayerJhonas\Sprites\Boss\cry\cry_0001.png"
"7F650D1CFD6122D27AED0D7714D8453A361F45BF6F889093C3F26364FDF1FE53","6","5570",".png","Assets\RecursosUnificados\ColegaTeste\ProjetoPlayerJhonas\Sprites\Boss\fall\PNG\PNG_0006 (2).png"
"80133CB9976803855B422B41342A41DA7EE5215A3DBE0484F74382AA0311CD49","3","5736",".png","Assets\RecursosUnificados\BranchPedrao\Sprites\Player 1\jump-plataforma\jump-plataforma_0002.png"
"80133CB9976803855B422B41342A41DA7EE5215A3DBE0484F74382AA0311CD49","3","5736",".png","Assets\RecursosUnificados\ChegaComJhon\Sprites\Objetos\Player 1\jump-plataforma\jump-plataforma_0002.png"
"80133CB9976803855B422B41342A41DA7EE5215A3DBE0484F74382AA0311CD49","3","5736",".png","Assets\RecursosUnificados\ColegaTeste\ProjetoPlayerJhonas\Sprites\Player 1\jump-plataforma\jump-plataforma_0002.png"
"8101B05BBEF0E8F65699FE89ED5EC924B3EB8A06D40816C11C52302A9FE7547D","3","5404",".png","Assets\RecursosUnificados\BranchPedrao\Sprites\Player 1\dash\PNG\dash_0009.png"
"8101B05BBEF0E8F65699FE89ED5EC924B3EB8A06D40816C11C52302A9FE7547D","3","5404",".png","Assets\RecursosUnificados\ChegaComJhon\Sprites\Objetos\Player 1\Dash\PNG\dash_0009.png"
"8101B05BBEF0E8F65699FE89ED5EC924B3EB8A06D40816C11C52302A9FE7547D","3","5404",".png","Assets\RecursosUnificados\ColegaTeste\ProjetoPlayerJhonas\Sprites\Player 1\dash\PNG\dash_0009.png"
"8115A6A750C739DCBCBF71737D1733EAFE068AD9FBDC3D4CA0DEF2723F47311F","4","4733",".asset","Assets\RecursosUnificados\BranchPedrao\Settings\UniversalRP.asset"
"8115A6A750C739DCBCBF71737D1733EAFE068AD9FBDC3D4CA0DEF2723F47311F","4","4733",".asset","Assets\RecursosUnificados\ColegaTeste\ProjetoPlayerJhonas\Settings\UniversalRP.asset"
"8115A6A750C739DCBCBF71737D1733EAFE068AD9FBDC3D4CA0DEF2723F47311F","4","4733",".asset","Assets\RecursosUnificados\ColegaTeste\ProjetoTesteAssets\Settings\UniversalRP.asset"
"8115A6A750C739DCBCBF71737D1733EAFE068AD9FBDC3D4CA0DEF2723F47311F","4","4733",".asset","Assets\RecursosUnificados\ColegaTeste\Settings\UniversalRP.asset"
"833A5DE0B047BFF1327D3E97656EBFB7F595B4693CA5B8F652B676C5D8CC89AF","2","3698",".asset","Assets\RecursosUnificados\ColegaTeste\ProjetoPlayerJhonas\Settings\Renderer2D.asset"
"833A5DE0B047BFF1327D3E97656EBFB7F595B4693CA5B8F652B676C5D8CC89AF","2","3698",".asset","Assets\RecursosUnificados\ColegaTeste\ProjetoTesteAssets\Settings\Renderer2D.asset"
"837390BA3B5D77D7D06F353286FF2928C763AD7E97E14B71658D26BABB4B6290","3","6465",".png","Assets\RecursosUnificados\BranchPedrao\Sprites\Player 1\run\png\pixellab-The-hooded-figure-shifts-their-1776630699897_0005.png"
"837390BA3B5D77D7D06F353286FF2928C763AD7E97E14B71658D26BABB4B6290","3","6465",".png","Assets\RecursosUnificados\ChegaComJhon\Sprites\Objetos\Player 1\Run\png\pixellab-The-hooded-figure-shifts-their-1776630699897_0005.png"
"837390BA3B5D77D7D06F353286FF2928C763AD7E97E14B71658D26BABB4B6290","3","6465",".png","Assets\RecursosUnificados\ColegaTeste\ProjetoPlayerJhonas\Sprites\Player 1\run\png\pixellab-The-hooded-figure-shifts-their-1776630699897_0005.png"
"83E59C89A652FEB6BF6FF1D7CC95E7DF31EA5C1E8F49CF7941B11523DF84F169","3","7645",".png","Assets\RecursosUnificados\BranchPedrao\Sprites\Boss\run\PNG\PNG_0005.png"
"83E59C89A652FEB6BF6FF1D7CC95E7DF31EA5C1E8F49CF7941B11523DF84F169","3","7645",".png","Assets\RecursosUnificados\ChegaComJhon\Sprites\Objetos\Boss\run\PNG\PNG_0005.png"
"83E59C89A652FEB6BF6FF1D7CC95E7DF31EA5C1E8F49CF7941B11523DF84F169","3","7645",".png","Assets\RecursosUnificados\ColegaTeste\ProjetoPlayerJhonas\Sprites\Boss\run\PNG\PNG_0005.png"
"8412574E039D364CA1CFE56BA24FA26459BA8BC96BF45C0626174B3D2D067E07","3","17177",".unity","Assets\RecursosUnificados\BranchPedrao\_Recovery\0.unity"
"8412574E039D364CA1CFE56BA24FA26459BA8BC96BF45C0626174B3D2D067E07","3","17177",".unity","Assets\RecursosUnificados\ChegaComJhon\_Recovery\0.unity"
"8412574E039D364CA1CFE56BA24FA26459BA8BC96BF45C0626174B3D2D067E07","3","17177",".unity","Assets\RecursosUnificados\ColegaTeste\ProjetoPlayerJhonas\_Recovery\0.unity"
"8415284471C3D88B731BB8B7FE3FD0135820846945FF94800EB9E07BAA52CE95","3","6218",".png","Assets\RecursosUnificados\BranchPedrao\Sprites\Player 1\jump-(pode ser trocado com o tempo)\PNGS\PNGS_0013.png"
"8415284471C3D88B731BB8B7FE3FD0135820846945FF94800EB9E07BAA52CE95","3","6218",".png","Assets\RecursosUnificados\ChegaComJhon\Sprites\Objetos\Player 1\jump-(pode ser trocado com o tempo)\PNGS\PNGS_0013.png"
"8415284471C3D88B731BB8B7FE3FD0135820846945FF94800EB9E07BAA52CE95","3","6218",".png","Assets\RecursosUnificados\ColegaTeste\ProjetoPlayerJhonas\Sprites\Player 1\jump-(pode ser trocado com o tempo)\PNGS\PNGS_0013.png"
"8623F57BCBBC43649E0547A7BDC20ACC0EEE880E2CBDC0112A5055F8CCAC3B38","3","7633",".png","Assets\RecursosUnificados\BranchPedrao\Sprites\Boss\walk\PNG\PNG_0012.png"
"8623F57BCBBC43649E0547A7BDC20ACC0EEE880E2CBDC0112A5055F8CCAC3B38","3","7633",".png","Assets\RecursosUnificados\ChegaComJhon\Sprites\Objetos\Boss\walk\PNG\PNG_0012.png"
"8623F57BCBBC43649E0547A7BDC20ACC0EEE880E2CBDC0112A5055F8CCAC3B38","3","7633",".png","Assets\RecursosUnificados\ColegaTeste\ProjetoPlayerJhonas\Sprites\Boss\walk\PNG\PNG_0012.png"
"86F1553E6A81BD5B49892B4D15BE575FB5D24DC48D6A69A9E31DF4861AC3E3CD","3","6720",".png","Assets\RecursosUnificados\BranchPedrao\Sprites\Player 1\dash\PNG\dash_0012.png"
"86F1553E6A81BD5B49892B4D15BE575FB5D24DC48D6A69A9E31DF4861AC3E3CD","3","6720",".png","Assets\RecursosUnificados\ChegaComJhon\Sprites\Objetos\Player 1\Dash\PNG\dash_0012.png"
"86F1553E6A81BD5B49892B4D15BE575FB5D24DC48D6A69A9E31DF4861AC3E3CD","3","6720",".png","Assets\RecursosUnificados\ColegaTeste\ProjetoPlayerJhonas\Sprites\Player 1\dash\PNG\dash_0012.png"
"885B23CAA757ADFD1E634D24CDF59B819D2A95B5858ADD47659615D529057BE3","3","7044",".png","Assets\RecursosUnificados\BranchPedrao\Sprites\Player 1\Ataque\ATTK-1\attack-1_0003.png"
"885B23CAA757ADFD1E634D24CDF59B819D2A95B5858ADD47659615D529057BE3","3","7044",".png","Assets\RecursosUnificados\ChegaComJhon\Sprites\Objetos\Player 1\Ataque\ATTK-1\attack-1_0003.png"
"885B23CAA757ADFD1E634D24CDF59B819D2A95B5858ADD47659615D529057BE3","3","7044",".png","Assets\RecursosUnificados\ColegaTeste\ProjetoPlayerJhonas\Sprites\Player 1\Ataque\ATTK-1\attack-1_0003.png"
"88CF0F62E4000B71750C059D0886B19504CD1CF10F39BB61DDC11B77A882D417","3","6021",".hlsl","Assets\RecursosUnificados\BranchPedrao\TextMesh Pro\Shaders\SDFFunctions.hlsl"
"88CF0F62E4000B71750C059D0886B19504CD1CF10F39BB61DDC11B77A882D417","3","6021",".hlsl","Assets\RecursosUnificados\ChegaComJhon\TextMesh Pro\Shaders\SDFFunctions.hlsl"
"88CF0F62E4000B71750C059D0886B19504CD1CF10F39BB61DDC11B77A882D417","3","6021",".hlsl","Assets\RecursosUnificados\ColegaTeste\TextMesh Pro\Shaders\SDFFunctions.hlsl"
"89C8A99EBFB6082242FB77EC3AC8F330CF45A743DD471209525B48C227312162","3","10593",".png","Assets\RecursosUnificados\BranchPedrao\Sprites\ANJO\IDLE\PNG-MASC\PNG_0003.png"
"89C8A99EBFB6082242FB77EC3AC8F330CF45A743DD471209525B48C227312162","3","10593",".png","Assets\RecursosUnificados\ChegaComJhon\Sprites\Objetos\Anjo\IDLE\PNG-MASC\PNG_0003.png"
"89C8A99EBFB6082242FB77EC3AC8F330CF45A743DD471209525B48C227312162","3","10593",".png","Assets\RecursosUnificados\ColegaTeste\ProjetoPlayerJhonas\Sprites\ANJO\IDLE\PNG-MASC\PNG_0003.png"
"8A2BEAECF37DE416156FE980EF4FBC7E082551550E04F799F8FEFBE805FE7C88","3","4858",".png","Assets\RecursosUnificados\BranchPedrao\Sprites\Player 1\Ataque\ATTK-3\ATTK-3_0002.png"
"8A2BEAECF37DE416156FE980EF4FBC7E082551550E04F799F8FEFBE805FE7C88","3","4858",".png","Assets\RecursosUnificados\ChegaComJhon\Sprites\Objetos\Player 1\Ataque\ATTK-3\ATTK-3_0002.png"
"8A2BEAECF37DE416156FE980EF4FBC7E082551550E04F799F8FEFBE805FE7C88","3","4858",".png","Assets\RecursosUnificados\ColegaTeste\ProjetoPlayerJhonas\Sprites\Player 1\Ataque\ATTK-3\ATTK-3_0002.png"
"8A969C2D775079CCE4E1C45D5EB6D3964B27D44DC884178363050C74FD5E9742","3","279909",".shadergraph","Assets\RecursosUnificados\BranchPedrao\TextMesh Pro\Shaders\TMP_SDF-HDRP UNLIT.shadergraph"
"8A969C2D775079CCE4E1C45D5EB6D3964B27D44DC884178363050C74FD5E9742","3","279909",".shadergraph","Assets\RecursosUnificados\ChegaComJhon\TextMesh Pro\Shaders\TMP_SDF-HDRP UNLIT.shadergraph"
"8A969C2D775079CCE4E1C45D5EB6D3964B27D44DC884178363050C74FD5E9742","3","279909",".shadergraph","Assets\RecursosUnificados\ColegaTeste\TextMesh Pro\Shaders\TMP_SDF-HDRP UNLIT.shadergraph"
"8AEB39481B34367171E27D4BB8EC698F66A9147FDF3AD2A70B5936D6901FCC2C","3","7629",".png","Assets\RecursosUnificados\BranchPedrao\Sprites\Boss\walk\PNG\PNG_0008.png"
"8AEB39481B34367171E27D4BB8EC698F66A9147FDF3AD2A70B5936D6901FCC2C","3","7629",".png","Assets\RecursosUnificados\ChegaComJhon\Sprites\Objetos\Boss\walk\PNG\PNG_0008.png"
"8AEB39481B34367171E27D4BB8EC698F66A9147FDF3AD2A70B5936D6901FCC2C","3","7629",".png","Assets\RecursosUnificados\ColegaTeste\ProjetoPlayerJhonas\Sprites\Boss\walk\PNG\PNG_0008.png"
"8B30C140F6AF9134392FE6ECF4C0676DB73F873489AC52ADFB47BBD288CB51B8","3","3064",".shader","Assets\RecursosUnificados\BranchPedrao\TextMesh Pro\Shaders\TMP_SDF-Mobile SSD.shader"
"8B30C140F6AF9134392FE6ECF4C0676DB73F873489AC52ADFB47BBD288CB51B8","3","3064",".shader","Assets\RecursosUnificados\ChegaComJhon\TextMesh Pro\Shaders\TMP_SDF-Mobile SSD.shader"
"8B30C140F6AF9134392FE6ECF4C0676DB73F873489AC52ADFB47BBD288CB51B8","3","3064",".shader","Assets\RecursosUnificados\ColegaTeste\TextMesh Pro\Shaders\TMP_SDF-Mobile SSD.shader"
"8C66FC2C899616D62E21FE42F6A5E9F9A7CE09B184E35086D44A52FB666B0813","3","15226",".png","Assets\RecursosUnificados\BranchPedrao\Sprites\ANJO\IDLE\PNG\PNG_0011.png"
"8C66FC2C899616D62E21FE42F6A5E9F9A7CE09B184E35086D44A52FB666B0813","3","15226",".png","Assets\RecursosUnificados\ChegaComJhon\Sprites\Objetos\Anjo\IDLE\PNG\PNG_0011.png"
"8C66FC2C899616D62E21FE42F6A5E9F9A7CE09B184E35086D44A52FB666B0813","3","15226",".png","Assets\RecursosUnificados\ColegaTeste\ProjetoPlayerJhonas\Sprites\ANJO\IDLE\PNG\PNG_0011.png"
"8DFA01CBCDE340160E3340547114559A55AB6501DB11C6D6ED131C88E9F8B2F9","3","44034",".gif","Assets\RecursosUnificados\BranchPedrao\Sprites\Boss\dead\morte.gif"
"8DFA01CBCDE340160E3340547114559A55AB6501DB11C6D6ED131C88E9F8B2F9","3","44034",".gif","Assets\RecursosUnificados\ChegaComJhon\Sprites\Objetos\Boss\dead\morte.gif"
"8DFA01CBCDE340160E3340547114559A55AB6501DB11C6D6ED131C88E9F8B2F9","3","44034",".gif","Assets\RecursosUnificados\ColegaTeste\ProjetoPlayerJhonas\Sprites\Boss\dead\morte.gif"
"8F25D72B816C0C6A91F6FA95F5209FD7E515DE6E25C80A9F66D2798C6D16F178","6","14348",".png","Assets\RecursosUnificados\BranchPedrao\Sprites\Boss\attack\PNG\PREPARAÇÃO\special-attk_0009.png"
"8F25D72B816C0C6A91F6FA95F5209FD7E515DE6E25C80A9F66D2798C6D16F178","6","14348",".png","Assets\RecursosUnificados\BranchPedrao\Sprites\Boss\special-attk\special-attk_0009.png"
"8F25D72B816C0C6A91F6FA95F5209FD7E515DE6E25C80A9F66D2798C6D16F178","6","14348",".png","Assets\RecursosUnificados\ChegaComJhon\Sprites\Objetos\Boss\attack\PNG\PREPARAÇÃO\special-attk_0009.png"
"8F25D72B816C0C6A91F6FA95F5209FD7E515DE6E25C80A9F66D2798C6D16F178","6","14348",".png","Assets\RecursosUnificados\ChegaComJhon\Sprites\Objetos\Boss\special-attk\special-attk_0009.png"
"8F25D72B816C0C6A91F6FA95F5209FD7E515DE6E25C80A9F66D2798C6D16F178","6","14348",".png","Assets\RecursosUnificados\ColegaTeste\ProjetoPlayerJhonas\Sprites\Boss\attack\PNG\PREPARAÇÃO\special-attk_0009.png"
"8F25D72B816C0C6A91F6FA95F5209FD7E515DE6E25C80A9F66D2798C6D16F178","6","14348",".png","Assets\RecursosUnificados\ColegaTeste\ProjetoPlayerJhonas\Sprites\Boss\special-attk\special-attk_0009.png"
"8F49ECFDCD14B950675D8C641EFA440CA4FD7CD3D143B649E2F2F7BE2E887D5E","3","5938",".png","Assets\RecursosUnificados\BranchPedrao\Sprites\Player 1\troca-de-lado\PNG\troca-de-lado_0009.png"
"8F49ECFDCD14B950675D8C641EFA440CA4FD7CD3D143B649E2F2F7BE2E887D5E","3","5938",".png","Assets\RecursosUnificados\ChegaComJhon\Sprites\Objetos\Player 1\Troca-de-lado\PNG\troca-de-lado_0009.png"
"8F49ECFDCD14B950675D8C641EFA440CA4FD7CD3D143B649E2F2F7BE2E887D5E","3","5938",".png","Assets\RecursosUnificados\ColegaTeste\ProjetoPlayerJhonas\Sprites\Player 1\troca-de-lado\PNG\troca-de-lado_0009.png"
"8F7B6A29D9F4902EAB599A7598869963C4CF797369C53B0873515E59A42B7146","3","7638",".png","Assets\RecursosUnificados\BranchPedrao\Sprites\Player 1\Ataque\ATTK-1\attack-1_0004.png"
"8F7B6A29D9F4902EAB599A7598869963C4CF797369C53B0873515E59A42B7146","3","7638",".png","Assets\RecursosUnificados\ChegaComJhon\Sprites\Objetos\Player 1\Ataque\ATTK-1\attack-1_0004.png"
"8F7B6A29D9F4902EAB599A7598869963C4CF797369C53B0873515E59A42B7146","3","7638",".png","Assets\RecursosUnificados\ColegaTeste\ProjetoPlayerJhonas\Sprites\Player 1\Ataque\ATTK-1\attack-1_0004.png"
"900455794D0D788504847C3AA54E03A0374FD3635AFA295ED05C2F646F974705","3","3629",".asset","Assets\RecursosUnificados\BranchPedrao\Settings\Renderer2D.asset"
"900455794D0D788504847C3AA54E03A0374FD3635AFA295ED05C2F646F974705","3","3629",".asset","Assets\RecursosUnificados\ChegaComJhon\Settings\Renderer2D.asset"
"900455794D0D788504847C3AA54E03A0374FD3635AFA295ED05C2F646F974705","3","3629",".asset","Assets\RecursosUnificados\ColegaTeste\Settings\Renderer2D.asset"
"900A804895BC9180759123D43CE7BB5D3984DAB979E4D0874F152ACEACBAD162","3","43037",".gif","Assets\RecursosUnificados\BranchPedrao\Sprites\Boss\fall\end-fall.gif"
"900A804895BC9180759123D43CE7BB5D3984DAB979E4D0874F152ACEACBAD162","3","43037",".gif","Assets\RecursosUnificados\ChegaComJhon\Sprites\Objetos\Boss\fall\end-fall.gif"
"900A804895BC9180759123D43CE7BB5D3984DAB979E4D0874F152ACEACBAD162","3","43037",".gif","Assets\RecursosUnificados\ColegaTeste\ProjetoPlayerJhonas\Sprites\Boss\fall\end-fall.gif"
"9045A5DAE332C7330B8107A207B751545EEC84473474DE0EF2D1917DA1A64948","6","11061",".png","Assets\RecursosUnificados\BranchPedrao\Sprites\ANJO\IDLE\DISSPAR\DISSPAR_0006.png"
"9045A5DAE332C7330B8107A207B751545EEC84473474DE0EF2D1917DA1A64948","6","11061",".png","Assets\RecursosUnificados\BranchPedrao\Sprites\Boss\dead\PNG\DISSPAR_0006.png"
"9045A5DAE332C7330B8107A207B751545EEC84473474DE0EF2D1917DA1A64948","6","11061",".png","Assets\RecursosUnificados\ChegaComJhon\Sprites\Objetos\Anjo\IDLE\DISSPAR\DISSPAR_0006.png"
"9045A5DAE332C7330B8107A207B751545EEC84473474DE0EF2D1917DA1A64948","6","11061",".png","Assets\RecursosUnificados\ChegaComJhon\Sprites\Objetos\Boss\dead\PNG\DISSPAR_0006.png"
"9045A5DAE332C7330B8107A207B751545EEC84473474DE0EF2D1917DA1A64948","6","11061",".png","Assets\RecursosUnificados\ColegaTeste\ProjetoPlayerJhonas\Sprites\ANJO\IDLE\DISSPAR\DISSPAR_0006.png"
"9045A5DAE332C7330B8107A207B751545EEC84473474DE0EF2D1917DA1A64948","6","11061",".png","Assets\RecursosUnificados\ColegaTeste\ProjetoPlayerJhonas\Sprites\Boss\dead\PNG\DISSPAR_0006.png"
"90881654C2C55A0EAA7ACFB223ECD900F949D57BCE49566039AAE3B05FE7FE93","3","4993",".png","Assets\RecursosUnificados\BranchPedrao\Sprites\Player 1\dead\dead_0004.png"
"90881654C2C55A0EAA7ACFB223ECD900F949D57BCE49566039AAE3B05FE7FE93","3","4993",".png","Assets\RecursosUnificados\ChegaComJhon\Sprites\Objetos\Player 1\Dead\dead_0004.png"
"90881654C2C55A0EAA7ACFB223ECD900F949D57BCE49566039AAE3B05FE7FE93","3","4993",".png","Assets\RecursosUnificados\ColegaTeste\ProjetoPlayerJhonas\Sprites\Player 1\dead\dead_0004.png"
"913E789518DFCD83C890132CD035E5490CD59C7B60FABB171AB251B48E3BB422","3","6950",".png","Assets\RecursosUnificados\BranchPedrao\Sprites\Player 1\run\png\pixellab-The-hooded-figure-shifts-their-1776630699897_0006.png"
"913E789518DFCD83C890132CD035E5490CD59C7B60FABB171AB251B48E3BB422","3","6950",".png","Assets\RecursosUnificados\ChegaComJhon\Sprites\Objetos\Player 1\Run\png\pixellab-The-hooded-figure-shifts-their-1776630699897_0006.png"
"913E789518DFCD83C890132CD035E5490CD59C7B60FABB171AB251B48E3BB422","3","6950",".png","Assets\RecursosUnificados\ColegaTeste\ProjetoPlayerJhonas\Sprites\Player 1\run\png\pixellab-The-hooded-figure-shifts-their-1776630699897_0006.png"
"91B9BD1476880B804B376A2E801F3235E3BF327423B7FAE44CCCF031D87EA69D","3","6108",".png","Assets\RecursosUnificados\BranchPedrao\Sprites\Player 1\jump-(pode ser trocado com o tempo)\PNGS\PNGS_0005.png"
"91B9BD1476880B804B376A2E801F3235E3BF327423B7FAE44CCCF031D87EA69D","3","6108",".png","Assets\RecursosUnificados\ChegaComJhon\Sprites\Objetos\Player 1\jump-(pode ser trocado com o tempo)\PNGS\PNGS_0005.png"
"91B9BD1476880B804B376A2E801F3235E3BF327423B7FAE44CCCF031D87EA69D","3","6108",".png","Assets\RecursosUnificados\ColegaTeste\ProjetoPlayerJhonas\Sprites\Player 1\jump-(pode ser trocado com o tempo)\PNGS\PNGS_0005.png"
"91BE2500827A859D9E992C26CA6851C0F4BE8D7D9FB491D4913867A730E9ACD1","3","4690",".png","Assets\RecursosUnificados\BranchPedrao\Sprites\ANJO\IDLE\PNG-SURGE\PNG-SURGE_0002.png"
"91BE2500827A859D9E992C26CA6851C0F4BE8D7D9FB491D4913867A730E9ACD1","3","4690",".png","Assets\RecursosUnificados\ChegaComJhon\Sprites\Objetos\Anjo\IDLE\PNG-SURGE\PNG-SURGE_0002.png"
"91BE2500827A859D9E992C26CA6851C0F4BE8D7D9FB491D4913867A730E9ACD1","3","4690",".png","Assets\RecursosUnificados\ColegaTeste\ProjetoPlayerJhonas\Sprites\ANJO\IDLE\PNG-SURGE\PNG-SURGE_0002.png"
"91D521AA0F622DA60FA6CF1B0FF0ACFAC40AECCEBBECC85CB93074D04FF75C57","2","38850",".unity","Assets\RecursosUnificados\BranchPedrao\Scenes\bla.unity"
"91D521AA0F622DA60FA6CF1B0FF0ACFAC40AECCEBBECC85CB93074D04FF75C57","2","38850",".unity","Assets\RecursosUnificados\BranchPedrao\Scenes\Ceta big Peter.unity"
"92116BCB07BD4A3F805BB0E101104CDB4D1D6FAE9302BA2D5C6660BB653ABB0E","3","6289",".png","Assets\RecursosUnificados\BranchPedrao\Sprites\Player 1\run\png\pixellab-The-hooded-figure-shifts-their-1776630699897_0001.png"
"92116BCB07BD4A3F805BB0E101104CDB4D1D6FAE9302BA2D5C6660BB653ABB0E","3","6289",".png","Assets\RecursosUnificados\ChegaComJhon\Sprites\Objetos\Player 1\Run\png\pixellab-The-hooded-figure-shifts-their-1776630699897_0001.png"
"92116BCB07BD4A3F805BB0E101104CDB4D1D6FAE9302BA2D5C6660BB653ABB0E","3","6289",".png","Assets\RecursosUnificados\ColegaTeste\ProjetoPlayerJhonas\Sprites\Player 1\run\png\pixellab-The-hooded-figure-shifts-their-1776630699897_0001.png"
"9267E2AF587BBD86019294CB4F9A5A4BA1530A45272789B4BC802A82E26106EC","3","3089",".anim","Assets\RecursosUnificados\BranchPedrao\Animacoes\Player\Ataque3.anim"
"9267E2AF587BBD86019294CB4F9A5A4BA1530A45272789B4BC802A82E26106EC","3","3089",".anim","Assets\RecursosUnificados\ChegaComJhon\Animacoes\Player\Ataque3.anim"
"9267E2AF587BBD86019294CB4F9A5A4BA1530A45272789B4BC802A82E26106EC","3","3089",".anim","Assets\RecursosUnificados\ColegaTeste\ProjetoPlayerJhonas\Animacoes\Player\Ataque3.anim"
"93E073CDB91B7E3D2FA31E2DD13626D7B9D2F327904BA8C3C2B97A3EECFBABAC","3","5539",".asset","Assets\RecursosUnificados\BranchPedrao\TextMesh Pro\Resources\Style Sheets\Default Style Sheet.asset"
"93E073CDB91B7E3D2FA31E2DD13626D7B9D2F327904BA8C3C2B97A3EECFBABAC","3","5539",".asset","Assets\RecursosUnificados\ChegaComJhon\TextMesh Pro\Resources\Style Sheets\Default Style Sheet.asset"
"93E073CDB91B7E3D2FA31E2DD13626D7B9D2F327904BA8C3C2B97A3EECFBABAC","3","5539",".asset","Assets\RecursosUnificados\ColegaTeste\TextMesh Pro\Resources\Style Sheets\Default Style Sheet.asset"
"93E6EC5743D362959E2E3A366407F6EA81C2E95AE5727A9481E7BBA2FE9FFB22","3","6749",".png","Assets\RecursosUnificados\BranchPedrao\Sprites\Player 1\troca-de-lado\PNG\troca-de-lado_0002.png"
"93E6EC5743D362959E2E3A366407F6EA81C2E95AE5727A9481E7BBA2FE9FFB22","3","6749",".png","Assets\RecursosUnificados\ChegaComJhon\Sprites\Objetos\Player 1\Troca-de-lado\PNG\troca-de-lado_0002.png"
"93E6EC5743D362959E2E3A366407F6EA81C2E95AE5727A9481E7BBA2FE9FFB22","3","6749",".png","Assets\RecursosUnificados\ColegaTeste\ProjetoPlayerJhonas\Sprites\Player 1\troca-de-lado\PNG\troca-de-lado_0002.png"
"93EFCF07FBBA0FE1E3BC72AA1B00DA31A404EAE943BB1215BC0A9D8D173D082C","3","61630",".rar","Assets\RecursosUnificados\BranchPedrao\Sprites\Boss\PREPARAÇÃO\PREPARAÇÃO.rar"
"93EFCF07FBBA0FE1E3BC72AA1B00DA31A404EAE943BB1215BC0A9D8D173D082C","3","61630",".rar","Assets\RecursosUnificados\ChegaComJhon\Sprites\Objetos\Boss\PREPARAÇÃO\PREPARAÇÃO.rar"
"93EFCF07FBBA0FE1E3BC72AA1B00DA31A404EAE943BB1215BC0A9D8D173D082C","3","61630",".rar","Assets\RecursosUnificados\ColegaTeste\ProjetoPlayerJhonas\Sprites\Boss\PREPARAÇÃO\PREPARAÇÃO.rar"
"94E4571633B340BDC1F9E289B55202AD4B616489A838331E870B2E2C57FEFD0D","3","5975",".png","Assets\RecursosUnificados\BranchPedrao\Sprites\Player 1\idle\idle3.png"
"94E4571633B340BDC1F9E289B55202AD4B616489A838331E870B2E2C57FEFD0D","3","5975",".png","Assets\RecursosUnificados\ChegaComJhon\Sprites\Objetos\Player 1\Idle\idle3.png"
"94E4571633B340BDC1F9E289B55202AD4B616489A838331E870B2E2C57FEFD0D","3","5975",".png","Assets\RecursosUnificados\ColegaTeste\ProjetoPlayerJhonas\Sprites\Player 1\idle\idle3.png"
"9579607472F1D3DD683F607F28578582E6C185115216FFA21B87A39EA1B790F5","3","6614",".png","Assets\RecursosUnificados\BranchPedrao\Sprites\Boss\walk\PNG\PNG_0005.png"
"9579607472F1D3DD683F607F28578582E6C185115216FFA21B87A39EA1B790F5","3","6614",".png","Assets\RecursosUnificados\ChegaComJhon\Sprites\Objetos\Boss\walk\PNG\PNG_0005.png"
"9579607472F1D3DD683F607F28578582E6C185115216FFA21B87A39EA1B790F5","3","6614",".png","Assets\RecursosUnificados\ColegaTeste\ProjetoPlayerJhonas\Sprites\Boss\walk\PNG\PNG_0005.png"
"96A05A7CDA9BB41F31B8CF818FD73F745BD7126C2B39DFFB55C908ED09FA5567","3","8190",".png","Assets\RecursosUnificados\BranchPedrao\Sprites\Boss\run\PREPARAÇÃO\run_0003.png"
"96A05A7CDA9BB41F31B8CF818FD73F745BD7126C2B39DFFB55C908ED09FA5567","3","8190",".png","Assets\RecursosUnificados\ChegaComJhon\Sprites\Objetos\Boss\run\PREPARAÇÃO\run_0003.png"
"96A05A7CDA9BB41F31B8CF818FD73F745BD7126C2B39DFFB55C908ED09FA5567","3","8190",".png","Assets\RecursosUnificados\ColegaTeste\ProjetoPlayerJhonas\Sprites\Boss\run\PREPARAÇÃO\run_0003.png"
"98233A270CEA78F23EC65EC4D3466D0E5261C52D19C979ABDB0158CBDD335485","3","6410",".png","Assets\RecursosUnificados\BranchPedrao\Sprites\Boss\special-attk\special-attk_0001.png"
"98233A270CEA78F23EC65EC4D3466D0E5261C52D19C979ABDB0158CBDD335485","3","6410",".png","Assets\RecursosUnificados\ChegaComJhon\Sprites\Objetos\Boss\special-attk\special-attk_0001.png"
"98233A270CEA78F23EC65EC4D3466D0E5261C52D19C979ABDB0158CBDD335485","3","6410",".png","Assets\RecursosUnificados\ColegaTeste\ProjetoPlayerJhonas\Sprites\Boss\special-attk\special-attk_0001.png"
"9879FAD170B7F016E6AEC3DE890200D3BB1EE09AF42C4430AED9EE21D411FFCB","3","6167",".png","Assets\RecursosUnificados\BranchPedrao\Sprites\Player 1\dash\PNG\dash_0002.png"
"9879FAD170B7F016E6AEC3DE890200D3BB1EE09AF42C4430AED9EE21D411FFCB","3","6167",".png","Assets\RecursosUnificados\ChegaComJhon\Sprites\Objetos\Player 1\Dash\PNG\dash_0002.png"
"9879FAD170B7F016E6AEC3DE890200D3BB1EE09AF42C4430AED9EE21D411FFCB","3","6167",".png","Assets\RecursosUnificados\ColegaTeste\ProjetoPlayerJhonas\Sprites\Player 1\dash\PNG\dash_0002.png"
"9A7F6F0E3A3A1B2BD2F37C52492471A2CF1FCFD16CDE7A2BBB336EDCE3E5509B","6","7650",".png","Assets\RecursosUnificados\BranchPedrao\Sprites\Player 1\walk\def-walk_0012.png"
"9A7F6F0E3A3A1B2BD2F37C52492471A2CF1FCFD16CDE7A2BBB336EDCE3E5509B","6","7650",".png","Assets\RecursosUnificados\BranchPedrao\Sprites\Player 1\walk\png\def-walk_0012.png"
"9A7F6F0E3A3A1B2BD2F37C52492471A2CF1FCFD16CDE7A2BBB336EDCE3E5509B","6","7650",".png","Assets\RecursosUnificados\ChegaComJhon\Sprites\Objetos\Player 1\Walk\def-walk_0012.png"
"9A7F6F0E3A3A1B2BD2F37C52492471A2CF1FCFD16CDE7A2BBB336EDCE3E5509B","6","7650",".png","Assets\RecursosUnificados\ChegaComJhon\Sprites\Objetos\Player 1\Walk\png\def-walk_0012.png"
"9A7F6F0E3A3A1B2BD2F37C52492471A2CF1FCFD16CDE7A2BBB336EDCE3E5509B","6","7650",".png","Assets\RecursosUnificados\ColegaTeste\ProjetoPlayerJhonas\Sprites\Player 1\walk\def-walk_0012.png"
"9A7F6F0E3A3A1B2BD2F37C52492471A2CF1FCFD16CDE7A2BBB336EDCE3E5509B","6","7650",".png","Assets\RecursosUnificados\ColegaTeste\ProjetoPlayerJhonas\Sprites\Player 1\walk\png\def-walk_0012.png"
"9B400A1ECA6D26E9AA70B75202C6BADE17125D5BC8136CA85113551E30080074","6","7171",".png","Assets\RecursosUnificados\BranchPedrao\Sprites\Player 1\walk\def-walk_0013.png"
"9B400A1ECA6D26E9AA70B75202C6BADE17125D5BC8136CA85113551E30080074","6","7171",".png","Assets\RecursosUnificados\BranchPedrao\Sprites\Player 1\walk\png\def-walk_0013.png"
"9B400A1ECA6D26E9AA70B75202C6BADE17125D5BC8136CA85113551E30080074","6","7171",".png","Assets\RecursosUnificados\ChegaComJhon\Sprites\Objetos\Player 1\Walk\def-walk_0013.png"
"9B400A1ECA6D26E9AA70B75202C6BADE17125D5BC8136CA85113551E30080074","6","7171",".png","Assets\RecursosUnificados\ChegaComJhon\Sprites\Objetos\Player 1\Walk\png\def-walk_0013.png"
"9B400A1ECA6D26E9AA70B75202C6BADE17125D5BC8136CA85113551E30080074","6","7171",".png","Assets\RecursosUnificados\ColegaTeste\ProjetoPlayerJhonas\Sprites\Player 1\walk\def-walk_0013.png"
"9B400A1ECA6D26E9AA70B75202C6BADE17125D5BC8136CA85113551E30080074","6","7171",".png","Assets\RecursosUnificados\ColegaTeste\ProjetoPlayerJhonas\Sprites\Player 1\walk\png\def-walk_0013.png"
"9C314380FA754332A93803C974F40B08043DCD67C31F0F74EA9DC2A8484171AC","3","11587",".png","Assets\RecursosUnificados\BranchPedrao\Sprites\ANJO\IDLE\PNG-MASC\PNG_0007.png"
"9C314380FA754332A93803C974F40B08043DCD67C31F0F74EA9DC2A8484171AC","3","11587",".png","Assets\RecursosUnificados\ChegaComJhon\Sprites\Objetos\Anjo\IDLE\PNG-MASC\PNG_0007.png"
"9C314380FA754332A93803C974F40B08043DCD67C31F0F74EA9DC2A8484171AC","3","11587",".png","Assets\RecursosUnificados\ColegaTeste\ProjetoPlayerJhonas\Sprites\ANJO\IDLE\PNG-MASC\PNG_0007.png"
"9C8F6668D499F27719780554F0C93618EEE10ABC3BA7448947A879F5DF409DA8","3","5654",".png","Assets\RecursosUnificados\BranchPedrao\Sprites\Boss\attack\PNG\PREPARAÇÃO\PNG_0007.png"
"9C8F6668D499F27719780554F0C93618EEE10ABC3BA7448947A879F5DF409DA8","3","5654",".png","Assets\RecursosUnificados\ChegaComJhon\Sprites\Objetos\Boss\attack\PNG\PREPARAÇÃO\PNG_0007.png"
"9C8F6668D499F27719780554F0C93618EEE10ABC3BA7448947A879F5DF409DA8","3","5654",".png","Assets\RecursosUnificados\ColegaTeste\ProjetoPlayerJhonas\Sprites\Boss\attack\PNG\PREPARAÇÃO\PNG_0007.png"
"9CFAC91F52099E1657E7C3E820D6AEBA50D6E2C08AB63BF17D3AEE5FD4DEBDBD","3","3501",".anim","Assets\RecursosUnificados\BranchPedrao\Animacoes\Boss\Ataque.anim"
"9CFAC91F52099E1657E7C3E820D6AEBA50D6E2C08AB63BF17D3AEE5FD4DEBDBD","3","3501",".anim","Assets\RecursosUnificados\ChegaComJhon\Animacoes\Boss\Ataque.anim"
"9CFAC91F52099E1657E7C3E820D6AEBA50D6E2C08AB63BF17D3AEE5FD4DEBDBD","3","3501",".anim","Assets\RecursosUnificados\ColegaTeste\ProjetoPlayerJhonas\Animacoes\Boss\Ataque.anim"
"9D8EF8A951C8CFAD1DDFCFD7CEA088DB63B7191B568EC206DC30F629DA6BF49A","3","7098",".png","Assets\RecursosUnificados\BranchPedrao\Sprites\Boss\idle\PNG\idle_0002.png"
"9D8EF8A951C8CFAD1DDFCFD7CEA088DB63B7191B568EC206DC30F629DA6BF49A","3","7098",".png","Assets\RecursosUnificados\ChegaComJhon\Sprites\Objetos\Boss\idle\PNG\idle_0002.png"
"9D8EF8A951C8CFAD1DDFCFD7CEA088DB63B7191B568EC206DC30F629DA6BF49A","3","7098",".png","Assets\RecursosUnificados\ColegaTeste\ProjetoPlayerJhonas\Sprites\Boss\idle\PNG\idle_0002.png"
"9DF28A78CA39477ACA46115E82237AD0C7C6B7DC097404C53833B24183EA4460","3","9234",".png","Assets\RecursosUnificados\BranchPedrao\Sprites\Boss\dead\PNG\PNG_0017.png"
"9DF28A78CA39477ACA46115E82237AD0C7C6B7DC097404C53833B24183EA4460","3","9234",".png","Assets\RecursosUnificados\ChegaComJhon\Sprites\Objetos\Boss\dead\PNG\PNG_0017.png"
"9DF28A78CA39477ACA46115E82237AD0C7C6B7DC097404C53833B24183EA4460","3","9234",".png","Assets\RecursosUnificados\ColegaTeste\ProjetoPlayerJhonas\Sprites\Boss\dead\PNG\PNG_0017.png"
"A0193B3DE206BB5384DFFB471949891306E933A4BD9CDA497019EA434FE47647","3","6103",".png","Assets\RecursosUnificados\BranchPedrao\Sprites\Boss\idle\PNG\idle_0009.png"
"A0193B3DE206BB5384DFFB471949891306E933A4BD9CDA497019EA434FE47647","3","6103",".png","Assets\RecursosUnificados\ChegaComJhon\Sprites\Objetos\Boss\idle\PNG\idle_0009.png"
"A0193B3DE206BB5384DFFB471949891306E933A4BD9CDA497019EA434FE47647","3","6103",".png","Assets\RecursosUnificados\ColegaTeste\ProjetoPlayerJhonas\Sprites\Boss\idle\PNG\idle_0009.png"
"A0D318756CBA0F95A7052C387E629D0ADD3E9A4125C8333F1D1ED591AF5F17CB","3","11054",".shader","Assets\RecursosUnificados\BranchPedrao\TextMesh Pro\Shaders\TMP_SDF Overlay.shader"
"A0D318756CBA0F95A7052C387E629D0ADD3E9A4125C8333F1D1ED591AF5F17CB","3","11054",".shader","Assets\RecursosUnificados\ChegaComJhon\TextMesh Pro\Shaders\TMP_SDF Overlay.shader"
"A0D318756CBA0F95A7052C387E629D0ADD3E9A4125C8333F1D1ED591AF5F17CB","3","11054",".shader","Assets\RecursosUnificados\ColegaTeste\TextMesh Pro\Shaders\TMP_SDF Overlay.shader"
"A136D84506B8ED406EAE636BE46977243C0CBBC478597AA84935127EACC3BADF","3","15240",".png","Assets\RecursosUnificados\BranchPedrao\Sprites\ANJO\IDLE\PNG\PNG_0003.png"
"A136D84506B8ED406EAE636BE46977243C0CBBC478597AA84935127EACC3BADF","3","15240",".png","Assets\RecursosUnificados\ChegaComJhon\Sprites\Objetos\Anjo\IDLE\PNG\PNG_0003.png"
"A136D84506B8ED406EAE636BE46977243C0CBBC478597AA84935127EACC3BADF","3","15240",".png","Assets\RecursosUnificados\ColegaTeste\ProjetoPlayerJhonas\Sprites\ANJO\IDLE\PNG\PNG_0003.png"
"A21ABEB1217E4EED23DE98CC9144877EC9C7DE7C937A8E41DC2148BD8F12422B","3","10180",".png","Assets\RecursosUnificados\BranchPedrao\Sprites\Boss\attack\PNG\ATTK\PNG_0009.png"
"A21ABEB1217E4EED23DE98CC9144877EC9C7DE7C937A8E41DC2148BD8F12422B","3","10180",".png","Assets\RecursosUnificados\ChegaComJhon\Sprites\Objetos\Boss\attack\PNG\ATTK\PNG_0009.png"
"A21ABEB1217E4EED23DE98CC9144877EC9C7DE7C937A8E41DC2148BD8F12422B","3","10180",".png","Assets\RecursosUnificados\ColegaTeste\ProjetoPlayerJhonas\Sprites\Boss\attack\PNG\ATTK\PNG_0009.png"
"A26F474AF7DB91ADA541D75CCF9ECB1758994900FE271013BA2451DA0F0F6C62","3","5076",".png","Assets\RecursosUnificados\BranchPedrao\Sprites\Player 1\Ataque\ATTK-3\ATTK-3_0001.png"
"A26F474AF7DB91ADA541D75CCF9ECB1758994900FE271013BA2451DA0F0F6C62","3","5076",".png","Assets\RecursosUnificados\ChegaComJhon\Sprites\Objetos\Player 1\Ataque\ATTK-3\ATTK-3_0001.png"
"A26F474AF7DB91ADA541D75CCF9ECB1758994900FE271013BA2451DA0F0F6C62","3","5076",".png","Assets\RecursosUnificados\ColegaTeste\ProjetoPlayerJhonas\Sprites\Player 1\Ataque\ATTK-3\ATTK-3_0001.png"
"A2A97E41AE9EC25F62DF59E26868229C53DD0803CEC7A34A9E5071C7604B3B2A","3","7450",".png","Assets\RecursosUnificados\BranchPedrao\Sprites\Boss\run\PNG\PNG_0001.png"
"A2A97E41AE9EC25F62DF59E26868229C53DD0803CEC7A34A9E5071C7604B3B2A","3","7450",".png","Assets\RecursosUnificados\ChegaComJhon\Sprites\Objetos\Boss\run\PNG\PNG_0001.png"
"A2A97E41AE9EC25F62DF59E26868229C53DD0803CEC7A34A9E5071C7604B3B2A","3","7450",".png","Assets\RecursosUnificados\ColegaTeste\ProjetoPlayerJhonas\Sprites\Boss\run\PNG\PNG_0001.png"
"A487C0291DE6B47EFCF800EE8F3B4B5D2F83E72392C8B3C76F0DF6A4525C31BE","3","6691",".png","Assets\RecursosUnificados\BranchPedrao\Sprites\Boss\walk\PNG\PNG_0009.png"
"A487C0291DE6B47EFCF800EE8F3B4B5D2F83E72392C8B3C76F0DF6A4525C31BE","3","6691",".png","Assets\RecursosUnificados\ChegaComJhon\Sprites\Objetos\Boss\walk\PNG\PNG_0009.png"
"A487C0291DE6B47EFCF800EE8F3B4B5D2F83E72392C8B3C76F0DF6A4525C31BE","3","6691",".png","Assets\RecursosUnificados\ColegaTeste\ProjetoPlayerJhonas\Sprites\Boss\walk\PNG\PNG_0009.png"
"A4A8EB12D866E0A2F35486532BA330E6D716F27E4FC62355F145752A501BECE7","3","4396",".png","Assets\RecursosUnificados\BranchPedrao\Sprites\Player 1\dead\dead_0005.png"
"A4A8EB12D866E0A2F35486532BA330E6D716F27E4FC62355F145752A501BECE7","3","4396",".png","Assets\RecursosUnificados\ChegaComJhon\Sprites\Objetos\Player 1\Dead\dead_0005.png"
"A4A8EB12D866E0A2F35486532BA330E6D716F27E4FC62355F145752A501BECE7","3","4396",".png","Assets\RecursosUnificados\ColegaTeste\ProjetoPlayerJhonas\Sprites\Player 1\dead\dead_0005.png"
"A4AB12E8F5731C68EDE6D246EB121F4A26EA47D57405FCE55F6C352B5E8C538C","6","8718",".png","Assets\RecursosUnificados\BranchPedrao\Sprites\ANJO\IDLE\DISSPAR\DISSPAR_0007.png"
"A4AB12E8F5731C68EDE6D246EB121F4A26EA47D57405FCE55F6C352B5E8C538C","6","8718",".png","Assets\RecursosUnificados\BranchPedrao\Sprites\Boss\dead\PNG\DISSPAR_0007.png"
"A4AB12E8F5731C68EDE6D246EB121F4A26EA47D57405FCE55F6C352B5E8C538C","6","8718",".png","Assets\RecursosUnificados\ChegaComJhon\Sprites\Objetos\Anjo\IDLE\DISSPAR\DISSPAR_0007.png"
"A4AB12E8F5731C68EDE6D246EB121F4A26EA47D57405FCE55F6C352B5E8C538C","6","8718",".png","Assets\RecursosUnificados\ChegaComJhon\Sprites\Objetos\Boss\dead\PNG\DISSPAR_0007.png"
"A4AB12E8F5731C68EDE6D246EB121F4A26EA47D57405FCE55F6C352B5E8C538C","6","8718",".png","Assets\RecursosUnificados\ColegaTeste\ProjetoPlayerJhonas\Sprites\ANJO\IDLE\DISSPAR\DISSPAR_0007.png"
"A4AB12E8F5731C68EDE6D246EB121F4A26EA47D57405FCE55F6C352B5E8C538C","6","8718",".png","Assets\RecursosUnificados\ColegaTeste\ProjetoPlayerJhonas\Sprites\Boss\dead\PNG\DISSPAR_0007.png"
"A5526A3390568FA81ECEB6E5105EDC3B0D9BBE0D9C234DAA4273EA793E49F71D","3","54891",".gif","Assets\RecursosUnificados\BranchPedrao\Sprites\Boss\idle\idle.gif"
"A5526A3390568FA81ECEB6E5105EDC3B0D9BBE0D9C234DAA4273EA793E49F71D","3","54891",".gif","Assets\RecursosUnificados\ChegaComJhon\Sprites\Objetos\Boss\idle\idle.gif"
"A5526A3390568FA81ECEB6E5105EDC3B0D9BBE0D9C234DAA4273EA793E49F71D","3","54891",".gif","Assets\RecursosUnificados\ColegaTeste\ProjetoPlayerJhonas\Sprites\Boss\idle\idle.gif"
"A7ABD01236CF590466151FEE41DAFCEEDEAE148174D13F5FDD98C74B36A50996","3","8335",".png","Assets\RecursosUnificados\BranchPedrao\Sprites\Boss\walk\PNG\PNG_0002.png"
"A7ABD01236CF590466151FEE41DAFCEEDEAE148174D13F5FDD98C74B36A50996","3","8335",".png","Assets\RecursosUnificados\ChegaComJhon\Sprites\Objetos\Boss\walk\PNG\PNG_0002.png"
"A7ABD01236CF590466151FEE41DAFCEEDEAE148174D13F5FDD98C74B36A50996","3","8335",".png","Assets\RecursosUnificados\ColegaTeste\ProjetoPlayerJhonas\Sprites\Boss\walk\PNG\PNG_0002.png"
"A87B965A701DE3DC31D7401E542B1FC946587F912C51D7A26E46ADE9F098BD1A","4","112319",".png","Assets\RecursosUnificados\BranchPedrao\TextMesh Pro\Sprites\EmojiOne.png"
"A87B965A701DE3DC31D7401E542B1FC946587F912C51D7A26E46ADE9F098BD1A","4","112319",".png","Assets\RecursosUnificados\ChegaComJhon\TextMesh Pro\Sprites\EmojiOne.png"
"A87B965A701DE3DC31D7401E542B1FC946587F912C51D7A26E46ADE9F098BD1A","4","112319",".png","Assets\RecursosUnificados\ColegaTeste\ProjetoPlayerJhonas\TextMesh Pro\Sprites\EmojiOne.png"
"A87B965A701DE3DC31D7401E542B1FC946587F912C51D7A26E46ADE9F098BD1A","4","112319",".png","Assets\RecursosUnificados\ColegaTeste\TextMesh Pro\Sprites\EmojiOne.png"
"A980E090131248BFC5C93640356B51F3E15BCB79A6CDB7254478E35E9A01D7D0","3","3087",".anim","Assets\RecursosUnificados\BranchPedrao\Animacoes\Player\ataque.anim"
"A980E090131248BFC5C93640356B51F3E15BCB79A6CDB7254478E35E9A01D7D0","3","3087",".anim","Assets\RecursosUnificados\ChegaComJhon\Animacoes\Player\ataque.anim"
"A980E090131248BFC5C93640356B51F3E15BCB79A6CDB7254478E35E9A01D7D0","3","3087",".anim","Assets\RecursosUnificados\ColegaTeste\ProjetoPlayerJhonas\Animacoes\Player\ataque.anim"
"AA090524435DA711B40EAE46DEE5E71B45488A8CEBCDBEC1F1795F9C21AE4839","3","4298",".anim","Assets\RecursosUnificados\BranchPedrao\Animacoes\Player\Running.anim"
"AA090524435DA711B40EAE46DEE5E71B45488A8CEBCDBEC1F1795F9C21AE4839","3","4298",".anim","Assets\RecursosUnificados\ChegaComJhon\Animacoes\Player\Running.anim"
"AA090524435DA711B40EAE46DEE5E71B45488A8CEBCDBEC1F1795F9C21AE4839","3","4298",".anim","Assets\RecursosUnificados\ColegaTeste\ProjetoPlayerJhonas\Animacoes\Player\Running.anim"
"AAFD623754879DD55E027F9CDD26ACB3766BB7E41203BE8B62D11E11BE84B7F8","3","4609",".png","Assets\RecursosUnificados\BranchPedrao\Sprites\ANJO\IDLE\PNG-SURGE\PNG-SURGE_0001.png"
"AAFD623754879DD55E027F9CDD26ACB3766BB7E41203BE8B62D11E11BE84B7F8","3","4609",".png","Assets\RecursosUnificados\ChegaComJhon\Sprites\Objetos\Anjo\IDLE\PNG-SURGE\PNG-SURGE_0001.png"
"AAFD623754879DD55E027F9CDD26ACB3766BB7E41203BE8B62D11E11BE84B7F8","3","4609",".png","Assets\RecursosUnificados\ColegaTeste\ProjetoPlayerJhonas\Sprites\ANJO\IDLE\PNG-SURGE\PNG-SURGE_0001.png"
"AB50C34862BDB2F4D53FF36469C67CAD433B9CFE3DE4C7EC89D78EFCCEA4EFBF","3","8862",".png","Assets\RecursosUnificados\BranchPedrao\Sprites\Player 1\Ataque\ATTK-1\attack-1_0007.png"
"AB50C34862BDB2F4D53FF36469C67CAD433B9CFE3DE4C7EC89D78EFCCEA4EFBF","3","8862",".png","Assets\RecursosUnificados\ChegaComJhon\Sprites\Objetos\Player 1\Ataque\ATTK-1\attack-1_0007.png"
"AB50C34862BDB2F4D53FF36469C67CAD433B9CFE3DE4C7EC89D78EFCCEA4EFBF","3","8862",".png","Assets\RecursosUnificados\ColegaTeste\ProjetoPlayerJhonas\Sprites\Player 1\Ataque\ATTK-1\attack-1_0007.png"
"ACF06E2DF09BE9860BDFCF5FF4E35AFCA0DD704F177D0730BA7E12ACC3F0BD7B","3","7802",".png","Assets\RecursosUnificados\BranchPedrao\Sprites\Boss\attack\PNG\PREPARAÇÃO\PNG_0006.png"
"ACF06E2DF09BE9860BDFCF5FF4E35AFCA0DD704F177D0730BA7E12ACC3F0BD7B","3","7802",".png","Assets\RecursosUnificados\ChegaComJhon\Sprites\Objetos\Boss\attack\PNG\PREPARAÇÃO\PNG_0006.png"
"ACF06E2DF09BE9860BDFCF5FF4E35AFCA0DD704F177D0730BA7E12ACC3F0BD7B","3","7802",".png","Assets\RecursosUnificados\ColegaTeste\ProjetoPlayerJhonas\Sprites\Boss\attack\PNG\PREPARAÇÃO\PNG_0006.png"
"AD12FF1F3647DBFF83DEEE8ECFB065F0983E41E6DF8329C1BCDCA518D2C9A331","3","7617",".png","Assets\RecursosUnificados\BranchPedrao\Sprites\Boss\idle\PNG\idle_0004.png"
"AD12FF1F3647DBFF83DEEE8ECFB065F0983E41E6DF8329C1BCDCA518D2C9A331","3","7617",".png","Assets\RecursosUnificados\ChegaComJhon\Sprites\Objetos\Boss\idle\PNG\idle_0004.png"
"AD12FF1F3647DBFF83DEEE8ECFB065F0983E41E6DF8329C1BCDCA518D2C9A331","3","7617",".png","Assets\RecursosUnificados\ColegaTeste\ProjetoPlayerJhonas\Sprites\Boss\idle\PNG\idle_0004.png"
"AD4DB5B96BEC566C28651C7B69CBCC2FB8A223306D6CA693423FE0D5F7A2C66B","3","43749",".gif","Assets\RecursosUnificados\BranchPedrao\Sprites\Boss\attack\attk-1.gif"
"AD4DB5B96BEC566C28651C7B69CBCC2FB8A223306D6CA693423FE0D5F7A2C66B","3","43749",".gif","Assets\RecursosUnificados\ChegaComJhon\Sprites\Objetos\Boss\attack\attk-1.gif"
"AD4DB5B96BEC566C28651C7B69CBCC2FB8A223306D6CA693423FE0D5F7A2C66B","3","43749",".gif","Assets\RecursosUnificados\ColegaTeste\ProjetoPlayerJhonas\Sprites\Boss\attack\attk-1.gif"
"AEC46BC71A6BE76A0F7AADFAEC408A00EDC33D30977FC5ECB38A6798C0FB4C24","3","7437",".png","Assets\RecursosUnificados\BranchPedrao\Sprites\Boss\idle\PNG\idle_0016.png"
"AEC46BC71A6BE76A0F7AADFAEC408A00EDC33D30977FC5ECB38A6798C0FB4C24","3","7437",".png","Assets\RecursosUnificados\ChegaComJhon\Sprites\Objetos\Boss\idle\PNG\idle_0016.png"
"AEC46BC71A6BE76A0F7AADFAEC408A00EDC33D30977FC5ECB38A6798C0FB4C24","3","7437",".png","Assets\RecursosUnificados\ColegaTeste\ProjetoPlayerJhonas\Sprites\Boss\idle\PNG\idle_0016.png"
"AEFB5A97FC8ADE3137946DB8C98C0EBF925778F731D010ACA97EF0B484BD81EE","3","6295",".png","Assets\RecursosUnificados\BranchPedrao\Sprites\Boss\idle\PNG\idle_0010.png"
"AEFB5A97FC8ADE3137946DB8C98C0EBF925778F731D010ACA97EF0B484BD81EE","3","6295",".png","Assets\RecursosUnificados\ChegaComJhon\Sprites\Objetos\Boss\idle\PNG\idle_0010.png"
"AEFB5A97FC8ADE3137946DB8C98C0EBF925778F731D010ACA97EF0B484BD81EE","3","6295",".png","Assets\RecursosUnificados\ColegaTeste\ProjetoPlayerJhonas\Sprites\Boss\idle\PNG\idle_0010.png"
"AF669BB9AE136C8099F8E0A94A6933FD2F1E1FB0A6842129939A319FAB4B8DBB","3","3446",".shader","Assets\RecursosUnificados\BranchPedrao\TextMesh Pro\Shaders\TMP_Sprite.shader"
"AF669BB9AE136C8099F8E0A94A6933FD2F1E1FB0A6842129939A319FAB4B8DBB","3","3446",".shader","Assets\RecursosUnificados\ChegaComJhon\TextMesh Pro\Shaders\TMP_Sprite.shader"
"AF669BB9AE136C8099F8E0A94A6933FD2F1E1FB0A6842129939A319FAB4B8DBB","3","3446",".shader","Assets\RecursosUnificados\ColegaTeste\TextMesh Pro\Shaders\TMP_Sprite.shader"
"B028832D321AD441DD2A2BCEC0D77B5F5CF828BF410C43E53B22D72A77B1715C","3","5833",".png","Assets\RecursosUnificados\BranchPedrao\Sprites\Player 1\Ataque\ATTK-1\attack-1_0001.png"
"B028832D321AD441DD2A2BCEC0D77B5F5CF828BF410C43E53B22D72A77B1715C","3","5833",".png","Assets\RecursosUnificados\ChegaComJhon\Sprites\Objetos\Player 1\Ataque\ATTK-1\attack-1_0001.png"
"B028832D321AD441DD2A2BCEC0D77B5F5CF828BF410C43E53B22D72A77B1715C","3","5833",".png","Assets\RecursosUnificados\ColegaTeste\ProjetoPlayerJhonas\Sprites\Player 1\Ataque\ATTK-1\attack-1_0001.png"
"B06F140C547AFA78EE67BE18A81815A659AAD3B99BD275012E0AA72170BEB240","3","10418",".png","Assets\RecursosUnificados\BranchPedrao\Sprites\Boss\run\PREPARAÇÃO\run_0006.png"
"B06F140C547AFA78EE67BE18A81815A659AAD3B99BD275012E0AA72170BEB240","3","10418",".png","Assets\RecursosUnificados\ChegaComJhon\Sprites\Objetos\Boss\run\PREPARAÇÃO\run_0006.png"
"B06F140C547AFA78EE67BE18A81815A659AAD3B99BD275012E0AA72170BEB240","3","10418",".png","Assets\RecursosUnificados\ColegaTeste\ProjetoPlayerJhonas\Sprites\Boss\run\PREPARAÇÃO\run_0006.png"
"B24DE1EB6F91887061F747353B780452033AD9C34C005A9D1DBBB99AF11B8969","6","7261",".png","Assets\RecursosUnificados\BranchPedrao\Sprites\Player 1\walk\def-walk_0008.png"
"B24DE1EB6F91887061F747353B780452033AD9C34C005A9D1DBBB99AF11B8969","6","7261",".png","Assets\RecursosUnificados\BranchPedrao\Sprites\Player 1\walk\png\def-walk_0008.png"
"B24DE1EB6F91887061F747353B780452033AD9C34C005A9D1DBBB99AF11B8969","6","7261",".png","Assets\RecursosUnificados\ChegaComJhon\Sprites\Objetos\Player 1\Walk\def-walk_0008.png"
"B24DE1EB6F91887061F747353B780452033AD9C34C005A9D1DBBB99AF11B8969","6","7261",".png","Assets\RecursosUnificados\ChegaComJhon\Sprites\Objetos\Player 1\Walk\png\def-walk_0008.png"
"B24DE1EB6F91887061F747353B780452033AD9C34C005A9D1DBBB99AF11B8969","6","7261",".png","Assets\RecursosUnificados\ColegaTeste\ProjetoPlayerJhonas\Sprites\Player 1\walk\def-walk_0008.png"
"B24DE1EB6F91887061F747353B780452033AD9C34C005A9D1DBBB99AF11B8969","6","7261",".png","Assets\RecursosUnificados\ColegaTeste\ProjetoPlayerJhonas\Sprites\Player 1\walk\png\def-walk_0008.png"
"B427A5780BB61ED9CED85892572B569E7D2638894B23F248E0C45C657E89CA4C","3","6690",".png","Assets\RecursosUnificados\BranchPedrao\Sprites\Player 1\jump-plataforma\jump-plataforma_0006.png"
"B427A5780BB61ED9CED85892572B569E7D2638894B23F248E0C45C657E89CA4C","3","6690",".png","Assets\RecursosUnificados\ChegaComJhon\Sprites\Objetos\Player 1\jump-plataforma\jump-plataforma_0006.png"
"B427A5780BB61ED9CED85892572B569E7D2638894B23F248E0C45C657E89CA4C","3","6690",".png","Assets\RecursosUnificados\ColegaTeste\ProjetoPlayerJhonas\Sprites\Player 1\jump-plataforma\jump-plataforma_0006.png"
"B50AFC7EDC8A710F8B4159149B2391E7238B5E4076CC0EA2119090ED29E13B4A","3","4071",".shader","Assets\RecursosUnificados\BranchPedrao\TextMesh Pro\Shaders\TMP_Bitmap-Mobile.shader"
"B50AFC7EDC8A710F8B4159149B2391E7238B5E4076CC0EA2119090ED29E13B4A","3","4071",".shader","Assets\RecursosUnificados\ChegaComJhon\TextMesh Pro\Shaders\TMP_Bitmap-Mobile.shader"
"B50AFC7EDC8A710F8B4159149B2391E7238B5E4076CC0EA2119090ED29E13B4A","3","4071",".shader","Assets\RecursosUnificados\ColegaTeste\TextMesh Pro\Shaders\TMP_Bitmap-Mobile.shader"
"B6204ED036DA1B0771D831399EE0E92F38ED0F53122E2957CA95DFD340D53048","3","5776",".png","Assets\RecursosUnificados\BranchPedrao\Sprites\Player 1\jump-(pode ser trocado com o tempo)\PNGS\PNGS_0011.png"
"B6204ED036DA1B0771D831399EE0E92F38ED0F53122E2957CA95DFD340D53048","3","5776",".png","Assets\RecursosUnificados\ChegaComJhon\Sprites\Objetos\Player 1\jump-(pode ser trocado com o tempo)\PNGS\PNGS_0011.png"
"B6204ED036DA1B0771D831399EE0E92F38ED0F53122E2957CA95DFD340D53048","3","5776",".png","Assets\RecursosUnificados\ColegaTeste\ProjetoPlayerJhonas\Sprites\Player 1\jump-(pode ser trocado com o tempo)\PNGS\PNGS_0011.png"
"B6837AC2E1212E3EB6A660ADF527787F754CE78BFBE8177D8C4520633D33C71B","3","6108",".png","Assets\RecursosUnificados\BranchPedrao\Sprites\Player 1\dash\PNG\dash_0010.png"
"B6837AC2E1212E3EB6A660ADF527787F754CE78BFBE8177D8C4520633D33C71B","3","6108",".png","Assets\RecursosUnificados\ChegaComJhon\Sprites\Objetos\Player 1\Dash\PNG\dash_0010.png"
"B6837AC2E1212E3EB6A660ADF527787F754CE78BFBE8177D8C4520633D33C71B","3","6108",".png","Assets\RecursosUnificados\ColegaTeste\ProjetoPlayerJhonas\Sprites\Player 1\dash\PNG\dash_0010.png"
"B6B65C34E4907DD3006C2217FC8A4CEF81B6DA24DF0A3DE8E2288199EB6C5A9D","3","2975",".mat","Assets\RecursosUnificados\BranchPedrao\TextMesh Pro\Resources\Fonts & Materials\LiberationSans SDF - Drop Shadow.mat"
"B6B65C34E4907DD3006C2217FC8A4CEF81B6DA24DF0A3DE8E2288199EB6C5A9D","3","2975",".mat","Assets\RecursosUnificados\ChegaComJhon\TextMesh Pro\Resources\Fonts & Materials\LiberationSans SDF - Drop Shadow.mat"
"B6B65C34E4907DD3006C2217FC8A4CEF81B6DA24DF0A3DE8E2288199EB6C5A9D","3","2975",".mat","Assets\RecursosUnificados\ColegaTeste\TextMesh Pro\Resources\Fonts & Materials\LiberationSans SDF - Drop Shadow.mat"
"B6E91389CA2A97EAB73363468ED26F7CF22A64F2AB32C5B0890B71F0743C3BF4","3","5315",".png","Assets\RecursosUnificados\BranchPedrao\Sprites\Player 1\jump-plataforma\jump-plataforma_0003.png"
"B6E91389CA2A97EAB73363468ED26F7CF22A64F2AB32C5B0890B71F0743C3BF4","3","5315",".png","Assets\RecursosUnificados\ChegaComJhon\Sprites\Objetos\Player 1\jump-plataforma\jump-plataforma_0003.png"
"B6E91389CA2A97EAB73363468ED26F7CF22A64F2AB32C5B0890B71F0743C3BF4","3","5315",".png","Assets\RecursosUnificados\ColegaTeste\ProjetoPlayerJhonas\Sprites\Player 1\jump-plataforma\jump-plataforma_0003.png"
"B72ABA02DF4361D783E4BBEA10D9DEEFCA5868C2BC5960C29EC2D1862C0C5BC7","3","6672",".png","Assets\RecursosUnificados\BranchPedrao\Sprites\Player 1\idle\idle6.png"
"B72ABA02DF4361D783E4BBEA10D9DEEFCA5868C2BC5960C29EC2D1862C0C5BC7","3","6672",".png","Assets\RecursosUnificados\ChegaComJhon\Sprites\Objetos\Player 1\Idle\idle6.png"
"B72ABA02DF4361D783E4BBEA10D9DEEFCA5868C2BC5960C29EC2D1862C0C5BC7","3","6672",".png","Assets\RecursosUnificados\ColegaTeste\ProjetoPlayerJhonas\Sprites\Player 1\idle\idle6.png"
"B85C4B3001B6BA82D175F4CD5DAB83DA467BBC2527D3D447B66919D2D20C4FAF","3","3966",".json","Assets\RecursosUnificados\BranchPedrao\TextMesh Pro\Sprites\EmojiOne.json"
"B85C4B3001B6BA82D175F4CD5DAB83DA467BBC2527D3D447B66919D2D20C4FAF","3","3966",".json","Assets\RecursosUnificados\ChegaComJhon\TextMesh Pro\Sprites\EmojiOne.json"
"B85C4B3001B6BA82D175F4CD5DAB83DA467BBC2527D3D447B66919D2D20C4FAF","3","3966",".json","Assets\RecursosUnificados\ColegaTeste\TextMesh Pro\Sprites\EmojiOne.json"
"B86750122007BEB5B5D12723D9354D24015C856DB5B3ABE79FD0E8269A8C262A","3","56813",".gif","Assets\RecursosUnificados\BranchPedrao\Sprites\Boss\attack\PNG\PREPARAÇÃO\special-attk.gif"
"B86750122007BEB5B5D12723D9354D24015C856DB5B3ABE79FD0E8269A8C262A","3","56813",".gif","Assets\RecursosUnificados\ChegaComJhon\Sprites\Objetos\Boss\attack\PNG\PREPARAÇÃO\special-attk.gif"
"B86750122007BEB5B5D12723D9354D24015C856DB5B3ABE79FD0E8269A8C262A","3","56813",".gif","Assets\RecursosUnificados\ColegaTeste\ProjetoPlayerJhonas\Sprites\Boss\attack\PNG\PREPARAÇÃO\special-attk.gif"
"B88437CF1698BD0F2102F1818F092540500D0DF248EDC71A1850D2DAE68A52E5","3","45007",".gif","Assets\RecursosUnificados\BranchPedrao\Sprites\Boss\walk\walk.gif"
"B88437CF1698BD0F2102F1818F092540500D0DF248EDC71A1850D2DAE68A52E5","3","45007",".gif","Assets\RecursosUnificados\ChegaComJhon\Sprites\Objetos\Boss\walk\walk.gif"
"B88437CF1698BD0F2102F1818F092540500D0DF248EDC71A1850D2DAE68A52E5","3","45007",".gif","Assets\RecursosUnificados\ColegaTeste\ProjetoPlayerJhonas\Sprites\Boss\walk\walk.gif"
"B908DC4FC92E29A11197106C465388E2C2F7E4B29462252B3F861934CB5D975F","3","4300",".anim","Assets\RecursosUnificados\BranchPedrao\Animacoes\Boss\Run.anim"
"B908DC4FC92E29A11197106C465388E2C2F7E4B29462252B3F861934CB5D975F","3","4300",".anim","Assets\RecursosUnificados\ChegaComJhon\Animacoes\Boss\Run.anim"
"B908DC4FC92E29A11197106C465388E2C2F7E4B29462252B3F861934CB5D975F","3","4300",".anim","Assets\RecursosUnificados\ColegaTeste\ProjetoPlayerJhonas\Animacoes\Boss\Run.anim"
"B9103D5D1E658C906D20BD56ABD937B7D0FB5063F3F91C0C285F3CA585DFAA32","3","9961",".png","Assets\RecursosUnificados\BranchPedrao\Sprites\Player 1\Ataque\JUMP-ATTK\PNG_0007.png"
"B9103D5D1E658C906D20BD56ABD937B7D0FB5063F3F91C0C285F3CA585DFAA32","3","9961",".png","Assets\RecursosUnificados\ChegaComJhon\Sprites\Objetos\Player 1\Ataque\JUMP-ATTK\PNG_0007.png"
"B9103D5D1E658C906D20BD56ABD937B7D0FB5063F3F91C0C285F3CA585DFAA32","3","9961",".png","Assets\RecursosUnificados\ColegaTeste\ProjetoPlayerJhonas\Sprites\Player 1\Ataque\JUMP-ATTK\PNG_0007.png"
"B94A40BD1BE3204963DB02D9E858686D6E3DC54CE725459459179C83FC0BF078","3","6806",".png","Assets\RecursosUnificados\BranchPedrao\Sprites\Player 1\jump-(pode ser trocado com o tempo)\PNGS\PNGS_0004.png"
"B94A40BD1BE3204963DB02D9E858686D6E3DC54CE725459459179C83FC0BF078","3","6806",".png","Assets\RecursosUnificados\ChegaComJhon\Sprites\Objetos\Player 1\jump-(pode ser trocado com o tempo)\PNGS\PNGS_0004.png"
"B94A40BD1BE3204963DB02D9E858686D6E3DC54CE725459459179C83FC0BF078","3","6806",".png","Assets\RecursosUnificados\ColegaTeste\ProjetoPlayerJhonas\Sprites\Player 1\jump-(pode ser trocado com o tempo)\PNGS\PNGS_0004.png"
"B9A1F0082EF749047835C841263DD08735220FB9E9C127CFFC738DF7C10EFB19","3","9436",".png","Assets\RecursosUnificados\BranchPedrao\Sprites\Boss\fall\PNG\PNG_0004.png"
"B9A1F0082EF749047835C841263DD08735220FB9E9C127CFFC738DF7C10EFB19","3","9436",".png","Assets\RecursosUnificados\ChegaComJhon\Sprites\Objetos\Boss\fall\PNG\PNG_0004.png"
"B9A1F0082EF749047835C841263DD08735220FB9E9C127CFFC738DF7C10EFB19","3","9436",".png","Assets\RecursosUnificados\ColegaTeste\ProjetoPlayerJhonas\Sprites\Boss\fall\PNG\PNG_0004.png"
"BAB10ECF24B5588A37E543C9F7C8776C3C02B505B64684367885359C7D09EF16","6","13242",".png","Assets\RecursosUnificados\BranchPedrao\Sprites\Boss\cry\cry_0002.png"
"BAB10ECF24B5588A37E543C9F7C8776C3C02B505B64684367885359C7D09EF16","6","13242",".png","Assets\RecursosUnificados\BranchPedrao\Sprites\Boss\fall\PNG\PNG_0007 (2).png"
"BAB10ECF24B5588A37E543C9F7C8776C3C02B505B64684367885359C7D09EF16","6","13242",".png","Assets\RecursosUnificados\ChegaComJhon\Sprites\Objetos\Boss\cry\cry_0002.png"
"BAB10ECF24B5588A37E543C9F7C8776C3C02B505B64684367885359C7D09EF16","6","13242",".png","Assets\RecursosUnificados\ChegaComJhon\Sprites\Objetos\Boss\fall\PNG\PNG_0007 (2).png"
"BAB10ECF24B5588A37E543C9F7C8776C3C02B505B64684367885359C7D09EF16","6","13242",".png","Assets\RecursosUnificados\ColegaTeste\ProjetoPlayerJhonas\Sprites\Boss\cry\cry_0002.png"
"BAB10ECF24B5588A37E543C9F7C8776C3C02B505B64684367885359C7D09EF16","6","13242",".png","Assets\RecursosUnificados\ColegaTeste\ProjetoPlayerJhonas\Sprites\Boss\fall\PNG\PNG_0007 (2).png"
"BAD53E9B79C4DAB2AD35CCCC8D98FAD6204F5F9C95CB74B384746BC4879535D6","3","11452",".png","Assets\RecursosUnificados\BranchPedrao\Sprites\Player 1\DMG-animation\DMG-animation_0004.png"
"BAD53E9B79C4DAB2AD35CCCC8D98FAD6204F5F9C95CB74B384746BC4879535D6","3","11452",".png","Assets\RecursosUnificados\ChegaComJhon\Sprites\Objetos\Player 1\DMG-animation\DMG-animation_0004.png"
"BAD53E9B79C4DAB2AD35CCCC8D98FAD6204F5F9C95CB74B384746BC4879535D6","3","11452",".png","Assets\RecursosUnificados\ColegaTeste\ProjetoPlayerJhonas\Sprites\Player 1\DMG-animation\DMG-animation_0004.png"
"BBB70A10828DFE0AC253805013AB226EDD284379223EB4955E520E7D7749A65E","6","7736",".png","Assets\RecursosUnificados\BranchPedrao\Sprites\Player 1\walk\def-walk_0004.png"
"BBB70A10828DFE0AC253805013AB226EDD284379223EB4955E520E7D7749A65E","6","7736",".png","Assets\RecursosUnificados\BranchPedrao\Sprites\Player 1\walk\png\def-walk_0004.png"
"BBB70A10828DFE0AC253805013AB226EDD284379223EB4955E520E7D7749A65E","6","7736",".png","Assets\RecursosUnificados\ChegaComJhon\Sprites\Objetos\Player 1\Walk\def-walk_0004.png"
"BBB70A10828DFE0AC253805013AB226EDD284379223EB4955E520E7D7749A65E","6","7736",".png","Assets\RecursosUnificados\ChegaComJhon\Sprites\Objetos\Player 1\Walk\png\def-walk_0004.png"
"BBB70A10828DFE0AC253805013AB226EDD284379223EB4955E520E7D7749A65E","6","7736",".png","Assets\RecursosUnificados\ColegaTeste\ProjetoPlayerJhonas\Sprites\Player 1\walk\def-walk_0004.png"
"BBB70A10828DFE0AC253805013AB226EDD284379223EB4955E520E7D7749A65E","6","7736",".png","Assets\RecursosUnificados\ColegaTeste\ProjetoPlayerJhonas\Sprites\Player 1\walk\png\def-walk_0004.png"
"BBFB6C4C1B1C153CE1452853680701EDCF656B3BECE80F38FD14D7A14037AFA8","3","7854",".png","Assets\RecursosUnificados\BranchPedrao\Sprites\Boss\walk\PNG\PNG_0004.png"
"BBFB6C4C1B1C153CE1452853680701EDCF656B3BECE80F38FD14D7A14037AFA8","3","7854",".png","Assets\RecursosUnificados\ChegaComJhon\Sprites\Objetos\Boss\walk\PNG\PNG_0004.png"
"BBFB6C4C1B1C153CE1452853680701EDCF656B3BECE80F38FD14D7A14037AFA8","3","7854",".png","Assets\RecursosUnificados\ColegaTeste\ProjetoPlayerJhonas\Sprites\Boss\walk\PNG\PNG_0004.png"
"BC8A760C270816E0A1A85128549673DD2CC9EC7205D43977B4091B03ED8CC006","3","5888",".png","Assets\RecursosUnificados\BranchPedrao\Sprites\Player 1\run\png\pixellab-The-hooded-figure-shifts-their-1776630699897_0009.png"
"BC8A760C270816E0A1A85128549673DD2CC9EC7205D43977B4091B03ED8CC006","3","5888",".png","Assets\RecursosUnificados\ChegaComJhon\Sprites\Objetos\Player 1\Run\png\pixellab-The-hooded-figure-shifts-their-1776630699897_0009.png"
"BC8A760C270816E0A1A85128549673DD2CC9EC7205D43977B4091B03ED8CC006","3","5888",".png","Assets\RecursosUnificados\ColegaTeste\ProjetoPlayerJhonas\Sprites\Player 1\run\png\pixellab-The-hooded-figure-shifts-their-1776630699897_0009.png"
"BCA4865489094C8C1FDA01388D65EE15CA2D56F08799C254AC19AC1D4AD5C4EB","3","8093",".png","Assets\RecursosUnificados\BranchPedrao\Sprites\ANJO\IDLE\PNG-MASC\PNG_0001.png"
"BCA4865489094C8C1FDA01388D65EE15CA2D56F08799C254AC19AC1D4AD5C4EB","3","8093",".png","Assets\RecursosUnificados\ChegaComJhon\Sprites\Objetos\Anjo\IDLE\PNG-MASC\PNG_0001.png"
"BCA4865489094C8C1FDA01388D65EE15CA2D56F08799C254AC19AC1D4AD5C4EB","3","8093",".png","Assets\RecursosUnificados\ColegaTeste\ProjetoPlayerJhonas\Sprites\ANJO\IDLE\PNG-MASC\PNG_0001.png"
"BCDEA921DB9EAF16DD99E68D1C1C0E620EACC157AC2ABD6B4583207CC79D8E96","3","5504",".png","Assets\RecursosUnificados\BranchPedrao\Sprites\Player 1\idle\init-fix.png"
"BCDEA921DB9EAF16DD99E68D1C1C0E620EACC157AC2ABD6B4583207CC79D8E96","3","5504",".png","Assets\RecursosUnificados\ChegaComJhon\Sprites\Objetos\Player 1\Idle\init-fix.png"
"BCDEA921DB9EAF16DD99E68D1C1C0E620EACC157AC2ABD6B4583207CC79D8E96","3","5504",".png","Assets\RecursosUnificados\ColegaTeste\ProjetoPlayerJhonas\Sprites\Player 1\idle\init-fix.png"
"BD5EE8013F6F3DDE6AFFD6B54085A3B54CA932A31F0590FC623FF76AD448726E","3","9519",".png","Assets\RecursosUnificados\BranchPedrao\Sprites\Boss\run\PREPARAÇÃO\run_0004.png"
"BD5EE8013F6F3DDE6AFFD6B54085A3B54CA932A31F0590FC623FF76AD448726E","3","9519",".png","Assets\RecursosUnificados\ChegaComJhon\Sprites\Objetos\Boss\run\PREPARAÇÃO\run_0004.png"
"BD5EE8013F6F3DDE6AFFD6B54085A3B54CA932A31F0590FC623FF76AD448726E","3","9519",".png","Assets\RecursosUnificados\ColegaTeste\ProjetoPlayerJhonas\Sprites\Boss\run\PREPARAÇÃO\run_0004.png"
"BEB08906FB72D8536AA2B2624CA44F5BA2FBE785F564804A1C82853F04053B56","3","6789",".png","Assets\RecursosUnificados\BranchPedrao\Sprites\Player 1\prop\start-attk.png"
"BEB08906FB72D8536AA2B2624CA44F5BA2FBE785F564804A1C82853F04053B56","3","6789",".png","Assets\RecursosUnificados\ChegaComJhon\Sprites\Objetos\Player 1\Prop\start-attk.png"
"BEB08906FB72D8536AA2B2624CA44F5BA2FBE785F564804A1C82853F04053B56","3","6789",".png","Assets\RecursosUnificados\ColegaTeste\ProjetoPlayerJhonas\Sprites\Player 1\prop\start-attk.png"
"BEC6EBB2C2C1BC15978D030E176AFE2D21876E9BF0D02C3C02C15D9D6F8A0B1F","3","6370",".png","Assets\RecursosUnificados\BranchPedrao\Sprites\Player 1\run\png\pixellab-The-hooded-figure-shifts-their-1776630699897_0011.png"
"BEC6EBB2C2C1BC15978D030E176AFE2D21876E9BF0D02C3C02C15D9D6F8A0B1F","3","6370",".png","Assets\RecursosUnificados\ChegaComJhon\Sprites\Objetos\Player 1\Run\png\pixellab-The-hooded-figure-shifts-their-1776630699897_0011.png"
"BEC6EBB2C2C1BC15978D030E176AFE2D21876E9BF0D02C3C02C15D9D6F8A0B1F","3","6370",".png","Assets\RecursosUnificados\ColegaTeste\ProjetoPlayerJhonas\Sprites\Player 1\run\png\pixellab-The-hooded-figure-shifts-their-1776630699897_0011.png"
"BF68062F68B38B588ABD1C354F64E905F824D9A2C47F92EBDD70A32989EB2097","3","287427",".shadergraph","Assets\RecursosUnificados\BranchPedrao\TextMesh Pro\Shaders\TMP_SDF-HDRP LIT.shadergraph"
"BF68062F68B38B588ABD1C354F64E905F824D9A2C47F92EBDD70A32989EB2097","3","287427",".shadergraph","Assets\RecursosUnificados\ChegaComJhon\TextMesh Pro\Shaders\TMP_SDF-HDRP LIT.shadergraph"
"BF68062F68B38B588ABD1C354F64E905F824D9A2C47F92EBDD70A32989EB2097","3","287427",".shadergraph","Assets\RecursosUnificados\ColegaTeste\TextMesh Pro\Shaders\TMP_SDF-HDRP LIT.shadergraph"
"BFC7B0D40EF27EA601C96AA8F60D08FC50895547D5769B9A2D12AE536C12720D","3","6562",".png","Assets\RecursosUnificados\BranchPedrao\Sprites\Player 1\run\png\pixellab-The-hooded-figure-shifts-their-1776630699897_0010.png"
"BFC7B0D40EF27EA601C96AA8F60D08FC50895547D5769B9A2D12AE536C12720D","3","6562",".png","Assets\RecursosUnificados\ChegaComJhon\Sprites\Objetos\Player 1\Run\png\pixellab-The-hooded-figure-shifts-their-1776630699897_0010.png"
"BFC7B0D40EF27EA601C96AA8F60D08FC50895547D5769B9A2D12AE536C12720D","3","6562",".png","Assets\RecursosUnificados\ColegaTeste\ProjetoPlayerJhonas\Sprites\Player 1\run\png\pixellab-The-hooded-figure-shifts-their-1776630699897_0010.png"
"BFF201A60AE754025A0B4A0CBF2A05518303306AC8AFB4A534E22B313A660A55","3","8040",".png","Assets\RecursosUnificados\BranchPedrao\Sprites\Boss\run\PNG\PNG_0011.png"
"BFF201A60AE754025A0B4A0CBF2A05518303306AC8AFB4A534E22B313A660A55","3","8040",".png","Assets\RecursosUnificados\ChegaComJhon\Sprites\Objetos\Boss\run\PNG\PNG_0011.png"
"BFF201A60AE754025A0B4A0CBF2A05518303306AC8AFB4A534E22B313A660A55","3","8040",".png","Assets\RecursosUnificados\ColegaTeste\ProjetoPlayerJhonas\Sprites\Boss\run\PNG\PNG_0011.png"
"C0BA33309AC3DD21A50780CDC9076CAC714511AF5CE292BE18B11875D31B6AA0","3","5561",".png","Assets\RecursosUnificados\BranchPedrao\Sprites\Player 1\troca-de-lado\PNG\troca-de-lado_0011.png"
"C0BA33309AC3DD21A50780CDC9076CAC714511AF5CE292BE18B11875D31B6AA0","3","5561",".png","Assets\RecursosUnificados\ChegaComJhon\Sprites\Objetos\Player 1\Troca-de-lado\PNG\troca-de-lado_0011.png"
"C0BA33309AC3DD21A50780CDC9076CAC714511AF5CE292BE18B11875D31B6AA0","3","5561",".png","Assets\RecursosUnificados\ColegaTeste\ProjetoPlayerJhonas\Sprites\Player 1\troca-de-lado\PNG\troca-de-lado_0011.png"
"C12459C49921E6109FD9F94B56F379D1F65F777054124B06506B693C2A230A43","3","11299",".png","Assets\RecursosUnificados\BranchPedrao\Sprites\ANJO\IDLE\PNG-SURGE\PNG-SURGE_0009.png"
"C12459C49921E6109FD9F94B56F379D1F65F777054124B06506B693C2A230A43","3","11299",".png","Assets\RecursosUnificados\ChegaComJhon\Sprites\Objetos\Anjo\IDLE\PNG-SURGE\PNG-SURGE_0009.png"
"C12459C49921E6109FD9F94B56F379D1F65F777054124B06506B693C2A230A43","3","11299",".png","Assets\RecursosUnificados\ColegaTeste\ProjetoPlayerJhonas\Sprites\ANJO\IDLE\PNG-SURGE\PNG-SURGE_0009.png"
"C127A894794949EF0D98DCA40561C8C9DB8831BBF88FDAAE99FB8A9DE587E61D","2","21704",".unity","Assets\RecursosUnificados\BranchPedrao\Scenes\Cena do JHON.unity"
"C127A894794949EF0D98DCA40561C8C9DB8831BBF88FDAAE99FB8A9DE587E61D","2","21704",".unity","Assets\RecursosUnificados\ColegaTeste\ProjetoPlayerJhonas\Scenes\Cena do JHON.unity"
"C1C5B9C86440D2B2A84D1A28D4686B6E3D7C00FF7B0AE0E6D104A8D38ABBB830","3","3099",".anim","Assets\RecursosUnificados\BranchPedrao\Animacoes\Player\Ataquejump.anim"
"C1C5B9C86440D2B2A84D1A28D4686B6E3D7C00FF7B0AE0E6D104A8D38ABBB830","3","3099",".anim","Assets\RecursosUnificados\ChegaComJhon\Animacoes\Player\Ataquejump.anim"
"C1C5B9C86440D2B2A84D1A28D4686B6E3D7C00FF7B0AE0E6D104A8D38ABBB830","3","3099",".anim","Assets\RecursosUnificados\ColegaTeste\ProjetoPlayerJhonas\Animacoes\Player\Ataquejump.anim"
"C21742D816F4BEF70A6E970CEBD7F50E55F0706EB8A41E8A40F7EB847DB9977E","3","9446",".png","Assets\RecursosUnificados\BranchPedrao\Sprites\Player 1\Ataque\ATTK-3\ATTK-3_0006.png"
"C21742D816F4BEF70A6E970CEBD7F50E55F0706EB8A41E8A40F7EB847DB9977E","3","9446",".png","Assets\RecursosUnificados\ChegaComJhon\Sprites\Objetos\Player 1\Ataque\ATTK-3\ATTK-3_0006.png"
"C21742D816F4BEF70A6E970CEBD7F50E55F0706EB8A41E8A40F7EB847DB9977E","3","9446",".png","Assets\RecursosUnificados\ColegaTeste\ProjetoPlayerJhonas\Sprites\Player 1\Ataque\ATTK-3\ATTK-3_0006.png"
"C257F77D9A32B4D6F6D8860A3407CAAC3762E66880D4930B63999F9A9F9DFA87","3","7617",".png","Assets\RecursosUnificados\BranchPedrao\Sprites\Player 1\Ataque\ATTK-2\ATTK-2_0001.png"
"C257F77D9A32B4D6F6D8860A3407CAAC3762E66880D4930B63999F9A9F9DFA87","3","7617",".png","Assets\RecursosUnificados\ChegaComJhon\Sprites\Objetos\Player 1\Ataque\ATTK-2\ATTK-2_0001.png"
"C257F77D9A32B4D6F6D8860A3407CAAC3762E66880D4930B63999F9A9F9DFA87","3","7617",".png","Assets\RecursosUnificados\ColegaTeste\ProjetoPlayerJhonas\Sprites\Player 1\Ataque\ATTK-2\ATTK-2_0001.png"
"C381E488437B7C99889B5B90BD6BFCE35ECEDD188B16E89C516C0BFA56EE93B6","6","20313",".png","Assets\RecursosUnificados\BranchPedrao\Sprites\Boss\attack\PNG\PREPARAÇÃO\special-attk_0007.png"
"C381E488437B7C99889B5B90BD6BFCE35ECEDD188B16E89C516C0BFA56EE93B6","6","20313",".png","Assets\RecursosUnificados\BranchPedrao\Sprites\Boss\special-attk\special-attk_0007.png"
"C381E488437B7C99889B5B90BD6BFCE35ECEDD188B16E89C516C0BFA56EE93B6","6","20313",".png","Assets\RecursosUnificados\ChegaComJhon\Sprites\Objetos\Boss\attack\PNG\PREPARAÇÃO\special-attk_0007.png"
"C381E488437B7C99889B5B90BD6BFCE35ECEDD188B16E89C516C0BFA56EE93B6","6","20313",".png","Assets\RecursosUnificados\ChegaComJhon\Sprites\Objetos\Boss\special-attk\special-attk_0007.png"
"C381E488437B7C99889B5B90BD6BFCE35ECEDD188B16E89C516C0BFA56EE93B6","6","20313",".png","Assets\RecursosUnificados\ColegaTeste\ProjetoPlayerJhonas\Sprites\Boss\attack\PNG\PREPARAÇÃO\special-attk_0007.png"
"C381E488437B7C99889B5B90BD6BFCE35ECEDD188B16E89C516C0BFA56EE93B6","6","20313",".png","Assets\RecursosUnificados\ColegaTeste\ProjetoPlayerJhonas\Sprites\Boss\special-attk\special-attk_0007.png"
"C3B682B514B15762AA0993DA334E7D00C40CB79331773859A768644899ECEF3C","3","6091",".png","Assets\RecursosUnificados\BranchPedrao\Sprites\Player 1\jump-plataforma\jump-plataforma_0004.png"
"C3B682B514B15762AA0993DA334E7D00C40CB79331773859A768644899ECEF3C","3","6091",".png","Assets\RecursosUnificados\ChegaComJhon\Sprites\Objetos\Player 1\jump-plataforma\jump-plataforma_0004.png"
"C3B682B514B15762AA0993DA334E7D00C40CB79331773859A768644899ECEF3C","3","6091",".png","Assets\RecursosUnificados\ColegaTeste\ProjetoPlayerJhonas\Sprites\Player 1\jump-plataforma\jump-plataforma_0004.png"
"C45FCE2C5D9B381105CBB275DD869A07B490CD03C4964FCCDDD6FA816E68F038","3","6990",".png","Assets\RecursosUnificados\BranchPedrao\Sprites\Player 1\jump-(pode ser trocado com o tempo)\PNGS\PNGS_0008.png"
"C45FCE2C5D9B381105CBB275DD869A07B490CD03C4964FCCDDD6FA816E68F038","3","6990",".png","Assets\RecursosUnificados\ChegaComJhon\Sprites\Objetos\Player 1\jump-(pode ser trocado com o tempo)\PNGS\PNGS_0008.png"
"C45FCE2C5D9B381105CBB275DD869A07B490CD03C4964FCCDDD6FA816E68F038","3","6990",".png","Assets\RecursosUnificados\ColegaTeste\ProjetoPlayerJhonas\Sprites\Player 1\jump-(pode ser trocado com o tempo)\PNGS\PNGS_0008.png"
"C48CE4DF455C54A4C08B5997B5D2694779C465B00B7EE3A1F919F765EEA8E16E","3","5114",".anim","Assets\RecursosUnificados\BranchPedrao\Animacoes\Boss\Idle.anim"
"C48CE4DF455C54A4C08B5997B5D2694779C465B00B7EE3A1F919F765EEA8E16E","3","5114",".anim","Assets\RecursosUnificados\ChegaComJhon\Animacoes\Boss\Idle.anim"
"C48CE4DF455C54A4C08B5997B5D2694779C465B00B7EE3A1F919F765EEA8E16E","3","5114",".anim","Assets\RecursosUnificados\ColegaTeste\ProjetoPlayerJhonas\Animacoes\Boss\Idle.anim"
"C49486ED6FAEB24CE9AFA2BBAF2AB66A816B866209AB088CCEA1468C9A640A06","3","11217",".png","Assets\RecursosUnificados\BranchPedrao\Sprites\Player 1\prop\pixellab-make-it-be-the-last-frame-of-t-1776633168244.png"
"C49486ED6FAEB24CE9AFA2BBAF2AB66A816B866209AB088CCEA1468C9A640A06","3","11217",".png","Assets\RecursosUnificados\ChegaComJhon\Sprites\Objetos\Player 1\Prop\pixellab-make-it-be-the-last-frame-of-t-1776633168244.png"
"C49486ED6FAEB24CE9AFA2BBAF2AB66A816B866209AB088CCEA1468C9A640A06","3","11217",".png","Assets\RecursosUnificados\ColegaTeste\ProjetoPlayerJhonas\Sprites\Player 1\prop\pixellab-make-it-be-the-last-frame-of-t-1776633168244.png"
"C4B00B39C3A80EA1692A97C9BF3A2F1336CA9B894F8ADE0AF92FAC886050906C","3","11638",".png","Assets\RecursosUnificados\BranchPedrao\Sprites\Player 1\DMG-animation\DMG-animation_0001.png"
"C4B00B39C3A80EA1692A97C9BF3A2F1336CA9B894F8ADE0AF92FAC886050906C","3","11638",".png","Assets\RecursosUnificados\ChegaComJhon\Sprites\Objetos\Player 1\DMG-animation\DMG-animation_0001.png"
"C4B00B39C3A80EA1692A97C9BF3A2F1336CA9B894F8ADE0AF92FAC886050906C","3","11638",".png","Assets\RecursosUnificados\ColegaTeste\ProjetoPlayerJhonas\Sprites\Player 1\DMG-animation\DMG-animation_0001.png"
"C4CB7DB7E09BDDC3E49B5986D4581D142E5D088152D9858985A05C912297C126","2","13386",".unity","Assets\RecursosUnificados\BranchPedrao\Scenes\CenaDoCT.unity"
"C4CB7DB7E09BDDC3E49B5986D4581D142E5D088152D9858985A05C912297C126","2","13386",".unity","Assets\RecursosUnificados\ColegaTeste\ProjetoPlayerJhonas\Scenes\CenaDoCT.unity"
"C567188F11A924E6C0F06E02525483EB37F117EDB7781E91AEA5836DFB27546D","3","5431",".png","Assets\RecursosUnificados\BranchPedrao\Sprites\Player 1\dash\PNG\dash_0005.png"
"C567188F11A924E6C0F06E02525483EB37F117EDB7781E91AEA5836DFB27546D","3","5431",".png","Assets\RecursosUnificados\ChegaComJhon\Sprites\Objetos\Player 1\Dash\PNG\dash_0005.png"
"C567188F11A924E6C0F06E02525483EB37F117EDB7781E91AEA5836DFB27546D","3","5431",".png","Assets\RecursosUnificados\ColegaTeste\ProjetoPlayerJhonas\Sprites\Player 1\dash\PNG\dash_0005.png"
"C5DD9BEE1ADD10F9346F3CB9881738BD41C7BB72E76BE68629D835738C574083","6","19524",".asset","Assets\RecursosUnificados\BranchPedrao\Assets\DefaultVolumeProfile.asset"
"C5DD9BEE1ADD10F9346F3CB9881738BD41C7BB72E76BE68629D835738C574083","6","19524",".asset","Assets\RecursosUnificados\BranchPedrao\DefaultVolumeProfile.asset"
"C5DD9BEE1ADD10F9346F3CB9881738BD41C7BB72E76BE68629D835738C574083","6","19524",".asset","Assets\RecursosUnificados\ChegaComJhon\Assets\DefaultVolumeProfile.asset"
"C5DD9BEE1ADD10F9346F3CB9881738BD41C7BB72E76BE68629D835738C574083","6","19524",".asset","Assets\RecursosUnificados\ColegaTeste\ProjetoPlayerJhonas\Assets\DefaultVolumeProfile.asset"
"C5DD9BEE1ADD10F9346F3CB9881738BD41C7BB72E76BE68629D835738C574083","6","19524",".asset","Assets\RecursosUnificados\ColegaTeste\ProjetoPlayerJhonas\DefaultVolumeProfile.asset"
"C5DD9BEE1ADD10F9346F3CB9881738BD41C7BB72E76BE68629D835738C574083","6","19524",".asset","Assets\RecursosUnificados\ColegaTeste\ProjetoTesteAssets\DefaultVolumeProfile.asset"
"C653EBB79010C6A8657647552BC1DFE639924009777C131B9B48657FD85AF47E","3","5664",".png","Assets\RecursosUnificados\BranchPedrao\Sprites\Player 1\idle\idle9.png"
"C653EBB79010C6A8657647552BC1DFE639924009777C131B9B48657FD85AF47E","3","5664",".png","Assets\RecursosUnificados\ChegaComJhon\Sprites\Objetos\Player 1\Idle\idle9.png"
"C653EBB79010C6A8657647552BC1DFE639924009777C131B9B48657FD85AF47E","3","5664",".png","Assets\RecursosUnificados\ColegaTeste\ProjetoPlayerJhonas\Sprites\Player 1\idle\idle9.png"
"C77D2922998C186B3D209AFE75A609FF46A4AE2DEF6BED34A92205FA43BB3C80","3","2887",".anim","Assets\RecursosUnificados\BranchPedrao\Animacoes\Player\dead.anim"
"C77D2922998C186B3D209AFE75A609FF46A4AE2DEF6BED34A92205FA43BB3C80","3","2887",".anim","Assets\RecursosUnificados\ChegaComJhon\Animacoes\Player\dead.anim"
"C77D2922998C186B3D209AFE75A609FF46A4AE2DEF6BED34A92205FA43BB3C80","3","2887",".anim","Assets\RecursosUnificados\ColegaTeste\ProjetoPlayerJhonas\Animacoes\Player\dead.anim"
"C7AA0810C6CC3CF4B78BDC1D9E507DCE1B73415624F7836A666EF7E9C1D150FD","3","14693",".png","Assets\RecursosUnificados\BranchPedrao\Sprites\ANJO\IDLE\PNG\PNG_0008.png"
"C7AA0810C6CC3CF4B78BDC1D9E507DCE1B73415624F7836A666EF7E9C1D150FD","3","14693",".png","Assets\RecursosUnificados\ChegaComJhon\Sprites\Objetos\Anjo\IDLE\PNG\PNG_0008.png"
"C7AA0810C6CC3CF4B78BDC1D9E507DCE1B73415624F7836A666EF7E9C1D150FD","3","14693",".png","Assets\RecursosUnificados\ColegaTeste\ProjetoPlayerJhonas\Sprites\ANJO\IDLE\PNG\PNG_0008.png"
"C7CEB418309B5D9D2B9B30F679D897DCABC629F139E8558A5490B056095C645A","3","12627",".png","Assets\RecursosUnificados\BranchPedrao\Sprites\Boss\attack\PNG\ATTK\PNG_0007.png"
"C7CEB418309B5D9D2B9B30F679D897DCABC629F139E8558A5490B056095C645A","3","12627",".png","Assets\RecursosUnificados\ChegaComJhon\Sprites\Objetos\Boss\attack\PNG\ATTK\PNG_0007.png"
"C7CEB418309B5D9D2B9B30F679D897DCABC629F139E8558A5490B056095C645A","3","12627",".png","Assets\RecursosUnificados\ColegaTeste\ProjetoPlayerJhonas\Sprites\Boss\attack\PNG\ATTK\PNG_0007.png"
"C9B7DF51461B711B66DEC9004A366303B3846EF0CD11817296708873248CC8C4","6","14680",".png","Assets\RecursosUnificados\BranchPedrao\Sprites\Boss\attack\PNG\PREPARAÇÃO\special-attk_0005.png"
"C9B7DF51461B711B66DEC9004A366303B3846EF0CD11817296708873248CC8C4","6","14680",".png","Assets\RecursosUnificados\BranchPedrao\Sprites\Boss\special-attk\special-attk_0005.png"
"C9B7DF51461B711B66DEC9004A366303B3846EF0CD11817296708873248CC8C4","6","14680",".png","Assets\RecursosUnificados\ChegaComJhon\Sprites\Objetos\Boss\attack\PNG\PREPARAÇÃO\special-attk_0005.png"
"C9B7DF51461B711B66DEC9004A366303B3846EF0CD11817296708873248CC8C4","6","14680",".png","Assets\RecursosUnificados\ChegaComJhon\Sprites\Objetos\Boss\special-attk\special-attk_0005.png"
"C9B7DF51461B711B66DEC9004A366303B3846EF0CD11817296708873248CC8C4","6","14680",".png","Assets\RecursosUnificados\ColegaTeste\ProjetoPlayerJhonas\Sprites\Boss\attack\PNG\PREPARAÇÃO\special-attk_0005.png"
"C9B7DF51461B711B66DEC9004A366303B3846EF0CD11817296708873248CC8C4","6","14680",".png","Assets\RecursosUnificados\ColegaTeste\ProjetoPlayerJhonas\Sprites\Boss\special-attk\special-attk_0005.png"
"CA2EB5D93DF1881F49E75FFDDDD28C9AEAF9F1C1954F5BEB7A7BF3622B9CD3FA","3","6682",".png","Assets\RecursosUnificados\BranchPedrao\Sprites\Player 1\idle\idle2.png"
"CA2EB5D93DF1881F49E75FFDDDD28C9AEAF9F1C1954F5BEB7A7BF3622B9CD3FA","3","6682",".png","Assets\RecursosUnificados\ChegaComJhon\Sprites\Objetos\Player 1\Idle\idle2.png"
"CA2EB5D93DF1881F49E75FFDDDD28C9AEAF9F1C1954F5BEB7A7BF3622B9CD3FA","3","6682",".png","Assets\RecursosUnificados\ColegaTeste\ProjetoPlayerJhonas\Sprites\Player 1\idle\idle2.png"
"CA928761BF976C878D54DF524A3742C5F1BCA53A013B4061ABD2C752C8A212AA","3","3942809",".scenetemplate","Assets\RecursosUnificados\BranchPedrao\Settings\Lit2DSceneTemplate.scenetemplate"
"CA928761BF976C878D54DF524A3742C5F1BCA53A013B4061ABD2C752C8A212AA","3","3942809",".scenetemplate","Assets\RecursosUnificados\ChegaComJhon\Settings\Lit2DSceneTemplate.scenetemplate"
"CA928761BF976C878D54DF524A3742C5F1BCA53A013B4061ABD2C752C8A212AA","3","3942809",".scenetemplate","Assets\RecursosUnificados\ColegaTeste\Settings\Lit2DSceneTemplate.scenetemplate"
"CAC1A815FFCEFBD85147D01498833CA60479A34C3D2137392BDFF8A7B6AD86C9","6","7404",".png","Assets\RecursosUnificados\BranchPedrao\Sprites\Player 1\walk\def-walk_0011.png"
"CAC1A815FFCEFBD85147D01498833CA60479A34C3D2137392BDFF8A7B6AD86C9","6","7404",".png","Assets\RecursosUnificados\BranchPedrao\Sprites\Player 1\walk\png\def-walk_0011.png"
"CAC1A815FFCEFBD85147D01498833CA60479A34C3D2137392BDFF8A7B6AD86C9","6","7404",".png","Assets\RecursosUnificados\ChegaComJhon\Sprites\Objetos\Player 1\Walk\def-walk_0011.png"
"CAC1A815FFCEFBD85147D01498833CA60479A34C3D2137392BDFF8A7B6AD86C9","6","7404",".png","Assets\RecursosUnificados\ChegaComJhon\Sprites\Objetos\Player 1\Walk\png\def-walk_0011.png"
"CAC1A815FFCEFBD85147D01498833CA60479A34C3D2137392BDFF8A7B6AD86C9","6","7404",".png","Assets\RecursosUnificados\ColegaTeste\ProjetoPlayerJhonas\Sprites\Player 1\walk\def-walk_0011.png"
"CAC1A815FFCEFBD85147D01498833CA60479A34C3D2137392BDFF8A7B6AD86C9","6","7404",".png","Assets\RecursosUnificados\ColegaTeste\ProjetoPlayerJhonas\Sprites\Player 1\walk\png\def-walk_0011.png"
"CB1304923E95FEB30D5B49C1368DC802A9363E1431C5208630A999297F070FBE","3","6614",".png","Assets\RecursosUnificados\BranchPedrao\Sprites\Player 1\run\png\pixellab-The-hooded-figure-shifts-their-1776630699897_0008.png"
"CB1304923E95FEB30D5B49C1368DC802A9363E1431C5208630A999297F070FBE","3","6614",".png","Assets\RecursosUnificados\ChegaComJhon\Sprites\Objetos\Player 1\Run\png\pixellab-The-hooded-figure-shifts-their-1776630699897_0008.png"
"CB1304923E95FEB30D5B49C1368DC802A9363E1431C5208630A999297F070FBE","3","6614",".png","Assets\RecursosUnificados\ColegaTeste\ProjetoPlayerJhonas\Sprites\Player 1\run\png\pixellab-The-hooded-figure-shifts-their-1776630699897_0008.png"
"CB656B2B0CEC8A3C4616E3A428B43834859583B00F1B566B01A537AF54A568A5","3","7918",".png","Assets\RecursosUnificados\BranchPedrao\Sprites\Boss\walk\PNG\PNG_0010.png"
"CB656B2B0CEC8A3C4616E3A428B43834859583B00F1B566B01A537AF54A568A5","3","7918",".png","Assets\RecursosUnificados\ChegaComJhon\Sprites\Objetos\Boss\walk\PNG\PNG_0010.png"
"CB656B2B0CEC8A3C4616E3A428B43834859583B00F1B566B01A537AF54A568A5","3","7918",".png","Assets\RecursosUnificados\ColegaTeste\ProjetoPlayerJhonas\Sprites\Boss\walk\PNG\PNG_0010.png"
"CC8FDF7D08902A5306B3C72D8E82CE48EB7A2F64354C5577035C5A6D59580DE8","3","2686",".anim","Assets\RecursosUnificados\BranchPedrao\Animacoes\Player\Takedamage.anim"
"CC8FDF7D08902A5306B3C72D8E82CE48EB7A2F64354C5577035C5A6D59580DE8","3","2686",".anim","Assets\RecursosUnificados\ChegaComJhon\Animacoes\Player\Takedamage.anim"
"CC8FDF7D08902A5306B3C72D8E82CE48EB7A2F64354C5577035C5A6D59580DE8","3","2686",".anim","Assets\RecursosUnificados\ColegaTeste\ProjetoPlayerJhonas\Animacoes\Player\Takedamage.anim"
"CD5A6308F9BCE6DDAC2023B5ED185FF6BC36AC09FBFD9680054D367822203812","5","42061",".inputactions","Assets\RecursosUnificados\BranchPedrao\Assets\InputSystem_Actions.inputactions"
"CD5A6308F9BCE6DDAC2023B5ED185FF6BC36AC09FBFD9680054D367822203812","5","42061",".inputactions","Assets\RecursosUnificados\ChegaComJhon\Assets\InputSystem_Actions.inputactions"
"CD5A6308F9BCE6DDAC2023B5ED185FF6BC36AC09FBFD9680054D367822203812","5","42061",".inputactions","Assets\RecursosUnificados\ColegaTeste\ProjetoPlayerJhonas\Assets\InputSystem_Actions.inputactions"
"CD5A6308F9BCE6DDAC2023B5ED185FF6BC36AC09FBFD9680054D367822203812","5","42061",".inputactions","Assets\RecursosUnificados\ColegaTeste\ProjetoPlayerJhonas\InputSystem_Actions.inputactions"
"CD5A6308F9BCE6DDAC2023B5ED185FF6BC36AC09FBFD9680054D367822203812","5","42061",".inputactions","Assets\RecursosUnificados\ColegaTeste\ProjetoTesteAssets\InputSystem_Actions.inputactions"
"CDB10386B3A82FD7043406F786816392E3D0B97AA1480ADB052C4F46376EE6A3","3","4302",".anim","Assets\RecursosUnificados\BranchPedrao\Animacoes\Player\Dash.anim"
"CDB10386B3A82FD7043406F786816392E3D0B97AA1480ADB052C4F46376EE6A3","3","4302",".anim","Assets\RecursosUnificados\ChegaComJhon\Animacoes\Player\Dash.anim"
"CDB10386B3A82FD7043406F786816392E3D0B97AA1480ADB052C4F46376EE6A3","3","4302",".anim","Assets\RecursosUnificados\ColegaTeste\ProjetoPlayerJhonas\Animacoes\Player\Dash.anim"
"CF7804C317AFAE02D8D5FB666AB5234CB2DC0100669649259806EAC4C0C27544","2","23234",".asset","Assets\RecursosUnificados\BranchPedrao\UniversalRenderPipelineGlobalSettings.asset"
"CF7804C317AFAE02D8D5FB666AB5234CB2DC0100669649259806EAC4C0C27544","2","23234",".asset","Assets\RecursosUnificados\ColegaTeste\ProjetoPlayerJhonas\UniversalRenderPipelineGlobalSettings.asset"
"CFEC3DD26B2CF407AFD123719C9734379C4EAA97A940593471424DDEC95D3AE4","3","12724",".png","Assets\RecursosUnificados\BranchPedrao\Sprites\ANJO\IDLE\PNG-SURGE\PNG-SURGE_0008.png"
"CFEC3DD26B2CF407AFD123719C9734379C4EAA97A940593471424DDEC95D3AE4","3","12724",".png","Assets\RecursosUnificados\ChegaComJhon\Sprites\Objetos\Anjo\IDLE\PNG-SURGE\PNG-SURGE_0008.png"
"CFEC3DD26B2CF407AFD123719C9734379C4EAA97A940593471424DDEC95D3AE4","3","12724",".png","Assets\RecursosUnificados\ColegaTeste\ProjetoPlayerJhonas\Sprites\ANJO\IDLE\PNG-SURGE\PNG-SURGE_0008.png"
"D0A078CBA0019A62DC46C6993B24B2423897E02126CE73CA4476A37D18BCBE70","3","6275",".png","Assets\RecursosUnificados\BranchPedrao\Sprites\Player 1\jump-(pode ser trocado com o tempo)\PNGS\PNGS_0010.png"
"D0A078CBA0019A62DC46C6993B24B2423897E02126CE73CA4476A37D18BCBE70","3","6275",".png","Assets\RecursosUnificados\ChegaComJhon\Sprites\Objetos\Player 1\jump-(pode ser trocado com o tempo)\PNGS\PNGS_0010.png"
"D0A078CBA0019A62DC46C6993B24B2423897E02126CE73CA4476A37D18BCBE70","3","6275",".png","Assets\RecursosUnificados\ColegaTeste\ProjetoPlayerJhonas\Sprites\Player 1\jump-(pode ser trocado com o tempo)\PNGS\PNGS_0010.png"
"D0BFE3866D96B03CC5B0BBD25792DADA71FA6BB629C08C0368067EB1629EA54D","3","10885",".png","Assets\RecursosUnificados\BranchPedrao\Sprites\Boss\dead\PNG\PNG_0016.png"
"D0BFE3866D96B03CC5B0BBD25792DADA71FA6BB629C08C0368067EB1629EA54D","3","10885",".png","Assets\RecursosUnificados\ChegaComJhon\Sprites\Objetos\Boss\dead\PNG\PNG_0016.png"
"D0BFE3866D96B03CC5B0BBD25792DADA71FA6BB629C08C0368067EB1629EA54D","3","10885",".png","Assets\RecursosUnificados\ColegaTeste\ProjetoPlayerJhonas\Sprites\Boss\dead\PNG\PNG_0016.png"
"D15AE212136A81678F63C3C8EBA0ABC0607C9BFCEEE51F37E173113C3556C10F","3","5260",".png","Assets\RecursosUnificados\BranchPedrao\Sprites\Player 1\troca-de-lado\PNG\troca-de-lado_0007.png"
"D15AE212136A81678F63C3C8EBA0ABC0607C9BFCEEE51F37E173113C3556C10F","3","5260",".png","Assets\RecursosUnificados\ChegaComJhon\Sprites\Objetos\Player 1\Troca-de-lado\PNG\troca-de-lado_0007.png"
"D15AE212136A81678F63C3C8EBA0ABC0607C9BFCEEE51F37E173113C3556C10F","3","5260",".png","Assets\RecursosUnificados\ColegaTeste\ProjetoPlayerJhonas\Sprites\Player 1\troca-de-lado\PNG\troca-de-lado_0007.png"
"D195CA90FE6CA0169CE9567E0819788E67E5B6ADED862185ED08D4CFBD4EC5C1","6","12685",".png","Assets\RecursosUnificados\BranchPedrao\Sprites\Boss\attack\PNG\PREPARAÇÃO\special-attk_0006.png"
"D195CA90FE6CA0169CE9567E0819788E67E5B6ADED862185ED08D4CFBD4EC5C1","6","12685",".png","Assets\RecursosUnificados\BranchPedrao\Sprites\Boss\special-attk\special-attk_0006.png"
"D195CA90FE6CA0169CE9567E0819788E67E5B6ADED862185ED08D4CFBD4EC5C1","6","12685",".png","Assets\RecursosUnificados\ChegaComJhon\Sprites\Objetos\Boss\attack\PNG\PREPARAÇÃO\special-attk_0006.png"
"D195CA90FE6CA0169CE9567E0819788E67E5B6ADED862185ED08D4CFBD4EC5C1","6","12685",".png","Assets\RecursosUnificados\ChegaComJhon\Sprites\Objetos\Boss\special-attk\special-attk_0006.png"
"D195CA90FE6CA0169CE9567E0819788E67E5B6ADED862185ED08D4CFBD4EC5C1","6","12685",".png","Assets\RecursosUnificados\ColegaTeste\ProjetoPlayerJhonas\Sprites\Boss\attack\PNG\PREPARAÇÃO\special-attk_0006.png"
"D195CA90FE6CA0169CE9567E0819788E67E5B6ADED862185ED08D4CFBD4EC5C1","6","12685",".png","Assets\RecursosUnificados\ColegaTeste\ProjetoPlayerJhonas\Sprites\Boss\special-attk\special-attk_0006.png"
"D2090F34CC012CE1F3044709C543DDF9D8AE31F32D36A6A932AB7BEB0A1C92D9","3","13074",".png","Assets\RecursosUnificados\BranchPedrao\Sprites\ANJO\IDLE\PNG-MASC\PNG_0006.png"
"D2090F34CC012CE1F3044709C543DDF9D8AE31F32D36A6A932AB7BEB0A1C92D9","3","13074",".png","Assets\RecursosUnificados\ChegaComJhon\Sprites\Objetos\Anjo\IDLE\PNG-MASC\PNG_0006.png"
"D2090F34CC012CE1F3044709C543DDF9D8AE31F32D36A6A932AB7BEB0A1C92D9","3","13074",".png","Assets\RecursosUnificados\ColegaTeste\ProjetoPlayerJhonas\Sprites\ANJO\IDLE\PNG-MASC\PNG_0006.png"
"D29F126555F87DD215DC1433DA8FB37E719C967785182DCD28C04497A0F9A359","3","7040",".png","Assets\RecursosUnificados\BranchPedrao\Sprites\Player 1\troca-de-lado\PNG\troca-de-lado_0010.png"
"D29F126555F87DD215DC1433DA8FB37E719C967785182DCD28C04497A0F9A359","3","7040",".png","Assets\RecursosUnificados\ChegaComJhon\Sprites\Objetos\Player 1\Troca-de-lado\PNG\troca-de-lado_0010.png"
"D29F126555F87DD215DC1433DA8FB37E719C967785182DCD28C04497A0F9A359","3","7040",".png","Assets\RecursosUnificados\ColegaTeste\ProjetoPlayerJhonas\Sprites\Player 1\troca-de-lado\PNG\troca-de-lado_0010.png"
"D32997A9AB857CA195DF71FE78F69BFB9D90A36EE1B88ACAB7D93BD52B5B6311","6","6982",".png","Assets\RecursosUnificados\BranchPedrao\Sprites\Player 1\walk\def-walk_0007.png"
"D32997A9AB857CA195DF71FE78F69BFB9D90A36EE1B88ACAB7D93BD52B5B6311","6","6982",".png","Assets\RecursosUnificados\BranchPedrao\Sprites\Player 1\walk\png\def-walk_0007.png"
"D32997A9AB857CA195DF71FE78F69BFB9D90A36EE1B88ACAB7D93BD52B5B6311","6","6982",".png","Assets\RecursosUnificados\ChegaComJhon\Sprites\Objetos\Player 1\Walk\def-walk_0007.png"
"D32997A9AB857CA195DF71FE78F69BFB9D90A36EE1B88ACAB7D93BD52B5B6311","6","6982",".png","Assets\RecursosUnificados\ChegaComJhon\Sprites\Objetos\Player 1\Walk\png\def-walk_0007.png"
"D32997A9AB857CA195DF71FE78F69BFB9D90A36EE1B88ACAB7D93BD52B5B6311","6","6982",".png","Assets\RecursosUnificados\ColegaTeste\ProjetoPlayerJhonas\Sprites\Player 1\walk\def-walk_0007.png"
"D32997A9AB857CA195DF71FE78F69BFB9D90A36EE1B88ACAB7D93BD52B5B6311","6","6982",".png","Assets\RecursosUnificados\ColegaTeste\ProjetoPlayerJhonas\Sprites\Player 1\walk\png\def-walk_0007.png"
"D3CCCC4B7FC0E4385F94C849E7E948B53A73F10A3303B0C0E922F561BFF46937","3","13034",".png","Assets\RecursosUnificados\BranchPedrao\Sprites\ANJO\IDLE\PNG-MASC\PNG_0008.png"
"D3CCCC4B7FC0E4385F94C849E7E948B53A73F10A3303B0C0E922F561BFF46937","3","13034",".png","Assets\RecursosUnificados\ChegaComJhon\Sprites\Objetos\Anjo\IDLE\PNG-MASC\PNG_0008.png"
"D3CCCC4B7FC0E4385F94C849E7E948B53A73F10A3303B0C0E922F561BFF46937","3","13034",".png","Assets\RecursosUnificados\ColegaTeste\ProjetoPlayerJhonas\Sprites\ANJO\IDLE\PNG-MASC\PNG_0008.png"
"D450D82FA39B175AA451EBC0035DE5F725D748DB2BA20D6FAA0DC7178122B7EB","3","11456",".png","Assets\RecursosUnificados\BranchPedrao\Sprites\ANJO\IDLE\PNG-MASC\PNG_0002.png"
"D450D82FA39B175AA451EBC0035DE5F725D748DB2BA20D6FAA0DC7178122B7EB","3","11456",".png","Assets\RecursosUnificados\ChegaComJhon\Sprites\Objetos\Anjo\IDLE\PNG-MASC\PNG_0002.png"
"D450D82FA39B175AA451EBC0035DE5F725D748DB2BA20D6FAA0DC7178122B7EB","3","11456",".png","Assets\RecursosUnificados\ColegaTeste\ProjetoPlayerJhonas\Sprites\ANJO\IDLE\PNG-MASC\PNG_0002.png"
"D4A5B8C10B0A7F12E838EB590FA0406010C9209BE313134D794F7235CBDC2360","3","14332",".png","Assets\RecursosUnificados\BranchPedrao\Sprites\ANJO\IDLE\PNG\PNG_0001.png"
"D4A5B8C10B0A7F12E838EB590FA0406010C9209BE313134D794F7235CBDC2360","3","14332",".png","Assets\RecursosUnificados\ChegaComJhon\Sprites\Objetos\Anjo\IDLE\PNG\PNG_0001.png"
"D4A5B8C10B0A7F12E838EB590FA0406010C9209BE313134D794F7235CBDC2360","3","14332",".png","Assets\RecursosUnificados\ColegaTeste\ProjetoPlayerJhonas\Sprites\ANJO\IDLE\PNG\PNG_0001.png"
"D4F4424BF755FE733BFB8F1DC9C428575BB68A771B3CC65CC401A5DEC1D58DFD","3","9676",".png","Assets\RecursosUnificados\BranchPedrao\Sprites\Boss\run\PNG\PNG_0002.png"
"D4F4424BF755FE733BFB8F1DC9C428575BB68A771B3CC65CC401A5DEC1D58DFD","3","9676",".png","Assets\RecursosUnificados\ChegaComJhon\Sprites\Objetos\Boss\run\PNG\PNG_0002.png"
"D4F4424BF755FE733BFB8F1DC9C428575BB68A771B3CC65CC401A5DEC1D58DFD","3","9676",".png","Assets\RecursosUnificados\ColegaTeste\ProjetoPlayerJhonas\Sprites\Boss\run\PNG\PNG_0002.png"
"D53042937C160B561D970B8D9E384624BE84DEDAD240826F402AE4C340684EB6","3","6911",".png","Assets\RecursosUnificados\BranchPedrao\Sprites\Player 1\Ataque\ATTK-1\attack-1_0002.png"
"D53042937C160B561D970B8D9E384624BE84DEDAD240826F402AE4C340684EB6","3","6911",".png","Assets\RecursosUnificados\ChegaComJhon\Sprites\Objetos\Player 1\Ataque\ATTK-1\attack-1_0002.png"
"D53042937C160B561D970B8D9E384624BE84DEDAD240826F402AE4C340684EB6","3","6911",".png","Assets\RecursosUnificados\ColegaTeste\ProjetoPlayerJhonas\Sprites\Player 1\Ataque\ATTK-1\attack-1_0002.png"
"D63ADC26F612B1F548DC886D25F8259BE18B74D0611C56DFBCE1DFA23D8F1C68","3","6702",".png","Assets\RecursosUnificados\BranchPedrao\Sprites\Boss\walk\PNG\PNG_0011.png"
"D63ADC26F612B1F548DC886D25F8259BE18B74D0611C56DFBCE1DFA23D8F1C68","3","6702",".png","Assets\RecursosUnificados\ChegaComJhon\Sprites\Objetos\Boss\walk\PNG\PNG_0011.png"
"D63ADC26F612B1F548DC886D25F8259BE18B74D0611C56DFBCE1DFA23D8F1C68","3","6702",".png","Assets\RecursosUnificados\ColegaTeste\ProjetoPlayerJhonas\Sprites\Boss\walk\PNG\PNG_0011.png"
"D708CABD658C471334DFD8DAE3D430381593C60622694B96A191EA75514C1F7E","3","7895",".png","Assets\RecursosUnificados\BranchPedrao\Sprites\Boss\fall\PNG\fall.png"
"D708CABD658C471334DFD8DAE3D430381593C60622694B96A191EA75514C1F7E","3","7895",".png","Assets\RecursosUnificados\ChegaComJhon\Sprites\Objetos\Boss\fall\PNG\fall.png"
"D708CABD658C471334DFD8DAE3D430381593C60622694B96A191EA75514C1F7E","3","7895",".png","Assets\RecursosUnificados\ColegaTeste\ProjetoPlayerJhonas\Sprites\Boss\fall\PNG\fall.png"
"D71144CC81081525358B881037BB56884B590252A33987CEF90A76CEE8120E2A","3","3290",".anim","Assets\RecursosUnificados\BranchPedrao\Animacoes\Player\ataque2.anim"
"D71144CC81081525358B881037BB56884B590252A33987CEF90A76CEE8120E2A","3","3290",".anim","Assets\RecursosUnificados\ChegaComJhon\Animacoes\Player\ataque2.anim"
"D71144CC81081525358B881037BB56884B590252A33987CEF90A76CEE8120E2A","3","3290",".anim","Assets\RecursosUnificados\ColegaTeste\ProjetoPlayerJhonas\Animacoes\Player\ataque2.anim"
"D7172376BAD1C8830E37D12BF72DF7FA1409C00B0D41ECBBE5ABAC21929810B2","3","7612",".png","Assets\RecursosUnificados\BranchPedrao\Sprites\Player 1\Ataque\ATTK-3\ATTK-3_0005.png"
"D7172376BAD1C8830E37D12BF72DF7FA1409C00B0D41ECBBE5ABAC21929810B2","3","7612",".png","Assets\RecursosUnificados\ChegaComJhon\Sprites\Objetos\Player 1\Ataque\ATTK-3\ATTK-3_0005.png"
"D7172376BAD1C8830E37D12BF72DF7FA1409C00B0D41ECBBE5ABAC21929810B2","3","7612",".png","Assets\RecursosUnificados\ColegaTeste\ProjetoPlayerJhonas\Sprites\Player 1\Ataque\ATTK-3\ATTK-3_0005.png"
"D7AC3217AF68A611192C2D92DCD0D624FAF3D58BE576431CACA0419313641D8B","3","14575",".png","Assets\RecursosUnificados\BranchPedrao\Sprites\Boss\attack\PNG\ATTK\PNG_0008.png"
"D7AC3217AF68A611192C2D92DCD0D624FAF3D58BE576431CACA0419313641D8B","3","14575",".png","Assets\RecursosUnificados\ChegaComJhon\Sprites\Objetos\Boss\attack\PNG\ATTK\PNG_0008.png"
"D7AC3217AF68A611192C2D92DCD0D624FAF3D58BE576431CACA0419313641D8B","3","14575",".png","Assets\RecursosUnificados\ColegaTeste\ProjetoPlayerJhonas\Sprites\Boss\attack\PNG\ATTK\PNG_0008.png"
"D80B3C05327652DAA6E2D268F9AB9B38E73438C7F6A24948DBCECDBA3DFF3865","3","24630",".unity","Assets\RecursosUnificados\BranchPedrao\_Recovery\0 (1).unity"
"D80B3C05327652DAA6E2D268F9AB9B38E73438C7F6A24948DBCECDBA3DFF3865","3","24630",".unity","Assets\RecursosUnificados\ChegaComJhon\_Recovery\0 (1).unity"
"D80B3C05327652DAA6E2D268F9AB9B38E73438C7F6A24948DBCECDBA3DFF3865","3","24630",".unity","Assets\RecursosUnificados\ColegaTeste\ProjetoPlayerJhonas\_Recovery\0 (1).unity"
"D9D43DDD9810476162F21B42477D9CE2CDC4E6CC7571D354C3253AAFC6673EAD","3","5453",".cginc","Assets\RecursosUnificados\BranchPedrao\TextMesh Pro\Shaders\TMPro_Mobile.cginc"
"D9D43DDD9810476162F21B42477D9CE2CDC4E6CC7571D354C3253AAFC6673EAD","3","5453",".cginc","Assets\RecursosUnificados\ChegaComJhon\TextMesh Pro\Shaders\TMPro_Mobile.cginc"
"D9D43DDD9810476162F21B42477D9CE2CDC4E6CC7571D354C3253AAFC6673EAD","3","5453",".cginc","Assets\RecursosUnificados\ColegaTeste\TextMesh Pro\Shaders\TMPro_Mobile.cginc"
"DA0D64CAE45EFB7232AA3800E643B8DF1C6E545AA1BCBE41D0F76981571CEF2F","3","7361",".png","Assets\RecursosUnificados\BranchPedrao\Sprites\Boss\dead\PNG\PNG_0002.png"
"DA0D64CAE45EFB7232AA3800E643B8DF1C6E545AA1BCBE41D0F76981571CEF2F","3","7361",".png","Assets\RecursosUnificados\ChegaComJhon\Sprites\Objetos\Boss\dead\PNG\PNG_0002.png"
"DA0D64CAE45EFB7232AA3800E643B8DF1C6E545AA1BCBE41D0F76981571CEF2F","3","7361",".png","Assets\RecursosUnificados\ColegaTeste\ProjetoPlayerJhonas\Sprites\Boss\dead\PNG\PNG_0002.png"
"DC15B6819AD87A4B34ED888AE2C274624EFC0ADA902D1A9E7752D87922414DCC","3","277012",".shadergraph","Assets\RecursosUnificados\BranchPedrao\TextMesh Pro\Shaders\TMP_SDF-URP Unlit.shadergraph"
"DC15B6819AD87A4B34ED888AE2C274624EFC0ADA902D1A9E7752D87922414DCC","3","277012",".shadergraph","Assets\RecursosUnificados\ChegaComJhon\TextMesh Pro\Shaders\TMP_SDF-URP Unlit.shadergraph"
"DC15B6819AD87A4B34ED888AE2C274624EFC0ADA902D1A9E7752D87922414DCC","3","277012",".shadergraph","Assets\RecursosUnificados\ColegaTeste\TextMesh Pro\Shaders\TMP_SDF-URP Unlit.shadergraph"
"DCCBAFD39CC13295FE1F6C31A77A5DE4194C53FF51B18F3B101A25923135DF9E","3","6697",".png","Assets\RecursosUnificados\BranchPedrao\Sprites\Boss\dead\PNG\PNG_0018.png"
"DCCBAFD39CC13295FE1F6C31A77A5DE4194C53FF51B18F3B101A25923135DF9E","3","6697",".png","Assets\RecursosUnificados\ChegaComJhon\Sprites\Objetos\Boss\dead\PNG\PNG_0018.png"
"DCCBAFD39CC13295FE1F6C31A77A5DE4194C53FF51B18F3B101A25923135DF9E","3","6697",".png","Assets\RecursosUnificados\ColegaTeste\ProjetoPlayerJhonas\Sprites\Boss\dead\PNG\PNG_0018.png"
"DDB6C83164B48AA9F380298ACBDB4D36D7C4195CB76AC9F9D13B65A96193DB9A","3","5844",".controller","Assets\RecursosUnificados\BranchPedrao\Animacoes\Anjo\Anjo.controller"
"DDB6C83164B48AA9F380298ACBDB4D36D7C4195CB76AC9F9D13B65A96193DB9A","3","5844",".controller","Assets\RecursosUnificados\ChegaComJhon\Animacoes\Anjo\Anjo.controller"
"DDB6C83164B48AA9F380298ACBDB4D36D7C4195CB76AC9F9D13B65A96193DB9A","3","5844",".controller","Assets\RecursosUnificados\ColegaTeste\ProjetoPlayerJhonas\Animacoes\Anjo\Anjo.controller"
"E0148CE8E5904232A4E711376A45B7AF2A007FB9690C5A69C1CB4952A696CDBF","3","283866",".shadergraph","Assets\RecursosUnificados\BranchPedrao\TextMesh Pro\Shaders\TMP_SDF-URP Lit.shadergraph"
"E0148CE8E5904232A4E711376A45B7AF2A007FB9690C5A69C1CB4952A696CDBF","3","283866",".shadergraph","Assets\RecursosUnificados\ChegaComJhon\TextMesh Pro\Shaders\TMP_SDF-URP Lit.shadergraph"
"E0148CE8E5904232A4E711376A45B7AF2A007FB9690C5A69C1CB4952A696CDBF","3","283866",".shadergraph","Assets\RecursosUnificados\ColegaTeste\TextMesh Pro\Shaders\TMP_SDF-URP Lit.shadergraph"
"E08EDA0BA9BECBC30637FC2ECA9B639B24654F1B77F500CB360505E21A4D3FF9","3","8278",".png","Assets\RecursosUnificados\BranchPedrao\Sprites\Player 1\Ataque\ATTK-2\ATTK-2_0004.png"
"E08EDA0BA9BECBC30637FC2ECA9B639B24654F1B77F500CB360505E21A4D3FF9","3","8278",".png","Assets\RecursosUnificados\ChegaComJhon\Sprites\Objetos\Player 1\Ataque\ATTK-2\ATTK-2_0004.png"
"E08EDA0BA9BECBC30637FC2ECA9B639B24654F1B77F500CB360505E21A4D3FF9","3","8278",".png","Assets\RecursosUnificados\ColegaTeste\ProjetoPlayerJhonas\Sprites\Player 1\Ataque\ATTK-2\ATTK-2_0004.png"
"E140ED9C8CB213B9A6654C231012C59EC05EBC2B23AEC089BEEC0ED33B2F50E3","3","6464",".png","Assets\RecursosUnificados\BranchPedrao\Sprites\Boss\dead\PNG\PNG_0010.png"
"E140ED9C8CB213B9A6654C231012C59EC05EBC2B23AEC089BEEC0ED33B2F50E3","3","6464",".png","Assets\RecursosUnificados\ChegaComJhon\Sprites\Objetos\Boss\dead\PNG\PNG_0010.png"
"E140ED9C8CB213B9A6654C231012C59EC05EBC2B23AEC089BEEC0ED33B2F50E3","3","6464",".png","Assets\RecursosUnificados\ColegaTeste\ProjetoPlayerJhonas\Sprites\Boss\dead\PNG\PNG_0010.png"
"E1D6F65CDFE2A80EAA11E317506AC38FB66648C5B781E26565CF46E688A29B42","3","6677",".png","Assets\RecursosUnificados\BranchPedrao\Sprites\Boss\dead\PNG\PNG_0006.png"
"E1D6F65CDFE2A80EAA11E317506AC38FB66648C5B781E26565CF46E688A29B42","3","6677",".png","Assets\RecursosUnificados\ChegaComJhon\Sprites\Objetos\Boss\dead\PNG\PNG_0006.png"
"E1D6F65CDFE2A80EAA11E317506AC38FB66648C5B781E26565CF46E688A29B42","3","6677",".png","Assets\RecursosUnificados\ColegaTeste\ProjetoPlayerJhonas\Sprites\Boss\dead\PNG\PNG_0006.png"
"E247B58DDFE40AC8A62D553050971325F14B4547844BBB3133DD9F5C5580C66F","3","3913",".png","Assets\RecursosUnificados\BranchPedrao\Sprites\Player 1\dead\dead_0006.png"
"E247B58DDFE40AC8A62D553050971325F14B4547844BBB3133DD9F5C5580C66F","3","3913",".png","Assets\RecursosUnificados\ChegaComJhon\Sprites\Objetos\Player 1\Dead\dead_0006.png"
"E247B58DDFE40AC8A62D553050971325F14B4547844BBB3133DD9F5C5580C66F","3","3913",".png","Assets\RecursosUnificados\ColegaTeste\ProjetoPlayerJhonas\Sprites\Player 1\dead\dead_0006.png"
"E2D77876F2B90D98BA2424F6FC32B1403EA701DE8FD24A8FE8E571ECC3CDC10A","3","9365",".asset","Assets\RecursosUnificados\BranchPedrao\TextMesh Pro\Resources\Fonts & Materials\LiberationSans SDF - Fallback.asset"
"E2D77876F2B90D98BA2424F6FC32B1403EA701DE8FD24A8FE8E571ECC3CDC10A","3","9365",".asset","Assets\RecursosUnificados\ChegaComJhon\TextMesh Pro\Resources\Fonts & Materials\LiberationSans SDF - Fallback.asset"
"E2D77876F2B90D98BA2424F6FC32B1403EA701DE8FD24A8FE8E571ECC3CDC10A","3","9365",".asset","Assets\RecursosUnificados\ColegaTeste\TextMesh Pro\Resources\Fonts & Materials\LiberationSans SDF - Fallback.asset"
"E2D96E56977F5A747CA3CB95FDB70C6D775C8AF93B8F4B8FBE9F0C2964E571A6","3","7909",".png","Assets\RecursosUnificados\BranchPedrao\Sprites\Player 1\prop\pixellab-make-it-be-the-last-frame-of-t-1776633537342.png"
"E2D96E56977F5A747CA3CB95FDB70C6D775C8AF93B8F4B8FBE9F0C2964E571A6","3","7909",".png","Assets\RecursosUnificados\ChegaComJhon\Sprites\Objetos\Player 1\Prop\pixellab-make-it-be-the-last-frame-of-t-1776633537342.png"
"E2D96E56977F5A747CA3CB95FDB70C6D775C8AF93B8F4B8FBE9F0C2964E571A6","3","7909",".png","Assets\RecursosUnificados\ColegaTeste\ProjetoPlayerJhonas\Sprites\Player 1\prop\pixellab-make-it-be-the-last-frame-of-t-1776633537342.png"
"E4EA041939483AD91B70D0E95E9C8BF479ED865C39C6A6F3536D56528853A4D9","3","7108",".png","Assets\RecursosUnificados\BranchPedrao\Sprites\Player 1\dead\dead_0003.png"
"E4EA041939483AD91B70D0E95E9C8BF479ED865C39C6A6F3536D56528853A4D9","3","7108",".png","Assets\RecursosUnificados\ChegaComJhon\Sprites\Objetos\Player 1\Dead\dead_0003.png"
"E4EA041939483AD91B70D0E95E9C8BF479ED865C39C6A6F3536D56528853A4D9","3","7108",".png","Assets\RecursosUnificados\ColegaTeste\ProjetoPlayerJhonas\Sprites\Player 1\dead\dead_0003.png"
"E4F1E96CD16812B66B90ADA8CB06349C5AA4D2A3D53A3D907F868A28E2E9AF4E","6","6813",".png","Assets\RecursosUnificados\BranchPedrao\Sprites\Player 1\walk\def-walk_0009.png"
"E4F1E96CD16812B66B90ADA8CB06349C5AA4D2A3D53A3D907F868A28E2E9AF4E","6","6813",".png","Assets\RecursosUnificados\BranchPedrao\Sprites\Player 1\walk\png\def-walk_0009.png"
"E4F1E96CD16812B66B90ADA8CB06349C5AA4D2A3D53A3D907F868A28E2E9AF4E","6","6813",".png","Assets\RecursosUnificados\ChegaComJhon\Sprites\Objetos\Player 1\Walk\def-walk_0009.png"
"E4F1E96CD16812B66B90ADA8CB06349C5AA4D2A3D53A3D907F868A28E2E9AF4E","6","6813",".png","Assets\RecursosUnificados\ChegaComJhon\Sprites\Objetos\Player 1\Walk\png\def-walk_0009.png"
"E4F1E96CD16812B66B90ADA8CB06349C5AA4D2A3D53A3D907F868A28E2E9AF4E","6","6813",".png","Assets\RecursosUnificados\ColegaTeste\ProjetoPlayerJhonas\Sprites\Player 1\walk\def-walk_0009.png"
"E4F1E96CD16812B66B90ADA8CB06349C5AA4D2A3D53A3D907F868A28E2E9AF4E","6","6813",".png","Assets\RecursosUnificados\ColegaTeste\ProjetoPlayerJhonas\Sprites\Player 1\walk\png\def-walk_0009.png"
"E574820DD2268D9292ABE880D6D1F5077465DDCCC3647244371E7DF8718E2077","6","8633",".png","Assets\RecursosUnificados\BranchPedrao\Sprites\ANJO\IDLE\DISSPAR\DISSPAR_0005.png"
"E574820DD2268D9292ABE880D6D1F5077465DDCCC3647244371E7DF8718E2077","6","8633",".png","Assets\RecursosUnificados\BranchPedrao\Sprites\Boss\dead\PNG\DISSPAR_0005.png"
"E574820DD2268D9292ABE880D6D1F5077465DDCCC3647244371E7DF8718E2077","6","8633",".png","Assets\RecursosUnificados\ChegaComJhon\Sprites\Objetos\Anjo\IDLE\DISSPAR\DISSPAR_0005.png"
"E574820DD2268D9292ABE880D6D1F5077465DDCCC3647244371E7DF8718E2077","6","8633",".png","Assets\RecursosUnificados\ChegaComJhon\Sprites\Objetos\Boss\dead\PNG\DISSPAR_0005.png"
"E574820DD2268D9292ABE880D6D1F5077465DDCCC3647244371E7DF8718E2077","6","8633",".png","Assets\RecursosUnificados\ColegaTeste\ProjetoPlayerJhonas\Sprites\ANJO\IDLE\DISSPAR\DISSPAR_0005.png"
"E574820DD2268D9292ABE880D6D1F5077465DDCCC3647244371E7DF8718E2077","6","8633",".png","Assets\RecursosUnificados\ColegaTeste\ProjetoPlayerJhonas\Sprites\Boss\dead\PNG\DISSPAR_0005.png"
"E5B0AF421EA2BFBC1AC8D251D647268087AE82786234C57F757D1F0B90FA8B49","4","350200",".ttf","Assets\RecursosUnificados\BranchPedrao\TextMesh Pro\Fonts\LiberationSans.ttf"
"E5B0AF421EA2BFBC1AC8D251D647268087AE82786234C57F757D1F0B90FA8B49","4","350200",".ttf","Assets\RecursosUnificados\ChegaComJhon\TextMesh Pro\Fonts\LiberationSans.ttf"
"E5B0AF421EA2BFBC1AC8D251D647268087AE82786234C57F757D1F0B90FA8B49","4","350200",".ttf","Assets\RecursosUnificados\ColegaTeste\ProjetoPlayerJhonas\TextMesh Pro\Fonts\LiberationSans.ttf"
"E5B0AF421EA2BFBC1AC8D251D647268087AE82786234C57F757D1F0B90FA8B49","4","350200",".ttf","Assets\RecursosUnificados\ColegaTeste\TextMesh Pro\Fonts\LiberationSans.ttf"
"E6AA592311245D7100D2FE09113865876871F507EA840F9CF8E0B957A402E24D","3","10255",".png","Assets\RecursosUnificados\BranchPedrao\Sprites\ANJO\IDLE\PNG-MASC\PNG_0009.png"
"E6AA592311245D7100D2FE09113865876871F507EA840F9CF8E0B957A402E24D","3","10255",".png","Assets\RecursosUnificados\ChegaComJhon\Sprites\Objetos\Anjo\IDLE\PNG-MASC\PNG_0009.png"
"E6AA592311245D7100D2FE09113865876871F507EA840F9CF8E0B957A402E24D","3","10255",".png","Assets\RecursosUnificados\ColegaTeste\ProjetoPlayerJhonas\Sprites\ANJO\IDLE\PNG-MASC\PNG_0009.png"
"E6B32E1EEF09B9B5E64D0906F696E94ECBDA1F226AA6CEE850FCADB08D92A8B4","3","9114",".png","Assets\RecursosUnificados\BranchPedrao\Sprites\Player 1\jump-plataforma\jump-plataforma_0008.png"
"E6B32E1EEF09B9B5E64D0906F696E94ECBDA1F226AA6CEE850FCADB08D92A8B4","3","9114",".png","Assets\RecursosUnificados\ChegaComJhon\Sprites\Objetos\Player 1\jump-plataforma\jump-plataforma_0008.png"
"E6B32E1EEF09B9B5E64D0906F696E94ECBDA1F226AA6CEE850FCADB08D92A8B4","3","9114",".png","Assets\RecursosUnificados\ColegaTeste\ProjetoPlayerJhonas\Sprites\Player 1\jump-plataforma\jump-plataforma_0008.png"
"E78F3DE31ECCECC341BF07FC28F04DD87F305A200BE5D02A55832D25844FD8BE","3","8937",".png","Assets\RecursosUnificados\BranchPedrao\Sprites\Boss\dead\PNG\PNG_0003.png"
"E78F3DE31ECCECC341BF07FC28F04DD87F305A200BE5D02A55832D25844FD8BE","3","8937",".png","Assets\RecursosUnificados\ChegaComJhon\Sprites\Objetos\Boss\dead\PNG\PNG_0003.png"
"E78F3DE31ECCECC341BF07FC28F04DD87F305A200BE5D02A55832D25844FD8BE","3","8937",".png","Assets\RecursosUnificados\ColegaTeste\ProjetoPlayerJhonas\Sprites\Boss\dead\PNG\PNG_0003.png"
"E85FF42F72318F387211D679B6EE69A0B858A678C1309701FAA5D75302C83BD1","3","4309",".anim","Assets\RecursosUnificados\BranchPedrao\Animacoes\Player\Walking.anim"
"E85FF42F72318F387211D679B6EE69A0B858A678C1309701FAA5D75302C83BD1","3","4309",".anim","Assets\RecursosUnificados\ChegaComJhon\Animacoes\Player\Walking.anim"
"E85FF42F72318F387211D679B6EE69A0B858A678C1309701FAA5D75302C83BD1","3","4309",".anim","Assets\RecursosUnificados\ColegaTeste\ProjetoPlayerJhonas\Animacoes\Player\Walking.anim"
"E89FB436393F3725E2FC1C59C7F8EA08577B7DE1319ED5007F54476A0209E6B6","3","8141",".png","Assets\RecursosUnificados\BranchPedrao\Sprites\Player 1\Ataque\JUMP-ATTK\PNG_0002.png"
"E89FB436393F3725E2FC1C59C7F8EA08577B7DE1319ED5007F54476A0209E6B6","3","8141",".png","Assets\RecursosUnificados\ChegaComJhon\Sprites\Objetos\Player 1\Ataque\JUMP-ATTK\PNG_0002.png"
"E89FB436393F3725E2FC1C59C7F8EA08577B7DE1319ED5007F54476A0209E6B6","3","8141",".png","Assets\RecursosUnificados\ColegaTeste\ProjetoPlayerJhonas\Sprites\Player 1\Ataque\JUMP-ATTK\PNG_0002.png"
"E8A5D4D96E697A702A0F9AD9B06DF1D86C42F933BB7B4D95AD31403B082E6E8C","3","8882",".png","Assets\RecursosUnificados\BranchPedrao\Sprites\Boss\run\PNG\PNG_0008.png"
"E8A5D4D96E697A702A0F9AD9B06DF1D86C42F933BB7B4D95AD31403B082E6E8C","3","8882",".png","Assets\RecursosUnificados\ChegaComJhon\Sprites\Objetos\Boss\run\PNG\PNG_0008.png"
"E8A5D4D96E697A702A0F9AD9B06DF1D86C42F933BB7B4D95AD31403B082E6E8C","3","8882",".png","Assets\RecursosUnificados\ColegaTeste\ProjetoPlayerJhonas\Sprites\Boss\run\PNG\PNG_0008.png"
"E92F562D43130E7CC1B95AF942ECA9BC64AE3DCA31BDAE049AC24383DF8AAAB3","9","5569",".png","Assets\RecursosUnificados\BranchPedrao\Sprites\Boss\attack\PNG\PREPARAÇÃO\PNG_0001.png"
"E92F562D43130E7CC1B95AF942ECA9BC64AE3DCA31BDAE049AC24383DF8AAAB3","9","5569",".png","Assets\RecursosUnificados\BranchPedrao\Sprites\Boss\run\PREPARAÇÃO\run_0001.png"
"E92F562D43130E7CC1B95AF942ECA9BC64AE3DCA31BDAE049AC24383DF8AAAB3","9","5569",".png","Assets\RecursosUnificados\BranchPedrao\Sprites\Boss\walk\PNG\PNG_0001.png"
"E92F562D43130E7CC1B95AF942ECA9BC64AE3DCA31BDAE049AC24383DF8AAAB3","9","5569",".png","Assets\RecursosUnificados\ChegaComJhon\Sprites\Objetos\Boss\attack\PNG\PREPARAÇÃO\PNG_0001.png"
"E92F562D43130E7CC1B95AF942ECA9BC64AE3DCA31BDAE049AC24383DF8AAAB3","9","5569",".png","Assets\RecursosUnificados\ChegaComJhon\Sprites\Objetos\Boss\run\PREPARAÇÃO\run_0001.png"
"E92F562D43130E7CC1B95AF942ECA9BC64AE3DCA31BDAE049AC24383DF8AAAB3","9","5569",".png","Assets\RecursosUnificados\ChegaComJhon\Sprites\Objetos\Boss\walk\PNG\PNG_0001.png"
"E92F562D43130E7CC1B95AF942ECA9BC64AE3DCA31BDAE049AC24383DF8AAAB3","9","5569",".png","Assets\RecursosUnificados\ColegaTeste\ProjetoPlayerJhonas\Sprites\Boss\attack\PNG\PREPARAÇÃO\PNG_0001.png"
"E92F562D43130E7CC1B95AF942ECA9BC64AE3DCA31BDAE049AC24383DF8AAAB3","9","5569",".png","Assets\RecursosUnificados\ColegaTeste\ProjetoPlayerJhonas\Sprites\Boss\run\PREPARAÇÃO\run_0001.png"
"E92F562D43130E7CC1B95AF942ECA9BC64AE3DCA31BDAE049AC24383DF8AAAB3","9","5569",".png","Assets\RecursosUnificados\ColegaTeste\ProjetoPlayerJhonas\Sprites\Boss\walk\PNG\PNG_0001.png"
"E99C369EDCF8D0D6C1CDDDD646556A3AC83B5F0182AD99B6D082EBD5AC01605D","3","6262",".png","Assets\RecursosUnificados\BranchPedrao\Sprites\Boss\idle\PNG\idle_0005.png"
"E99C369EDCF8D0D6C1CDDDD646556A3AC83B5F0182AD99B6D082EBD5AC01605D","3","6262",".png","Assets\RecursosUnificados\ChegaComJhon\Sprites\Objetos\Boss\idle\PNG\idle_0005.png"
"E99C369EDCF8D0D6C1CDDDD646556A3AC83B5F0182AD99B6D082EBD5AC01605D","3","6262",".png","Assets\RecursosUnificados\ColegaTeste\ProjetoPlayerJhonas\Sprites\Boss\idle\PNG\idle_0005.png"
"EA8BBD3D1010935A8A64A7E9924D708ABB481D693B08008CDC13F1470C7CBCAF","2","3942880",".scenetemplate","Assets\RecursosUnificados\ColegaTeste\ProjetoPlayerJhonas\Settings\Lit2DSceneTemplate.scenetemplate"
"EA8BBD3D1010935A8A64A7E9924D708ABB481D693B08008CDC13F1470C7CBCAF","2","3942880",".scenetemplate","Assets\RecursosUnificados\ColegaTeste\ProjetoTesteAssets\Settings\Lit2DSceneTemplate.scenetemplate"
"EACD9C33853928EA1F5A050521F724BC595E1A5134238F31196EDF4910D65791","3","42021",".gif","Assets\RecursosUnificados\BranchPedrao\Sprites\Boss\fall\battle-cry.gif"
"EACD9C33853928EA1F5A050521F724BC595E1A5134238F31196EDF4910D65791","3","42021",".gif","Assets\RecursosUnificados\ChegaComJhon\Sprites\Objetos\Boss\fall\battle-cry.gif"
"EACD9C33853928EA1F5A050521F724BC595E1A5134238F31196EDF4910D65791","3","42021",".gif","Assets\RecursosUnificados\ColegaTeste\ProjetoPlayerJhonas\Sprites\Boss\fall\battle-cry.gif"
"EB65B48E2E971CC216E62C6F670F56E83B7F81FB94BA8497073F895BAF590564","6","9634",".png","Assets\RecursosUnificados\BranchPedrao\Sprites\ANJO\IDLE\DISSPAR\DISSPAR_0004.png"
"EB65B48E2E971CC216E62C6F670F56E83B7F81FB94BA8497073F895BAF590564","6","9634",".png","Assets\RecursosUnificados\BranchPedrao\Sprites\Boss\dead\PNG\DISSPAR_0004.png"
"EB65B48E2E971CC216E62C6F670F56E83B7F81FB94BA8497073F895BAF590564","6","9634",".png","Assets\RecursosUnificados\ChegaComJhon\Sprites\Objetos\Anjo\IDLE\DISSPAR\DISSPAR_0004.png"
"EB65B48E2E971CC216E62C6F670F56E83B7F81FB94BA8497073F895BAF590564","6","9634",".png","Assets\RecursosUnificados\ChegaComJhon\Sprites\Objetos\Boss\dead\PNG\DISSPAR_0004.png"
"EB65B48E2E971CC216E62C6F670F56E83B7F81FB94BA8497073F895BAF590564","6","9634",".png","Assets\RecursosUnificados\ColegaTeste\ProjetoPlayerJhonas\Sprites\ANJO\IDLE\DISSPAR\DISSPAR_0004.png"
"EB65B48E2E971CC216E62C6F670F56E83B7F81FB94BA8497073F895BAF590564","6","9634",".png","Assets\RecursosUnificados\ColegaTeste\ProjetoPlayerJhonas\Sprites\Boss\dead\PNG\DISSPAR_0004.png"
"EB6FE9A28C16F9CE00F1DA1420040B0B859E11C118E33B1CEEC118BEF844E325","3","8965",".png","Assets\RecursosUnificados\BranchPedrao\Sprites\Boss\dead\PNG\PNG_0001.png"
"EB6FE9A28C16F9CE00F1DA1420040B0B859E11C118E33B1CEEC118BEF844E325","3","8965",".png","Assets\RecursosUnificados\ChegaComJhon\Sprites\Objetos\Boss\dead\PNG\PNG_0001.png"
"EB6FE9A28C16F9CE00F1DA1420040B0B859E11C118E33B1CEEC118BEF844E325","3","8965",".png","Assets\RecursosUnificados\ColegaTeste\ProjetoPlayerJhonas\Sprites\Boss\dead\PNG\PNG_0001.png"
"ED795C9494476DF582102A194111C2E00331D1FCC447F92B128CC17937B584FE","3","5455",".png","Assets\RecursosUnificados\BranchPedrao\Sprites\Player 1\dash\PNG\dash_0008.png"
"ED795C9494476DF582102A194111C2E00331D1FCC447F92B128CC17937B584FE","3","5455",".png","Assets\RecursosUnificados\ChegaComJhon\Sprites\Objetos\Player 1\Dash\PNG\dash_0008.png"
"ED795C9494476DF582102A194111C2E00331D1FCC447F92B128CC17937B584FE","3","5455",".png","Assets\RecursosUnificados\ColegaTeste\ProjetoPlayerJhonas\Sprites\Player 1\dash\PNG\dash_0008.png"
"F0A1DDC8CF267F47CEF41E9DEC7D3674D38117F2FCE648F8C41C856899BCD25F","6","7184",".png","Assets\RecursosUnificados\BranchPedrao\Sprites\Player 1\walk\def-walk_0002.png"
"F0A1DDC8CF267F47CEF41E9DEC7D3674D38117F2FCE648F8C41C856899BCD25F","6","7184",".png","Assets\RecursosUnificados\BranchPedrao\Sprites\Player 1\walk\png\def-walk_0002.png"
"F0A1DDC8CF267F47CEF41E9DEC7D3674D38117F2FCE648F8C41C856899BCD25F","6","7184",".png","Assets\RecursosUnificados\ChegaComJhon\Sprites\Objetos\Player 1\Walk\def-walk_0002.png"
"F0A1DDC8CF267F47CEF41E9DEC7D3674D38117F2FCE648F8C41C856899BCD25F","6","7184",".png","Assets\RecursosUnificados\ChegaComJhon\Sprites\Objetos\Player 1\Walk\png\def-walk_0002.png"
"F0A1DDC8CF267F47CEF41E9DEC7D3674D38117F2FCE648F8C41C856899BCD25F","6","7184",".png","Assets\RecursosUnificados\ColegaTeste\ProjetoPlayerJhonas\Sprites\Player 1\walk\def-walk_0002.png"
"F0A1DDC8CF267F47CEF41E9DEC7D3674D38117F2FCE648F8C41C856899BCD25F","6","7184",".png","Assets\RecursosUnificados\ColegaTeste\ProjetoPlayerJhonas\Sprites\Player 1\walk\png\def-walk_0002.png"
"F13D8B2DFA622E13B5D5028A749D4C197A0FFF172EC02E5F3C4717FD26AFF6BD","3","9848",".png","Assets\RecursosUnificados\BranchPedrao\Sprites\Boss\dead\PNG\PNG_0015.png"
"F13D8B2DFA622E13B5D5028A749D4C197A0FFF172EC02E5F3C4717FD26AFF6BD","3","9848",".png","Assets\RecursosUnificados\ChegaComJhon\Sprites\Objetos\Boss\dead\PNG\PNG_0015.png"
"F13D8B2DFA622E13B5D5028A749D4C197A0FFF172EC02E5F3C4717FD26AFF6BD","3","9848",".png","Assets\RecursosUnificados\ColegaTeste\ProjetoPlayerJhonas\Sprites\Boss\dead\PNG\PNG_0015.png"
"F1A16C30A10E4C0BF83003D973B3952E072788139FD015223839B370A52C75B3","2","21706",".controller","Assets\RecursosUnificados\BranchPedrao\Animacoes\Boss\Boss.controller"
"F1A16C30A10E4C0BF83003D973B3952E072788139FD015223839B370A52C75B3","2","21706",".controller","Assets\RecursosUnificados\ColegaTeste\ProjetoPlayerJhonas\Animacoes\Boss\Boss.controller"
"F1A52F2C48CE5FF5B21B466A6A7D97CFF8165F07D8445DEB05E304272655486B","2","7287",".anim","Assets\RecursosUnificados\BranchPedrao\Animacoes\Boss\intro.anim"
"F1A52F2C48CE5FF5B21B466A6A7D97CFF8165F07D8445DEB05E304272655486B","2","7287",".anim","Assets\RecursosUnificados\ColegaTeste\ProjetoPlayerJhonas\Animacoes\Boss\intro.anim"
"F2CA5752D5083662FFC2CA3D3CB5FACB304351594F7C46A5CBF21AB6DAF7DB20","3","8586",".png","Assets\RecursosUnificados\BranchPedrao\Sprites\Player 1\Ataque\JUMP-ATTK\PNG_0004.png"
"F2CA5752D5083662FFC2CA3D3CB5FACB304351594F7C46A5CBF21AB6DAF7DB20","3","8586",".png","Assets\RecursosUnificados\ChegaComJhon\Sprites\Objetos\Player 1\Ataque\JUMP-ATTK\PNG_0004.png"
"F2CA5752D5083662FFC2CA3D3CB5FACB304351594F7C46A5CBF21AB6DAF7DB20","3","8586",".png","Assets\RecursosUnificados\ColegaTeste\ProjetoPlayerJhonas\Sprites\Player 1\Ataque\JUMP-ATTK\PNG_0004.png"
"F36E0AC3C99063BA82554D04682AAEA85B2B6DB7428D88225AC56250F91551B9","3","38846",".unity","Assets\RecursosUnificados\BranchPedrao\_Recovery\0 (2).unity"
"F36E0AC3C99063BA82554D04682AAEA85B2B6DB7428D88225AC56250F91551B9","3","38846",".unity","Assets\RecursosUnificados\ChegaComJhon\_Recovery\0 (2).unity"
"F36E0AC3C99063BA82554D04682AAEA85B2B6DB7428D88225AC56250F91551B9","3","38846",".unity","Assets\RecursosUnificados\ColegaTeste\ProjetoPlayerJhonas\_Recovery\0 (2).unity"
"F439D08EE5801EF30C864A52024E4CFB023A12AABFCBA2AC903B6F0BB217D82F","6","12574",".png","Assets\RecursosUnificados\BranchPedrao\Sprites\Boss\cry\cry_0004.png"
"F439D08EE5801EF30C864A52024E4CFB023A12AABFCBA2AC903B6F0BB217D82F","6","12574",".png","Assets\RecursosUnificados\BranchPedrao\Sprites\Boss\fall\PNG\PNG_0009 (2).png"
"F439D08EE5801EF30C864A52024E4CFB023A12AABFCBA2AC903B6F0BB217D82F","6","12574",".png","Assets\RecursosUnificados\ChegaComJhon\Sprites\Objetos\Boss\cry\cry_0004.png"
"F439D08EE5801EF30C864A52024E4CFB023A12AABFCBA2AC903B6F0BB217D82F","6","12574",".png","Assets\RecursosUnificados\ChegaComJhon\Sprites\Objetos\Boss\fall\PNG\PNG_0009 (2).png"
"F439D08EE5801EF30C864A52024E4CFB023A12AABFCBA2AC903B6F0BB217D82F","6","12574",".png","Assets\RecursosUnificados\ColegaTeste\ProjetoPlayerJhonas\Sprites\Boss\cry\cry_0004.png"
"F439D08EE5801EF30C864A52024E4CFB023A12AABFCBA2AC903B6F0BB217D82F","6","12574",".png","Assets\RecursosUnificados\ColegaTeste\ProjetoPlayerJhonas\Sprites\Boss\fall\PNG\PNG_0009 (2).png"
"F4BE21605702BD75C0CFBD2AE420CBB77F8EE7F31EA30F6B41DB9F29BDB008EF","3","8254",".png","Assets\RecursosUnificados\BranchPedrao\Sprites\Boss\attack\PNG\PREPARAÇÃO\PNG_0003.png"
"F4BE21605702BD75C0CFBD2AE420CBB77F8EE7F31EA30F6B41DB9F29BDB008EF","3","8254",".png","Assets\RecursosUnificados\ChegaComJhon\Sprites\Objetos\Boss\attack\PNG\PREPARAÇÃO\PNG_0003.png"
"F4BE21605702BD75C0CFBD2AE420CBB77F8EE7F31EA30F6B41DB9F29BDB008EF","3","8254",".png","Assets\RecursosUnificados\ColegaTeste\ProjetoPlayerJhonas\Sprites\Boss\attack\PNG\PREPARAÇÃO\PNG_0003.png"
"F6FB3E91AAA90417E2920B7F903066833B3B9AEA72DDCB5E46B91AFA729C2E90","3","9881",".unity","Assets\RecursosUnificados\BranchPedrao\Settings\Scenes\URP2DSceneTemplate.unity"
"F6FB3E91AAA90417E2920B7F903066833B3B9AEA72DDCB5E46B91AFA729C2E90","3","9881",".unity","Assets\RecursosUnificados\ChegaComJhon\Settings\Scenes\URP2DSceneTemplate.unity"
"F6FB3E91AAA90417E2920B7F903066833B3B9AEA72DDCB5E46B91AFA729C2E90","3","9881",".unity","Assets\RecursosUnificados\ColegaTeste\Settings\Scenes\URP2DSceneTemplate.unity"
"F71ED8CE1BC639122CC79F3A2B83007C01710DE847AE45382999B2EE7AA346D1","3","7724",".anim","Assets\RecursosUnificados\BranchPedrao\Animacoes\Boss\morte.anim"
"F71ED8CE1BC639122CC79F3A2B83007C01710DE847AE45382999B2EE7AA346D1","3","7724",".anim","Assets\RecursosUnificados\ChegaComJhon\Animacoes\Boss\morte.anim"
"F71ED8CE1BC639122CC79F3A2B83007C01710DE847AE45382999B2EE7AA346D1","3","7724",".anim","Assets\RecursosUnificados\ColegaTeste\ProjetoPlayerJhonas\Animacoes\Boss\morte.anim"
"F794A2260F23E7993DE422780CE3A323CBE1A0A8B763632F1923D340A62570B9","3","6537",".png","Assets\RecursosUnificados\BranchPedrao\Sprites\Player 1\idle\idle8.png"
"F794A2260F23E7993DE422780CE3A323CBE1A0A8B763632F1923D340A62570B9","3","6537",".png","Assets\RecursosUnificados\ChegaComJhon\Sprites\Objetos\Player 1\Idle\idle8.png"
"F794A2260F23E7993DE422780CE3A323CBE1A0A8B763632F1923D340A62570B9","3","6537",".png","Assets\RecursosUnificados\ColegaTeste\ProjetoPlayerJhonas\Sprites\Player 1\idle\idle8.png"
"F800CED7AC6EC74B286C810E34DE52E33D5B5D821BA2AAEA83CD90C9CB8FAE00","3","11393",".png","Assets\RecursosUnificados\BranchPedrao\Sprites\ANJO\IDLE\PNG-SURGE\PNG-SURGE_0007.png"
"F800CED7AC6EC74B286C810E34DE52E33D5B5D821BA2AAEA83CD90C9CB8FAE00","3","11393",".png","Assets\RecursosUnificados\ChegaComJhon\Sprites\Objetos\Anjo\IDLE\PNG-SURGE\PNG-SURGE_0007.png"
"F800CED7AC6EC74B286C810E34DE52E33D5B5D821BA2AAEA83CD90C9CB8FAE00","3","11393",".png","Assets\RecursosUnificados\ColegaTeste\ProjetoPlayerJhonas\Sprites\ANJO\IDLE\PNG-SURGE\PNG-SURGE_0007.png"
"F9FAE5906DD37D89298338953294459975DE58A5421E68DD9E82A79794B95509","3","3523",".shader","Assets\RecursosUnificados\BranchPedrao\TextMesh Pro\Shaders\TMP_SDF-Surface-Mobile.shader"
"F9FAE5906DD37D89298338953294459975DE58A5421E68DD9E82A79794B95509","3","3523",".shader","Assets\RecursosUnificados\ChegaComJhon\TextMesh Pro\Shaders\TMP_SDF-Surface-Mobile.shader"
"F9FAE5906DD37D89298338953294459975DE58A5421E68DD9E82A79794B95509","3","3523",".shader","Assets\RecursosUnificados\ColegaTeste\TextMesh Pro\Shaders\TMP_SDF-Surface-Mobile.shader"
"FA2FFA10CC0DBC9B7CC51ED875DE172137940A313E93E6953C1BE82060FB171D","3","8187",".png","Assets\RecursosUnificados\BranchPedrao\Sprites\Player 1\DMG-animation\DMG-animation_0002.png"
"FA2FFA10CC0DBC9B7CC51ED875DE172137940A313E93E6953C1BE82060FB171D","3","8187",".png","Assets\RecursosUnificados\ChegaComJhon\Sprites\Objetos\Player 1\DMG-animation\DMG-animation_0002.png"
"FA2FFA10CC0DBC9B7CC51ED875DE172137940A313E93E6953C1BE82060FB171D","3","8187",".png","Assets\RecursosUnificados\ColegaTeste\ProjetoPlayerJhonas\Sprites\Player 1\DMG-animation\DMG-animation_0002.png"
"FA3A475E2587835777FF60F226E750A9913172A7108A0A129CA36FFBF790E305","3","11979",".png","Assets\RecursosUnificados\BranchPedrao\Sprites\Boss\fall\PNG\PNG_0005.png"
"FA3A475E2587835777FF60F226E750A9913172A7108A0A129CA36FFBF790E305","3","11979",".png","Assets\RecursosUnificados\ChegaComJhon\Sprites\Objetos\Boss\fall\PNG\PNG_0005.png"
"FA3A475E2587835777FF60F226E750A9913172A7108A0A129CA36FFBF790E305","3","11979",".png","Assets\RecursosUnificados\ColegaTeste\ProjetoPlayerJhonas\Sprites\Boss\fall\PNG\PNG_0005.png"
"FA3FFD1AFCF821B1007C42C785F9A91D29B73CBC82F0BB9E24F0938F15243069","6","6873",".png","Assets\RecursosUnificados\BranchPedrao\Sprites\Player 1\walk\def-walk_0003.png"
"FA3FFD1AFCF821B1007C42C785F9A91D29B73CBC82F0BB9E24F0938F15243069","6","6873",".png","Assets\RecursosUnificados\BranchPedrao\Sprites\Player 1\walk\png\def-walk_0003.png"
"FA3FFD1AFCF821B1007C42C785F9A91D29B73CBC82F0BB9E24F0938F15243069","6","6873",".png","Assets\RecursosUnificados\ChegaComJhon\Sprites\Objetos\Player 1\Walk\def-walk_0003.png"
"FA3FFD1AFCF821B1007C42C785F9A91D29B73CBC82F0BB9E24F0938F15243069","6","6873",".png","Assets\RecursosUnificados\ChegaComJhon\Sprites\Objetos\Player 1\Walk\png\def-walk_0003.png"
"FA3FFD1AFCF821B1007C42C785F9A91D29B73CBC82F0BB9E24F0938F15243069","6","6873",".png","Assets\RecursosUnificados\ColegaTeste\ProjetoPlayerJhonas\Sprites\Player 1\walk\def-walk_0003.png"
"FA3FFD1AFCF821B1007C42C785F9A91D29B73CBC82F0BB9E24F0938F15243069","6","6873",".png","Assets\RecursosUnificados\ColegaTeste\ProjetoPlayerJhonas\Sprites\Player 1\walk\png\def-walk_0003.png"
"FAE6BFE76B215A37E3D23C91C7A7166378B0A68E0A78852D08CB81D795ED256B","3","6723",".png","Assets\RecursosUnificados\BranchPedrao\Sprites\Boss\walk\PNG\PNG_0013.png"
"FAE6BFE76B215A37E3D23C91C7A7166378B0A68E0A78852D08CB81D795ED256B","3","6723",".png","Assets\RecursosUnificados\ChegaComJhon\Sprites\Objetos\Boss\walk\PNG\PNG_0013.png"
"FAE6BFE76B215A37E3D23C91C7A7166378B0A68E0A78852D08CB81D795ED256B","3","6723",".png","Assets\RecursosUnificados\ColegaTeste\ProjetoPlayerJhonas\Sprites\Boss\walk\PNG\PNG_0013.png"
"FB286386D0592CE6D63EB736F180B4B0F638EC538B0855AA54767A438EBD1173","3","8081",".shader","Assets\RecursosUnificados\BranchPedrao\TextMesh Pro\Shaders\TMP_SDF-Mobile Overlay.shader"
"FB286386D0592CE6D63EB736F180B4B0F638EC538B0855AA54767A438EBD1173","3","8081",".shader","Assets\RecursosUnificados\ChegaComJhon\TextMesh Pro\Shaders\TMP_SDF-Mobile Overlay.shader"
"FB286386D0592CE6D63EB736F180B4B0F638EC538B0855AA54767A438EBD1173","3","8081",".shader","Assets\RecursosUnificados\ColegaTeste\TextMesh Pro\Shaders\TMP_SDF-Mobile Overlay.shader"
"FB5F0F02A2713C62A5E1E6897CC407823DBE2382853D9C6B315FDA70A2CE8F73","3","40710",".gif","Assets\RecursosUnificados\BranchPedrao\Sprites\Player 1\walk\def-walk.gif"
"FB5F0F02A2713C62A5E1E6897CC407823DBE2382853D9C6B315FDA70A2CE8F73","3","40710",".gif","Assets\RecursosUnificados\ChegaComJhon\Sprites\Objetos\Player 1\Walk\def-walk.gif"
"FB5F0F02A2713C62A5E1E6897CC407823DBE2382853D9C6B315FDA70A2CE8F73","3","40710",".gif","Assets\RecursosUnificados\ColegaTeste\ProjetoPlayerJhonas\Sprites\Player 1\walk\def-walk.gif"
"FF44DAE68C359AD573FA45D656B3871DE4C6834404FC58F4904DAB545892F517","3","7057",".png","Assets\RecursosUnificados\BranchPedrao\Sprites\Boss\walk\PNG\PNG_0003.png"
"FF44DAE68C359AD573FA45D656B3871DE4C6834404FC58F4904DAB545892F517","3","7057",".png","Assets\RecursosUnificados\ChegaComJhon\Sprites\Objetos\Boss\walk\PNG\PNG_0003.png"
"FF44DAE68C359AD573FA45D656B3871DE4C6834404FC58F4904DAB545892F517","3","7057",".png","Assets\RecursosUnificados\ColegaTeste\ProjetoPlayerJhonas\Sprites\Boss\walk\PNG\PNG_0003.png"
