"Origin","Path","Name","Ext","Size","Hash"
"BranchPedrao","Assets\RecursosUnificados\BranchPedrao\InputSystem_Actions.inputactions","InputSystem_Actions.inputactions",".inputactions","41005","1C6CBB519D65ECFE19A29231735B7F54741A20AC1A8AD4F46A18E1BFB28A3C39"
"BranchPedrao","Assets\RecursosUnificados\BranchPedrao\UniversalRenderPipelineGlobalSettings.asset","UniversalRenderPipelineGlobalSettings.asset",".asset","23234","CF7804C317AFAE02D8D5FB666AB5234CB2DC0100669649259806EAC4C0C27544"
"BranchPedrao","Assets\RecursosUnificados\BranchPedrao\Animacoes\Anjo\Anjo.controller","Anjo.controller",".controller","5844","DDB6C83164B48AA9F380298ACBDB4D36D7C4195CB76AC9F9D13B65A96193DB9A"
"BranchPedrao","Assets\RecursosUnificados\BranchPedrao\Animacoes\Anjo\Exit.anim","Exit.anim",".anim","6318","2678EC402202187CB93966395F955FDE1824213F63CECE744FB2DAD5350385C1"
"BranchPedrao","Assets\RecursosUnificados\BranchPedrao\Animacoes\Anjo\Idle.anim","Idle.anim",".anim","3480","43621B7DEE865F9DC2D90D5F18D42543C287CC92314DB7ED30C35D69155A6AC7"
"BranchPedrao","Assets\RecursosUnificados\BranchPedrao\Animacoes\Anjo\Suger.anim","Suger.anim",".anim","6093","765705C52C802C618B0813FDEF0BA3E8EBF9E7D87A776C767A1A2DDA9CD85865"
"BranchPedrao","Assets\RecursosUnificados\BranchPedrao\Animacoes\Boss\ataque especial.anim","ataque especial.anim",".anim","5300","1300DA1A998E428E0B7D6974FF2279307499ECFDA736C586A48A897B30D087A7"
"BranchPedrao","Assets\RecursosUnificados\BranchPedrao\Animacoes\Boss\Ataque.anim","Ataque.anim",".anim","3501","9CFAC91F52099E1657E7C3E820D6AEBA50D6E2C08AB63BF17D3AEE5FD4DEBDBD"
"BranchPedrao","Assets\RecursosUnificados\BranchPedrao\Animacoes\Boss\Boss.controller","Boss.controller",".controller","21706","F1A16C30A10E4C0BF83003D973B3952E072788139FD015223839B370A52C75B3"
"BranchPedrao","Assets\RecursosUnificados\BranchPedrao\Animacoes\Boss\Cry.anim","Cry.anim",".anim","4702","333E8EEDA8456BE6F003EC7713517CBA7613B26BD549AB1EAF5143BCF8E6035B"
"BranchPedrao","Assets\RecursosUnificados\BranchPedrao\Animacoes\Boss\Idle.anim","Idle.anim",".anim","5114","C48CE4DF455C54A4C08B5997B5D2694779C465B00B7EE3A1F919F765EEA8E16E"
"BranchPedrao","Assets\RecursosUnificados\BranchPedrao\Animacoes\Boss\intro.anim","intro.anim",".anim","7287","F1A52F2C48CE5FF5B21B466A6A7D97CFF8165F07D8445DEB05E304272655486B"
"BranchPedrao","Assets\RecursosUnificados\BranchPedrao\Animacoes\Boss\morte.anim","morte.anim",".anim","7724","F71ED8CE1BC639122CC79F3A2B83007C01710DE847AE45382999B2EE7AA346D1"
"BranchPedrao","Assets\RecursosUnificados\BranchPedrao\Animacoes\Boss\Prep.anim","Prep.anim",".anim","1345","183B88FD352BAFF62245B422C1305C18DB07A9A4D2FC5DCCBE4F2F40135D380B"
"BranchPedrao","Assets\RecursosUnificados\BranchPedrao\Animacoes\Boss\PrepAtaque.anim","PrepAtaque.anim",".anim","3100","50E5C4629A139510F281ADCB03ECB3C8BDBFD85D284B1B673B30AC32986E1FA7"
"BranchPedrao","Assets\RecursosUnificados\BranchPedrao\Animacoes\Boss\PrepRun.anim","PrepRun.anim",".anim","3097","4FAAEA8402B94CA4B47D4ED0A641CB33A88DF577F071A8C26EB9F4496A58DAD3"
"BranchPedrao","Assets\RecursosUnificados\BranchPedrao\Animacoes\Boss\Run.anim","Run.anim",".anim","4300","B908DC4FC92E29A11197106C465388E2C2F7E4B29462252B3F861934CB5D975F"
"BranchPedrao","Assets\RecursosUnificados\BranchPedrao\Animacoes\Boss\wallking.anim","wallking.anim",".anim","4308","04DC180011B7F909F61A211DEC90EDE488A5B9B5EE43E007E051A80BA2AE83B8"
"BranchPedrao","Assets\RecursosUnificados\BranchPedrao\Animacoes\Player\ataque.anim","ataque.anim",".anim","3087","A980E090131248BFC5C93640356B51F3E15BCB79A6CDB7254478E35E9A01D7D0"
"BranchPedrao","Assets\RecursosUnificados\BranchPedrao\Animacoes\Player\ataque2.anim","ataque2.anim",".anim","3290","D71144CC81081525358B881037BB56884B590252A33987CEF90A76CEE8120E2A"
"BranchPedrao","Assets\RecursosUnificados\BranchPedrao\Animacoes\Player\Ataque3.anim","Ataque3.anim",".anim","3089","9267E2AF587BBD86019294CB4F9A5A4BA1530A45272789B4BC802A82E26106EC"
"BranchPedrao","Assets\RecursosUnificados\BranchPedrao\Animacoes\Player\Ataquejump.anim","Ataquejump.anim",".anim","3099","C1C5B9C86440D2B2A84D1A28D4686B6E3D7C00FF7B0AE0E6D104A8D38ABBB830"
"BranchPedrao","Assets\RecursosUnificados\BranchPedrao\Animacoes\Player\Dash.anim","Dash.anim",".anim","4302","CDB10386B3A82FD7043406F786816392E3D0B97AA1480ADB052C4F46376EE6A3"
"BranchPedrao","Assets\RecursosUnificados\BranchPedrao\Animacoes\Player\dead.anim","dead.anim",".anim","2887","C77D2922998C186B3D209AFE75A609FF46A4AE2DEF6BED34A92205FA43BB3C80"
"BranchPedrao","Assets\RecursosUnificados\BranchPedrao\Animacoes\Player\Fall.anim","Fall.anim",".anim","2886","29EBAAB73FA1528ED16E22FB6C4E8BC32504AA9A2B226C03ED41831FB626C065"
"BranchPedrao","Assets\RecursosUnificados\BranchPedrao\Animacoes\Player\Idle.anim","Idle.anim",".anim","3698","0086F22A4A4F6E81303FAF496F76F81CEE723C07796C0A2E8D653D1ABFA66152"
"BranchPedrao","Assets\RecursosUnificados\BranchPedrao\Animacoes\Player\Jump.anim","Jump.anim",".anim","3502","3B92721A08E50887C7FDA81C11630F2DEB257A98743460F2C5E9F8EC67A0D017"
"BranchPedrao","Assets\RecursosUnificados\BranchPedrao\Animacoes\Player\Player.controller","Player.controller",".controller","38113","57BCA08578EB43C9051C0F90C25B3F088D6FB3583CB33D0BA0045175BC3CEE89"
"BranchPedrao","Assets\RecursosUnificados\BranchPedrao\Animacoes\Player\PulandoDenovo.anim","PulandoDenovo.anim",".anim","3511","1BB04AB8130F02F109F466B9DC329F0637016A0324C9AEF3A75C91A809E56BB4"
"BranchPedrao","Assets\RecursosUnificados\BranchPedrao\Animacoes\Player\Running.anim","Running.anim",".anim","4298","AA090524435DA711B40EAE46DEE5E71B45488A8CEBCDBEC1F1795F9C21AE4839"
"BranchPedrao","Assets\RecursosUnificados\BranchPedrao\Animacoes\Player\Takedamage.anim","Takedamage.anim",".anim","2686","CC8FDF7D08902A5306B3C72D8E82CE48EB7A2F64354C5577035C5A6D59580DE8"
"BranchPedrao","Assets\RecursosUnificados\BranchPedrao\Animacoes\Player\trocaDeLado.anim","trocaDeLado.anim",".anim","3909","337AA24C68B1C73B6B0486C0DC353A7ECD565074269FE82134DFB76CFBCA8CE8"
"BranchPedrao","Assets\RecursosUnificados\BranchPedrao\Animacoes\Player\UpPlataforma.anim","UpPlataforma.anim",".anim","1353","5700A68BAB2BC4E34F08724288440547F09DB49FD9415B9F8E42E3A149B1F995"
"BranchPedrao","Assets\RecursosUnificados\BranchPedrao\Animacoes\Player\Walking.anim","Walking.anim",".anim","4309","E85FF42F72318F387211D679B6EE69A0B858A678C1309701FAA5D75302C83BD1"
"BranchPedrao","Assets\RecursosUnificados\BranchPedrao\Assets\DefaultVolumeProfile.asset","DefaultVolumeProfile.asset",".asset","19524","C5DD9BEE1ADD10F9346F3CB9881738BD41C7BB72E76BE68629D835738C574083"
"BranchPedrao","Assets\RecursosUnificados\BranchPedrao\Assets\InputSystem_Actions.inputactions","InputSystem_Actions.inputactions",".inputactions","42061","CD5A6308F9BCE6DDAC2023B5ED185FF6BC36AC09FBFD9680054D367822203812"
"BranchPedrao","Assets\RecursosUnificados\BranchPedrao\Assets\UniversalRenderPipelineGlobalSettings.asset","UniversalRenderPipelineGlobalSettings.asset",".asset","23234","53EB2EAE711F3B9B945B393171564757297195CC77C45EAB9B48274EF98261C6"
"BranchPedrao","Assets\RecursosUnificados\BranchPedrao\Scenes\bla.unity","bla.unity",".unity","38850","91D521AA0F622DA60FA6CF1B0FF0ACFAC40AECCEBBECC85CB93074D04FF75C57"
"BranchPedrao","Assets\RecursosUnificados\BranchPedrao\Scenes\Cena do JHON.unity","Cena do JHON.unity",".unity","21704","C127A894794949EF0D98DCA40561C8C9DB8831BBF88FDAAE99FB8A9DE587E61D"
"BranchPedrao","Assets\RecursosUnificados\BranchPedrao\Scenes\CenaDoCT.unity","CenaDoCT.unity",".unity","13386","C4CB7DB7E09BDDC3E49B5986D4581D142E5D088152D9858985A05C912297C126"
"BranchPedrao","Assets\RecursosUnificados\BranchPedrao\Settings\Lit2DSceneTemplate.scenetemplate","Lit2DSceneTemplate.scenetemplate",".scenetemplate","3942809","CA928761BF976C878D54DF524A3742C5F1BCA53A013B4061ABD2C752C8A212AA"
"BranchPedrao","Assets\RecursosUnificados\BranchPedrao\Settings\Renderer2D.asset","Renderer2D.asset",".asset","3629","900455794D0D788504847C3AA54E03A0374FD3635AFA295ED05C2F646F974705"
"BranchPedrao","Assets\RecursosUnificados\BranchPedrao\Settings\UniversalRP.asset","UniversalRP.asset",".asset","4733","8115A6A750C739DCBCBF71737D1733EAFE068AD9FBDC3D4CA0DEF2723F47311F"
"BranchPedrao","Assets\RecursosUnificados\BranchPedrao\Settings\Scenes\URP2DSceneTemplate.unity","URP2DSceneTemplate.unity",".unity","9881","F6FB3E91AAA90417E2920B7F903066833B3B9AEA72DDCB5E46B91AFA729C2E90"
"BranchPedrao","Assets\RecursosUnificados\BranchPedrao\Sprites\ANJO\IDLE\IDLE-MASC.gif","IDLE-MASC.gif",".gif","46151","720102723B0CA6D7016DCA2184F92D1CEAF710635649AFD83041AB2DB286BB80"
"BranchPedrao","Assets\RecursosUnificados\BranchPedrao\Sprites\ANJO\IDLE\IDLE.gif","IDLE.gif",".gif","68856","5C4E3EE1F1F196EC305C3B3FD2C4BC49516AD2A7A1DF395C1044C54442D2AC3C"
"BranchPedrao","Assets\RecursosUnificados\BranchPedrao\Sprites\ANJO\IDLE\SURGE.gif","SURGE.gif",".gif","62424","578EF39C8F20D98F15086E76D65981D906448C9877EF165C837CB686D26D89AB"
"BranchPedrao","Assets\RecursosUnificados\BranchPedrao\Sprites\ANJO\IDLE\DISSPAR\dissipar.gif","dissipar.gif",".gif","50640","647FA4F7394B39129F5E71E7A273B7EA5FE614321A6603B10442E5DF32577545"
"BranchPedrao","Assets\RecursosUnificados\BranchPedrao\Sprites\ANJO\IDLE\DISSPAR\DISSPAR_0001.png","DISSPAR_0001.png",".png","4260","2D8DAE719CBD1D26E47A1CA4B946A329F053D91EFCDA7BA7F2AC32987C9884B8"
"BranchPedrao","Assets\RecursosUnificados\BranchPedrao\Sprites\ANJO\IDLE\DISSPAR\DISSPAR_0002.png","DISSPAR_0002.png",".png","5246","1FC6C87D860591E88CE2ACA0F0197BCC5F1C6F6436950F4A68FB7714C5BEDC03"
"BranchPedrao","Assets\RecursosUnificados\BranchPedrao\Sprites\ANJO\IDLE\DISSPAR\DISSPAR_0003.png","DISSPAR_0003.png",".png","6643","1A5D2BD4FC413E376BBF469DD08C1EEAFFCB5BB26BF21012D60458CD90725DDA"
"BranchPedrao","Assets\RecursosUnificados\BranchPedrao\Sprites\ANJO\IDLE\DISSPAR\DISSPAR_0004.png","DISSPAR_0004.png",".png","9634","EB65B48E2E971CC216E62C6F670F56E83B7F81FB94BA8497073F895BAF590564"
"BranchPedrao","Assets\RecursosUnificados\BranchPedrao\Sprites\ANJO\IDLE\DISSPAR\DISSPAR_0005.png","DISSPAR_0005.png",".png","8633","E574820DD2268D9292ABE880D6D1F5077465DDCCC3647244371E7DF8718E2077"
"BranchPedrao","Assets\RecursosUnificados\BranchPedrao\Sprites\ANJO\IDLE\DISSPAR\DISSPAR_0006.png","DISSPAR_0006.png",".png","11061","9045A5DAE332C7330B8107A207B751545EEC84473474DE0EF2D1917DA1A64948"
"BranchPedrao","Assets\RecursosUnificados\BranchPedrao\Sprites\ANJO\IDLE\DISSPAR\DISSPAR_0007.png","DISSPAR_0007.png",".png","8718","A4AB12E8F5731C68EDE6D246EB121F4A26EA47D57405FCE55F6C352B5E8C538C"
"BranchPedrao","Assets\RecursosUnificados\BranchPedrao\Sprites\ANJO\IDLE\DISSPAR\DISSPAR_0008.png","DISSPAR_0008.png",".png","11409","1C0C1EFAF6F2D2CD642493D86B15DD16D36F6EE1FBD39CE71955012CB568D535"
"BranchPedrao","Assets\RecursosUnificados\BranchPedrao\Sprites\ANJO\IDLE\DISSPAR\DISSPAR_0009.png","DISSPAR_0009.png",".png","9926","55A942088FF723208A1EFA442DDC3F9DD2368DD79246544CAEDE6F657310BBE3"
"BranchPedrao","Assets\RecursosUnificados\BranchPedrao\Sprites\ANJO\IDLE\PNG\PNG_0001.png","PNG_0001.png",".png","14332","D4A5B8C10B0A7F12E838EB590FA0406010C9209BE313134D794F7235CBDC2360"
"BranchPedrao","Assets\RecursosUnificados\BranchPedrao\Sprites\ANJO\IDLE\PNG\PNG_0002.png","PNG_0002.png",".png","14992","2D9AA7BC7BB5182F6C2D6539B084D37758542284DBAA359490656CC545060666"
"BranchPedrao","Assets\RecursosUnificados\BranchPedrao\Sprites\ANJO\IDLE\PNG\PNG_0003.png","PNG_0003.png",".png","15240","A136D84506B8ED406EAE636BE46977243C0CBBC478597AA84935127EACC3BADF"
"BranchPedrao","Assets\RecursosUnificados\BranchPedrao\Sprites\ANJO\IDLE\PNG\PNG_0004.png","PNG_0004.png",".png","14602","11A754FFECFA6CDA3350E7FCA036F430E2A46AEB5F1CCA2D10E4ADE47809D696"
"BranchPedrao","Assets\RecursosUnificados\BranchPedrao\Sprites\ANJO\IDLE\PNG\PNG_0005.png","PNG_0005.png",".png","14038","76B5C1806DADCC4CBF927C9CC4CB74C279156BA17322F383506114EDBED72687"
"BranchPedrao","Assets\RecursosUnificados\BranchPedrao\Sprites\ANJO\IDLE\PNG\PNG_0006.png","PNG_0006.png",".png","14670","1412F0D79AFF369CB5282C7F18146CADA43EAD3DFA98A32148D6092FB9D30A64"
"BranchPedrao","Assets\RecursosUnificados\BranchPedrao\Sprites\ANJO\IDLE\PNG\PNG_0007.png","PNG_0007.png",".png","14468","73F9E34B207BB114B1DC278EC184009E5C350F913FB4582E7A4EFA8CE512E6D9"
"BranchPedrao","Assets\RecursosUnificados\BranchPedrao\Sprites\ANJO\IDLE\PNG\PNG_0008.png","PNG_0008.png",".png","14693","C7AA0810C6CC3CF4B78BDC1D9E507DCE1B73415624F7836A666EF7E9C1D150FD"
"BranchPedrao","Assets\RecursosUnificados\BranchPedrao\Sprites\ANJO\IDLE\PNG\PNG_0009.png","PNG_0009.png",".png","13542","45F39526B7499774C88ADA90A533FEBADC6D3FEA537BECDEDF4A07EA814CFCED"
"BranchPedrao","Assets\RecursosUnificados\BranchPedrao\Sprites\ANJO\IDLE\PNG\PNG_0010.png","PNG_0010.png",".png","15045","22E512B71AA8326A6FF827A094576D4BBA04CF3DA652CE1D79F8199B174CC450"
"BranchPedrao","Assets\RecursosUnificados\BranchPedrao\Sprites\ANJO\IDLE\PNG\PNG_0011.png","PNG_0011.png",".png","15226","8C66FC2C899616D62E21FE42F6A5E9F9A7CE09B184E35086D44A52FB666B0813"
"BranchPedrao","Assets\RecursosUnificados\BranchPedrao\Sprites\ANJO\IDLE\PNG-MASC\PNG_0001.png","PNG_0001.png",".png","8093","BCA4865489094C8C1FDA01388D65EE15CA2D56F08799C254AC19AC1D4AD5C4EB"
"BranchPedrao","Assets\RecursosUnificados\BranchPedrao\Sprites\ANJO\IDLE\PNG-MASC\PNG_0002.png","PNG_0002.png",".png","11456","D450D82FA39B175AA451EBC0035DE5F725D748DB2BA20D6FAA0DC7178122B7EB"
"BranchPedrao","Assets\RecursosUnificados\BranchPedrao\Sprites\ANJO\IDLE\PNG-MASC\PNG_0003.png","PNG_0003.png",".png","10593","89C8A99EBFB6082242FB77EC3AC8F330CF45A743DD471209525B48C227312162"
"BranchPedrao","Assets\RecursosUnificados\BranchPedrao\Sprites\ANJO\IDLE\PNG-MASC\PNG_0004.png","PNG_0004.png",".png","13422","5D9EC16C3629D7A06981347D7DAE6B488E1BEF57E885BCBB103287DE67EDE1F7"
"BranchPedrao","Assets\RecursosUnificados\BranchPedrao\Sprites\ANJO\IDLE\PNG-MASC\PNG_0005.png","PNG_0005.png",".png","11947","5A669F3B494C534C7F6CB49D579B9B7372A154524B0633CF2F3172797142027B"
"BranchPedrao","Assets\RecursosUnificados\BranchPedrao\Sprites\ANJO\IDLE\PNG-MASC\PNG_0006.png","PNG_0006.png",".png","13074","D2090F34CC012CE1F3044709C543DDF9D8AE31F32D36A6A932AB7BEB0A1C92D9"
"BranchPedrao","Assets\RecursosUnificados\BranchPedrao\Sprites\ANJO\IDLE\PNG-MASC\PNG_0007.png","PNG_0007.png",".png","11587","9C314380FA754332A93803C974F40B08043DCD67C31F0F74EA9DC2A8484171AC"
"BranchPedrao","Assets\RecursosUnificados\BranchPedrao\Sprites\ANJO\IDLE\PNG-MASC\PNG_0008.png","PNG_0008.png",".png","13034","D3CCCC4B7FC0E4385F94C849E7E948B53A73F10A3303B0C0E922F561BFF46937"
"BranchPedrao","Assets\RecursosUnificados\BranchPedrao\Sprites\ANJO\IDLE\PNG-MASC\PNG_0009.png","PNG_0009.png",".png","10255","E6AA592311245D7100D2FE09113865876871F507EA840F9CF8E0B957A402E24D"
"BranchPedrao","Assets\RecursosUnificados\BranchPedrao\Sprites\ANJO\IDLE\PNG-SURGE\PNG-SURGE_0001.png","PNG-SURGE_0001.png",".png","4609","AAFD623754879DD55E027F9CDD26ACB3766BB7E41203BE8B62D11E11BE84B7F8"
"BranchPedrao","Assets\RecursosUnificados\BranchPedrao\Sprites\ANJO\IDLE\PNG-SURGE\PNG-SURGE_0002.png","PNG-SURGE_0002.png",".png","4690","91BE2500827A859D9E992C26CA6851C0F4BE8D7D9FB491D4913867A730E9ACD1"
"BranchPedrao","Assets\RecursosUnificados\BranchPedrao\Sprites\ANJO\IDLE\PNG-SURGE\PNG-SURGE_0003.png","PNG-SURGE_0003.png",".png","3836","3A7517A4F63424D60B601160031C9E811D101A5915DF4150C8250196FF41602E"
"BranchPedrao","Assets\RecursosUnificados\BranchPedrao\Sprites\ANJO\IDLE\PNG-SURGE\PNG-SURGE_0004.png","PNG-SURGE_0004.png",".png","5646","610BA46BA41691032FC8BDDEC3A8C561B9B040EE10BA2D6D809B089BB4BB8A36"
"BranchPedrao","Assets\RecursosUnificados\BranchPedrao\Sprites\ANJO\IDLE\PNG-SURGE\PNG-SURGE_0005.png","PNG-SURGE_0005.png",".png","4275","1B868BA5308FE0727CCF2074DF410796C0E0C79EB4B39F2C8899FC662D3AF5B0"
"BranchPedrao","Assets\RecursosUnificados\BranchPedrao\Sprites\ANJO\IDLE\PNG-SURGE\PNG-SURGE_0006.png","PNG-SURGE_0006.png",".png","6185","57DA9E3027BAF160439C21CED9DCF3C4B6C9B0E5CBD8C58003CC7EB08911325F"
"BranchPedrao","Assets\RecursosUnificados\BranchPedrao\Sprites\ANJO\IDLE\PNG-SURGE\PNG-SURGE_0007.png","PNG-SURGE_0007.png",".png","11393","F800CED7AC6EC74B286C810E34DE52E33D5B5D821BA2AAEA83CD90C9CB8FAE00"
"BranchPedrao","Assets\RecursosUnificados\BranchPedrao\Sprites\ANJO\IDLE\PNG-SURGE\PNG-SURGE_0008.png","PNG-SURGE_0008.png",".png","12724","CFEC3DD26B2CF407AFD123719C9734379C4EAA97A940593471424DDEC95D3AE4"
"BranchPedrao","Assets\RecursosUnificados\BranchPedrao\Sprites\ANJO\IDLE\PNG-SURGE\PNG-SURGE_0009.png","PNG-SURGE_0009.png",".png","11299","C12459C49921E6109FD9F94B56F379D1F65F777054124B06506B693C2A230A43"
"BranchPedrao","Assets\RecursosUnificados\BranchPedrao\Sprites\ANJO\IDLE\PNG-SURGE\PNG-SURGE_0010.png","PNG-SURGE_0010.png",".png","13761","64ABC7ADE13B110F9283A30045DC176CF0464F602FEC9EAFA8F2600A12661A9E"
"BranchPedrao","Assets\RecursosUnificados\BranchPedrao\Sprites\ANJO\IDLE\PNG-SURGE\PNG-SURGE_0011.png","PNG-SURGE_0011.png",".png","11724","0A89DCCDEE30AD57E6A415DD3C5E14B9D7E952F2D2BA782C30CBD2E4CD83E594"
"BranchPedrao","Assets\RecursosUnificados\BranchPedrao\Sprites\ANJO\IDLE\PNG-SURGE\PNG-SURGE_0012.png","PNG-SURGE_0012.png",".png","14930","145956E68E31BAD12ED844CCC730499782525849E1C8CA954FDE0C3BB9803A80"
"BranchPedrao","Assets\RecursosUnificados\BranchPedrao\Sprites\ANJO\IDLE\PNG-SURGE\PNG-SURGE_0013.png","PNG-SURGE_0013.png",".png","12200","480956F040DC23F7912F759D97498B00B4308594DEB4C16B191E8C2993FDD804"
"BranchPedrao","Assets\RecursosUnificados\BranchPedrao\Sprites\Boss\attack\attk-1.gif","attk-1.gif",".gif","43749","AD4DB5B96BEC566C28651C7B69CBCC2FB8A223306D6CA693423FE0D5F7A2C66B"
"BranchPedrao","Assets\RecursosUnificados\BranchPedrao\Sprites\Boss\attack\preparação.gif","preparação.gif",".gif","22594","07AA1881010BB744EA44C9812379363F6E5B1049386ADB29452F374BA5F3F13A"
"BranchPedrao","Assets\RecursosUnificados\BranchPedrao\Sprites\Boss\attack\PNG\ATTK\PNG_0001.png","PNG_0001.png",".png","5657","0C8F618672416CB2E65D88128C63901F858059AA3CA2025B63DBC3C2EDD78F43"
"BranchPedrao","Assets\RecursosUnificados\BranchPedrao\Sprites\Boss\attack\PNG\ATTK\PNG_0002.png","PNG_0002.png",".png","8041","5BDB5963A74437BCA2715CE55D865CE50D03CBCCBB5C221534B2A99E5DB72EF3"
"BranchPedrao","Assets\RecursosUnificados\BranchPedrao\Sprites\Boss\attack\PNG\ATTK\PNG_0003.png","PNG_0003.png",".png","10839","310B788354F79BCE2C7C8235F76BC2F6AE1B5C61947E8AD6129DA2A7357DB386"
"BranchPedrao","Assets\RecursosUnificados\BranchPedrao\Sprites\Boss\attack\PNG\ATTK\PNG_0004.png","PNG_0004.png",".png","12272","687CEE43F6C2D61F46C93D4050A34A336BCC6052847EC21C49FF80875D1C10F5"
"BranchPedrao","Assets\RecursosUnificados\BranchPedrao\Sprites\Boss\attack\PNG\ATTK\PNG_0005.png","PNG_0005.png",".png","11586","003B1C4CF11E41924B90238FC15CB08C9290854EE83054C59BB16B39AD50F059"
"BranchPedrao","Assets\RecursosUnificados\BranchPedrao\Sprites\Boss\attack\PNG\ATTK\PNG_0006.png","PNG_0006.png",".png","13888","6A24FEA06039B6A52EFEF45EA4CBEEC88E263622D3E85F59F2D1AB889039AFBC"
"BranchPedrao","Assets\RecursosUnificados\BranchPedrao\Sprites\Boss\attack\PNG\ATTK\PNG_0007.png","PNG_0007.png",".png","12627","C7CEB418309B5D9D2B9B30F679D897DCABC629F139E8558A5490B056095C645A"
"BranchPedrao","Assets\RecursosUnificados\BranchPedrao\Sprites\Boss\attack\PNG\ATTK\PNG_0008.png","PNG_0008.png",".png","14575","D7AC3217AF68A611192C2D92DCD0D624FAF3D58BE576431CACA0419313641D8B"
"BranchPedrao","Assets\RecursosUnificados\BranchPedrao\Sprites\Boss\attack\PNG\ATTK\PNG_0009.png","PNG_0009.png",".png","10180","A21ABEB1217E4EED23DE98CC9144877EC9C7DE7C937A8E41DC2148BD8F12422B"
"BranchPedrao","Assets\RecursosUnificados\BranchPedrao\Sprites\Boss\attack\PNG\PREPARAÇÃO\PNG_0001.png","PNG_0001.png",".png","5569","E92F562D43130E7CC1B95AF942ECA9BC64AE3DCA31BDAE049AC24383DF8AAAB3"
"BranchPedrao","Assets\RecursosUnificados\BranchPedrao\Sprites\Boss\attack\PNG\PREPARAÇÃO\PNG_0002.png","PNG_0002.png",".png","9236","2DE509FF97B545BB72A20279BC1EE9336C400903E0B7C6A2703ABD1AFA19C266"
"BranchPedrao","Assets\RecursosUnificados\BranchPedrao\Sprites\Boss\attack\PNG\PREPARAÇÃO\PNG_0003.png","PNG_0003.png",".png","8254","F4BE21605702BD75C0CFBD2AE420CBB77F8EE7F31EA30F6B41DB9F29BDB008EF"
"BranchPedrao","Assets\RecursosUnificados\BranchPedrao\Sprites\Boss\attack\PNG\PREPARAÇÃO\PNG_0004.png","PNG_0004.png",".png","8081","069AB4BC1AF734ABF5181CD762EE27602C5DD91E2A79DE5F2AC8CA8DFF0728A5"
"BranchPedrao","Assets\RecursosUnificados\BranchPedrao\Sprites\Boss\attack\PNG\PREPARAÇÃO\PNG_0005.png","PNG_0005.png",".png","6960","2659F914568A7C5AB805C88EEA5EF6D167937E87F476CFDA73A27F6FBFC4078B"
"BranchPedrao","Assets\RecursosUnificados\BranchPedrao\Sprites\Boss\attack\PNG\PREPARAÇÃO\PNG_0006.png","PNG_0006.png",".png","7802","ACF06E2DF09BE9860BDFCF5FF4E35AFCA0DD704F177D0730BA7E12ACC3F0BD7B"
"BranchPedrao","Assets\RecursosUnificados\BranchPedrao\Sprites\Boss\attack\PNG\PREPARAÇÃO\PNG_0007.png","PNG_0007.png",".png","5654","9C8F6668D499F27719780554F0C93618EEE10ABC3BA7448947A879F5DF409DA8"
"BranchPedrao","Assets\RecursosUnificados\BranchPedrao\Sprites\Boss\attack\PNG\PREPARAÇÃO\special-attk-def.gif","special-attk-def.gif",".gif","56817","2CE34CB3A71702E831B6E8F3A0634A4832032E76017AE347AE3D6C73A11AA403"
"BranchPedrao","Assets\RecursosUnificados\BranchPedrao\Sprites\Boss\attack\PNG\PREPARAÇÃO\special-attk.gif","special-attk.gif",".gif","56813","B86750122007BEB5B5D12723D9354D24015C856DB5B3ABE79FD0E8269A8C262A"
"BranchPedrao","Assets\RecursosUnificados\BranchPedrao\Sprites\Boss\attack\PNG\PREPARAÇÃO\special-attk_0001.png","special-attk_0001.png",".png","6390","1751BABCD4A4CC33B0001A05E99D09D60D90E2D0BB44071AB3BE853CB79D6782"
"BranchPedrao","Assets\RecursosUnificados\BranchPedrao\Sprites\Boss\attack\PNG\PREPARAÇÃO\special-attk_0002.png","special-attk_0002.png",".png","14099","1437B473CE3D84F70D4716D6670AC22E4528A50CD41A351960D4D3547C9E849A"
"BranchPedrao","Assets\RecursosUnificados\BranchPedrao\Sprites\Boss\attack\PNG\PREPARAÇÃO\special-attk_0003.png","special-attk_0003.png",".png","15936","0B1609A990A1F5956D22009C5E1E8A5CBE95A7F87690793D506A0A5E5A5663BE"
"BranchPedrao","Assets\RecursosUnificados\BranchPedrao\Sprites\Boss\attack\PNG\PREPARAÇÃO\special-attk_0004.png","special-attk_0004.png",".png","18383","6D88F21A04BBF21C259327A2BBFD1EAB3C0797E85A5E051D42CCB476F88045C1"
"BranchPedrao","Assets\RecursosUnificados\BranchPedrao\Sprites\Boss\attack\PNG\PREPARAÇÃO\special-attk_0005.png","special-attk_0005.png",".png","14680","C9B7DF51461B711B66DEC9004A366303B3846EF0CD11817296708873248CC8C4"
"BranchPedrao","Assets\RecursosUnificados\BranchPedrao\Sprites\Boss\attack\PNG\PREPARAÇÃO\special-attk_0006.png","special-attk_0006.png",".png","12685","D195CA90FE6CA0169CE9567E0819788E67E5B6ADED862185ED08D4CFBD4EC5C1"
"BranchPedrao","Assets\RecursosUnificados\BranchPedrao\Sprites\Boss\attack\PNG\PREPARAÇÃO\special-attk_0007.png","special-attk_0007.png",".png","20313","C381E488437B7C99889B5B90BD6BFCE35ECEDD188B16E89C516C0BFA56EE93B6"
"BranchPedrao","Assets\RecursosUnificados\BranchPedrao\Sprites\Boss\attack\PNG\PREPARAÇÃO\special-attk_0008.png","special-attk_0008.png",".png","18777","342216361738746F18291108AAE3013437771CC7CB56B7157E97D0F4B6888315"
"BranchPedrao","Assets\RecursosUnificados\BranchPedrao\Sprites\Boss\attack\PNG\PREPARAÇÃO\special-attk_0009.png","special-attk_0009.png",".png","14348","8F25D72B816C0C6A91F6FA95F5209FD7E515DE6E25C80A9F66D2798C6D16F178"
"BranchPedrao","Assets\RecursosUnificados\BranchPedrao\Sprites\Boss\cry\cry_0001.png","cry_0001.png",".png","5570","7F650D1CFD6122D27AED0D7714D8453A361F45BF6F889093C3F26364FDF1FE53"
"BranchPedrao","Assets\RecursosUnificados\BranchPedrao\Sprites\Boss\cry\cry_0002.png","cry_0002.png",".png","13242","BAB10ECF24B5588A37E543C9F7C8776C3C02B505B64684367885359C7D09EF16"
"BranchPedrao","Assets\RecursosUnificados\BranchPedrao\Sprites\Boss\cry\cry_0003.png","cry_0003.png",".png","11462","2A47CB8EE47E5D1BF3676596505312FDEC50C6FCB5A41556C94AB57ED18F94DF"
"BranchPedrao","Assets\RecursosUnificados\BranchPedrao\Sprites\Boss\cry\cry_0004.png","cry_0004.png",".png","12574","F439D08EE5801EF30C864A52024E4CFB023A12AABFCBA2AC903B6F0BB217D82F"
"BranchPedrao","Assets\RecursosUnificados\BranchPedrao\Sprites\Boss\cry\cry_0005.png","cry_0005.png",".png","10033","51D25D7ED50CDB1BEEE7631EEC18487DDF257710468F2F3847DB69A071A24B30"
"BranchPedrao","Assets\RecursosUnificados\BranchPedrao\Sprites\Boss\cry\cry_0006.png","cry_0006.png",".png","11105","07F6CCE3C981335FA48875700C84FDA69F55F3B0CF789E2AB035D217A02522CC"
"BranchPedrao","Assets\RecursosUnificados\BranchPedrao\Sprites\Boss\cry\cry_0007.png","cry_0007.png",".png","10396","2ABCEA32A40D29A3AA2333C11E38A636DF4380E7E8E97AED07682E6CB3749CAA"
"BranchPedrao","Assets\RecursosUnificados\BranchPedrao\Sprites\Boss\cry\cry_0008.png","cry_0008.png",".png","11636","35AE602AF1F9BF2951986F53E291D8C9FB8968FDFD1645FBCDFE6ADB7FAE665B"
"BranchPedrao","Assets\RecursosUnificados\BranchPedrao\Sprites\Boss\cry\cry_0009.png","cry_0009.png",".png","6538","49D8FBD88D015E443B36FE97D2FF152F0801891DDACCCBEA9DE1363BA4F35C42"
"BranchPedrao","Assets\RecursosUnificados\BranchPedrao\Sprites\Boss\dead\morte.gif","morte.gif",".gif","44034","8DFA01CBCDE340160E3340547114559A55AB6501DB11C6D6ED131C88E9F8B2F9"
"BranchPedrao","Assets\RecursosUnificados\BranchPedrao\Sprites\Boss\dead\start-dissipar.gif","start-dissipar.gif",".gif","37399","3CEB49860870E9FD8C2A08D517C5066827CD019D2F7CB540AE3E28E11C391F04"
"BranchPedrao","Assets\RecursosUnificados\BranchPedrao\Sprites\Boss\dead\PNG\PNG_0001.png","PNG_0001.png",".png","8965","EB6FE9A28C16F9CE00F1DA1420040B0B859E11C118E33B1CEEC118BEF844E325"
"BranchPedrao","Assets\RecursosUnificados\BranchPedrao\Sprites\Boss\dead\PNG\PNG_0002.png","PNG_0002.png",".png","7361","DA0D64CAE45EFB7232AA3800E643B8DF1C6E545AA1BCBE41D0F76981571CEF2F"
"BranchPedrao","Assets\RecursosUnificados\BranchPedrao\Sprites\Boss\dead\PNG\PNG_0003.png","PNG_0003.png",".png","8937","E78F3DE31ECCECC341BF07FC28F04DD87F305A200BE5D02A55832D25844FD8BE"
"BranchPedrao","Assets\RecursosUnificados\BranchPedrao\Sprites\Boss\dead\PNG\PNG_0004.png","PNG_0004.png",".png","6729","0F73CD8CAE4247BC809FEE2375DF47934CDF371D6A813DB3273DC13D2ABBB60B"
"BranchPedrao","Assets\RecursosUnificados\BranchPedrao\Sprites\Boss\dead\PNG\PNG_0005.png","PNG_0005.png",".png","8025","67179444979ECAD6946C807CC228891D4EF4DD1E5B0EBA2E874F3AD9FF0DB422"
"BranchPedrao","Assets\RecursosUnificados\BranchPedrao\Sprites\Boss\dead\PNG\PNG_0006.png","PNG_0006.png",".png","6677","E1D6F65CDFE2A80EAA11E317506AC38FB66648C5B781E26565CF46E688A29B42"
"BranchPedrao","Assets\RecursosUnificados\BranchPedrao\Sprites\Boss\dead\PNG\PNG_0007.png","PNG_0007.png",".png","7663","27FE98539ECF07F8EC49774938D72C6DC37B2C034CBE6D475B576F9225644EC1"
"BranchPedrao","Assets\RecursosUnificados\BranchPedrao\Sprites\Boss\dead\PNG\PNG_0008.png","PNG_0008.png",".png","6333","02672A980793E7E43B061AA6B97676C9D59A0278077E93A720322D5A50CF1E7F"
"BranchPedrao","Assets\RecursosUnificados\BranchPedrao\Sprites\Boss\dead\PNG\PNG_0009.png","PNG_0009.png",".png","7395","1781DE2447938CDC8F5BCA841F5957B30A4E1D84E1B75BFEE59AB5101B1CCD45"
"BranchPedrao","Assets\RecursosUnificados\BranchPedrao\Sprites\Boss\dead\PNG\PNG_0010.png","PNG_0010.png",".png","6464","E140ED9C8CB213B9A6654C231012C59EC05EBC2B23AEC089BEEC0ED33B2F50E3"
"BranchPedrao","Assets\RecursosUnificados\BranchPedrao\Sprites\Boss\dead\PNG\PNG_0011.png","PNG_0011.png",".png","6740","1FE02EBDDAC80C767DC5C846009D871B99304D23900F4E0FB37A581ACAE23490"
"BranchPedrao","Assets\RecursosUnificados\BranchPedrao\Sprites\Boss\dead\PNG\PNG_0012.png","PNG_0012.png",".png","6062","78E48486FA6DB946F322FECA898A7D43E4D9820ACA3E0F4DB36065A6E87C1DCD"
"BranchPedrao","Assets\RecursosUnificados\BranchPedrao\Sprites\Boss\dead\PNG\PNG_0013.png","PNG_0013.png",".png","7333","1502435493871DC91339A60F290FEA7575EF9A4BFC9441AF828FD8EEAC490FBC"
"BranchPedrao","Assets\RecursosUnificados\BranchPedrao\Sprites\Boss\dead\PNG\PNG_0014.png","PNG_0014.png",".png","10799","570774DCFAB21137F5D7911A248B25CC48D03A66948B3893B1D87DDE78384A8E"
"BranchPedrao","Assets\RecursosUnificados\BranchPedrao\Sprites\Boss\dead\PNG\PNG_0015.png","PNG_0015.png",".png","9848","F13D8B2DFA622E13B5D5028A749D4C197A0FFF172EC02E5F3C4717FD26AFF6BD"
"BranchPedrao","Assets\RecursosUnificados\BranchPedrao\Sprites\Boss\dead\PNG\PNG_0016.png","PNG_0016.png",".png","10885","D0BFE3866D96B03CC5B0BBD25792DADA71FA6BB629C08C0368067EB1629EA54D"
"BranchPedrao","Assets\RecursosUnificados\BranchPedrao\Sprites\Boss\dead\PNG\PNG_0017.png","PNG_0017.png",".png","9234","9DF28A78CA39477ACA46115E82237AD0C7C6B7DC097404C53833B24183EA4460"
"BranchPedrao","Assets\RecursosUnificados\BranchPedrao\Sprites\Boss\dead\PNG\PNG_0018.png","PNG_0018.png",".png","6697","DCCBAFD39CC13295FE1F6C31A77A5DE4194C53FF51B18F3B101A25923135DF9E"
"BranchPedrao","Assets\RecursosUnificados\BranchPedrao\Sprites\Boss\dead\PNG\PNG_0019.png","PNG_0019.png",".png","7046","65B9A03CBA2EBEDADDAEA760666ACE97E6BF5666732E927D3295612ADB3070AF"
"BranchPedrao","Assets\RecursosUnificados\BranchPedrao\Sprites\Boss\dead\PNG\PNG_0020.png","PNG_0020.png",".png","8228","3C68FF7482A081EC27713DF1BAC7405A37E0E6BA55A86012CFABDC9017809536"
"BranchPedrao","Assets\RecursosUnificados\BranchPedrao\Sprites\Boss\fall\battle-cry.gif","battle-cry.gif",".gif","42021","EACD9C33853928EA1F5A050521F724BC595E1A5134238F31196EDF4910D65791"
"BranchPedrao","Assets\RecursosUnificados\BranchPedrao\Sprites\Boss\fall\end-fall.gif","end-fall.gif",".gif","43037","900A804895BC9180759123D43CE7BB5D3984DAB979E4D0874F152ACEACBAD162"
"BranchPedrao","Assets\RecursosUnificados\BranchPedrao\Sprites\Boss\fall\PNG\fall.png","fall.png",".png","7895","D708CABD658C471334DFD8DAE3D430381593C60622694B96A191EA75514C1F7E"
"BranchPedrao","Assets\RecursosUnificados\BranchPedrao\Sprites\Boss\fall\PNG\PNG_0001.png","PNG_0001.png",".png","9800","6AA6B96E183FD1F420C8518CD57894CC656E2303C508A30012C1600F209913C7"
"BranchPedrao","Assets\RecursosUnificados\BranchPedrao\Sprites\Boss\fall\PNG\PNG_0002.png","PNG_0002.png",".png","8277","0C589AFF16AD6F62868C8BCAF7A86BE6E5B5DC4C26358164BDEA8E913EDED9F5"
"BranchPedrao","Assets\RecursosUnificados\BranchPedrao\Sprites\Boss\fall\PNG\PNG_0003.png","PNG_0003.png",".png","10550","4E17F946C6D45F0953C71D42E8DA6E471B0F21C539F1B56223E533181C38F76D"
"BranchPedrao","Assets\RecursosUnificados\BranchPedrao\Sprites\Boss\fall\PNG\PNG_0004.png","PNG_0004.png",".png","9436","B9A1F0082EF749047835C841263DD08735220FB9E9C127CFFC738DF7C10EFB19"
"BranchPedrao","Assets\RecursosUnificados\BranchPedrao\Sprites\Boss\fall\PNG\PNG_0005.png","PNG_0005.png",".png","11979","FA3A475E2587835777FF60F226E750A9913172A7108A0A129CA36FFBF790E305"
"BranchPedrao","Assets\RecursosUnificados\BranchPedrao\Sprites\Boss\fall\PNG\PNG_0006.png","PNG_0006.png",".png","5570","5904BEA04D62765585AA0A11B0109F11B6A3792BA52EFF8B4C6BB960ADE92420"
"BranchPedrao","Assets\RecursosUnificados\BranchPedrao\Sprites\Boss\idle\idle.gif","idle.gif",".gif","54891","A5526A3390568FA81ECEB6E5105EDC3B0D9BBE0D9C234DAA4273EA793E49F71D"
"BranchPedrao","Assets\RecursosUnificados\BranchPedrao\Sprites\Boss\idle\PNG\idle_0001.png","idle_0001.png",".png","5579","773730526CA41083C32BCD88826AE723A96B2DD7D6F4B0B9EA2CC77C31A450D1"
"BranchPedrao","Assets\RecursosUnificados\BranchPedrao\Sprites\Boss\idle\PNG\idle_0002.png","idle_0002.png",".png","7098","9D8EF8A951C8CFAD1DDFCFD7CEA088DB63B7191B568EC206DC30F629DA6BF49A"
"BranchPedrao","Assets\RecursosUnificados\BranchPedrao\Sprites\Boss\idle\PNG\idle_0003.png","idle_0003.png",".png","6734","7339DD0BAB3B9C69DF5EBE4CF6667BFE6F5927662020F92137462A460CA94369"
"BranchPedrao","Assets\RecursosUnificados\BranchPedrao\Sprites\Boss\idle\PNG\idle_0004.png","idle_0004.png",".png","7617","AD12FF1F3647DBFF83DEEE8ECFB065F0983E41E6DF8329C1BCDCA518D2C9A331"
"BranchPedrao","Assets\RecursosUnificados\BranchPedrao\Sprites\Boss\idle\PNG\idle_0005.png","idle_0005.png",".png","6262","E99C369EDCF8D0D6C1CDDDD646556A3AC83B5F0182AD99B6D082EBD5AC01605D"
"BranchPedrao","Assets\RecursosUnificados\BranchPedrao\Sprites\Boss\idle\PNG\idle_0006.png","idle_0006.png",".png","6271","5A3B7A7D3FCCA1C16073D408DDA0EE4A9D33CEF1516415EC1206D28503EEB0AD"
"BranchPedrao","Assets\RecursosUnificados\BranchPedrao\Sprites\Boss\idle\PNG\idle_0007.png","idle_0007.png",".png","6194","27874B868A0D37822EFB133AC19375C8A77BC54B4576B11A384AFAD36A6D40EF"
"BranchPedrao","Assets\RecursosUnificados\BranchPedrao\Sprites\Boss\idle\PNG\idle_0008.png","idle_0008.png",".png","6313","692B72FE51D79FDA869E240D07E4120EA6D96A05851AB31CF11CA0E86307DA34"
"BranchPedrao","Assets\RecursosUnificados\BranchPedrao\Sprites\Boss\idle\PNG\idle_0009.png","idle_0009.png",".png","6103","A0193B3DE206BB5384DFFB471949891306E933A4BD9CDA497019EA434FE47647"
"BranchPedrao","Assets\RecursosUnificados\BranchPedrao\Sprites\Boss\idle\PNG\idle_0010.png","idle_0010.png",".png","6295","AEFB5A97FC8ADE3137946DB8C98C0EBF925778F731D010ACA97EF0B484BD81EE"
"BranchPedrao","Assets\RecursosUnificados\BranchPedrao\Sprites\Boss\idle\PNG\idle_0011.png","idle_0011.png",".png","5942","6AF4AFCB5A23AE24E3EA85615BF4E53984C03FA4BF9F14BCF101FD8723C1F6AC"
"BranchPedrao","Assets\RecursosUnificados\BranchPedrao\Sprites\Boss\idle\PNG\idle_0012.png","idle_0012.png",".png","6272","718383F85BBFF5FF886293136A5E0F2C9C91516769954540C9B14B014E2E9C31"
"BranchPedrao","Assets\RecursosUnificados\BranchPedrao\Sprites\Boss\idle\PNG\idle_0013.png","idle_0013.png",".png","5919","692EC7C295634232212FF3776928DFC6EFBC4E103BACC950B1DC213E327AE40F"
"BranchPedrao","Assets\RecursosUnificados\BranchPedrao\Sprites\Boss\idle\PNG\idle_0014.png","idle_0014.png",".png","6477","62B71CE0F441E4D33C84A5C024005A753D94E138F5F9C39F4F7056165FD5B0ED"
"BranchPedrao","Assets\RecursosUnificados\BranchPedrao\Sprites\Boss\idle\PNG\idle_0015.png","idle_0015.png",".png","6577","56C7EA5E5695D42F2CAB924E6DE8B25841D44865C026ADACAE25822F4BF2D3C7"
"BranchPedrao","Assets\RecursosUnificados\BranchPedrao\Sprites\Boss\idle\PNG\idle_0016.png","idle_0016.png",".png","7437","AEC46BC71A6BE76A0F7AADFAEC408A00EDC33D30977FC5ECB38A6798C0FB4C24"
"BranchPedrao","Assets\RecursosUnificados\BranchPedrao\Sprites\Boss\idle\PNG\idle_0017.png","idle_0017.png",".png","6738","04E2B8A657CA25DD89FAC5C89B70A66BF44D16FD7610523B5A3D77DD213193A7"
"BranchPedrao","Assets\RecursosUnificados\BranchPedrao\Sprites\Boss\PREPARAÇÃO\PREPARAÇÃO.rar","PREPARAÇÃO.rar",".rar","61630","93EFCF07FBBA0FE1E3BC72AA1B00DA31A404EAE943BB1215BC0A9D8D173D082C"
"BranchPedrao","Assets\RecursosUnificados\BranchPedrao\Sprites\Boss\run\run.gif","run.gif",".gif","44723","1F5A4C4077E6AB0E48C12A7B329FBFA9671F7CC4E38AE915C2B995B059A024E8"
"BranchPedrao","Assets\RecursosUnificados\BranchPedrao\Sprites\Boss\run\PNG\PNG_0001.png","PNG_0001.png",".png","7450","A2A97E41AE9EC25F62DF59E26868229C53DD0803CEC7A34A9E5071C7604B3B2A"
"BranchPedrao","Assets\RecursosUnificados\BranchPedrao\Sprites\Boss\run\PNG\PNG_0002.png","PNG_0002.png",".png","9676","D4F4424BF755FE733BFB8F1DC9C428575BB68A771B3CC65CC401A5DEC1D58DFD"
"BranchPedrao","Assets\RecursosUnificados\BranchPedrao\Sprites\Boss\run\PNG\PNG_0003.png","PNG_0003.png",".png","8352","0A05E9148BB71523CF4C45F13D5A8FCDCC76CB279985950FE6FE385D5A39EE8F"
"BranchPedrao","Assets\RecursosUnificados\BranchPedrao\Sprites\Boss\run\PNG\PNG_0004.png","PNG_0004.png",".png","9466","0A0B50B5DD3431BAB2CE5BFC5792DA9DC24F445E9E2B9570AE7E36DDE5AED722"
"BranchPedrao","Assets\RecursosUnificados\BranchPedrao\Sprites\Boss\run\PNG\PNG_0005.png","PNG_0005.png",".png","7645","83E59C89A652FEB6BF6FF1D7CC95E7DF31EA5C1E8F49CF7941B11523DF84F169"
"BranchPedrao","Assets\RecursosUnificados\BranchPedrao\Sprites\Boss\run\PNG\PNG_0006.png","PNG_0006.png",".png","8874","64D09F1D190048994391CFD3317C20936FB654A175FFC51D3C1A07E83E0A3047"
"BranchPedrao","Assets\RecursosUnificados\BranchPedrao\Sprites\Boss\run\PNG\PNG_0007.png","PNG_0007.png",".png","7571","25AF08E9B6233BE3512DFDCCDBA02BAABF80D67D17569F3A7735127CB0B5BB2C"
"BranchPedrao","Assets\RecursosUnificados\BranchPedrao\Sprites\Boss\run\PNG\PNG_0008.png","PNG_0008.png",".png","8882","E8A5D4D96E697A702A0F9AD9B06DF1D86C42F933BB7B4D95AD31403B082E6E8C"
"BranchPedrao","Assets\RecursosUnificados\BranchPedrao\Sprites\Boss\run\PNG\PNG_0009.png","PNG_0009.png",".png","7862","45000C3EEC77731B61DCC929A6CC99D3111DA6B56197968051043D34EDA9C014"
"BranchPedrao","Assets\RecursosUnificados\BranchPedrao\Sprites\Boss\run\PNG\PNG_0010.png","PNG_0010.png",".png","8789","287759E412974C87D7661C833F82C2EDF83FFDF6116A7C6CA89DCD677CC772B8"
"BranchPedrao","Assets\RecursosUnificados\BranchPedrao\Sprites\Boss\run\PNG\PNG_0011.png","PNG_0011.png",".png","8040","BFF201A60AE754025A0B4A0CBF2A05518303306AC8AFB4A534E22B313A660A55"
"BranchPedrao","Assets\RecursosUnificados\BranchPedrao\Sprites\Boss\run\PNG\PNG_0012.png","PNG_0012.png",".png","10209","6D0C43CE4C38FFF5962942A5D33820464B20CC6F9A879623BF98224026167582"
"BranchPedrao","Assets\RecursosUnificados\BranchPedrao\Sprites\Boss\run\PNG\PNG_0013.png","PNG_0013.png",".png","7390","33C1FA1F1FD32B9CA205E592BF453C4714A25FAFE6745D017F71B4C1EE8292ED"
"BranchPedrao","Assets\RecursosUnificados\BranchPedrao\Sprites\Boss\run\PREPARAÇÃO\run_0002.png","run_0002.png",".png","10280","09DC231BCBE08E3AE50759EDA3B69D7170080E745C5A4481F43795603223E607"
"BranchPedrao","Assets\RecursosUnificados\BranchPedrao\Sprites\Boss\run\PREPARAÇÃO\run_0003.png","run_0003.png",".png","8190","96A05A7CDA9BB41F31B8CF818FD73F745BD7126C2B39DFFB55C908ED09FA5567"
"BranchPedrao","Assets\RecursosUnificados\BranchPedrao\Sprites\Boss\run\PREPARAÇÃO\run_0004.png","run_0004.png",".png","9519","BD5EE8013F6F3DDE6AFFD6B54085A3B54CA932A31F0590FC623FF76AD448726E"
"BranchPedrao","Assets\RecursosUnificados\BranchPedrao\Sprites\Boss\run\PREPARAÇÃO\run_0005.png","run_0005.png",".png","9333","2B584ADEC742B3805103F78FCDF4DA72AF51A75A58C0B1EDD6BA3AF74D30C8F9"
"BranchPedrao","Assets\RecursosUnificados\BranchPedrao\Sprites\Boss\run\PREPARAÇÃO\run_0006.png","run_0006.png",".png","10418","B06F140C547AFA78EE67BE18A81815A659AAD3B99BD275012E0AA72170BEB240"
"BranchPedrao","Assets\RecursosUnificados\BranchPedrao\Sprites\Boss\run\PREPARAÇÃO\run_0007.png","run_0007.png",".png","7404","2CF80D5EA870A2AF0B3E798EC6536F705DEC6F32B91B084446A8D22EAC956326"
"BranchPedrao","Assets\RecursosUnificados\BranchPedrao\Sprites\Boss\special-attk\special-attk-def.gif","special-attk-def.gif",".gif","56822","716174FCAAE68DA46CCF15798A4DB26EED92956976465DDF69190AE0EB303F2F"
"BranchPedrao","Assets\RecursosUnificados\BranchPedrao\Sprites\Boss\special-attk\special-attk_0001.png","special-attk_0001.png",".png","6410","98233A270CEA78F23EC65EC4D3466D0E5261C52D19C979ABDB0158CBDD335485"
"BranchPedrao","Assets\RecursosUnificados\BranchPedrao\Sprites\Boss\walk\walk.gif","walk.gif",".gif","45007","B88437CF1698BD0F2102F1818F092540500D0DF248EDC71A1850D2DAE68A52E5"
"BranchPedrao","Assets\RecursosUnificados\BranchPedrao\Sprites\Boss\walk\PNG\PNG_0002.png","PNG_0002.png",".png","8335","A7ABD01236CF590466151FEE41DAFCEEDEAE148174D13F5FDD98C74B36A50996"
"BranchPedrao","Assets\RecursosUnificados\BranchPedrao\Sprites\Boss\walk\PNG\PNG_0003.png","PNG_0003.png",".png","7057","FF44DAE68C359AD573FA45D656B3871DE4C6834404FC58F4904DAB545892F517"
"BranchPedrao","Assets\RecursosUnificados\BranchPedrao\Sprites\Boss\walk\PNG\PNG_0004.png","PNG_0004.png",".png","7854","BBFB6C4C1B1C153CE1452853680701EDCF656B3BECE80F38FD14D7A14037AFA8"
"BranchPedrao","Assets\RecursosUnificados\BranchPedrao\Sprites\Boss\walk\PNG\PNG_0005.png","PNG_0005.png",".png","6614","9579607472F1D3DD683F607F28578582E6C185115216FFA21B87A39EA1B790F5"
"BranchPedrao","Assets\RecursosUnificados\BranchPedrao\Sprites\Boss\walk\PNG\PNG_0006.png","PNG_0006.png",".png","7927","1675303F17F4A2F776DCA8432AA915A9A2E109352C6D5FE984EF1E39DCF81647"
"BranchPedrao","Assets\RecursosUnificados\BranchPedrao\Sprites\Boss\walk\PNG\PNG_0007.png","PNG_0007.png",".png","6708","2C834188B5F2B23363A8A3A32EA86CE25323FFCDB0B6580695A5F8D530268225"
"BranchPedrao","Assets\RecursosUnificados\BranchPedrao\Sprites\Boss\walk\PNG\PNG_0008.png","PNG_0008.png",".png","7629","8AEB39481B34367171E27D4BB8EC698F66A9147FDF3AD2A70B5936D6901FCC2C"
"BranchPedrao","Assets\RecursosUnificados\BranchPedrao\Sprites\Boss\walk\PNG\PNG_0009.png","PNG_0009.png",".png","6691","A487C0291DE6B47EFCF800EE8F3B4B5D2F83E72392C8B3C76F0DF6A4525C31BE"
"BranchPedrao","Assets\RecursosUnificados\BranchPedrao\Sprites\Boss\walk\PNG\PNG_0010.png","PNG_0010.png",".png","7918","CB656B2B0CEC8A3C4616E3A428B43834859583B00F1B566B01A537AF54A568A5"
"BranchPedrao","Assets\RecursosUnificados\BranchPedrao\Sprites\Boss\walk\PNG\PNG_0011.png","PNG_0011.png",".png","6702","D63ADC26F612B1F548DC886D25F8259BE18B74D0611C56DFBCE1DFA23D8F1C68"
"BranchPedrao","Assets\RecursosUnificados\BranchPedrao\Sprites\Boss\walk\PNG\PNG_0012.png","PNG_0012.png",".png","7633","8623F57BCBBC43649E0547A7BDC20ACC0EEE880E2CBDC0112A5055F8CCAC3B38"
"BranchPedrao","Assets\RecursosUnificados\BranchPedrao\Sprites\Boss\walk\PNG\PNG_0013.png","PNG_0013.png",".png","6723","FAE6BFE76B215A37E3D23C91C7A7166378B0A68E0A78852D08CB81D795ED256B"
"BranchPedrao","Assets\RecursosUnificados\BranchPedrao\Sprites\Player 1\Ataque\ATTK-1\attack-1_0001.png","attack-1_0001.png",".png","5833","B028832D321AD441DD2A2BCEC0D77B5F5CF828BF410C43E53B22D72A77B1715C"
"BranchPedrao","Assets\RecursosUnificados\BranchPedrao\Sprites\Player 1\Ataque\ATTK-1\attack-1_0002.png","attack-1_0002.png",".png","6911","D53042937C160B561D970B8D9E384624BE84DEDAD240826F402AE4C340684EB6"
"BranchPedrao","Assets\RecursosUnificados\BranchPedrao\Sprites\Player 1\Ataque\ATTK-1\attack-1_0003.png","attack-1_0003.png",".png","7044","885B23CAA757ADFD1E634D24CDF59B819D2A95B5858ADD47659615D529057BE3"
"BranchPedrao","Assets\RecursosUnificados\BranchPedrao\Sprites\Player 1\Ataque\ATTK-1\attack-1_0004.png","attack-1_0004.png",".png","7638","8F7B6A29D9F4902EAB599A7598869963C4CF797369C53B0873515E59A42B7146"
"BranchPedrao","Assets\RecursosUnificados\BranchPedrao\Sprites\Player 1\Ataque\ATTK-1\attack-1_0005.png","attack-1_0005.png",".png","8041","463FB7D7704FF62AD79B1C4B03CE35BA055B9C2A1FDA7C6AE80A54074E433E73"
"BranchPedrao","Assets\RecursosUnificados\BranchPedrao\Sprites\Player 1\Ataque\ATTK-1\attack-1_0006.png","attack-1_0006.png",".png","10457","28415F07063B11A7C75D239A20C7DD872B63D4D5B899F0D65F229B47EB18F766"
"BranchPedrao","Assets\RecursosUnificados\BranchPedrao\Sprites\Player 1\Ataque\ATTK-1\attack-1_0007.png","attack-1_0007.png",".png","8862","AB50C34862BDB2F4D53FF36469C67CAD433B9CFE3DE4C7EC89D78EFCCEA4EFBF"
"BranchPedrao","Assets\RecursosUnificados\BranchPedrao\Sprites\Player 1\Ataque\ATTK-2\ATTK-2_0001.png","ATTK-2_0001.png",".png","7617","C257F77D9A32B4D6F6D8860A3407CAAC3762E66880D4930B63999F9A9F9DFA87"
"BranchPedrao","Assets\RecursosUnificados\BranchPedrao\Sprites\Player 1\Ataque\ATTK-2\ATTK-2_0002.png","ATTK-2_0002.png",".png","9274","3727DD1BE246D401434D298E1E3E126578604CE62AB02B687B65A9B43CBA1660"
"BranchPedrao","Assets\RecursosUnificados\BranchPedrao\Sprites\Player 1\Ataque\ATTK-2\ATTK-2_0003.png","ATTK-2_0003.png",".png","7057","681522A9D3C15D1A03DDB669ED265B7CFF410A89C673FC5282730BC7A9EE7FAA"
"BranchPedrao","Assets\RecursosUnificados\BranchPedrao\Sprites\Player 1\Ataque\ATTK-2\ATTK-2_0004.png","ATTK-2_0004.png",".png","8278","E08EDA0BA9BECBC30637FC2ECA9B639B24654F1B77F500CB360505E21A4D3FF9"
"BranchPedrao","Assets\RecursosUnificados\BranchPedrao\Sprites\Player 1\Ataque\ATTK-2\ATTK-2_0005.png","ATTK-2_0005.png",".png","6458","50929CCA5A2EC79ECEFA6F462527EEE988B2600031F75C50B9BCF5D4B24BFF68"
"BranchPedrao","Assets\RecursosUnificados\BranchPedrao\Sprites\Player 1\Ataque\ATTK-2\ATTK-2_0006.png","ATTK-2_0006.png",".png","5086","4A8A647F74D852F2E8FE64ED1E6072B5874E7208F43381ACBA25E1CBCA9B8FB2"
"BranchPedrao","Assets\RecursosUnificados\BranchPedrao\Sprites\Player 1\Ataque\ATTK-2\ATTK-2_0007.png","ATTK-2_0007.png",".png","4783","483E596C7F47F47396B19CBBEADB3936F6160BE839B69CD54B22303B00970039"
"BranchPedrao","Assets\RecursosUnificados\BranchPedrao\Sprites\Player 1\Ataque\ATTK-3\ATTK-3_0001.png","ATTK-3_0001.png",".png","5076","A26F474AF7DB91ADA541D75CCF9ECB1758994900FE271013BA2451DA0F0F6C62"
"BranchPedrao","Assets\RecursosUnificados\BranchPedrao\Sprites\Player 1\Ataque\ATTK-3\ATTK-3_0002.png","ATTK-3_0002.png",".png","4858","8A2BEAECF37DE416156FE980EF4FBC7E082551550E04F799F8FEFBE805FE7C88"
"BranchPedrao","Assets\RecursosUnificados\BranchPedrao\Sprites\Player 1\Ataque\ATTK-3\ATTK-3_0003.png","ATTK-3_0003.png",".png","4361","2E324BFE3A8800DAB143AF91CC43BB3CB352C92C5134E8CF33D1DC21F4D526B2"
"BranchPedrao","Assets\RecursosUnificados\BranchPedrao\Sprites\Player 1\Ataque\ATTK-3\ATTK-3_0004.png","ATTK-3_0004.png",".png","5066","6E1A77DEFB1EFFAA7133F725CB3EBC178F53A710F3386CD2F4BFBA8C519395A0"
"BranchPedrao","Assets\RecursosUnificados\BranchPedrao\Sprites\Player 1\Ataque\ATTK-3\ATTK-3_0005.png","ATTK-3_0005.png",".png","7612","D7172376BAD1C8830E37D12BF72DF7FA1409C00B0D41ECBBE5ABAC21929810B2"
"BranchPedrao","Assets\RecursosUnificados\BranchPedrao\Sprites\Player 1\Ataque\ATTK-3\ATTK-3_0006.png","ATTK-3_0006.png",".png","9446","C21742D816F4BEF70A6E970CEBD7F50E55F0706EB8A41E8A40F7EB847DB9977E"
"BranchPedrao","Assets\RecursosUnificados\BranchPedrao\Sprites\Player 1\Ataque\ATTK-3\ATTK-3_0007.png","ATTK-3_0007.png",".png","7927","6E77A86CEE126A100F7EE573928DCF4B281FFE1D9CB562D8E66D5A4B45253E04"
"BranchPedrao","Assets\RecursosUnificados\BranchPedrao\Sprites\Player 1\Ataque\JUMP-ATTK\PNG_0001.png","PNG_0001.png",".png","6222","11B11824734A616E12B8C2609D47012765BCF0A501369A9CDE128CC5EBF67073"
"BranchPedrao","Assets\RecursosUnificados\BranchPedrao\Sprites\Player 1\Ataque\JUMP-ATTK\PNG_0002.png","PNG_0002.png",".png","8141","E89FB436393F3725E2FC1C59C7F8EA08577B7DE1319ED5007F54476A0209E6B6"
"BranchPedrao","Assets\RecursosUnificados\BranchPedrao\Sprites\Player 1\Ataque\JUMP-ATTK\PNG_0003.png","PNG_0003.png",".png","7169","3C7BEA2E828B91F14066E49A9FAFB65EEBECBBB6EAABF72B030947DE1F771AE2"
"BranchPedrao","Assets\RecursosUnificados\BranchPedrao\Sprites\Player 1\Ataque\JUMP-ATTK\PNG_0004.png","PNG_0004.png",".png","8586","F2CA5752D5083662FFC2CA3D3CB5FACB304351594F7C46A5CBF21AB6DAF7DB20"
"BranchPedrao","Assets\RecursosUnificados\BranchPedrao\Sprites\Player 1\Ataque\JUMP-ATTK\PNG_0005.png","PNG_0005.png",".png","10194","6D106BEABA99873AE222F4B0413ABF4FA441EE6E39C02BE33247814556320FE6"
"BranchPedrao","Assets\RecursosUnificados\BranchPedrao\Sprites\Player 1\Ataque\JUMP-ATTK\PNG_0006.png","PNG_0006.png",".png","12233","393F4C560376636DB1252257BD7663190ADD0A3AA1A23011B588FF92EA5CDD05"
"BranchPedrao","Assets\RecursosUnificados\BranchPedrao\Sprites\Player 1\Ataque\JUMP-ATTK\PNG_0007.png","PNG_0007.png",".png","9961","B9103D5D1E658C906D20BD56ABD937B7D0FB5063F3F91C0C285F3CA585DFAA32"
"BranchPedrao","Assets\RecursosUnificados\BranchPedrao\Sprites\Player 1\dash\animação inacabada do dash.gif","animação inacabada do dash.gif",".gif","32154","44D3D97542D088CB76DABF6557DF46FA6BFF538830B55F460C4F65AD66E9E994"
"BranchPedrao","Assets\RecursosUnificados\BranchPedrao\Sprites\Player 1\dash\PNG\dash_0001.png","dash_0001.png",".png","6635","4B9430FDDF6A385CE46CD2FAF058946AC6AAA39768FB0B93F414CD00EDD6FCDB"
"BranchPedrao","Assets\RecursosUnificados\BranchPedrao\Sprites\Player 1\dash\PNG\dash_0002.png","dash_0002.png",".png","6167","9879FAD170B7F016E6AEC3DE890200D3BB1EE09AF42C4430AED9EE21D411FFCB"
"BranchPedrao","Assets\RecursosUnificados\BranchPedrao\Sprites\Player 1\dash\PNG\dash_0003.png","dash_0003.png",".png","5772","620978118AA5403A63782B47EBAE6C2FDF189AD977BEBFF2E26E08253BD510EB"
"BranchPedrao","Assets\RecursosUnificados\BranchPedrao\Sprites\Player 1\dash\PNG\dash_0004.png","dash_0004.png",".png","5855","13CCFC64AA85B87C7E9E7000175E3E3C4FEEF331C6F200EC8391DAC8862CE4A7"
"BranchPedrao","Assets\RecursosUnificados\BranchPedrao\Sprites\Player 1\dash\PNG\dash_0005.png","dash_0005.png",".png","5431","C567188F11A924E6C0F06E02525483EB37F117EDB7781E91AEA5836DFB27546D"
"BranchPedrao","Assets\RecursosUnificados\BranchPedrao\Sprites\Player 1\dash\PNG\dash_0006.png","dash_0006.png",".png","5406","630BE792829C14B3FE5E6A1C3BE9D78E7F35A4304EABA1201BF93A9C9DED5B9D"
"BranchPedrao","Assets\RecursosUnificados\BranchPedrao\Sprites\Player 1\dash\PNG\dash_0007.png","dash_0007.png",".png","5477","77095069069AFE216394BA2D6E3CE3955FABF6845E4E3DFDDD1AE2D144E9EBD3"
"BranchPedrao","Assets\RecursosUnificados\BranchPedrao\Sprites\Player 1\dash\PNG\dash_0008.png","dash_0008.png",".png","5455","ED795C9494476DF582102A194111C2E00331D1FCC447F92B128CC17937B584FE"
"BranchPedrao","Assets\RecursosUnificados\BranchPedrao\Sprites\Player 1\dash\PNG\dash_0009.png","dash_0009.png",".png","5404","8101B05BBEF0E8F65699FE89ED5EC924B3EB8A06D40816C11C52302A9FE7547D"
"BranchPedrao","Assets\RecursosUnificados\BranchPedrao\Sprites\Player 1\dash\PNG\dash_0010.png","dash_0010.png",".png","6108","B6837AC2E1212E3EB6A660ADF527787F754CE78BFBE8177D8C4520633D33C71B"
"BranchPedrao","Assets\RecursosUnificados\BranchPedrao\Sprites\Player 1\dash\PNG\dash_0011.png","dash_0011.png",".png","5928","674BEC64976EF5C531011DF22F307993F13BEF8CA82F4A5C3E6C2F61E1A8EE9A"
"BranchPedrao","Assets\RecursosUnificados\BranchPedrao\Sprites\Player 1\dash\PNG\dash_0012.png","dash_0012.png",".png","6720","86F1553E6A81BD5B49892B4D15BE575FB5D24DC48D6A69A9E31DF4861AC3E3CD"
"BranchPedrao","Assets\RecursosUnificados\BranchPedrao\Sprites\Player 1\dash\PNG\dash_0013.png","dash_0013.png",".png","6175","268C2CC1D92962531353FC45EECD0C365394D4CE0F4A14A472A372682B89939F"
"BranchPedrao","Assets\RecursosUnificados\BranchPedrao\Sprites\Player 1\dead\dead_0001.png","dead_0001.png",".png","7557","523EA7129B2FFE217962D0BC31E9250F5090DD784596E8B6566A4E92E69D6F5B"
"BranchPedrao","Assets\RecursosUnificados\BranchPedrao\Sprites\Player 1\dead\dead_0002.png","dead_0002.png",".png","6905","4C47BB1CF7A77D5C7DDEEDB98B036EB9A550711C5ABA6292B8A898D3992A83DE"
"BranchPedrao","Assets\RecursosUnificados\BranchPedrao\Sprites\Player 1\dead\dead_0003.png","dead_0003.png",".png","7108","E4EA041939483AD91B70D0E95E9C8BF479ED865C39C6A6F3536D56528853A4D9"
"BranchPedrao","Assets\RecursosUnificados\BranchPedrao\Sprites\Player 1\dead\dead_0004.png","dead_0004.png",".png","4993","90881654C2C55A0EAA7ACFB223ECD900F949D57BCE49566039AAE3B05FE7FE93"
"BranchPedrao","Assets\RecursosUnificados\BranchPedrao\Sprites\Player 1\dead\dead_0005.png","dead_0005.png",".png","4396","A4A8EB12D866E0A2F35486532BA330E6D716F27E4FC62355F145752A501BECE7"
"BranchPedrao","Assets\RecursosUnificados\BranchPedrao\Sprites\Player 1\dead\dead_0006.png","dead_0006.png",".png","3913","E247B58DDFE40AC8A62D553050971325F14B4547844BBB3133DD9F5C5580C66F"
"BranchPedrao","Assets\RecursosUnificados\BranchPedrao\Sprites\Player 1\DMG-animation\DMG-animation_0001.png","DMG-animation_0001.png",".png","11638","C4B00B39C3A80EA1692A97C9BF3A2F1336CA9B894F8ADE0AF92FAC886050906C"
"BranchPedrao","Assets\RecursosUnificados\BranchPedrao\Sprites\Player 1\DMG-animation\DMG-animation_0002.png","DMG-animation_0002.png",".png","8187","FA2FFA10CC0DBC9B7CC51ED875DE172137940A313E93E6953C1BE82060FB171D"
"BranchPedrao","Assets\RecursosUnificados\BranchPedrao\Sprites\Player 1\DMG-animation\DMG-animation_0003.png","DMG-animation_0003.png",".png","7607","0E9678CC9C32DFC00B2A288890C464900C9C9ABF576824BFCE442D2211D8C80F"
"BranchPedrao","Assets\RecursosUnificados\BranchPedrao\Sprites\Player 1\DMG-animation\DMG-animation_0004.png","DMG-animation_0004.png",".png","11452","BAD53E9B79C4DAB2AD35CCCC8D98FAD6204F5F9C95CB74B384746BC4879535D6"
"BranchPedrao","Assets\RecursosUnificados\BranchPedrao\Sprites\Player 1\DMG-animation\DMG-animation_0005.png","DMG-animation_0005.png",".png","10901","2DFAF8CF5FA8A6677849DAA90AA7EC456B8558979E55B8B1C9A9C4398ADFC168"
"BranchPedrao","Assets\RecursosUnificados\BranchPedrao\Sprites\Player 1\idle\idle.gif","idle.gif",".gif","24053","59CE5BD910F93A1BFAF3607F685B4D27B0DCC46EC0045E3AE5A1D7E7976C1FFB"
"BranchPedrao","Assets\RecursosUnificados\BranchPedrao\Sprites\Player 1\idle\idle1.png","idle1.png",".png","5394","5F53A428EB9BA7ED7DA6B65B45D36CC360D4A214DA264B441E87E6E847F72EE7"
"BranchPedrao","Assets\RecursosUnificados\BranchPedrao\Sprites\Player 1\idle\idle2.png","idle2.png",".png","6682","CA2EB5D93DF1881F49E75FFDDDD28C9AEAF9F1C1954F5BEB7A7BF3622B9CD3FA"
"BranchPedrao","Assets\RecursosUnificados\BranchPedrao\Sprites\Player 1\idle\idle3.png","idle3.png",".png","5975","94E4571633B340BDC1F9E289B55202AD4B616489A838331E870B2E2C57FEFD0D"
"BranchPedrao","Assets\RecursosUnificados\BranchPedrao\Sprites\Player 1\idle\idle4.png","idle4.png",".png","6796","468730F04EFA4685AE03063FEA1C6C7A3CCBCF10539D639A1B65D4A373721912"
"BranchPedrao","Assets\RecursosUnificados\BranchPedrao\Sprites\Player 1\idle\idle5.png","idle5.png",".png","6117","53203C5FBFD3129A4674B0D0B606A6E8CDFE41F7141A179B16A2AFFEF08DBFA9"
"BranchPedrao","Assets\RecursosUnificados\BranchPedrao\Sprites\Player 1\idle\idle6.png","idle6.png",".png","6672","B72ABA02DF4361D783E4BBEA10D9DEEFCA5868C2BC5960C29EC2D1862C0C5BC7"
"BranchPedrao","Assets\RecursosUnificados\BranchPedrao\Sprites\Player 1\idle\idle7.png","idle7.png",".png","6001","7EB5398742E3DC2EA51F58A2D96466D137327E286F292EE442B8142C4C23EF2E"
"BranchPedrao","Assets\RecursosUnificados\BranchPedrao\Sprites\Player 1\idle\idle8.png","idle8.png",".png","6537","F794A2260F23E7993DE422780CE3A323CBE1A0A8B763632F1923D340A62570B9"
"BranchPedrao","Assets\RecursosUnificados\BranchPedrao\Sprites\Player 1\idle\idle9.png","idle9.png",".png","5664","C653EBB79010C6A8657647552BC1DFE639924009777C131B9B48657FD85AF47E"
"BranchPedrao","Assets\RecursosUnificados\BranchPedrao\Sprites\Player 1\idle\init-fix.png","init-fix.png",".png","5504","BCDEA921DB9EAF16DD99E68D1C1C0E620EACC157AC2ABD6B4583207CC79D8E96"
"BranchPedrao","Assets\RecursosUnificados\BranchPedrao\Sprites\Player 1\idle\init.png","init.png",".png","5901","438D425604185EF8A62E11DEE69184DA6C1CB43E353AE73D408629054C037831"
"BranchPedrao","Assets\RecursosUnificados\BranchPedrao\Sprites\Player 1\jump-(pode ser trocado com o tempo)\jump(menos ruim).gif","jump(menos ruim).gif",".gif","37829","0BC84412D3527A5C5D114F5CA7BC39E55F1A63CF8DF8B1FEC4D47B33624CEDB5"
"BranchPedrao","Assets\RecursosUnificados\BranchPedrao\Sprites\Player 1\jump-(pode ser trocado com o tempo)\opção2.gif","opção2.gif",".gif","38166","0AED5458121C18E5391A2A7297AE5F3F7726A4F747679614453F95C0F89CCB02"
"BranchPedrao","Assets\RecursosUnificados\BranchPedrao\Sprites\Player 1\jump-(pode ser trocado com o tempo)\prop-jump.gif","prop-jump.gif",".gif","48326","16681D0E6AFB2B27F1BC8CF077FAFFEEC95F7B829C4A564D3D6EC7B373EE5F42"
"BranchPedrao","Assets\RecursosUnificados\BranchPedrao\Sprites\Player 1\jump-(pode ser trocado com o tempo)\PNGS\PNGS_0002.png","PNGS_0002.png",".png","6992","2FB1145EB4BCE04E40150CD314F8E75ABF6DA270AB1C63B83DC82C8AF8305175"
"BranchPedrao","Assets\RecursosUnificados\BranchPedrao\Sprites\Player 1\jump-(pode ser trocado com o tempo)\PNGS\PNGS_0003.png","PNGS_0003.png",".png","6219","53D0E799F0E79B18BB7245430AEC51737435B173A988983249E3FDFDB28F25C4"
"BranchPedrao","Assets\RecursosUnificados\BranchPedrao\Sprites\Player 1\jump-(pode ser trocado com o tempo)\PNGS\PNGS_0004.png","PNGS_0004.png",".png","6806","B94A40BD1BE3204963DB02D9E858686D6E3DC54CE725459459179C83FC0BF078"
"BranchPedrao","Assets\RecursosUnificados\BranchPedrao\Sprites\Player 1\jump-(pode ser trocado com o tempo)\PNGS\PNGS_0005.png","PNGS_0005.png",".png","6108","91B9BD1476880B804B376A2E801F3235E3BF327423B7FAE44CCCF031D87EA69D"
"BranchPedrao","Assets\RecursosUnificados\BranchPedrao\Sprites\Player 1\jump-(pode ser trocado com o tempo)\PNGS\PNGS_0006.png","PNGS_0006.png",".png","6846","480F2E7549A2ED6DDEEFA9C9E16736D57A823142B3D9D76F23EDF6318F65E1A0"
"BranchPedrao","Assets\RecursosUnificados\BranchPedrao\Sprites\Player 1\jump-(pode ser trocado com o tempo)\PNGS\PNGS_0007.png","PNGS_0007.png",".png","6244","3FD30D4258294A70D9DFE75AB3A867CAFB508ACDDC8B7FFA75E47D5B3C9FED47"
"BranchPedrao","Assets\RecursosUnificados\BranchPedrao\Sprites\Player 1\jump-(pode ser trocado com o tempo)\PNGS\PNGS_0008.png","PNGS_0008.png",".png","6990","C45FCE2C5D9B381105CBB275DD869A07B490CD03C4964FCCDDD6FA816E68F038"
"BranchPedrao","Assets\RecursosUnificados\BranchPedrao\Sprites\Player 1\jump-(pode ser trocado com o tempo)\PNGS\PNGS_0009.png","PNGS_0009.png",".png","6021","5396A50F8E7201D3897D3B1BFFCDD459B88229E527F6B48303702E079E799DF3"
"BranchPedrao","Assets\RecursosUnificados\BranchPedrao\Sprites\Player 1\jump-(pode ser trocado com o tempo)\PNGS\PNGS_0010.png","PNGS_0010.png",".png","6275","D0A078CBA0019A62DC46C6993B24B2423897E02126CE73CA4476A37D18BCBE70"
"BranchPedrao","Assets\RecursosUnificados\BranchPedrao\Sprites\Player 1\jump-(pode ser trocado com o tempo)\PNGS\PNGS_0011.png","PNGS_0011.png",".png","5776","B6204ED036DA1B0771D831399EE0E92F38ED0F53122E2957CA95DFD340D53048"
"BranchPedrao","Assets\RecursosUnificados\BranchPedrao\Sprites\Player 1\jump-(pode ser trocado com o tempo)\PNGS\PNGS_0012.png","PNGS_0012.png",".png","6678","2C2996EFE463F5098BB7B8C5BF744915A5216101C62B515F0C9642754DE6F164"
"BranchPedrao","Assets\RecursosUnificados\BranchPedrao\Sprites\Player 1\jump-(pode ser trocado com o tempo)\PNGS\PNGS_0013.png","PNGS_0013.png",".png","6218","8415284471C3D88B731BB8B7FE3FD0135820846945FF94800EB9E07BAA52CE95"
"BranchPedrao","Assets\RecursosUnificados\BranchPedrao\Sprites\Player 1\jump-plataforma\jump-plataforma_0001.png","jump-plataforma_0001.png",".png","5088","0CFC1A7DD43A14F588D38A561AC3D40E51BC7E1213AB3E13C782A368D326D023"
"BranchPedrao","Assets\RecursosUnificados\BranchPedrao\Sprites\Player 1\jump-plataforma\jump-plataforma_0002.png","jump-plataforma_0002.png",".png","5736","80133CB9976803855B422B41342A41DA7EE5215A3DBE0484F74382AA0311CD49"
"BranchPedrao","Assets\RecursosUnificados\BranchPedrao\Sprites\Player 1\jump-plataforma\jump-plataforma_0003.png","jump-plataforma_0003.png",".png","5315","B6E91389CA2A97EAB73363468ED26F7CF22A64F2AB32C5B0890B71F0743C3BF4"
"BranchPedrao","Assets\RecursosUnificados\BranchPedrao\Sprites\Player 1\jump-plataforma\jump-plataforma_0004.png","jump-plataforma_0004.png",".png","6091","C3B682B514B15762AA0993DA334E7D00C40CB79331773859A768644899ECEF3C"
"BranchPedrao","Assets\RecursosUnificados\BranchPedrao\Sprites\Player 1\jump-plataforma\jump-plataforma_0005.png","jump-plataforma_0005.png",".png","5463","62D4E0B7451CD753306E4B41B699150114365836451D77BA1D302F041EA8E9AA"
"BranchPedrao","Assets\RecursosUnificados\BranchPedrao\Sprites\Player 1\jump-plataforma\jump-plataforma_0006.png","jump-plataforma_0006.png",".png","6690","B427A5780BB61ED9CED85892572B569E7D2638894B23F248E0C45C657E89CA4C"
"BranchPedrao","Assets\RecursosUnificados\BranchPedrao\Sprites\Player 1\jump-plataforma\jump-plataforma_0007.png","jump-plataforma_0007.png",".png","7571","2F343559676131A8F070EA628EE69B8F5B92958B7D1C3BE3E938B58DFD3C5556"
"BranchPedrao","Assets\RecursosUnificados\BranchPedrao\Sprites\Player 1\jump-plataforma\jump-plataforma_0008.png","jump-plataforma_0008.png",".png","9114","E6B32E1EEF09B9B5E64D0906F696E94ECBDA1F226AA6CEE850FCADB08D92A8B4"
"BranchPedrao","Assets\RecursosUnificados\BranchPedrao\Sprites\Player 1\jump-plataforma\jump-plataforma_0009.png","jump-plataforma_0009.png",".png","5562","018682A5F02EB7710AE06FF76D30FE8FCE27AFE9AAFFB6947147084806C0F7E3"
"BranchPedrao","Assets\RecursosUnificados\BranchPedrao\Sprites\Player 1\prop\pixellab-anima--o-de-dash--part-culas-d-1776644095409.gif","pixellab-anima--o-de-dash--part-culas-d-1776644095409.gif",".gif","7089","7539CA899966F7B46DF3A9851C4B60E0A1527DAD7E52BA7B45B15D5C4B2C7D89"
"BranchPedrao","Assets\RecursosUnificados\BranchPedrao\Sprites\Player 1\prop\pixellab-make-it-be-the-last-frame-of-t-1776633168244.png","pixellab-make-it-be-the-last-frame-of-t-1776633168244.png",".png","11217","C49486ED6FAEB24CE9AFA2BBAF2AB66A816B866209AB088CCEA1468C9A640A06"
"BranchPedrao","Assets\RecursosUnificados\BranchPedrao\Sprites\Player 1\prop\pixellab-make-it-be-the-last-frame-of-t-1776633537342.png","pixellab-make-it-be-the-last-frame-of-t-1776633537342.png",".png","7909","E2D96E56977F5A747CA3CB95FDB70C6D775C8AF93B8F4B8FBE9F0C2964E571A6"
"BranchPedrao","Assets\RecursosUnificados\BranchPedrao\Sprites\Player 1\prop\start-attk.png","start-attk.png",".png","6789","BEB08906FB72D8536AA2B2624CA44F5BA2FBE785F564804A1C82853F04053B56"
"BranchPedrao","Assets\RecursosUnificados\BranchPedrao\Sprites\Player 1\run\run-loop.gif","run-loop.gif",".gif","36830","1EB9919D1441693DC40F325AF15212B726D7A0C72198B5E3090C5A7B7E76950E"
"BranchPedrao","Assets\RecursosUnificados\BranchPedrao\Sprites\Player 1\run\png\pixellab-The-hooded-figure-shifts-their-1776630699897_0001.png","pixellab-The-hooded-figure-shifts-their-1776630699897_0001.png",".png","6289","92116BCB07BD4A3F805BB0E101104CDB4D1D6FAE9302BA2D5C6660BB653ABB0E"
"BranchPedrao","Assets\RecursosUnificados\BranchPedrao\Sprites\Player 1\run\png\pixellab-The-hooded-figure-shifts-their-1776630699897_0002.png","pixellab-The-hooded-figure-shifts-their-1776630699897_0002.png",".png","6569","055BFAEFA314390BB5BA9F3C3EB2FE37DDE71DE7A35BC90C25BEB1D1AF1C16A8"
"BranchPedrao","Assets\RecursosUnificados\BranchPedrao\Sprites\Player 1\run\png\pixellab-The-hooded-figure-shifts-their-1776630699897_0003.png","pixellab-The-hooded-figure-shifts-their-1776630699897_0003.png",".png","6033","6994C35FAD6645ED54EFC6819174B1DE2BD771962B84CA34CFDAB23ACE96E5FB"
"BranchPedrao","Assets\RecursosUnificados\BranchPedrao\Sprites\Player 1\run\png\pixellab-The-hooded-figure-shifts-their-1776630699897_0004.png","pixellab-The-hooded-figure-shifts-their-1776630699897_0004.png",".png","6751","6D9B088CC40D62935CBED7BDD66A14F8F39166E07CA49E918F1E3AE8AF546E0A"
"BranchPedrao","Assets\RecursosUnificados\BranchPedrao\Sprites\Player 1\run\png\pixellab-The-hooded-figure-shifts-their-1776630699897_0005.png","pixellab-The-hooded-figure-shifts-their-1776630699897_0005.png",".png","6465","837390BA3B5D77D7D06F353286FF2928C763AD7E97E14B71658D26BABB4B6290"
"BranchPedrao","Assets\RecursosUnificados\BranchPedrao\Sprites\Player 1\run\png\pixellab-The-hooded-figure-shifts-their-1776630699897_0006.png","pixellab-The-hooded-figure-shifts-their-1776630699897_0006.png",".png","6950","913E789518DFCD83C890132CD035E5490CD59C7B60FABB171AB251B48E3BB422"
"BranchPedrao","Assets\RecursosUnificados\BranchPedrao\Sprites\Player 1\run\png\pixellab-The-hooded-figure-shifts-their-1776630699897_0007.png","pixellab-The-hooded-figure-shifts-their-1776630699897_0007.png",".png","6197","13DE71F0955C1DB6D6CC94269A7C64D6F34548CB19C5E46172E96538F7FB1954"
"BranchPedrao","Assets\RecursosUnificados\BranchPedrao\Sprites\Player 1\run\png\pixellab-The-hooded-figure-shifts-their-1776630699897_0008.png","pixellab-The-hooded-figure-shifts-their-1776630699897_0008.png",".png","6614","CB1304923E95FEB30D5B49C1368DC802A9363E1431C5208630A999297F070FBE"
"BranchPedrao","Assets\RecursosUnificados\BranchPedrao\Sprites\Player 1\run\png\pixellab-The-hooded-figure-shifts-their-1776630699897_0009.png","pixellab-The-hooded-figure-shifts-their-1776630699897_0009.png",".png","5888","BC8A760C270816E0A1A85128549673DD2CC9EC7205D43977B4091B03ED8CC006"
"BranchPedrao","Assets\RecursosUnificados\BranchPedrao\Sprites\Player 1\run\png\pixellab-The-hooded-figure-shifts-their-1776630699897_0010.png","pixellab-The-hooded-figure-shifts-their-1776630699897_0010.png",".png","6562","BFC7B0D40EF27EA601C96AA8F60D08FC50895547D5769B9A2D12AE536C12720D"
"BranchPedrao","Assets\RecursosUnificados\BranchPedrao\Sprites\Player 1\run\png\pixellab-The-hooded-figure-shifts-their-1776630699897_0011.png","pixellab-The-hooded-figure-shifts-their-1776630699897_0011.png",".png","6370","BEC6EBB2C2C1BC15978D030E176AFE2D21876E9BF0D02C3C02C15D9D6F8A0B1F"
"BranchPedrao","Assets\RecursosUnificados\BranchPedrao\Sprites\Player 1\run\png\pixellab-The-hooded-figure-shifts-their-1776630699897_0012.png","pixellab-The-hooded-figure-shifts-their-1776630699897_0012.png",".png","7247","7A68865CAD1D4A6E44C386544B74D876B60F7C58E9BC7FEDC6B2E5E72FDD35E9"
"BranchPedrao","Assets\RecursosUnificados\BranchPedrao\Sprites\Player 1\run\png\pixellab-The-hooded-figure-shifts-their-1776630699897_0013.png","pixellab-The-hooded-figure-shifts-their-1776630699897_0013.png",".png","6282","1A45D69C9C7C535315993EFEF37C635633699426254E6CEACB174DE5EB5CEB11"
"BranchPedrao","Assets\RecursosUnificados\BranchPedrao\Sprites\Player 1\troca-de-lado\troca-de-lado.gif","troca-de-lado.gif",".gif","29577","1283E6E1D3DCF5B423977AF8C1170E8ACD7E45871D0BCB3B8CB9F141FE79B776"
"BranchPedrao","Assets\RecursosUnificados\BranchPedrao\Sprites\Player 1\troca-de-lado\PNG\troca-de-lado_0002.png","troca-de-lado_0002.png",".png","6749","93E6EC5743D362959E2E3A366407F6EA81C2E95AE5727A9481E7BBA2FE9FFB22"
"BranchPedrao","Assets\RecursosUnificados\BranchPedrao\Sprites\Player 1\troca-de-lado\PNG\troca-de-lado_0003.png","troca-de-lado_0003.png",".png","6006","27C7C8F66585AA5EC8F3B6FFE84C2F9FE5F72EB69E9FD139542E98C53259AF67"
"BranchPedrao","Assets\RecursosUnificados\BranchPedrao\Sprites\Player 1\troca-de-lado\PNG\troca-de-lado_0004.png","troca-de-lado_0004.png",".png","6122","69678A7FC0D5A2651D98A45539958D9B86BA8C7587FCC93421FF568BFAC1EE96"
"BranchPedrao","Assets\RecursosUnificados\BranchPedrao\Sprites\Player 1\troca-de-lado\PNG\troca-de-lado_0005.png","troca-de-lado_0005.png",".png","4805","75B7AEFB1E01CB64E514742DBE3A2153A624B36AAFFE0ABD4B707021FA84B4C8"
"BranchPedrao","Assets\RecursosUnificados\BranchPedrao\Sprites\Player 1\troca-de-lado\PNG\troca-de-lado_0006.png","troca-de-lado_0006.png",".png","5404","7837372DC8E4D33C51FE428018E9A7D5F01D68194C9AA8FD5733D40A2E0D622F"
"BranchPedrao","Assets\RecursosUnificados\BranchPedrao\Sprites\Player 1\troca-de-lado\PNG\troca-de-lado_0007.png","troca-de-lado_0007.png",".png","5260","D15AE212136A81678F63C3C8EBA0ABC0607C9BFCEEE51F37E173113C3556C10F"
"BranchPedrao","Assets\RecursosUnificados\BranchPedrao\Sprites\Player 1\troca-de-lado\PNG\troca-de-lado_0008.png","troca-de-lado_0008.png",".png","6171","5C93DF933A55BA00E28267AA09C1F26859A39D92449AD27C75D582537D807AF0"
"BranchPedrao","Assets\RecursosUnificados\BranchPedrao\Sprites\Player 1\troca-de-lado\PNG\troca-de-lado_0009.png","troca-de-lado_0009.png",".png","5938","8F49ECFDCD14B950675D8C641EFA440CA4FD7CD3D143B649E2F2F7BE2E887D5E"
"BranchPedrao","Assets\RecursosUnificados\BranchPedrao\Sprites\Player 1\troca-de-lado\PNG\troca-de-lado_0010.png","troca-de-lado_0010.png",".png","7040","D29F126555F87DD215DC1433DA8FB37E719C967785182DCD28C04497A0F9A359"
"BranchPedrao","Assets\RecursosUnificados\BranchPedrao\Sprites\Player 1\troca-de-lado\PNG\troca-de-lado_0011.png","troca-de-lado_0011.png",".png","5561","C0BA33309AC3DD21A50780CDC9076CAC714511AF5CE292BE18B11875D31B6AA0"
"BranchPedrao","Assets\RecursosUnificados\BranchPedrao\Sprites\Player 1\walk\def-walk.gif","def-walk.gif",".gif","40710","FB5F0F02A2713C62A5E1E6897CC407823DBE2382853D9C6B315FDA70A2CE8F73"
"BranchPedrao","Assets\RecursosUnificados\BranchPedrao\Sprites\Player 1\walk\def-walk_0001.png","def-walk_0001.png",".png","7222","39A8921769DD6F66771FFA6042AFEF2E39CF236BC42A4B067B4FE3CF1D3FBB96"
"BranchPedrao","Assets\RecursosUnificados\BranchPedrao\Sprites\Player 1\walk\def-walk_0002.png","def-walk_0002.png",".png","7184","F0A1DDC8CF267F47CEF41E9DEC7D3674D38117F2FCE648F8C41C856899BCD25F"
"BranchPedrao","Assets\RecursosUnificados\BranchPedrao\Sprites\Player 1\walk\def-walk_0003.png","def-walk_0003.png",".png","6873","FA3FFD1AFCF821B1007C42C785F9A91D29B73CBC82F0BB9E24F0938F15243069"
"BranchPedrao","Assets\RecursosUnificados\BranchPedrao\Sprites\Player 1\walk\def-walk_0004.png","def-walk_0004.png",".png","7736","BBB70A10828DFE0AC253805013AB226EDD284379223EB4955E520E7D7749A65E"
"BranchPedrao","Assets\RecursosUnificados\BranchPedrao\Sprites\Player 1\walk\def-walk_0005.png","def-walk_0005.png",".png","6921","6104949B5F69A2BB6B0D8D68D0DD71206DE81DB8BAA3F3C3F868CD4BEA2C13B6"
"BranchPedrao","Assets\RecursosUnificados\BranchPedrao\Sprites\Player 1\walk\def-walk_0006.png","def-walk_0006.png",".png","7458","1BEB0FF4B974E9EB59BB8B2201F9BA09E95D5029FACB8948AE1CC6DEC3AE24C5"
"BranchPedrao","Assets\RecursosUnificados\BranchPedrao\Sprites\Player 1\walk\def-walk_0007.png","def-walk_0007.png",".png","6982","D32997A9AB857CA195DF71FE78F69BFB9D90A36EE1B88ACAB7D93BD52B5B6311"
"BranchPedrao","Assets\RecursosUnificados\BranchPedrao\Sprites\Player 1\walk\def-walk_0008.png","def-walk_0008.png",".png","7261","B24DE1EB6F91887061F747353B780452033AD9C34C005A9D1DBBB99AF11B8969"
"BranchPedrao","Assets\RecursosUnificados\BranchPedrao\Sprites\Player 1\walk\def-walk_0009.png","def-walk_0009.png",".png","6813","E4F1E96CD16812B66B90ADA8CB06349C5AA4D2A3D53A3D907F868A28E2E9AF4E"
"BranchPedrao","Assets\RecursosUnificados\BranchPedrao\Sprites\Player 1\walk\def-walk_0010.png","def-walk_0010.png",".png","7819","7BA284E6ED4F1CD1A08913A697FA018DAF1B8406B636DAD12A29FB489CAD5544"
"BranchPedrao","Assets\RecursosUnificados\BranchPedrao\Sprites\Player 1\walk\def-walk_0011.png","def-walk_0011.png",".png","7404","CAC1A815FFCEFBD85147D01498833CA60479A34C3D2137392BDFF8A7B6AD86C9"
"BranchPedrao","Assets\RecursosUnificados\BranchPedrao\Sprites\Player 1\walk\def-walk_0012.png","def-walk_0012.png",".png","7650","9A7F6F0E3A3A1B2BD2F37C52492471A2CF1FCFD16CDE7A2BBB336EDCE3E5509B"
"BranchPedrao","Assets\RecursosUnificados\BranchPedrao\Sprites\Player 1\walk\def-walk_0013.png","def-walk_0013.png",".png","7171","9B400A1ECA6D26E9AA70B75202C6BADE17125D5BC8136CA85113551E30080074"
"BranchPedrao","Assets\RecursosUnificados\BranchPedrao\Sprites\Player 1\walk\start-walk.gif","start-walk.gif",".gif","36997","24E993DF55B536C73BD532D5FAEDD002C7AAFCC42D858B8CCCB35EDF137C670E"
"BranchPedrao","Assets\RecursosUnificados\BranchPedrao\TextMesh Pro\Fonts\LiberationSans - OFL.txt","LiberationSans - OFL.txt",".txt","4469","37F8552E9A874EC10710DC0EDE6A9ADF168E6609FBD02A507F35629373B85A48"
"BranchPedrao","Assets\RecursosUnificados\BranchPedrao\TextMesh Pro\Fonts\LiberationSans.ttf","LiberationSans.ttf",".ttf","350200","E5B0AF421EA2BFBC1AC8D251D647268087AE82786234C57F757D1F0B90FA8B49"
"BranchPedrao","Assets\RecursosUnificados\BranchPedrao\TextMesh Pro\Resources\LineBreaking Following Characters.txt","LineBreaking Following Characters.txt",".txt","269","3A73E5FFE2510756DD3C2E982FDC1218B4BE82C6E21ABDE88070D6860E1BC8E6"
"BranchPedrao","Assets\RecursosUnificados\BranchPedrao\TextMesh Pro\Resources\LineBreaking Leading Characters.txt","LineBreaking Leading Characters.txt",".txt","95","62D3F4D5F64AAF885692D2D13A8313F6918E6E4C5AEB3990A43F614652BFD89C"
"BranchPedrao","Assets\RecursosUnificados\BranchPedrao\TextMesh Pro\Resources\TMP Settings.asset","TMP Settings.asset",".asset","1852","7BE438062CDC296835A1258B68BCBEB8E9FDC4B01EA27C05A24A1074260F7424"
"BranchPedrao","Assets\RecursosUnificados\BranchPedrao\TextMesh Pro\Resources\Fonts & Materials\LiberationSans SDF - Drop Shadow.mat","LiberationSans SDF - Drop Shadow.mat",".mat","2975","B6B65C34E4907DD3006C2217FC8A4CEF81B6DA24DF0A3DE8E2288199EB6C5A9D"
"BranchPedrao","Assets\RecursosUnificados\BranchPedrao\TextMesh Pro\Resources\Fonts & Materials\LiberationSans SDF - Fallback.asset","LiberationSans SDF - Fallback.asset",".asset","9365","E2D77876F2B90D98BA2424F6FC32B1403EA701DE8FD24A8FE8E571ECC3CDC10A"
"BranchPedrao","Assets\RecursosUnificados\BranchPedrao\TextMesh Pro\Resources\Fonts & Materials\LiberationSans SDF - Outline.mat","LiberationSans SDF - Outline.mat",".mat","2889","25874340976D40E9F9E8ABF731B7F32E5A478541DEAD9288140BD60C7A3287D9"
"BranchPedrao","Assets\RecursosUnificados\BranchPedrao\TextMesh Pro\Resources\Fonts & Materials\LiberationSans SDF.asset","LiberationSans SDF.asset",".asset","2264683","3E255BF16C9D35F6019C541174813B6F9E2DBFA5B0B458311CAC63FEA66A0357"
"BranchPedrao","Assets\RecursosUnificados\BranchPedrao\TextMesh Pro\Resources\Sprite Assets\EmojiOne.asset","EmojiOne.asset",".asset","13441","155FFF99F467BAA93DD2D0886DF466BD242CD5E3C8C60C9D43E9CDAD269F7F54"
"BranchPedrao","Assets\RecursosUnificados\BranchPedrao\TextMesh Pro\Resources\Style Sheets\Default Style Sheet.asset","Default Style Sheet.asset",".asset","5539","93E073CDB91B7E3D2FA31E2DD13626D7B9D2F327904BA8C3C2B97A3EECFBABAC"
"BranchPedrao","Assets\RecursosUnificados\BranchPedrao\TextMesh Pro\Shaders\SDFFunctions.hlsl","SDFFunctions.hlsl",".hlsl","6021","88CF0F62E4000B71750C059D0886B19504CD1CF10F39BB61DDC11B77A882D417"
"BranchPedrao","Assets\RecursosUnificados\BranchPedrao\TextMesh Pro\Shaders\TMPro.cginc","TMPro.cginc",".cginc","2277","14EDB7D7B88CAF2B82CAE68200ABE895E5B5B3474C3FFFBF0E9B4B09A4E2467E"
"BranchPedrao","Assets\RecursosUnificados\BranchPedrao\TextMesh Pro\Shaders\TMPro_Mobile.cginc","TMPro_Mobile.cginc",".cginc","5453","D9D43DDD9810476162F21B42477D9CE2CDC4E6CC7571D354C3253AAFC6673EAD"
"BranchPedrao","Assets\RecursosUnificados\BranchPedrao\TextMesh Pro\Shaders\TMPro_Properties.cginc","TMPro_Properties.cginc",".cginc","2707","66DB1F03E8D7A413EBA79BCB6602FDB2DE710B586F34A6F2584ED6F68F028E90"
"BranchPedrao","Assets\RecursosUnificados\BranchPedrao\TextMesh Pro\Shaders\TMPro_Surface.cginc","TMPro_Surface.cginc",".cginc","3515","244B442520282A66363D121C8D2AEEB30BB1E72CBBADBF41CE68D9100322ADE5"
"BranchPedrao","Assets\RecursosUnificados\BranchPedrao\TextMesh Pro\Shaders\TMP_Bitmap-Custom-Atlas.shader","TMP_Bitmap-Custom-Atlas.shader",".shader","3836","42892A52F22BDDE6D482CF2DA5F35E4B813063FC6FE42189EEE5562080079494"
"BranchPedrao","Assets\RecursosUnificados\BranchPedrao\TextMesh Pro\Shaders\TMP_Bitmap-Mobile.shader","TMP_Bitmap-Mobile.shader",".shader","4071","B50AFC7EDC8A710F8B4159149B2391E7238B5E4076CC0EA2119090ED29E13B4A"
"BranchPedrao","Assets\RecursosUnificados\BranchPedrao\TextMesh Pro\Shaders\TMP_Bitmap.shader","TMP_Bitmap.shader",".shader","3839","1D32F34C71276C1321AA0540A2410E15808743A38B2026923045A4DEC4A79B58"
"BranchPedrao","Assets\RecursosUnificados\BranchPedrao\TextMesh Pro\Shaders\TMP_SDF Overlay.shader","TMP_SDF Overlay.shader",".shader","11054","A0D318756CBA0F95A7052C387E629D0ADD3E9A4125C8333F1D1ED591AF5F17CB"
"BranchPedrao","Assets\RecursosUnificados\BranchPedrao\TextMesh Pro\Shaders\TMP_SDF SSD.shader","TMP_SDF SSD.shader",".shader","12438","2A991951B00B0C052363A1025F655450054325437B3D13C2623A987C8EC77C30"
"BranchPedrao","Assets\RecursosUnificados\BranchPedrao\TextMesh Pro\Shaders\TMP_SDF-HDRP LIT.shadergraph","TMP_SDF-HDRP LIT.shadergraph",".shadergraph","287427","BF68062F68B38B588ABD1C354F64E905F824D9A2C47F92EBDD70A32989EB2097"
"BranchPedrao","Assets\RecursosUnificados\BranchPedrao\TextMesh Pro\Shaders\TMP_SDF-HDRP UNLIT.shadergraph","TMP_SDF-HDRP UNLIT.shadergraph",".shadergraph","279909","8A969C2D775079CCE4E1C45D5EB6D3964B27D44DC884178363050C74FD5E9742"
"BranchPedrao","Assets\RecursosUnificados\BranchPedrao\TextMesh Pro\Shaders\TMP_SDF-Mobile Masking.shader","TMP_SDF-Mobile Masking.shader",".shader","8273","41CFF58473557BF760D03513A8C098F43A24E4EEB4C8CCD7D828C045A338A9ED"
"BranchPedrao","Assets\RecursosUnificados\BranchPedrao\TextMesh Pro\Shaders\TMP_SDF-Mobile Overlay.shader","TMP_SDF-Mobile Overlay.shader",".shader","8081","FB286386D0592CE6D63EB736F180B4B0F638EC538B0855AA54767A438EBD1173"
"BranchPedrao","Assets\RecursosUnificados\BranchPedrao\TextMesh Pro\Shaders\TMP_SDF-Mobile SSD.shader","TMP_SDF-Mobile SSD.shader",".shader","3064","8B30C140F6AF9134392FE6ECF4C0676DB73F873489AC52ADFB47BBD288CB51B8"
"BranchPedrao","Assets\RecursosUnificados\BranchPedrao\TextMesh Pro\Shaders\TMP_SDF-Mobile-2-Pass.shader","TMP_SDF-Mobile-2-Pass.shader",".shader","11795","4BC2DB64BEFBD0E37E23539F21096AD2FCD9D61B36D2174D208A7D831A0883F7"
"BranchPedrao","Assets\RecursosUnificados\BranchPedrao\TextMesh Pro\Shaders\TMP_SDF-Mobile.shader","TMP_SDF-Mobile.shader",".shader","8074","44C39AABC7E88E7E1FEFFC1880DF754F4ADF86B62E9512AA89E9D2D65171AFF4"
"BranchPedrao","Assets\RecursosUnificados\BranchPedrao\TextMesh Pro\Shaders\TMP_SDF-Surface-Mobile.shader","TMP_SDF-Surface-Mobile.shader",".shader","3523","F9FAE5906DD37D89298338953294459975DE58A5421E68DD9E82A79794B95509"
"BranchPedrao","Assets\RecursosUnificados\BranchPedrao\TextMesh Pro\Shaders\TMP_SDF-Surface.shader","TMP_SDF-Surface.shader",".shader","4353","5DADB68B56429547918B392626E9AF8FD5173936D20BB43CFCA58DFA00947257"
"BranchPedrao","Assets\RecursosUnificados\BranchPedrao\TextMesh Pro\Shaders\TMP_SDF-URP Lit.shadergraph","TMP_SDF-URP Lit.shadergraph",".shadergraph","283866","E0148CE8E5904232A4E711376A45B7AF2A007FB9690C5A69C1CB4952A696CDBF"
"BranchPedrao","Assets\RecursosUnificados\BranchPedrao\TextMesh Pro\Shaders\TMP_SDF-URP Unlit.shadergraph","TMP_SDF-URP Unlit.shadergraph",".shadergraph","277012","DC15B6819AD87A4B34ED888AE2C274624EFC0ADA902D1A9E7752D87922414DCC"
"BranchPedrao","Assets\RecursosUnificados\BranchPedrao\TextMesh Pro\Shaders\TMP_SDF.shader","TMP_SDF.shader",".shader","11027","10EFE6D4728474A09970B857FAF37913793E168DC13DBD4D7316B54B37615D97"
"BranchPedrao","Assets\RecursosUnificados\BranchPedrao\TextMesh Pro\Shaders\TMP_Sprite.shader","TMP_Sprite.shader",".shader","3446","AF669BB9AE136C8099F8E0A94A6933FD2F1E1FB0A6842129939A319FAB4B8DBB"
"BranchPedrao","Assets\RecursosUnificados\BranchPedrao\TextMesh Pro\Sprites\EmojiOne Attribution.txt","EmojiOne Attribution.txt",".txt","185","4B65F8960E4F4C5C8B35FD139E369265E9BB45667FC16461B2BA01188D464D93"
"BranchPedrao","Assets\RecursosUnificados\BranchPedrao\TextMesh Pro\Sprites\EmojiOne.json","EmojiOne.json",".json","3966","B85C4B3001B6BA82D175F4CD5DAB83DA467BBC2527D3D447B66919D2D20C4FAF"
"BranchPedrao","Assets\RecursosUnificados\BranchPedrao\TextMesh Pro\Sprites\EmojiOne.png","EmojiOne.png",".png","112319","A87B965A701DE3DC31D7401E542B1FC946587F912C51D7A26E46ADE9F098BD1A"
"BranchPedrao","Assets\RecursosUnificados\BranchPedrao\_Recovery\0 (1).unity","0 (1).unity",".unity","24630","D80B3C05327652DAA6E2D268F9AB9B38E73438C7F6A24948DBCECDBA3DFF3865"
"BranchPedrao","Assets\RecursosUnificados\BranchPedrao\_Recovery\0 (2).unity","0 (2).unity",".unity","38846","F36E0AC3C99063BA82554D04682AAEA85B2B6DB7428D88225AC56250F91551B9"
"BranchPedrao","Assets\RecursosUnificados\BranchPedrao\_Recovery\0 (3).unity","0 (3).unity",".unity","38848","233D7B91FD0D9DFCCAC25969E36145A324B27B2E914D4410AD8730E7CF5A77DE"
"BranchPedrao","Assets\RecursosUnificados\BranchPedrao\_Recovery\0.unity","0.unity",".unity","17177","8412574E039D364CA1CFE56BA24FA26459BA8BC96BF45C0626174B3D2D067E07"
"ChegaComJhon","Assets\RecursosUnificados\ChegaComJhon\DefaultNetworkPrefabs.asset","DefaultNetworkPrefabs.asset",".asset","724","C8FADB43942AA65E177CB670F9008BFCAE530A5FCC2A9681091A03C30E9FF15C"
"ChegaComJhon","Assets\RecursosUnificados\ChegaComJhon\DefaultVolumeProfile.asset","DefaultVolumeProfile.asset",".asset","18729","CB88AC788E6F2AC42DDA3D6BC1593CEFABA460E96AEAE1B1C8FA7BEF3E90E1E7"
"ChegaComJhon","Assets\RecursosUnificados\ChegaComJhon\Jogador.prefab","Jogador.prefab",".prefab","6683","908A96C92AECCF023EB171A778BB1206916CA5073242A92F084D92D3FFC9BB4F"
"ChegaComJhon","Assets\RecursosUnificados\ChegaComJhon\UniversalRenderPipelineGlobalSettings.asset","UniversalRenderPipelineGlobalSettings.asset",".asset","23266","D149767137156E864B5CC89CF86E7E3DE7A6C5E55B44D50C34C6784BEABBEF56"
"ChegaComJhon","Assets\RecursosUnificados\ChegaComJhon\Animacoes\Boss\Boss.controller","Boss.controller",".controller","30607","17B61D164619F647A2B243062259568E0FCA20449D3B8F45F11AB3347A280AAA"
"ChegaComJhon","Assets\RecursosUnificados\ChegaComJhon\Animacoes\Boss\Cry.anim","Cry.anim",".anim","9496","3CCABC0D3E0A3282B1203D54D661E15C88EF7282244B0EBE087B584E52757AEF"
"ChegaComJhon","Assets\RecursosUnificados\ChegaComJhon\Animacoes\Boss\Fall.anim","Fall.anim",".anim","1884","BC1F2346A1F01B3A8256A53BC8479D35BE5C1FDDEE4929116F3130355EF967DC"
"ChegaComJhon","Assets\RecursosUnificados\ChegaComJhon\Animacoes\Boss\intro.anim","intro.anim",".anim","7130","6EB6F3A83CAEDD0631B3CBB57B5D0348677866C50A08D91C736000212D0DF1CF"
"ChegaComJhon","Assets\RecursosUnificados\ChegaComJhon\Animacoes\Boss\wallking.anim","wallking.anim",".anim","4310","3B82816F14335CE5BCC9308BAD40FCA48F8358FFB4290F5D29113321DB2EC104"
"ChegaComJhon","Assets\RecursosUnificados\ChegaComJhon\Plugins\ParrelSync\ScriptableObjects\ParrelSyncProjectSettings.asset","ParrelSyncProjectSettings.asset",".asset","513","544EC8204B4C18584934EAFF63799565CB808CC1FBB206B5BD2E19881EA672B6"
"ChegaComJhon","Assets\RecursosUnificados\ChegaComJhon\Scenes\bla.unity","bla.unity",".unity","32900","E648F687DC5F374941BAA5DF29611A8AEC35DCB1B96E401C941BD2181F622E7C"
"ChegaComJhon","Assets\RecursosUnificados\ChegaComJhon\Scenes\CenaDoCT.unity","CenaDoCT.unity",".unity","20427","5C1AD70E15313CF1E8A37072517C6A4EEBF2DA7B68B080DBEFE6DC89A6C2A004"
"ChegaComJhon","Assets\RecursosUnificados\ChegaComJhon\Scenes\ServerHub.unity","ServerHub.unity",".unity","29792","D05346560DD54B9C4083234E70D6ABDB07B06FBE9D045BA090686D636E14E31C"
"ChegaComJhon","Assets\RecursosUnificados\ChegaComJhon\Scripts\README.md","README.md",".md","1233","5F39804EBEDCCA9B2DDA459B692089267E090F378029F393F74BDE597C25C5EA"
"ChegaComJhon","Assets\RecursosUnificados\ChegaComJhon\Settings\UniversalRP.asset","UniversalRP.asset",".asset","4590","167D20E3285F9071DC9BCB0A4FEE7CDF8BB335DD849EC96E4B3FA39BD401F266"
"ChegaComJhon","Assets\RecursosUnificados\ChegaComJhon\Settings\PlayMode\NewPlayModeScenario.asset","NewPlayModeScenario.asset",".asset","1001","AC38AE2D47DA6C7D51D892F66CEB60B49FB2CA05FD3A7A65574D6721415DC513"
"ChegaComJhon","Assets\RecursosUnificados\ChegaComJhon\Sprites\Interface\Multiplayer\difficulty_sprites.png","difficulty_sprites.png",".png","189130","184B34CDC60FF6F3F090438168ECDB2601A22945A9D6C45E9927B3F25E631445"
"ChegaComJhon","Assets\RecursosUnificados\ChegaComJhon\Sprites\Interface\Multiplayer\spr_buttons.png","spr_buttons.png",".png","813912","41CE53BF255E3CE9EFC68D905140F3EB1E9A5D35B4976142DA4C8FF25DA83CB1"
"ChegaComJhon","Assets\RecursosUnificados\ChegaComJhon\Sprites\Interface\Multiplayer\spr_players.png","spr_players.png",".png","16490","36FDB5C8E3CF2CC4ABA318BC3D46AFA367DF72DACFD2496F03EA5ABC6ADA66DD"
"ChegaComJhon","Assets\RecursosUnificados\ChegaComJhon\Sprites\Interface\Multiplayer\spr_rooms_kind.png","spr_rooms_kind.png",".png","1077339","1604E93B1112BD53588319C3432087085CAC5A997C810A79A1F21F55984FD4ED"
"ChegaComJhon","Assets\RecursosUnificados\ChegaComJhon\Sprites\Interface\Multiplayer\spr_serverhub.png","spr_serverhub.png",".png","199035","FA2B245B9FF86E49208A85443B3F292DA946769AC325C5B83DD250312562C227"
"ChegaComJhon","Assets\RecursosUnificados\ChegaComJhon\Sprites\Interface\Multiplayer\spr_title.png","spr_title.png",".png","254449","827A09CD5FB577A32BC7C7F30ECE1AA91DE15B98E94D418CC97F7B912D9C35D7"
"ChegaComJhon","Assets\RecursosUnificados\ChegaComJhon\TextMesh Pro\Resources\Fonts & Materials\LiberationSans SDF.asset","LiberationSans SDF.asset",".asset","2272769","0C990817A90DBE8CC2C54E699E187FE4A27986811BA742050885C92C364626A1"
"ChegaComJhon","Assets\RecursosUnificados\ChegaComJhon\_Recovery\0 (5).unity","0 (5).unity",".unity","45144","FF49B557CCFB64E8C959B7DB647FD963AAE0BB387878A31F8B5AEF4A48189EF6"
"ColegaTeste","Assets\RecursosUnificados\ColegaTeste\Decoracao_Background.unity","Decoracao_Background.unity",".unity","6001","FA8E03C8A2F0D9D5C56492619515F6B2F26174261E76B6F9D464018B0CDDB4B4"
"ColegaTeste","Assets\RecursosUnificados\ColegaTeste\DefaultVolumeProfile.asset","DefaultVolumeProfile.asset",".asset","19575","A8786F6390CEAD1A67643E0B85A6B31CE1FFFCA7974CCF077A5297AE87F32D9D"
"ColegaTeste","Assets\RecursosUnificados\ColegaTeste\UniversalRenderPipelineGlobalSettings.asset","UniversalRenderPipelineGlobalSettings.asset",".asset","25727","D7B6CD3897536FD6408E5D7BACAAB338DB0EC9FD3F5DC62A99729487F9F4A14B"
"ColegaTeste","Assets\RecursosUnificados\ColegaTeste\PlatformerSet1\01 background.png","01 background.png",".png","14615","AC40A755520389C0FC3208EB7DE6D7F86F1AE3F440C63BC5F96F8387AA03E597"
"ColegaTeste","Assets\RecursosUnificados\ColegaTeste\PlatformerSet1\02 background.png","02 background.png",".png","8368","1206C15F84971F3163732B41F8DBD05C9B9C108BAECE2F8E7C6604E0150B78B5"
"ColegaTeste","Assets\RecursosUnificados\ColegaTeste\PlatformerSet1\03 background A.png","03 background A.png",".png","13668","5F0A9F5381AE8A5B918C70E14C44D6E579CD2D4705562A3EA5006031FAAFB567"
"ColegaTeste","Assets\RecursosUnificados\ColegaTeste\PlatformerSet1\03 background B.png","03 background B.png",".png","13622","70E6C00CBEA79406186F08820915F6DDBEEACC19C4271162BF06B951A7090BE6"
"ColegaTeste","Assets\RecursosUnificados\ColegaTeste\PlatformerSet1\04 background.png","04 background.png",".png","24382","7F39F763DB5E752D81E9CD8A4912F463E85FB304CCB8EE7D1E42BD4EEAE58A62"
"ColegaTeste","Assets\RecursosUnificados\ColegaTeste\PlatformerSet1\05 background.png","05 background.png",".png","20352","3CF1992819E2D5E8A929F4B211A18FD6A5389762E0FE719654068278042BEB19"
"ColegaTeste","Assets\RecursosUnificados\ColegaTeste\PlatformerSet1\main_lev_build.png","main_lev_build.png",".png","216949","0CCC8D727E0C8C57BF5C7DE14F30C4463375795302D0D1030871919E7D06B68D"
"ColegaTeste","Assets\RecursosUnificados\ColegaTeste\PlatformerSet1\other_and_decorative.png","other_and_decorative.png",".png","50717","EB50A423156D2119BEB1B9E8C517821A5D5608625A9EEE6613E5CDFA8D76A2EF"
"ColegaTeste","Assets\RecursosUnificados\ColegaTeste\PlatformerSet1\Animated\diamond-01.png","diamond-01.png",".png","3767","363495BAEDE6BA96E8E75A8DF000945469B3650746F3FC11179DB939C96B4B76"
"ColegaTeste","Assets\RecursosUnificados\ColegaTeste\PlatformerSet1\Animated\diamond-02.png","diamond-02.png",".png","3783","AAE2EDDA89E6E0B1B55694071D42A943E81F4F2B4DD866C3251FB193782FF9C4"
"ColegaTeste","Assets\RecursosUnificados\ColegaTeste\PlatformerSet1\Animated\diamond-03.png","diamond-03.png",".png","3777","770C6F2B6349BA54F72383C5CFF3E68D89F2A0F25A022D61785399EA350A0053"
"ColegaTeste","Assets\RecursosUnificados\ColegaTeste\PlatformerSet1\Animated\diamond-04.png","diamond-04.png",".png","3758","53671586ABA9E37403E48D3932799FEC1507695756FACFE83DC657996A4C983A"
"ColegaTeste","Assets\RecursosUnificados\ColegaTeste\PlatformerSet1\Animated\diamond-05.png","diamond-05.png",".png","3742","707CC90E607D96B2BC27AECF3D8F6996CC917D2C4ED922BA095A2AA980611A52"
"ColegaTeste","Assets\RecursosUnificados\ColegaTeste\PlatformerSet1\Animated\light-01.png","light-01.png",".png","4163","8DE179E9BD8D34F4F60D4253CB3443EF3D38D2BB7AF50D04157CCC85CB64B14B"
"ColegaTeste","Assets\RecursosUnificados\ColegaTeste\PlatformerSet1\Animated\light-02.png","light-02.png",".png","4233","95F541CC2059FACDD45DB2E6D97632B2A55CF81A64D5DCA5EE3765C8D1849D92"
"ColegaTeste","Assets\RecursosUnificados\ColegaTeste\PlatformerSet1\Animated\light-03.png","light-03.png",".png","4243","D75067025B8519502C2ABF675A78F2FF4667C894B69548057217C1BFEEF0F081"
"ColegaTeste","Assets\RecursosUnificados\ColegaTeste\PlatformerSet1\Animated\light-04.png","light-04.png",".png","4177","5B8301B9C7434DD6815424FFA976E3C6819633A73F770C0F5D7B3526330E46FB"
"ColegaTeste","Assets\RecursosUnificados\ColegaTeste\PlatformerSet1\Animated\torch-A-01.png","torch-A-01.png",".png","3932","C530545375AEF4BF389D94ED410F3D902AC90B25FE21F8B0E99D5CFEB77D2FAF"
"ColegaTeste","Assets\RecursosUnificados\ColegaTeste\PlatformerSet1\Animated\torch-A-02.png","torch-A-02.png",".png","3944","2D49DBFF2614E2111C461D69FE2BD0A45FCB9F4CB4ADD9EC4ACCFCACAF4B843D"
"ColegaTeste","Assets\RecursosUnificados\ColegaTeste\PlatformerSet1\Animated\torch-A-03.png","torch-A-03.png",".png","3938","CE9E0654C53C926113CDFD40699C28FB360F62B49F6A0F509457964A7617603F"
"ColegaTeste","Assets\RecursosUnificados\ColegaTeste\PlatformerSet1\Animated\torch-A-04.png","torch-A-04.png",".png","3958","B0255818D8AD4D5365500632F631051927932B6D9659F7F56A4AFF665EE67B30"
"ColegaTeste","Assets\RecursosUnificados\ColegaTeste\PlatformerSet1\Animated\torch-B-01.png","torch-B-01.png",".png","3931","358D92ACF81A4554C96B51F7BD97F10984BE4E94214A7EEDD0FF2601D1E03A04"
"ColegaTeste","Assets\RecursosUnificados\ColegaTeste\PlatformerSet1\Animated\torch-B-02.png","torch-B-02.png",".png","3946","120D0593D2BC3C8A7DFE70185CBA42FCD2E51AFBC088304EC165712D5F00E85D"
"ColegaTeste","Assets\RecursosUnificados\ColegaTeste\PlatformerSet1\Animated\torch-B-03.png","torch-B-03.png",".png","3940","870B759EDA6D7FEEF7A81918F60A33CCF8C2C73E3C908430444ADA2D437F6A82"
"ColegaTeste","Assets\RecursosUnificados\ColegaTeste\PlatformerSet1\Animated\torch-B-04.png","torch-B-04.png",".png","3956","48B786340ED81C07EEAD042A04603913F8F28B4D5601F000CC2B49638FC13405"
"ColegaTeste","Assets\RecursosUnificados\ColegaTeste\PlatformerSet1\Animated\torch-C-01.png","torch-C-01.png",".png","3954","73119BED90C9CF226CCA854867E2D9D229292A6398008AC9F1D1C5A5E209977A"
"ColegaTeste","Assets\RecursosUnificados\ColegaTeste\PlatformerSet1\Animated\torch-C-02.png","torch-C-02.png",".png","3979","FE5AC355F12BE3781B77AC22EB88C94C9CF6DE0D58180F8101CA8E1771908BB8"
"ColegaTeste","Assets\RecursosUnificados\ColegaTeste\PlatformerSet1\Animated\torch-C-03.png","torch-C-03.png",".png","3965","C4F1F1675F813B7085747D20A6764E8CFBBDD49AE21002FCCA5B75977A50048D"
"ColegaTeste","Assets\RecursosUnificados\ColegaTeste\PlatformerSet1\Animated\torch-C-04.png","torch-C-04.png",".png","3951","60DC8F12C44732B4C5B86AB57BEACE84266D00D31B2A77A6D41EE621114CE0D3"
"ColegaTeste","Assets\RecursosUnificados\ColegaTeste\PlatformerSet1\AnimCharacter\attack-01.png","attack-01.png",".png","4099","5972D0CF9F5F7A2C7545E62115EC1F64C156F2B05C68D9501D37F013B6B61172"
"ColegaTeste","Assets\RecursosUnificados\ColegaTeste\PlatformerSet1\AnimCharacter\attack-02.png","attack-02.png",".png","4118","0A030FE68070A62F812504737FCA2FC6844D15ED0DF56F71091F1B2A21EEB4D4"
"ColegaTeste","Assets\RecursosUnificados\ColegaTeste\PlatformerSet1\AnimCharacter\attack-03.png","attack-03.png",".png","4215","5AA65B174E8DD288CF5A87F1DB51C30FA48EED5225E3A68DDC264FB689343DFE"
"ColegaTeste","Assets\RecursosUnificados\ColegaTeste\PlatformerSet1\AnimCharacter\attack-04.png","attack-04.png",".png","4196","5CD8AF73BA91D339074254BFDC7234ACC422127B2189A179535DBAAF5C374BE3"
"ColegaTeste","Assets\RecursosUnificados\ColegaTeste\PlatformerSet1\AnimCharacter\attack-05.png","attack-05.png",".png","4193","EAF7C1AE6084AD2551A53E918426999FCD05C9D3D250DE2927BFDE42FB7346DB"
"ColegaTeste","Assets\RecursosUnificados\ColegaTeste\PlatformerSet1\AnimCharacter\attack-06.png","attack-06.png",".png","4128","27804B7C2CB7CD4EDC7B377D50538568D825F5AECB81C3C06A4B1711CE98A48C"
"ColegaTeste","Assets\RecursosUnificados\ColegaTeste\PlatformerSet1\AnimCharacter\attack-07-continue.png","attack-07-continue.png",".png","4263","F8F565149D5CE4069653890AD96B5340EFC7FDE724BE8B3A99734CB4847567E4"
"ColegaTeste","Assets\RecursosUnificados\ColegaTeste\PlatformerSet1\AnimCharacter\attack-08-continue.png","attack-08-continue.png",".png","4264","291EBF201ABB64489C6D2A13E4C1C1B88B0B61481533D5226E0CE736F79720E3"
"ColegaTeste","Assets\RecursosUnificados\ColegaTeste\PlatformerSet1\AnimCharacter\dead-01.png","dead-01.png",".png","4070","8F0B575A9D94C8522EF9E09A332415A4CCF7FC6B66BC4CF2ECE5A054F52BA895"
"ColegaTeste","Assets\RecursosUnificados\ColegaTeste\PlatformerSet1\AnimCharacter\dead-02.png","dead-02.png",".png","4078","A5BC6E5CC6FB2408A9CC4B632303B45A74DD9CD7D6C2C9D905669624D464D4D4"
"ColegaTeste","Assets\RecursosUnificados\ColegaTeste\PlatformerSet1\AnimCharacter\dead-03.png","dead-03.png",".png","3925","49590380F4F96348053E230375E5DFBC8C59383F883957156C5F319A024F8AC2"
"ColegaTeste","Assets\RecursosUnificados\ColegaTeste\PlatformerSet1\AnimCharacter\dead-04.png","dead-04.png",".png","3887","723C2663B2FD3B067C7BD66C7932FEDC09FDFA492B99BB53649E5FF725A4F051"
"ColegaTeste","Assets\RecursosUnificados\ColegaTeste\PlatformerSet1\AnimCharacter\idle-01.png","idle-01.png",".png","4053","AB79582A5CD9EEE9C5956095283F1E10A2E966167AEC284A7F1B77A1CA730B74"
"ColegaTeste","Assets\RecursosUnificados\ColegaTeste\PlatformerSet1\AnimCharacter\idle-02.png","idle-02.png",".png","4056","48AE1B11B6B835D20DF62C10AD561C84C80627776783DC8F664802CA1D2F756B"
"ColegaTeste","Assets\RecursosUnificados\ColegaTeste\PlatformerSet1\AnimCharacter\idle-03.png","idle-03.png",".png","4050","F344D270A8208330E0650F831C8975EFAD65E057EE86B2190A95CCE71AE1A730"
"ColegaTeste","Assets\RecursosUnificados\ColegaTeste\PlatformerSet1\AnimCharacter\idle-04.png","idle-04.png",".png","4071","27163666939EE1C0C97048E662A802D30351C7885756075AAE6BA25A75C1C324"
"ColegaTeste","Assets\RecursosUnificados\ColegaTeste\PlatformerSet1\AnimCharacter\idle-05.png","idle-05.png",".png","4057","5048737318E89F8FD8B568B7C90D4F63F88385FF30AD1AEFC7099B1A7914A5EB"
"ColegaTeste","Assets\RecursosUnificados\ColegaTeste\PlatformerSet1\AnimCharacter\idle-06.png","idle-06.png",".png","4056","15BD225388E22CE52FA2158ED1D29F3345DBE600C99DA87F4AB2E10CCEDCAB4F"
"ColegaTeste","Assets\RecursosUnificados\ColegaTeste\PlatformerSet1\AnimCharacter\jump-01.png","jump-01.png",".png","4111","03846668354E66280C329EB41B1F012A9E91A00B9689166F56A3100A32E15652"
"ColegaTeste","Assets\RecursosUnificados\ColegaTeste\PlatformerSet1\AnimCharacter\jump-02.png","jump-02.png",".png","4084","9783BEFE009093AB0D5BD8E9858193177711A05DA73DA6CF11D57B2D478018AD"
"ColegaTeste","Assets\RecursosUnificados\ColegaTeste\PlatformerSet1\AnimCharacter\jump-landing-01.png","jump-landing-01.png",".png","4133","096A801B105571EF9F4C52088ACFF2C1AECFE73DE8750BED1F6D72C29D38CFD3"
"ColegaTeste","Assets\RecursosUnificados\ColegaTeste\PlatformerSet1\AnimCharacter\jump-landing-02.png","jump-landing-02.png",".png","4144","8528592185035C56372935DFD5C30D8D82756996F00DCA56E0EAC752C80232C1"
"ColegaTeste","Assets\RecursosUnificados\ColegaTeste\PlatformerSet1\AnimCharacter\jump-landing-03.png","jump-landing-03.png",".png","4145","730C5A8824ADBFA489189268D44E9FCA5C8B469E0AE03EEC9429EC7EA8697C1E"
"ColegaTeste","Assets\RecursosUnificados\ColegaTeste\PlatformerSet1\AnimCharacter\run-01.png","run-01.png",".png","4081","3D104419C4868B4E1BFF739A71D46F7631525DBDCF6E22EBAEDBF439C83DFAB6"
"ColegaTeste","Assets\RecursosUnificados\ColegaTeste\PlatformerSet1\AnimCharacter\run-02.png","run-02.png",".png","4108","D678648AC5BF5EE7D04C5BC9949C2DD62817A0C8A598CD9F2C0FCC0948CF4726"
"ColegaTeste","Assets\RecursosUnificados\ColegaTeste\PlatformerSet1\AnimCharacter\run-03.png","run-03.png",".png","4120","0D400875C59A6F66EC32E99220C0F8273E7F8DB41E1AC5418E1D1AB9E9055F0B"
"ColegaTeste","Assets\RecursosUnificados\ColegaTeste\PlatformerSet1\AnimCharacter\run-04.png","run-04.png",".png","4059","AC6B2807A5163CF8EBDBBC70AEE6933567D268118B434321BDE509662A733D83"
"ColegaTeste","Assets\RecursosUnificados\ColegaTeste\PlatformerSet1\AnimCharacter\run-05.png","run-05.png",".png","4049","20806A8F8E1B2911F450A37221554630B673E21677322F4943006CDB75B6566D"
"ColegaTeste","Assets\RecursosUnificados\ColegaTeste\PlatformerSet1\AnimCharacter\run-06.png","run-06.png",".png","4075","8C91B7E0E0D6E218DAB2553A13A8804F47C6D4E27439F456AAE876226B227809"
"ColegaTeste","Assets\RecursosUnificados\ColegaTeste\PlatformerSet1\AnimCharacter\run-07.png","run-07.png",".png","4036","3827CA40228ED2FEAAAD568A4CDD9208DBF353FEECD8C475BE807CCD13CDA9BB"
"ColegaTeste","Assets\RecursosUnificados\ColegaTeste\PlatformerSet1\Map Assets\Level1.png","Level1.png",".png","55289","1A272875F39A3F6814721A751EAF6B2648F0CADFBF75C222388CFBB74DEFA7CF"
"ColegaTeste","Assets\RecursosUnificados\ColegaTeste\PlatformerSet1\Map Assets\Level1Background.png","Level1Background.png",".png","41996","1775955E2B616E06CF687C8ECF01CF68C7ED44C2F66B1F25BAE486F22CECF393"
"ColegaTeste","Assets\RecursosUnificados\ColegaTeste\PlatformerSet1\Map Assets\Level2.png","Level2.png",".png","53639","33D98EA8D47A45E4209671412B7C820D01B5093C2005332042F8EFF5F39B40CA"
"ColegaTeste","Assets\RecursosUnificados\ColegaTeste\PlatformerSet1\Map Assets\Level2Background.png","Level2Background.png",".png","32271","8824F34D2062E8B2F435FAADF0C7FCF942E24090304700293152813F32EC7134"
"ColegaTeste","Assets\RecursosUnificados\ColegaTeste\PlatformerSet1\Map Assets\Level3.png","Level3.png",".png","53659","7AF04098A329514CDD666804FCBADA0A19ACC745F38CB94393DF41FC248C0A69"
"ColegaTeste","Assets\RecursosUnificados\ColegaTeste\PlatformerSet1\Map Assets\Level3Background.png","Level3Background.png",".png","35230","EB5AD9AD786C6273118E89866471B1E976EF749942C64AE0CE5A8DFB0BE5966F"
"ColegaTeste","Assets\RecursosUnificados\ColegaTeste\PlatformerSet1\Map Assets\Decoration\Decoration.prefab","Decoration.prefab",".prefab","38631","445A846E019E50736A3D92A4A4B6609FFF471861E4AEB39B6E5CFC0A8869A902"
"ColegaTeste","Assets\RecursosUnificados\ColegaTeste\PlatformerSet1\Map Assets\Decoration\other_and_decorative_0.asset","other_and_decorative_0.asset",".asset","864","FFF16E53E9C9ABE307149A0FB9FD34C92A3850961841E23976A168AE839D0D4C"
"ColegaTeste","Assets\RecursosUnificados\ColegaTeste\PlatformerSet1\Map Assets\Decoration\other_and_decorative_1.asset","other_and_decorative_1.asset",".asset","864","BFA6686E8E5B15B0178D9AF4CFF315C7D14308473906E1BF5252F3A5EA332A38"
"ColegaTeste","Assets\RecursosUnificados\ColegaTeste\PlatformerSet1\Map Assets\Decoration\other_and_decorative_10.asset","other_and_decorative_10.asset",".asset","865","B9A2ACEF69A0443A44C8337592F532895E46ED57F24832AA1001003E86CA56FA"
"ColegaTeste","Assets\RecursosUnificados\ColegaTeste\PlatformerSet1\Map Assets\Decoration\other_and_decorative_11.asset","other_and_decorative_11.asset",".asset","866","F3DAE90969996A07A18577948972EDB84547B739AA052AB90EE3C55C67CA6575"
"ColegaTeste","Assets\RecursosUnificados\ColegaTeste\PlatformerSet1\Map Assets\Decoration\other_and_decorative_12.asset","other_and_decorative_12.asset",".asset","866","765EC5DF8C03D36C12239DCF0B8D6CADF3211D05C8FBE5C55B5BD3C7CA8FF8B2"
"ColegaTeste","Assets\RecursosUnificados\ColegaTeste\PlatformerSet1\Map Assets\Decoration\other_and_decorative_13.asset","other_and_decorative_13.asset",".asset","867","B3AC6158E560B306E77A18DBE158BC6B7D632ED1F569368D5FB125DC4D26747A"
"ColegaTeste","Assets\RecursosUnificados\ColegaTeste\PlatformerSet1\Map Assets\Decoration\other_and_decorative_14.asset","other_and_decorative_14.asset",".asset","866","889A205F4431A06D5872A56898B5939E296DDDE77F60793BA8A9686E2D6D6666"
"ColegaTeste","Assets\RecursosUnificados\ColegaTeste\PlatformerSet1\Map Assets\Decoration\other_and_decorative_15.asset","other_and_decorative_15.asset",".asset","866","1814E893114552BA7D4E464BDCCF7AE6FF109CDB2A8780E6A32BD2939D49C301"
"ColegaTeste","Assets\RecursosUnificados\ColegaTeste\PlatformerSet1\Map Assets\Decoration\other_and_decorative_16.asset","other_and_decorative_16.asset",".asset","867","E808B9B8872B336A30DE796E6D0F943342F6D9E3AB2EB47A301826B0F5C8C15F"
"ColegaTeste","Assets\RecursosUnificados\ColegaTeste\PlatformerSet1\Map Assets\Decoration\other_and_decorative_17.asset","other_and_decorative_17.asset",".asset","866","001EC029FBE0F805D5C8A8A4B7654BA0758EFA3E2A622714FF350A39A6990C9C"
"ColegaTeste","Assets\RecursosUnificados\ColegaTeste\PlatformerSet1\Map Assets\Decoration\other_and_decorative_18.asset","other_and_decorative_18.asset",".asset","867","8D3119DD7EBDD62E8475DD4027FE392716F98590DD38999C0B2210798AE8D549"
"ColegaTeste","Assets\RecursosUnificados\ColegaTeste\PlatformerSet1\Map Assets\Decoration\other_and_decorative_19.asset","other_and_decorative_19.asset",".asset","867","A6AD015CA6CBB00A012ABEB5A8FD9C557666671E2164F0ACE05D80D908938988"
"ColegaTeste","Assets\RecursosUnificados\ColegaTeste\PlatformerSet1\Map Assets\Decoration\other_and_decorative_2.asset","other_and_decorative_2.asset",".asset","865","36BC8B9589223CD02829A8E856E1F76E9E653EE2BA513DE574ED2C451E6F0BD5"
"ColegaTeste","Assets\RecursosUnificados\ColegaTeste\PlatformerSet1\Map Assets\Decoration\other_and_decorative_20.asset","other_and_decorative_20.asset",".asset","866","11772191AF042A91431AFBD38AE21E9ABBA00B3EDD5ED5FFF4B9F51D591EC3CB"
"ColegaTeste","Assets\RecursosUnificados\ColegaTeste\PlatformerSet1\Map Assets\Decoration\other_and_decorative_21.asset","other_and_decorative_21.asset",".asset","865","94565876EF850D720A0AB5CA6BC3363D7E4CFF3382E090A3E4A4BF64367EA3FA"
"ColegaTeste","Assets\RecursosUnificados\ColegaTeste\PlatformerSet1\Map Assets\Decoration\other_and_decorative_22.asset","other_and_decorative_22.asset",".asset","865","90CC92690916C9862F7810BA7F8D2E7DC5E6A7238469A1DAF45FB0E63E316E8E"
"ColegaTeste","Assets\RecursosUnificados\ColegaTeste\PlatformerSet1\Map Assets\Decoration\other_and_decorative_23.asset","other_and_decorative_23.asset",".asset","865","D1C8F40104E3A747313CBF763EDF836EEE495AC884908EEEF138B36ACF433E14"
"ColegaTeste","Assets\RecursosUnificados\ColegaTeste\PlatformerSet1\Map Assets\Decoration\other_and_decorative_24.asset","other_and_decorative_24.asset",".asset","864","84EB4B23F83D17929711A838B0C8A03A829A14591502F64F43FD62A5D1FC7DB8"
"ColegaTeste","Assets\RecursosUnificados\ColegaTeste\PlatformerSet1\Map Assets\Decoration\other_and_decorative_25.asset","other_and_decorative_25.asset",".asset","865","0DAF1ECD5B52E9E79AA926BC59059950F08C62039434FB04C7ABD0B78A610DB7"
"ColegaTeste","Assets\RecursosUnificados\ColegaTeste\PlatformerSet1\Map Assets\Decoration\other_and_decorative_26.asset","other_and_decorative_26.asset",".asset","867","DFEBC7D7ECBFE307968B4A56E72C3AF5DA9985CA3A29A2DE07B76E3185DAB6C3"
"ColegaTeste","Assets\RecursosUnificados\ColegaTeste\PlatformerSet1\Map Assets\Decoration\other_and_decorative_27.asset","other_and_decorative_27.asset",".asset","866","F0474282B10DF71A0D050E535ABBC0409B5EAEEBE5E8FBCF2C712681D1985AB3"
"ColegaTeste","Assets\RecursosUnificados\ColegaTeste\PlatformerSet1\Map Assets\Decoration\other_and_decorative_28.asset","other_and_decorative_28.asset",".asset","866","6BA6CC9118847F35BABE7D78BF5DB21F456D46AAC4714BC38428EEB7E110C710"
"ColegaTeste","Assets\RecursosUnificados\ColegaTeste\PlatformerSet1\Map Assets\Decoration\other_and_decorative_29.asset","other_and_decorative_29.asset",".asset","865","F0858A490228BBCE20C6BF58975FD8BC0DEE19EA45C1A14844B2482BD608307A"
"ColegaTeste","Assets\RecursosUnificados\ColegaTeste\PlatformerSet1\Map Assets\Decoration\other_and_decorative_3.asset","other_and_decorative_3.asset",".asset","865","99DF3297C0AF078DD80A92C17B8575E91C7769E47CCF2EFB0692AA6C1E144FB2"
"ColegaTeste","Assets\RecursosUnificados\ColegaTeste\PlatformerSet1\Map Assets\Decoration\other_and_decorative_30.asset","other_and_decorative_30.asset",".asset","865","F58A6A375C659A0E2785D1008A6E29E62662B91A9AF059A08453337DC32BC743"
"ColegaTeste","Assets\RecursosUnificados\ColegaTeste\PlatformerSet1\Map Assets\Decoration\other_and_decorative_31.asset","other_and_decorative_31.asset",".asset","867","15025BAE6BEF6356C9663E88404C6C51AC7941F681E8A0DCE643422861E6E220"
"ColegaTeste","Assets\RecursosUnificados\ColegaTeste\PlatformerSet1\Map Assets\Decoration\other_and_decorative_32.asset","other_and_decorative_32.asset",".asset","865","184A4EC18F53FD7346F90ADB2EEB9C1E6C4C1E2CE488C62D181E77980B511D72"
"ColegaTeste","Assets\RecursosUnificados\ColegaTeste\PlatformerSet1\Map Assets\Decoration\other_and_decorative_33.asset","other_and_decorative_33.asset",".asset","867","1EF5170615E022C9E46B9F876D68A0465EB9DA507D99F32576818CF994665153"
"ColegaTeste","Assets\RecursosUnificados\ColegaTeste\PlatformerSet1\Map Assets\Decoration\other_and_decorative_34.asset","other_and_decorative_34.asset",".asset","865","E2916ACED83184ACDA15FAB9DC4EA8DD92F4AA126BD6E376B0F1478ADA65C5E3"
"ColegaTeste","Assets\RecursosUnificados\ColegaTeste\PlatformerSet1\Map Assets\Decoration\other_and_decorative_35.asset","other_and_decorative_35.asset",".asset","866","6C951BD16A53DE0458807DEC1F493629B947BC0579BC6BBE6D7CE966EEC1FE91"
"ColegaTeste","Assets\RecursosUnificados\ColegaTeste\PlatformerSet1\Map Assets\Decoration\other_and_decorative_36.asset","other_and_decorative_36.asset",".asset","866","5749E8F5A13A9D83F8C51AB1D9B5A5C5FB8C65EE05A7AC4A931E9200455DEBF7"
"ColegaTeste","Assets\RecursosUnificados\ColegaTeste\PlatformerSet1\Map Assets\Decoration\other_and_decorative_37.asset","other_and_decorative_37.asset",".asset","867","4A63658375C62203438E957E65302A6A602C0C0A380C8380DEDE7DA905A27F11"
"ColegaTeste","Assets\RecursosUnificados\ColegaTeste\PlatformerSet1\Map Assets\Decoration\other_and_decorative_38.asset","other_and_decorative_38.asset",".asset","866","893129DEEBEB9882F13CE290AFE6B432A52D7E0B1EB4972C108622C7E9D6492A"
"ColegaTeste","Assets\RecursosUnificados\ColegaTeste\PlatformerSet1\Map Assets\Decoration\other_and_decorative_39.asset","other_and_decorative_39.asset",".asset","865","764E29BD4B4C4DDCFA4EB698A3696693B1E5126E4979C9914B05DA879F481B4C"
"ColegaTeste","Assets\RecursosUnificados\ColegaTeste\PlatformerSet1\Map Assets\Decoration\other_and_decorative_4.asset","other_and_decorative_4.asset",".asset","864","B4827088E662D914F3255D686EF5B0F9D2C74DB16D38707D69A9961CAB357184"
"ColegaTeste","Assets\RecursosUnificados\ColegaTeste\PlatformerSet1\Map Assets\Decoration\other_and_decorative_40.asset","other_and_decorative_40.asset",".asset","867","69106A9AD2E2519D8F050A2D20D6114121590E33D3FF9CB181DCDF526D1EA0D6"
"ColegaTeste","Assets\RecursosUnificados\ColegaTeste\PlatformerSet1\Map Assets\Decoration\other_and_decorative_41.asset","other_and_decorative_41.asset",".asset","867","1FB770B68EDB6FD57760039AB4A889A1CB8F5662378AB15017CF27DC66C067EF"
"ColegaTeste","Assets\RecursosUnificados\ColegaTeste\PlatformerSet1\Map Assets\Decoration\other_and_decorative_42.asset","other_and_decorative_42.asset",".asset","866","8B6CB183E7D2E9050C34A4DA31BCDACE71DB505D4AF0919D6458452053A1285D"
"ColegaTeste","Assets\RecursosUnificados\ColegaTeste\PlatformerSet1\Map Assets\Decoration\other_and_decorative_43.asset","other_and_decorative_43.asset",".asset","867","3388ACB7FDC591A4EC4A1B9006FB69C4DD009A0883DE7CE3825F0E308BE65E88"
"ColegaTeste","Assets\RecursosUnificados\ColegaTeste\PlatformerSet1\Map Assets\Decoration\other_and_decorative_44.asset","other_and_decorative_44.asset",".asset","865","D06B4B8093A9BFEC570773AF464E90DEFC7D97719512072CCFD0A92F3B0E3C91"
"ColegaTeste","Assets\RecursosUnificados\ColegaTeste\PlatformerSet1\Map Assets\Decoration\other_and_decorative_45.asset","other_and_decorative_45.asset",".asset","865","01281F3CE00FA06BA723FA37F87489665EEA5A87F505B6F98CB25B90C71B579E"
"ColegaTeste","Assets\RecursosUnificados\ColegaTeste\PlatformerSet1\Map Assets\Decoration\other_and_decorative_46.asset","other_and_decorative_46.asset",".asset","865","CD7EEA9F8975DE7906EB0CAA57583BFA78F9A8AC428CFA206738B72E2C80D03B"
"ColegaTeste","Assets\RecursosUnificados\ColegaTeste\PlatformerSet1\Map Assets\Decoration\other_and_decorative_47.asset","other_and_decorative_47.asset",".asset","867","1439D40165CC013C25813143A287B8E143574D604357D4C9BEC1715BCA100C1F"
"ColegaTeste","Assets\RecursosUnificados\ColegaTeste\PlatformerSet1\Map Assets\Decoration\other_and_decorative_48.asset","other_and_decorative_48.asset",".asset","865","6D6B1691C8EE1D41632767F02248E4E7CA4D4AE624572DD5FCFE26A9F50B35EC"
"ColegaTeste","Assets\RecursosUnificados\ColegaTeste\PlatformerSet1\Map Assets\Decoration\other_and_decorative_49.asset","other_and_decorative_49.asset",".asset","867","641A2036D23339CE3DEFD9B49CB0E32BEDD1FE8E7E9E0620F269438B7B8DBAAB"
"ColegaTeste","Assets\RecursosUnificados\ColegaTeste\PlatformerSet1\Map Assets\Decoration\other_and_decorative_5.asset","other_and_decorative_5.asset",".asset","863","8F69128A528E75098FB776EB69907AFB8A379FE5A23C25C99171467B01AFDA00"
"ColegaTeste","Assets\RecursosUnificados\ColegaTeste\PlatformerSet1\Map Assets\Decoration\other_and_decorative_50.asset","other_and_decorative_50.asset",".asset","867","522ADC95B9AD19FA84CD11283FEBA0E5DBC8AFFF344B21A58DF02CB270030345"
"ColegaTeste","Assets\RecursosUnificados\ColegaTeste\PlatformerSet1\Map Assets\Decoration\other_and_decorative_51.asset","other_and_decorative_51.asset",".asset","866","F9A797B3A6E18AC784471F7F0A4DADC1605A633D1EF4069A5D8126762F8A1849"
"ColegaTeste","Assets\RecursosUnificados\ColegaTeste\PlatformerSet1\Map Assets\Decoration\other_and_decorative_52.asset","other_and_decorative_52.asset",".asset","866","212B1197F641D552E808027050C021623BDBC3DF90C4774447E15C641AAE1AB7"
"ColegaTeste","Assets\RecursosUnificados\ColegaTeste\PlatformerSet1\Map Assets\Decoration\other_and_decorative_53.asset","other_and_decorative_53.asset",".asset","867","5635F4965439794FDCD2A3C30B9CD4AB79AF40EF444917246110E9370F1370CA"
"ColegaTeste","Assets\RecursosUnificados\ColegaTeste\PlatformerSet1\Map Assets\Decoration\other_and_decorative_54.asset","other_and_decorative_54.asset",".asset","865","1EE3507BA5A9DA9045B865A7B838E12AC48420DEF48C439BD8CCD30CD3D45973"
"ColegaTeste","Assets\RecursosUnificados\ColegaTeste\PlatformerSet1\Map Assets\Decoration\other_and_decorative_55.asset","other_and_decorative_55.asset",".asset","866","0326C84B69D4EF538359767895A990F313073A348209B53E08819D635EB82F8E"
"ColegaTeste","Assets\RecursosUnificados\ColegaTeste\PlatformerSet1\Map Assets\Decoration\other_and_decorative_56.asset","other_and_decorative_56.asset",".asset","865","40EF76C4BDBED3005418456F91039563C8974757789B81AE7AD93357E4067051"
"ColegaTeste","Assets\RecursosUnificados\ColegaTeste\PlatformerSet1\Map Assets\Decoration\other_and_decorative_57.asset","other_and_decorative_57.asset",".asset","867","80A7B6495CEA00C0DFEEBBFF3F6D4B1DA6A59B0EE726705DF898D448E28EA15F"
"ColegaTeste","Assets\RecursosUnificados\ColegaTeste\PlatformerSet1\Map Assets\Decoration\other_and_decorative_58.asset","other_and_decorative_58.asset",".asset","866","E2851976128D0A3424739DE7D2DD24864BCC53538D0FA4B6C4FFBBA0C2C860C8"
"ColegaTeste","Assets\RecursosUnificados\ColegaTeste\PlatformerSet1\Map Assets\Decoration\other_and_decorative_59.asset","other_and_decorative_59.asset",".asset","866","C39812E83BCE6C44B399205448E0E59988D665853773A12FC9B897F09FE77CD2"
"ColegaTeste","Assets\RecursosUnificados\ColegaTeste\PlatformerSet1\Map Assets\Decoration\other_and_decorative_6.asset","other_and_decorative_6.asset",".asset","865","096792E8E59805FC0F2A3E94D772EDD0D3D60483249C67F1B6F406D63BA7DE70"
"ColegaTeste","Assets\RecursosUnificados\ColegaTeste\PlatformerSet1\Map Assets\Decoration\other_and_decorative_60.asset","other_and_decorative_60.asset",".asset","866","C663A1C53E47101710FD9D0BEF7BF2C433D928A7197F9DF3E58B051DA8C7A5A7"
"ColegaTeste","Assets\RecursosUnificados\ColegaTeste\PlatformerSet1\Map Assets\Decoration\other_and_decorative_61.asset","other_and_decorative_61.asset",".asset","866","C7EA9130C863722251B9AD32D4A68D7EE0A3ED913893813D8832E74A94F8D8A0"
"ColegaTeste","Assets\RecursosUnificados\ColegaTeste\PlatformerSet1\Map Assets\Decoration\other_and_decorative_62.asset","other_and_decorative_62.asset",".asset","866","61DDC49CB5A0971CA46911DF81AB379FA79ED4EC7F1E63963E635D8CC362EDFF"
"ColegaTeste","Assets\RecursosUnificados\ColegaTeste\PlatformerSet1\Map Assets\Decoration\other_and_decorative_63.asset","other_and_decorative_63.asset",".asset","867","4364D225A61E57572EB148C589B7B2484FB3509C68A75A50AB0C86AB5A3291B5"
"ColegaTeste","Assets\RecursosUnificados\ColegaTeste\PlatformerSet1\Map Assets\Decoration\other_and_decorative_64.asset","other_and_decorative_64.asset",".asset","866","0B8BABA23A1A432963FCC01CAD0BDAD73DAA57D56C91ECE71BBE517209FFB527"
"ColegaTeste","Assets\RecursosUnificados\ColegaTeste\PlatformerSet1\Map Assets\Decoration\other_and_decorative_65.asset","other_and_decorative_65.asset",".asset","867","F64FF224F0DE3EEB0C40E0CC9077674B9EF8615A9C69917A98976E3437852047"
"ColegaTeste","Assets\RecursosUnificados\ColegaTeste\PlatformerSet1\Map Assets\Decoration\other_and_decorative_66.asset","other_and_decorative_66.asset",".asset","866","9B8E725853922D66383E8A9D8FD18751C4D0BFB72CBA45409E35B1C1F4114C64"
"ColegaTeste","Assets\RecursosUnificados\ColegaTeste\PlatformerSet1\Map Assets\Decoration\other_and_decorative_67.asset","other_and_decorative_67.asset",".asset","865","07D6D99B9D95D007465B4D4754A9C0E006E1AEDD2B00254517DF450BA43F20CB"
"ColegaTeste","Assets\RecursosUnificados\ColegaTeste\PlatformerSet1\Map Assets\Decoration\other_and_decorative_7.asset","other_and_decorative_7.asset",".asset","865","45E80501E240FBED38EA7E39ED90C8DDDDC97543743675D32A4A349ED56AFFCE"
"ColegaTeste","Assets\RecursosUnificados\ColegaTeste\PlatformerSet1\Map Assets\Decoration\other_and_decorative_8.asset","other_and_decorative_8.asset",".asset","866","9EF670B84DC207C52EAA24382B67C73BFABB01D84C0C237ACF0C373F3461FCF4"
"ColegaTeste","Assets\RecursosUnificados\ColegaTeste\PlatformerSet1\Map Assets\Decoration\other_and_decorative_9.asset","other_and_decorative_9.asset",".asset","865","FB801FC0560332F4DC52A4CDBDD779D9BC5E37D22A2C98E2C062A1BDDD180752"
"ColegaTeste","Assets\RecursosUnificados\ColegaTeste\PlatformerSet1\Map Assets\TilepaletteLevel1\Level1_0.asset","Level1_0.asset",".asset","860","F47176D8260E725A7A064D0FF89B5EE13BD200E46C15730EBCCA88FCAF3FF1BD"
"ColegaTeste","Assets\RecursosUnificados\ColegaTeste\PlatformerSet1\Map Assets\TilepaletteLevel1\Level1_1.asset","Level1_1.asset",".asset","861","89DF10B9F87501AC813B9188FF669830820413F24142806319595C959F5A36A6"
"ColegaTeste","Assets\RecursosUnificados\ColegaTeste\PlatformerSet1\Map Assets\TilepaletteLevel1\Level1_10.asset","Level1_10.asset",".asset","861","D732D1375EACAB67BC40F35BD4D8F212EA673797D23D184212A87919B8C1C593"
"ColegaTeste","Assets\RecursosUnificados\ColegaTeste\PlatformerSet1\Map Assets\TilepaletteLevel1\Level1_100.asset","Level1_100.asset",".asset","853","2DCDF0B370CD10286D0E49C24CA03FA02F2BA1EE761F39D7C235F6EE8A2EFE69"
"ColegaTeste","Assets\RecursosUnificados\ColegaTeste\PlatformerSet1\Map Assets\TilepaletteLevel1\Level1_101.asset","Level1_101.asset",".asset","853","4FF683E046233D6DE22855CFAD7C4260A32B2450C4B8478CDEDECB58B720CB54"
"ColegaTeste","Assets\RecursosUnificados\ColegaTeste\PlatformerSet1\Map Assets\TilepaletteLevel1\Level1_102.asset","Level1_102.asset",".asset","853","1B7F7E7B55BAE43E6EAA2908C9F9B85142D3DBEE6E3F21849736B24090ABDC39"
"ColegaTeste","Assets\RecursosUnificados\ColegaTeste\PlatformerSet1\Map Assets\TilepaletteLevel1\Level1_103.asset","Level1_103.asset",".asset","851","231A3715088736583964387CC0467B1C00709DB9557EF0DF095C45F64028EA76"
"ColegaTeste","Assets\RecursosUnificados\ColegaTeste\PlatformerSet1\Map Assets\TilepaletteLevel1\Level1_104.asset","Level1_104.asset",".asset","854","591EECC8B1AD7A205A4CDEAC04C3231CE27485450AF550D896A7AD7AA511F795"
"ColegaTeste","Assets\RecursosUnificados\ColegaTeste\PlatformerSet1\Map Assets\TilepaletteLevel1\Level1_105.asset","Level1_105.asset",".asset","854","F882E70E7136C2B9CC2E1195435C350C8508F5DA6A4D7B46D656789308E3B2C2"
"ColegaTeste","Assets\RecursosUnificados\ColegaTeste\PlatformerSet1\Map Assets\TilepaletteLevel1\Level1_106.asset","Level1_106.asset",".asset","853","E53C5C402C3FB31017F02A5A8862BDB1BBC6E326AD44015DB09936FD137E770A"
"ColegaTeste","Assets\RecursosUnificados\ColegaTeste\PlatformerSet1\Map Assets\TilepaletteLevel1\Level1_107.asset","Level1_107.asset",".asset","853","F113694A0AB3C02337E249F82F74A69607765EDA931C64DD8EEC3AD7E5593AD2"
"ColegaTeste","Assets\RecursosUnificados\ColegaTeste\PlatformerSet1\Map Assets\TilepaletteLevel1\Level1_108.asset","Level1_108.asset",".asset","853","F0E831B0BDE6C15A1C79AEA5C459C45162F9A864C436D2AB0F14E50E148121AE"
"ColegaTeste","Assets\RecursosUnificados\ColegaTeste\PlatformerSet1\Map Assets\TilepaletteLevel1\Level1_109.asset","Level1_109.asset",".asset","851","9BDA87374BB5BFB729595AC180321D829D0A210B66ADCFDACF4E3343BAF0D9E0"
"ColegaTeste","Assets\RecursosUnificados\ColegaTeste\PlatformerSet1\Map Assets\TilepaletteLevel1\Level1_11.asset","Level1_11.asset",".asset","861","309A68285E22FD20910335F89FC369F35E2677F25815EEF65DB076AD50612A83"
"ColegaTeste","Assets\RecursosUnificados\ColegaTeste\PlatformerSet1\Map Assets\TilepaletteLevel1\Level1_110.asset","Level1_110.asset",".asset","853","0E2096A4FFF68125C4E44694C0721983861F3A51005CA1F3DA3B5B69BD2C7D8C"
"ColegaTeste","Assets\RecursosUnificados\ColegaTeste\PlatformerSet1\Map Assets\TilepaletteLevel1\Level1_12.asset","Level1_12.asset",".asset","861","045DBF82223E7BB37237BA9655CD1281602744814B1C14B56F385E5512C58567"
"ColegaTeste","Assets\RecursosUnificados\ColegaTeste\PlatformerSet1\Map Assets\TilepaletteLevel1\Level1_13.asset","Level1_13.asset",".asset","862","9341996E79D439F7DBF0AFBE7F8C17CCFAB47485F0FEFDEE2A10210DB3D803BC"
"ColegaTeste","Assets\RecursosUnificados\ColegaTeste\PlatformerSet1\Map Assets\TilepaletteLevel1\Level1_14.asset","Level1_14.asset",".asset","861","04374A98DF635C98F1CB1F3A3A16E5E4E32FF65ACDB0CF19018AF4FEEC6C1BBD"
"ColegaTeste","Assets\RecursosUnificados\ColegaTeste\PlatformerSet1\Map Assets\TilepaletteLevel1\Level1_15.asset","Level1_15.asset",".asset","862","F56698620B1F52A26D8753BC16E676FF2CBAB82FFE30407725A9715230C297A1"
"ColegaTeste","Assets\RecursosUnificados\ColegaTeste\PlatformerSet1\Map Assets\TilepaletteLevel1\Level1_16.asset","Level1_16.asset",".asset","862","0EF14BA260C296B55EDDA69D5681EE97138137E070CC7CA85AFBBD6DD111283F"
"ColegaTeste","Assets\RecursosUnificados\ColegaTeste\PlatformerSet1\Map Assets\TilepaletteLevel1\Level1_17.asset","Level1_17.asset",".asset","862","69F433EA0C595A9683E58DFDFDCC6C9EB02714CD04F8A4CEDFFBA1A48800B5AD"
"ColegaTeste","Assets\RecursosUnificados\ColegaTeste\PlatformerSet1\Map Assets\TilepaletteLevel1\Level1_18.asset","Level1_18.asset",".asset","862","6B850E3D08E1BE253E15E38B33DD23A22D6B21651C640625745E34CE932FF8D2"
"ColegaTeste","Assets\RecursosUnificados\ColegaTeste\PlatformerSet1\Map Assets\TilepaletteLevel1\Level1_19.asset","Level1_19.asset",".asset","861","332528BD5C72FE36C2112CC29F83DF03161224A1C8635FA8AA0AD29CDDE0B1C0"
"ColegaTeste","Assets\RecursosUnificados\ColegaTeste\PlatformerSet1\Map Assets\TilepaletteLevel1\Level1_2.asset","Level1_2.asset",".asset","861","87B68EAFC7F85A3822FC50367A89D77EEB984CF6BBA685D3AFDFF7BF8039D948"
"ColegaTeste","Assets\RecursosUnificados\ColegaTeste\PlatformerSet1\Map Assets\TilepaletteLevel1\Level1_20.asset","Level1_20.asset",".asset","862","871D99939FC9342ECBCAC1E1B9D36EE1029659038EC9E06E47336ED6B2D72940"
"ColegaTeste","Assets\RecursosUnificados\ColegaTeste\PlatformerSet1\Map Assets\TilepaletteLevel1\Level1_21.asset","Level1_21.asset",".asset","861","47A045944CAD370B6011451BB884F04552003EDF936C7719ECB626BA117CA359"
"ColegaTeste","Assets\RecursosUnificados\ColegaTeste\PlatformerSet1\Map Assets\TilepaletteLevel1\Level1_22.asset","Level1_22.asset",".asset","862","E1D98CAEF4F4C120B8FB7F4D8A79411525230CDF034C1A8F694C9566FDBFB513"
"ColegaTeste","Assets\RecursosUnificados\ColegaTeste\PlatformerSet1\Map Assets\TilepaletteLevel1\Level1_23.asset","Level1_23.asset",".asset","861","A9999D37B359ACF182C669EBBB63F16A4D3192FA05068189C8B9FD7F6C3917C3"
"ColegaTeste","Assets\RecursosUnificados\ColegaTeste\PlatformerSet1\Map Assets\TilepaletteLevel1\Level1_24.asset","Level1_24.asset",".asset","862","BAD1045B7B720057A451853F06A8B647038BCD0FE63E9D01036F6243F0612485"
"ColegaTeste","Assets\RecursosUnificados\ColegaTeste\PlatformerSet1\Map Assets\TilepaletteLevel1\Level1_25.asset","Level1_25.asset",".asset","862","92D5637FFBBF1D9C5B8B346A7F44352448F9070CD692BEBAB96288CCCB150E37"
"ColegaTeste","Assets\RecursosUnificados\ColegaTeste\PlatformerSet1\Map Assets\TilepaletteLevel1\Level1_26.asset","Level1_26.asset",".asset","861","6D984DA8ED747C2CC6151CBEC5FA5F51DFFB5B0F16D28CA2BF52CB13C1580F31"
"ColegaTeste","Assets\RecursosUnificados\ColegaTeste\PlatformerSet1\Map Assets\TilepaletteLevel1\Level1_27.asset","Level1_27.asset",".asset","861","A631C9642E55AAC01216E0E71F8A9D4A186864B6241F0968A9CC3684009B41F3"
"ColegaTeste","Assets\RecursosUnificados\ColegaTeste\PlatformerSet1\Map Assets\TilepaletteLevel1\Level1_28.asset","Level1_28.asset",".asset","861","31B53CA89475E7AFB63E49C0AFDDAD3664D85FF44346920A46867BE815140D1C"
"ColegaTeste","Assets\RecursosUnificados\ColegaTeste\PlatformerSet1\Map Assets\TilepaletteLevel1\Level1_29.asset","Level1_29.asset",".asset","861","EA1BEE5AA84EDA78FC6823EF1BB3F5D64E0A388E878E87A39A222917954E0C24"
"ColegaTeste","Assets\RecursosUnificados\ColegaTeste\PlatformerSet1\Map Assets\TilepaletteLevel1\Level1_3.asset","Level1_3.asset",".asset","861","07AD80FC19C3902211EE2FF433A78FD17A6958FD018090CD83F8FBEEDB990112"
"ColegaTeste","Assets\RecursosUnificados\ColegaTeste\PlatformerSet1\Map Assets\TilepaletteLevel1\Level1_30.asset","Level1_30.asset",".asset","862","1413C0D77C24EB49F7EE482707E78E1E768E4EAF49F136BF759A246DC1F16A11"
"ColegaTeste","Assets\RecursosUnificados\ColegaTeste\PlatformerSet1\Map Assets\TilepaletteLevel1\Level1_31.asset","Level1_31.asset",".asset","861","B503A18DF466E5AC4DA4C903D265A92779402EFB9378753581CCFAF4A70C364B"
"ColegaTeste","Assets\RecursosUnificados\ColegaTeste\PlatformerSet1\Map Assets\TilepaletteLevel1\Level1_32.asset","Level1_32.asset",".asset","862","C74986AF5CA67B1087C5996098F979172626BB91DC94B89FC7011A7C0CA1C46C"
"ColegaTeste","Assets\RecursosUnificados\ColegaTeste\PlatformerSet1\Map Assets\TilepaletteLevel1\Level1_33.asset","Level1_33.asset",".asset","860","84074B7B27E84D71175CC3E1DFEB968654F5D2019ECAB5DAFB8F2CC7D201FCE2"
"ColegaTeste","Assets\RecursosUnificados\ColegaTeste\PlatformerSet1\Map Assets\TilepaletteLevel1\Level1_34.asset","Level1_34.asset",".asset","861","C1AF6D14FA39C3C353A5F35CC2EE7F5BEBC066DB433BF2AB0E5B69B15450F359"
"ColegaTeste","Assets\RecursosUnificados\ColegaTeste\PlatformerSet1\Map Assets\TilepaletteLevel1\Level1_35.asset","Level1_35.asset",".asset","861","EAEA2F1E4A67D160599E26BF74990BA7C803BFF4C7623BAB1FCCB5256A9A80C6"
"ColegaTeste","Assets\RecursosUnificados\ColegaTeste\PlatformerSet1\Map Assets\TilepaletteLevel1\Level1_36.asset","Level1_36.asset",".asset","862","2A3D606950D5AEA328F7AC22C4B208AFE0F7B849289E8EF49DC85E8A198B842B"
"ColegaTeste","Assets\RecursosUnificados\ColegaTeste\PlatformerSet1\Map Assets\TilepaletteLevel1\Level1_37.asset","Level1_37.asset",".asset","861","4A0B1056BEB28B9E92161DFA514A142D470CF645EBD3B24EA031B2B8A6DD4061"
"ColegaTeste","Assets\RecursosUnificados\ColegaTeste\PlatformerSet1\Map Assets\TilepaletteLevel1\Level1_38.asset","Level1_38.asset",".asset","861","6F01AC06F0443B18BA21B9A8755CE0B5D2BFE0EB6FE9BA97B0E251D419D0A2A6"
"ColegaTeste","Assets\RecursosUnificados\ColegaTeste\PlatformerSet1\Map Assets\TilepaletteLevel1\Level1_39.asset","Level1_39.asset",".asset","850","2539C90B321673E2A0BE4757E832C433BB5FC8522ECD4BCDEA249E4439400EB6"
"ColegaTeste","Assets\RecursosUnificados\ColegaTeste\PlatformerSet1\Map Assets\TilepaletteLevel1\Level1_4.asset","Level1_4.asset",".asset","860","7EA23AC9EEAD4149678B31DB72B4B66477EDB29BDDE301B979542014D6169133"
"ColegaTeste","Assets\RecursosUnificados\ColegaTeste\PlatformerSet1\Map Assets\TilepaletteLevel1\Level1_40.asset","Level1_40.asset",".asset","852","6FEE7325D5D218E2F58A10AAD9BD685840B7465DD92177CC16B7C0EBB791E948"
"ColegaTeste","Assets\RecursosUnificados\ColegaTeste\PlatformerSet1\Map Assets\TilepaletteLevel1\Level1_41.asset","Level1_41.asset",".asset","851","D0A16D9C8FF40D4EEE612BD1FF853DD29368AC2F3D307D186D4EF879BC21843E"
"ColegaTeste","Assets\RecursosUnificados\ColegaTeste\PlatformerSet1\Map Assets\TilepaletteLevel1\Level1_42.asset","Level1_42.asset",".asset","852","DA500E2400C487964E5AB81D9B8015A055B32701391EEAEEEA8A30E4982DC72C"
"ColegaTeste","Assets\RecursosUnificados\ColegaTeste\PlatformerSet1\Map Assets\TilepaletteLevel1\Level1_43.asset","Level1_43.asset",".asset","853","14144EE88BD94A0F9606D73CC571BBC4E59508A18C3D053EA3BE3E5F59F223D3"
"ColegaTeste","Assets\RecursosUnificados\ColegaTeste\PlatformerSet1\Map Assets\TilepaletteLevel1\Level1_44.asset","Level1_44.asset",".asset","852","2E77483B993A2DCCAEF456978D36370C53E5B4ECAE1E30F7B694F3F26C0136B5"
"ColegaTeste","Assets\RecursosUnificados\ColegaTeste\PlatformerSet1\Map Assets\TilepaletteLevel1\Level1_45.asset","Level1_45.asset",".asset","853","1FE1F73D99CEED1E9A74B3597C1D80774EA502F63BF0855F050B2E0EEFAF1304"
"ColegaTeste","Assets\RecursosUnificados\ColegaTeste\PlatformerSet1\Map Assets\TilepaletteLevel1\Level1_46.asset","Level1_46.asset",".asset","852","AC491B7E8C3B1CAB910D9AD6F1610A85A2C5E858426B15AC1B0C4EF1869D8FE8"
"ColegaTeste","Assets\RecursosUnificados\ColegaTeste\PlatformerSet1\Map Assets\TilepaletteLevel1\Level1_47.asset","Level1_47.asset",".asset","852","8866B3704E1018E49E0257D6699FD85F7CD16DD8EE487AA9F3760385C4FB2AF7"
"ColegaTeste","Assets\RecursosUnificados\ColegaTeste\PlatformerSet1\Map Assets\TilepaletteLevel1\Level1_48.asset","Level1_48.asset",".asset","851","187CA9BA2DA243196C96817F1B74FF32603C200EF542CC1B0140BA86A4D21B1D"
"ColegaTeste","Assets\RecursosUnificados\ColegaTeste\PlatformerSet1\Map Assets\TilepaletteLevel1\Level1_49.asset","Level1_49.asset",".asset","851","9DB395C7E5BFE9A2A65C911CB7429AB23BE49E7D233F243AF2B713A7B323E55F"
"ColegaTeste","Assets\RecursosUnificados\ColegaTeste\PlatformerSet1\Map Assets\TilepaletteLevel1\Level1_5.asset","Level1_5.asset",".asset","861","59B1F2920440F223F543A5423D571BA8B6834B9D29EA6DD6D7DE3C67C2E2F97B"
"ColegaTeste","Assets\RecursosUnificados\ColegaTeste\PlatformerSet1\Map Assets\TilepaletteLevel1\Level1_50.asset","Level1_50.asset",".asset","853","0A3DBBF9BCFC422AA6716105AAA1EC584B941ADA05120BAB2B60420F74DD1579"
"ColegaTeste","Assets\RecursosUnificados\ColegaTeste\PlatformerSet1\Map Assets\TilepaletteLevel1\Level1_51.asset","Level1_51.asset",".asset","852","6E2B8E25E847B285FAFD2778AFF96B90F5CCC6AE43BE3B6D306B1B63A96A8934"
"ColegaTeste","Assets\RecursosUnificados\ColegaTeste\PlatformerSet1\Map Assets\TilepaletteLevel1\Level1_52.asset","Level1_52.asset",".asset","852","707BF2AF8749F2D2F668BB4824B3D9F1E13810B64A112E8EFCDC61C44E687243"
"ColegaTeste","Assets\RecursosUnificados\ColegaTeste\PlatformerSet1\Map Assets\TilepaletteLevel1\Level1_53.asset","Level1_53.asset",".asset","852","CB063150B68084DC97569A689935E69B271D96D84CC9A40FE8C2FD8F71F687AC"
"ColegaTeste","Assets\RecursosUnificados\ColegaTeste\PlatformerSet1\Map Assets\TilepaletteLevel1\Level1_54.asset","Level1_54.asset",".asset","852","C22CBEE646DE3A86652E4F3A8CF37230DA96E0731269B0BB18EC2B90E262C0DA"
"ColegaTeste","Assets\RecursosUnificados\ColegaTeste\PlatformerSet1\Map Assets\TilepaletteLevel1\Level1_55.asset","Level1_55.asset",".asset","852","0606A8FD7783D35129EB10BB1AB3DD64BCBEAC165877A5F240E26003DC49DE9E"
"ColegaTeste","Assets\RecursosUnificados\ColegaTeste\PlatformerSet1\Map Assets\TilepaletteLevel1\Level1_56.asset","Level1_56.asset",".asset","851","594F7CF8D1B3170051151B5BC1B9FC343BCDCB7C54A083D59E23F9BAD1614610"
"ColegaTeste","Assets\RecursosUnificados\ColegaTeste\PlatformerSet1\Map Assets\TilepaletteLevel1\Level1_57.asset","Level1_57.asset",".asset","852","06AAD2F8E0A3A18DA122F7E9739ADB24ED72194473E4BEF5F2F866EB35E733CA"
"ColegaTeste","Assets\RecursosUnificados\ColegaTeste\PlatformerSet1\Map Assets\TilepaletteLevel1\Level1_58.asset","Level1_58.asset",".asset","851","AE1EC5F5EB0EB80240E4487BF92ACBEFECD8857C0556C3A2E01247638734EE6F"
"ColegaTeste","Assets\RecursosUnificados\ColegaTeste\PlatformerSet1\Map Assets\TilepaletteLevel1\Level1_59.asset","Level1_59.asset",".asset","852","FDFA1273A7993844083B00D661571706DEFB3EF7BEB239CD4725F38904C95AA5"
"ColegaTeste","Assets\RecursosUnificados\ColegaTeste\PlatformerSet1\Map Assets\TilepaletteLevel1\Level1_6.asset","Level1_6.asset",".asset","861","84AE7D68827B692172990FBE07F0C6B01DE93304738BC17DA840EB7B09D7A79D"
"ColegaTeste","Assets\RecursosUnificados\ColegaTeste\PlatformerSet1\Map Assets\TilepaletteLevel1\Level1_60.asset","Level1_60.asset",".asset","852","02BF010F728840EA009FD1FBDEB558A1C3C08AD17321AEC7DCDB927EC112DC63"
"ColegaTeste","Assets\RecursosUnificados\ColegaTeste\PlatformerSet1\Map Assets\TilepaletteLevel1\Level1_61.asset","Level1_61.asset",".asset","851","5273E38AA6F09512691A4990ABFEA193B053BCF64595A542B351403B5966E9B2"
"ColegaTeste","Assets\RecursosUnificados\ColegaTeste\PlatformerSet1\Map Assets\TilepaletteLevel1\Level1_62.asset","Level1_62.asset",".asset","852","D2647B991FB4E00A4E9FC39A5966D9CD8AF345093638782870A70B73B0A10A0C"
"ColegaTeste","Assets\RecursosUnificados\ColegaTeste\PlatformerSet1\Map Assets\TilepaletteLevel1\Level1_63.asset","Level1_63.asset",".asset","852","50C19BCB4588885C3A9E13014B54287E67FB993A96F583E9C69A3E4B2E61ABB3"
"ColegaTeste","Assets\RecursosUnificados\ColegaTeste\PlatformerSet1\Map Assets\TilepaletteLevel1\Level1_64.asset","Level1_64.asset",".asset","852","29AE12F3FD93058FF7003FEF76B1763BC17B11AE56A935E54E1B2D09AD73935B"
"ColegaTeste","Assets\RecursosUnificados\ColegaTeste\PlatformerSet1\Map Assets\TilepaletteLevel1\Level1_65.asset","Level1_65.asset",".asset","852","CA5267F5CB30654F9B9135652B8DF41413772A8884BB94EA67B8C0A26B9E659C"
"ColegaTeste","Assets\RecursosUnificados\ColegaTeste\PlatformerSet1\Map Assets\TilepaletteLevel1\Level1_66.asset","Level1_66.asset",".asset","852","23574DB9C566E20F0584FFEAA7381990B1761F508F680E383A9F56E2A9AA9FE3"
"ColegaTeste","Assets\RecursosUnificados\ColegaTeste\PlatformerSet1\Map Assets\TilepaletteLevel1\Level1_67.asset","Level1_67.asset",".asset","853","071021E94726EAE43612335DEBD97A7521AB702076646EB430F9CCCE6BEA0EBC"
"ColegaTeste","Assets\RecursosUnificados\ColegaTeste\PlatformerSet1\Map Assets\TilepaletteLevel1\Level1_68.asset","Level1_68.asset",".asset","852","A29460C1EAD2F3C8D9990E2AF14E3C301131EB69050388DA952BC3F7509A0DA4"
"ColegaTeste","Assets\RecursosUnificados\ColegaTeste\PlatformerSet1\Map Assets\TilepaletteLevel1\Level1_69.asset","Level1_69.asset",".asset","853","0658ED822DE7D91131F0E2547A8E8C1862AE677BFC53541F7ACFA7309B25AD7E"
"ColegaTeste","Assets\RecursosUnificados\ColegaTeste\PlatformerSet1\Map Assets\TilepaletteLevel1\Level1_7.asset","Level1_7.asset",".asset","860","99C9158CABD497D8E2A9812F6F6DE5780D37236DED4219619C408EB6CA2FE6FE"
"ColegaTeste","Assets\RecursosUnificados\ColegaTeste\PlatformerSet1\Map Assets\TilepaletteLevel1\Level1_70.asset","Level1_70.asset",".asset","853","5D1FA8701BBF68D991E58A1528EC779607F084487B1DA4901DF0A0D0958DABBA"
"ColegaTeste","Assets\RecursosUnificados\ColegaTeste\PlatformerSet1\Map Assets\TilepaletteLevel1\Level1_71.asset","Level1_71.asset",".asset","853","79B1F4439E7FEF4FA4D25C4BF1119315817D7CADD326F46596512C37273AD701"
"ColegaTeste","Assets\RecursosUnificados\ColegaTeste\PlatformerSet1\Map Assets\TilepaletteLevel1\Level1_72.asset","Level1_72.asset",".asset","853","6C7317B827886CA979408A44E46E82EA2354654600B167DB52ECA25330355EA9"
"ColegaTeste","Assets\RecursosUnificados\ColegaTeste\PlatformerSet1\Map Assets\TilepaletteLevel1\Level1_73.asset","Level1_73.asset",".asset","852","F4BF5EEE919C4F8DEC62FB65908D932053398341300E19AB13A23CB0D2742EB8"
"ColegaTeste","Assets\RecursosUnificados\ColegaTeste\PlatformerSet1\Map Assets\TilepaletteLevel1\Level1_74.asset","Level1_74.asset",".asset","853","3BE42152D023BAD8DE7823849F794CF1ED5DAB3FC1AA308C88A36FB569A9465C"
"ColegaTeste","Assets\RecursosUnificados\ColegaTeste\PlatformerSet1\Map Assets\TilepaletteLevel1\Level1_75.asset","Level1_75.asset",".asset","853","6CABBA017A156CB26ED9620111ABAD750A5191954AD36F166A1B253321487D15"
"ColegaTeste","Assets\RecursosUnificados\ColegaTeste\PlatformerSet1\Map Assets\TilepaletteLevel1\Level1_76.asset","Level1_76.asset",".asset","852","CFC6515C9F77700FCE7D51E30DA326A215E6F2BB7BDDBADBB59D32B7F8468F62"
"ColegaTeste","Assets\RecursosUnificados\ColegaTeste\PlatformerSet1\Map Assets\TilepaletteLevel1\Level1_77.asset","Level1_77.asset",".asset","852","F042B76EE2FAEE85499F283333B356FFD53BA427575312F8DC8F63C82AE4F0DB"
"ColegaTeste","Assets\RecursosUnificados\ColegaTeste\PlatformerSet1\Map Assets\TilepaletteLevel1\Level1_78.asset","Level1_78.asset",".asset","852","DC9CCB65DDB98B513C0B1089CC54994C6EADBF7EAD136D0DC46192DBF71638A8"
"ColegaTeste","Assets\RecursosUnificados\ColegaTeste\PlatformerSet1\Map Assets\TilepaletteLevel1\Level1_79.asset","Level1_79.asset",".asset","851","BF97566B6CAFDBBA9EE194520B367A112F95EFE6109C2D6A97367F7A27B34A4C"
"ColegaTeste","Assets\RecursosUnificados\ColegaTeste\PlatformerSet1\Map Assets\TilepaletteLevel1\Level1_8.asset","Level1_8.asset",".asset","860","01FDD5D371DE6E5AF19152DCBD15E3AFE45E32012C5E06DBB6C0A2FBC74367BF"
"ColegaTeste","Assets\RecursosUnificados\ColegaTeste\PlatformerSet1\Map Assets\TilepaletteLevel1\Level1_80.asset","Level1_80.asset",".asset","851","D262E118014AF2E5287A521FD6FCA07A9411406B8604684EE0D6BB1AE398C1AF"
"ColegaTeste","Assets\RecursosUnificados\ColegaTeste\PlatformerSet1\Map Assets\TilepaletteLevel1\Level1_81.asset","Level1_81.asset",".asset","852","43708C640B897E063D0DD80C64AEFB27FE44E899260D1F0C4E39A80B73223B3C"
"ColegaTeste","Assets\RecursosUnificados\ColegaTeste\PlatformerSet1\Map Assets\TilepaletteLevel1\Level1_82.asset","Level1_82.asset",".asset","852","833BBD4690C05A62994BECDC347561D14BCA5ED287A0A02A071E105B72B94B84"
"ColegaTeste","Assets\RecursosUnificados\ColegaTeste\PlatformerSet1\Map Assets\TilepaletteLevel1\Level1_83.asset","Level1_83.asset",".asset","853","3776A21C9F4AA4FB4E8906D909B27B17FA7EA008C451A9744035C7B26F784344"
"ColegaTeste","Assets\RecursosUnificados\ColegaTeste\PlatformerSet1\Map Assets\TilepaletteLevel1\Level1_84.asset","Level1_84.asset",".asset","852","8C087D04A88B75E2758690D55AFC4A7FE82DC59531FEE19216DF28CC66588F78"
"ColegaTeste","Assets\RecursosUnificados\ColegaTeste\PlatformerSet1\Map Assets\TilepaletteLevel1\Level1_85.asset","Level1_85.asset",".asset","851","F013ED6F062B46B20BAA8D527DC00FF3217934E271B4B2FD8256D3E23E862823"
"ColegaTeste","Assets\RecursosUnificados\ColegaTeste\PlatformerSet1\Map Assets\TilepaletteLevel1\Level1_86.asset","Level1_86.asset",".asset","853","E585059D3336CD874AE912C1ACD9A4FE5DFFEB891B71D5D2E76F6E7144D1A24E"
"ColegaTeste","Assets\RecursosUnificados\ColegaTeste\PlatformerSet1\Map Assets\TilepaletteLevel1\Level1_87.asset","Level1_87.asset",".asset","851","8DA3273EB67289C2D9FA0A23C39BAD944DF88517DDA4BE289E45E0CA8F6DADEA"
"ColegaTeste","Assets\RecursosUnificados\ColegaTeste\PlatformerSet1\Map Assets\TilepaletteLevel1\Level1_88.asset","Level1_88.asset",".asset","853","984B053BB0932D62D973D837EE28C78D524F002B04B92725865014C202011412"
"ColegaTeste","Assets\RecursosUnificados\ColegaTeste\PlatformerSet1\Map Assets\TilepaletteLevel1\Level1_89.asset","Level1_89.asset",".asset","852","3AA04024B2CEE95C7D790695DB180E5119C3224D08787202C72389CF7F6A41B9"
"ColegaTeste","Assets\RecursosUnificados\ColegaTeste\PlatformerSet1\Map Assets\TilepaletteLevel1\Level1_9.asset","Level1_9.asset",".asset","860","64FFC64C3F6BF3907DF56DF30D17A9A5943E815D75FCF258E67E98BB51445062"
"ColegaTeste","Assets\RecursosUnificados\ColegaTeste\PlatformerSet1\Map Assets\TilepaletteLevel1\Level1_90.asset","Level1_90.asset",".asset","853","B62D9B596335129C02C0761D3DA1C100B7D11B69A38083BEABD99FA206770955"
"ColegaTeste","Assets\RecursosUnificados\ColegaTeste\PlatformerSet1\Map Assets\TilepaletteLevel1\Level1_91.asset","Level1_91.asset",".asset","852","0C2F2AB1AD478FA666718E355806CEF4B2F8CC0612F912FF22B407B6020D67BC"
"ColegaTeste","Assets\RecursosUnificados\ColegaTeste\PlatformerSet1\Map Assets\TilepaletteLevel1\Level1_92.asset","Level1_92.asset",".asset","853","F1C27227EF0024BFB6319EE98108FA5B4EAF72AB3B718ACC9E6006DD62A6849F"
"ColegaTeste","Assets\RecursosUnificados\ColegaTeste\PlatformerSet1\Map Assets\TilepaletteLevel1\Level1_93.asset","Level1_93.asset",".asset","853","0C747F3E92EF86067B37ADB6A6E07AE35475A48D37D266B0826A17C6699D4485"
"ColegaTeste","Assets\RecursosUnificados\ColegaTeste\PlatformerSet1\Map Assets\TilepaletteLevel1\Level1_94.asset","Level1_94.asset",".asset","852","5AFC409A8B0D45022A99F2243012A8282E8E7D720C05A8F09F75C6A8C7E4D594"
"ColegaTeste","Assets\RecursosUnificados\ColegaTeste\PlatformerSet1\Map Assets\TilepaletteLevel1\Level1_95.asset","Level1_95.asset",".asset","851","6B7F9C796B700B388884AA9DA29810D88DF93B840FF7997E9CAF38E5A4313880"
"ColegaTeste","Assets\RecursosUnificados\ColegaTeste\PlatformerSet1\Map Assets\TilepaletteLevel1\Level1_96.asset","Level1_96.asset",".asset","852","CC6A3AF172886A1162D3475EC2896A0694CC9230382A03B1558C0475A218F072"
"ColegaTeste","Assets\RecursosUnificados\ColegaTeste\PlatformerSet1\Map Assets\TilepaletteLevel1\Level1_97.asset","Level1_97.asset",".asset","852","272159E64DF463DD7342019191B8BA5B03180656B7E10F9A1D1730B5F89DEBC7"
"ColegaTeste","Assets\RecursosUnificados\ColegaTeste\PlatformerSet1\Map Assets\TilepaletteLevel1\Level1_98.asset","Level1_98.asset",".asset","853","CB667AD4D1084C60202AC6E24438BA3BF412D3FFC8FD2A4313EC9D763BB1F0C1"
"ColegaTeste","Assets\RecursosUnificados\ColegaTeste\PlatformerSet1\Map Assets\TilepaletteLevel1\Level1_99.asset","Level1_99.asset",".asset","853","16FBED926B5FFEEDCD1796FFA70B8919EE36AB24669CB7EEF62E979147DE7104"
"ColegaTeste","Assets\RecursosUnificados\ColegaTeste\PlatformerSet1\Map Assets\TilepaletteLevel1\New Tile Palette.prefab","New Tile Palette.prefab",".prefab","59935","B3170FFE2AE1E53D80D0600C6B6520949E644F56C1B9ED4FA84816B8453D68E6"
"ColegaTeste","Assets\RecursosUnificados\ColegaTeste\PlatformerSet1\Map Assets\TileplateLevel1Background\Level1Background.prefab","Level1Background.prefab",".prefab","60599","469C9949B91A0296EA489D5A525B7FC7CDFDE21B799D34559563C06C1C0211C9"
"ColegaTeste","Assets\RecursosUnificados\ColegaTeste\PlatformerSet1\Map Assets\TileplateLevel1Background\Level1Background_0.asset","Level1Background_0.asset",".asset","860","E44C3202C9558538F9D8761E32CC029681B8648D602741B56CCBEDD320887293"
"ColegaTeste","Assets\RecursosUnificados\ColegaTeste\PlatformerSet1\Map Assets\TileplateLevel1Background\Level1Background_1.asset","Level1Background_1.asset",".asset","861","1B0CDC21E51FA72E531541B29A0EF34FD984CD02B5C8E5425944CBFF464D1CA5"
"ColegaTeste","Assets\RecursosUnificados\ColegaTeste\PlatformerSet1\Map Assets\TileplateLevel1Background\Level1Background_10.asset","Level1Background_10.asset",".asset","862","C67D5A05015A0C5A2EC9BC194327B290A24944DBBAB0DADC6136EB2AC9888865"
"ColegaTeste","Assets\RecursosUnificados\ColegaTeste\PlatformerSet1\Map Assets\TileplateLevel1Background\Level1Background_100.asset","Level1Background_100.asset",".asset","863","1C275C4E11BF1BFCC97505FA5130A14A47F205E0B8BAD5DD45E3CC3452611603"
"ColegaTeste","Assets\RecursosUnificados\ColegaTeste\PlatformerSet1\Map Assets\TileplateLevel1Background\Level1Background_101.asset","Level1Background_101.asset",".asset","864","E1065E6CFFEB05770768B95CF20D46A7A9D0DCDC769FFBD8E23BA379A042873D"
"ColegaTeste","Assets\RecursosUnificados\ColegaTeste\PlatformerSet1\Map Assets\TileplateLevel1Background\Level1Background_102.asset","Level1Background_102.asset",".asset","864","154B9446D0A274BF6DD41C49AEC1AED09D31B42B9AD4F77D42DB2B8D9B4AD88A"
"ColegaTeste","Assets\RecursosUnificados\ColegaTeste\PlatformerSet1\Map Assets\TileplateLevel1Background\Level1Background_103.asset","Level1Background_103.asset",".asset","863","16C90F677EA2B1A4A67870CD1099C504174F989637B5F81E6C9A416C0BD32A92"
"ColegaTeste","Assets\RecursosUnificados\ColegaTeste\PlatformerSet1\Map Assets\TileplateLevel1Background\Level1Background_104.asset","Level1Background_104.asset",".asset","864","5D2856121D10273A98D9DA1EBB09F9845B1E5A85E1869D390CF46FA039444858"
"ColegaTeste","Assets\RecursosUnificados\ColegaTeste\PlatformerSet1\Map Assets\TileplateLevel1Background\Level1Background_105.asset","Level1Background_105.asset",".asset","864","32BA58EAE28191926094DE6F1FA4E1B4110C2033F75D3E4181253E48200F5468"
"ColegaTeste","Assets\RecursosUnificados\ColegaTeste\PlatformerSet1\Map Assets\TileplateLevel1Background\Level1Background_106.asset","Level1Background_106.asset",".asset","863","2CC1BA2D0F5FBB1E25197708FF96203D5D0B37167DF3FB643771DCB72499F07A"
"ColegaTeste","Assets\RecursosUnificados\ColegaTeste\PlatformerSet1\Map Assets\TileplateLevel1Background\Level1Background_107.asset","Level1Background_107.asset",".asset","863","F59FE1115AC9D093A23D59CCFFC3438C8FE322D46C41C8B68367E5CC51582AAF"
"ColegaTeste","Assets\RecursosUnificados\ColegaTeste\PlatformerSet1\Map Assets\TileplateLevel1Background\Level1Background_108.asset","Level1Background_108.asset",".asset","864","1C032D430EA3384D9F9FAD38EF714C20B46DAE3D5FF2B89C2EFC7DC037BADCCD"
"ColegaTeste","Assets\RecursosUnificados\ColegaTeste\PlatformerSet1\Map Assets\TileplateLevel1Background\Level1Background_109.asset","Level1Background_109.asset",".asset","863","D683AA6BAEEF5A744FC8499BB106D16B94300BF7CDC52D68541B2022E4F55B7F"
"ColegaTeste","Assets\RecursosUnificados\ColegaTeste\PlatformerSet1\Map Assets\TileplateLevel1Background\Level1Background_11.asset","Level1Background_11.asset",".asset","861","1C6E0CBD3CFA07A5EF8019784768F4A9DD6ED0E998E1D5FA1638F8EDCC5D8607"
"ColegaTeste","Assets\RecursosUnificados\ColegaTeste\PlatformerSet1\Map Assets\TileplateLevel1Background\Level1Background_110.asset","Level1Background_110.asset",".asset","864","55E825342495CE7A5FB52CD5C5C3115DDF18594BFCC863B80E7FA592C3CE9272"
"ColegaTeste","Assets\RecursosUnificados\ColegaTeste\PlatformerSet1\Map Assets\TileplateLevel1Background\Level1Background_111.asset","Level1Background_111.asset",".asset","864","28D346473A46E2C3A25CBEDD183120D9F275E53792770B89FFD9BB10D29821A5"
"ColegaTeste","Assets\RecursosUnificados\ColegaTeste\PlatformerSet1\Map Assets\TileplateLevel1Background\Level1Background_112.asset","Level1Background_112.asset",".asset","863","1A3B51C334F45B688050E946B8ED066471A423A4CAAE3D85A39B1E52315A45EF"
"ColegaTeste","Assets\RecursosUnificados\ColegaTeste\PlatformerSet1\Map Assets\TileplateLevel1Background\Level1Background_12.asset","Level1Background_12.asset",".asset","863","BF1B0E938DB90F77F11876634759A08C3504A8CB8DED154AC63B165B1FF75705"
"ColegaTeste","Assets\RecursosUnificados\ColegaTeste\PlatformerSet1\Map Assets\TileplateLevel1Background\Level1Background_13.asset","Level1Background_13.asset",".asset","862","F0E5F81E68AEB6752FA13E41273095CC5488C3541CC22B216E3CC179A7429744"
"ColegaTeste","Assets\RecursosUnificados\ColegaTeste\PlatformerSet1\Map Assets\TileplateLevel1Background\Level1Background_14.asset","Level1Background_14.asset",".asset","863","CA2C35B24C27F41234F927EC8CCE86CB4849BC76DB63045C6C9997EFA1348238"
"ColegaTeste","Assets\RecursosUnificados\ColegaTeste\PlatformerSet1\Map Assets\TileplateLevel1Background\Level1Background_15.asset","Level1Background_15.asset",".asset","862","293C8A7472913035D8D1526A8342FDD936E2502CD101CB0E26695F51A9F2A1E3"
"ColegaTeste","Assets\RecursosUnificados\ColegaTeste\PlatformerSet1\Map Assets\TileplateLevel1Background\Level1Background_16.asset","Level1Background_16.asset",".asset","862","0CCE8369D8CA58A0975CC398E3D74F3C0A0FE1D1EE724C9273CD88CB83815D81"
"ColegaTeste","Assets\RecursosUnificados\ColegaTeste\PlatformerSet1\Map Assets\TileplateLevel1Background\Level1Background_17.asset","Level1Background_17.asset",".asset","862","623D9BA104EE193DC8AC284C794FF1458F19B5DBF4ECC2ED0878CC2F06E9B6ED"
"ColegaTeste","Assets\RecursosUnificados\ColegaTeste\PlatformerSet1\Map Assets\TileplateLevel1Background\Level1Background_18.asset","Level1Background_18.asset",".asset","860","C5F95B8BDBD9F4E617A91244ADDDE8BEB91076CEC036D6CD9733527D57B6091F"
"ColegaTeste","Assets\RecursosUnificados\ColegaTeste\PlatformerSet1\Map Assets\TileplateLevel1Background\Level1Background_19.asset","Level1Background_19.asset",".asset","862","09F06D3FE72C796AFE33ED7D37E64988E982FC32B6F97F200DDBE9716BD29B71"
"ColegaTeste","Assets\RecursosUnificados\ColegaTeste\PlatformerSet1\Map Assets\TileplateLevel1Background\Level1Background_2.asset","Level1Background_2.asset",".asset","860","091BB9B1F6136AFD16D0AA623523FF31A6191BD0C71808E42387F15B968F088C"
"ColegaTeste","Assets\RecursosUnificados\ColegaTeste\PlatformerSet1\Map Assets\TileplateLevel1Background\Level1Background_20.asset","Level1Background_20.asset",".asset","863","E2E81FA2328EDA0E8CFB425C1584362816DADAAB950576B0097FA84CFC94E502"
"ColegaTeste","Assets\RecursosUnificados\ColegaTeste\PlatformerSet1\Map Assets\TileplateLevel1Background\Level1Background_21.asset","Level1Background_21.asset",".asset","862","579CB8DDD05DEE3FB32C01853B6F29E17DF5FCCEDB27802C47B723528EB45E26"
"ColegaTeste","Assets\RecursosUnificados\ColegaTeste\PlatformerSet1\Map Assets\TileplateLevel1Background\Level1Background_22.asset","Level1Background_22.asset",".asset","862","B1BB5C2C0511A34E82AA7255650A3BCA4A2D2561F6F5E8D80AA39CF8EA09CF35"
"ColegaTeste","Assets\RecursosUnificados\ColegaTeste\PlatformerSet1\Map Assets\TileplateLevel1Background\Level1Background_23.asset","Level1Background_23.asset",".asset","862","F30F79B141C37493B335141FB6F5392405D7D48D5B0FC6C7E2FCCE874989E014"
"ColegaTeste","Assets\RecursosUnificados\ColegaTeste\PlatformerSet1\Map Assets\TileplateLevel1Background\Level1Background_24.asset","Level1Background_24.asset",".asset","862","850EB2F269874AFFF276EBC1B2A8A17FD53A6AA4A8065460B52099EC93B56A6B"
"ColegaTeste","Assets\RecursosUnificados\ColegaTeste\PlatformerSet1\Map Assets\TileplateLevel1Background\Level1Background_25.asset","Level1Background_25.asset",".asset","861","2C4A088D41DB414322BE8377AE8A03E164BDB90FACD3684F42E9B29F21118C3A"
"ColegaTeste","Assets\RecursosUnificados\ColegaTeste\PlatformerSet1\Map Assets\TileplateLevel1Background\Level1Background_26.asset","Level1Background_26.asset",".asset","862","0A36A5433563E62DBA105B937DFE55E201FCD371E1911165F17D1DE5F520D240"
"ColegaTeste","Assets\RecursosUnificados\ColegaTeste\PlatformerSet1\Map Assets\TileplateLevel1Background\Level1Background_27.asset","Level1Background_27.asset",".asset","862","B4CF3642A4C1FE5AD984951F9D5062A39BE0A4AA09304CFF01E22FCB0A1AC16D"
"ColegaTeste","Assets\RecursosUnificados\ColegaTeste\PlatformerSet1\Map Assets\TileplateLevel1Background\Level1Background_28.asset","Level1Background_28.asset",".asset","863","0E0A5678483E35DBCDA32ACCC71DE50BD5B77C34DE245245F880F8A0CEA33022"
"ColegaTeste","Assets\RecursosUnificados\ColegaTeste\PlatformerSet1\Map Assets\TileplateLevel1Background\Level1Background_29.asset","Level1Background_29.asset",".asset","862","69DAE6EA6173D85237806D2101316576BF537EE556F9F8EA6B36F535B63C8BDD"
"ColegaTeste","Assets\RecursosUnificados\ColegaTeste\PlatformerSet1\Map Assets\TileplateLevel1Background\Level1Background_3.asset","Level1Background_3.asset",".asset","861","65DA2087942BE1F0BE02A43DDFF4AFAC066BB8619A7259EF5BB58C56C4593682"
"ColegaTeste","Assets\RecursosUnificados\ColegaTeste\PlatformerSet1\Map Assets\TileplateLevel1Background\Level1Background_30.asset","Level1Background_30.asset",".asset","863","9606D13B9776F496A8B8B4DDD58D724921F74AAEFC2DCB32416D79B0A5FFD50B"
"ColegaTeste","Assets\RecursosUnificados\ColegaTeste\PlatformerSet1\Map Assets\TileplateLevel1Background\Level1Background_31.asset","Level1Background_31.asset",".asset","862","6FB80FFCF740406095ADD2F73EF86BEE436FB9AD824CD861EDA2F19AF09BD66D"
"ColegaTeste","Assets\RecursosUnificados\ColegaTeste\PlatformerSet1\Map Assets\TileplateLevel1Background\Level1Background_32.asset","Level1Background_32.asset",".asset","861","7DAE79B0E7680E8A9552A34BAA24953CB9618306BB8C9D32AF3731D860BFBAF4"
"ColegaTeste","Assets\RecursosUnificados\ColegaTeste\PlatformerSet1\Map Assets\TileplateLevel1Background\Level1Background_33.asset","Level1Background_33.asset",".asset","861","AF726E4F9019881D9C20B63971FF740D10BE1F9C67B5F336AEC92E43DE52072C"
"ColegaTeste","Assets\RecursosUnificados\ColegaTeste\PlatformerSet1\Map Assets\TileplateLevel1Background\Level1Background_34.asset","Level1Background_34.asset",".asset","862","10563435E3345AFE86D70273A1E223974686A5CC3DC3B044EED76E9A29B60E8C"
"ColegaTeste","Assets\RecursosUnificados\ColegaTeste\PlatformerSet1\Map Assets\TileplateLevel1Background\Level1Background_35.asset","Level1Background_35.asset",".asset","863","5C11F11395D893CE1BC80FF04A9DEB504B72CE48DCB3A9BDA748A15A02DD8B9F"
"ColegaTeste","Assets\RecursosUnificados\ColegaTeste\PlatformerSet1\Map Assets\TileplateLevel1Background\Level1Background_36.asset","Level1Background_36.asset",".asset","863","D441C208E6E1D82E4A3F616B9A64BA18D8E21C6CEB4FEE39674C89510803E9CF"
"ColegaTeste","Assets\RecursosUnificados\ColegaTeste\PlatformerSet1\Map Assets\TileplateLevel1Background\Level1Background_37.asset","Level1Background_37.asset",".asset","863","1608223E566E7FDE049EB6A1E5435616CE86E3A7DB51E797730B54AABA0B4AC2"
"ColegaTeste","Assets\RecursosUnificados\ColegaTeste\PlatformerSet1\Map Assets\TileplateLevel1Background\Level1Background_38.asset","Level1Background_38.asset",".asset","863","9F1FF03FA94E640AC2864BCDA724464EE565075A99F7F0B9BD05997029B9D491"
"ColegaTeste","Assets\RecursosUnificados\ColegaTeste\PlatformerSet1\Map Assets\TileplateLevel1Background\Level1Background_39.asset","Level1Background_39.asset",".asset","862","A522EB9D25C50463F9838C295A428E9CAEBC62A777AE0CC35EA2C13543615ED0"
"ColegaTeste","Assets\RecursosUnificados\ColegaTeste\PlatformerSet1\Map Assets\TileplateLevel1Background\Level1Background_4.asset","Level1Background_4.asset",".asset","860","B2B167FC768814C5590F90B67BA38912322744234391C4D31E7EF52B7F2B92CB"
"ColegaTeste","Assets\RecursosUnificados\ColegaTeste\PlatformerSet1\Map Assets\TileplateLevel1Background\Level1Background_40.asset","Level1Background_40.asset",".asset","863","A4D48CBC9AEAE4E91308077A72890CA78876A3B468A1480794CB8CB3B0C7204D"
"ColegaTeste","Assets\RecursosUnificados\ColegaTeste\PlatformerSet1\Map Assets\TileplateLevel1Background\Level1Background_41.asset","Level1Background_41.asset",".asset","861","5BAEE176B276A5A26AC5D642D9A0268D41AE2376DFC43E70BC736350E670F3BA"
"ColegaTeste","Assets\RecursosUnificados\ColegaTeste\PlatformerSet1\Map Assets\TileplateLevel1Background\Level1Background_42.asset","Level1Background_42.asset",".asset","863","8574AEEA6A806129F6BE0B6CE393C94C65D1DCBFA844F38C090B427220495D31"
"ColegaTeste","Assets\RecursosUnificados\ColegaTeste\PlatformerSet1\Map Assets\TileplateLevel1Background\Level1Background_43.asset","Level1Background_43.asset",".asset","863","6EB3C62C8B5077178C607715CFF4BEE9C2DFB586CFFD24CAF6681B9A56C6A334"
"ColegaTeste","Assets\RecursosUnificados\ColegaTeste\PlatformerSet1\Map Assets\TileplateLevel1Background\Level1Background_44.asset","Level1Background_44.asset",".asset","861","FB2FF55BC4616D41CC6F6596CC892DEA80DC06F3073DE4BDDFC2E94ABEA59293"
"ColegaTeste","Assets\RecursosUnificados\ColegaTeste\PlatformerSet1\Map Assets\TileplateLevel1Background\Level1Background_45.asset","Level1Background_45.asset",".asset","862","7859D7AC8F20D3E3750F949C674B8E5733218CF384C63B9998532A672061DE2E"
"ColegaTeste","Assets\RecursosUnificados\ColegaTeste\PlatformerSet1\Map Assets\TileplateLevel1Background\Level1Background_46.asset","Level1Background_46.asset",".asset","860","E3443DE96B3A74DD89E86CB5AA39EF5AEEB975B46FAEDA73C444AD3E3A1AB13C"
"ColegaTeste","Assets\RecursosUnificados\ColegaTeste\PlatformerSet1\Map Assets\TileplateLevel1Background\Level1Background_47.asset","Level1Background_47.asset",".asset","863","26EED5CCEF92523FC64E2C62741258F960DBDF71ADC9F20131574EC525F537B2"
"ColegaTeste","Assets\RecursosUnificados\ColegaTeste\PlatformerSet1\Map Assets\TileplateLevel1Background\Level1Background_48.asset","Level1Background_48.asset",".asset","861","A097BF3D437CB2F7EE8A412681D928A0B8E2A4E3AC8A5B3668977B2EB486BD55"
"ColegaTeste","Assets\RecursosUnificados\ColegaTeste\PlatformerSet1\Map Assets\TileplateLevel1Background\Level1Background_49.asset","Level1Background_49.asset",".asset","861","54770392C5ACEECF8CF98BDB2A00A7B4AE89A530D9C7264C56FDBD9068EE54C4"
"ColegaTeste","Assets\RecursosUnificados\ColegaTeste\PlatformerSet1\Map Assets\TileplateLevel1Background\Level1Background_5.asset","Level1Background_5.asset",".asset","860","6442806F83FDB559F8529A212F3B849F5C7371FD007AB3148F9635E35DF4552F"
"ColegaTeste","Assets\RecursosUnificados\ColegaTeste\PlatformerSet1\Map Assets\TileplateLevel1Background\Level1Background_50.asset","Level1Background_50.asset",".asset","862","D4A3220193EF2D39BE9B3FF357D4D88646FE260484236F15C20557326F805152"
"ColegaTeste","Assets\RecursosUnificados\ColegaTeste\PlatformerSet1\Map Assets\TileplateLevel1Background\Level1Background_51.asset","Level1Background_51.asset",".asset","862","C639D35C70C54323C37B1BFDB51D23074FAD7F3FBCD017CB45CB9FC3441FDFA1"
"ColegaTeste","Assets\RecursosUnificados\ColegaTeste\PlatformerSet1\Map Assets\TileplateLevel1Background\Level1Background_52.asset","Level1Background_52.asset",".asset","863","8799F9EF1022F87F9CF79C6ABF3D0A2BEB2DE98F38346C2CD413724CDAEE4358"
"ColegaTeste","Assets\RecursosUnificados\ColegaTeste\PlatformerSet1\Map Assets\TileplateLevel1Background\Level1Background_53.asset","Level1Background_53.asset",".asset","862","D1C737DD4B2C122E728188F071BC7ADD71BA5352577C8A89247B18C45A371E70"
"ColegaTeste","Assets\RecursosUnificados\ColegaTeste\PlatformerSet1\Map Assets\TileplateLevel1Background\Level1Background_54.asset","Level1Background_54.asset",".asset","861","6B8A66E4B96CA2B657610B6D617D89512A567E8D15E2654652FAECB932DE6A5F"
"ColegaTeste","Assets\RecursosUnificados\ColegaTeste\PlatformerSet1\Map Assets\TileplateLevel1Background\Level1Background_55.asset","Level1Background_55.asset",".asset","863","5062C15B6330FC225343D49486ECDC0EADF95831531E1B258BD3C613DD2793F5"
"ColegaTeste","Assets\RecursosUnificados\ColegaTeste\PlatformerSet1\Map Assets\TileplateLevel1Background\Level1Background_56.asset","Level1Background_56.asset",".asset","863","8F11897C45C9DC89491EE5D440CACAF577BA63AF0C7A2686EAE3016EED6F2FDC"
"ColegaTeste","Assets\RecursosUnificados\ColegaTeste\PlatformerSet1\Map Assets\TileplateLevel1Background\Level1Background_57.asset","Level1Background_57.asset",".asset","863","C0C2C3F614369BC93D5241EF48EA0D6F54F678AF7DD5580A1920783A7049F6AE"
"ColegaTeste","Assets\RecursosUnificados\ColegaTeste\PlatformerSet1\Map Assets\TileplateLevel1Background\Level1Background_58.asset","Level1Background_58.asset",".asset","863","7195A3C42F3369D87884B53DF5D56504E18FEB4C15CBC1090C4214A50A00590F"
"ColegaTeste","Assets\RecursosUnificados\ColegaTeste\PlatformerSet1\Map Assets\TileplateLevel1Background\Level1Background_59.asset","Level1Background_59.asset",".asset","862","9355DE9052550E92A1D1AFAEEE80F840EDA6CB66159A2B539234726B5D24A0DD"
"ColegaTeste","Assets\RecursosUnificados\ColegaTeste\PlatformerSet1\Map Assets\TileplateLevel1Background\Level1Background_6.asset","Level1Background_6.asset",".asset","861","8B773ABC7BB533FB0978139DD50CAF09EEA1A7B933068B2ABC2B742D98108695"
"ColegaTeste","Assets\RecursosUnificados\ColegaTeste\PlatformerSet1\Map Assets\TileplateLevel1Background\Level1Background_60.asset","Level1Background_60.asset",".asset","861","F7714E806E258A81D750B71D9F2D189FE50F02CC4FC1513FE04FE5E86C2142D3"
"ColegaTeste","Assets\RecursosUnificados\ColegaTeste\PlatformerSet1\Map Assets\TileplateLevel1Background\Level1Background_61.asset","Level1Background_61.asset",".asset","863","ECE077BF1B27907D1EE3D9910770190B2E68281F23D4081FCE0948E991764193"
"ColegaTeste","Assets\RecursosUnificados\ColegaTeste\PlatformerSet1\Map Assets\TileplateLevel1Background\Level1Background_62.asset","Level1Background_62.asset",".asset","862","8B73A6CCA0A50AB6D668E2BD72AF25F67632028F7F5A1BD64915AF46038045BB"
"ColegaTeste","Assets\RecursosUnificados\ColegaTeste\PlatformerSet1\Map Assets\TileplateLevel1Background\Level1Background_63.asset","Level1Background_63.asset",".asset","862","1009A187468C94CF85B133004B40723554E9EDD0150B653E6539F0D534BE677A"
"ColegaTeste","Assets\RecursosUnificados\ColegaTeste\PlatformerSet1\Map Assets\TileplateLevel1Background\Level1Background_64.asset","Level1Background_64.asset",".asset","862","82943F476BCEEED18FA881557B820B69C4A4607C06CC3D470E5E8826AD625B31"
"ColegaTeste","Assets\RecursosUnificados\ColegaTeste\PlatformerSet1\Map Assets\TileplateLevel1Background\Level1Background_65.asset","Level1Background_65.asset",".asset","863","D230E8D3735757FA187C7602B5DB38F77E43832A8AA63D07D5A4861506B21B73"
"ColegaTeste","Assets\RecursosUnificados\ColegaTeste\PlatformerSet1\Map Assets\TileplateLevel1Background\Level1Background_66.asset","Level1Background_66.asset",".asset","862","F1FA10965B2DD39DD565AF389CB9F3BC44957FD31488AD605BFF96CDB208CB95"
"ColegaTeste","Assets\RecursosUnificados\ColegaTeste\PlatformerSet1\Map Assets\TileplateLevel1Background\Level1Background_67.asset","Level1Background_67.asset",".asset","862","24DBC3DCFD5B91EDC9FF851025C3DED4BCC83DBEB7C505E708C6CC493E25D65E"
"ColegaTeste","Assets\RecursosUnificados\ColegaTeste\PlatformerSet1\Map Assets\TileplateLevel1Background\Level1Background_68.asset","Level1Background_68.asset",".asset","862","975C14301BC63BF9551CFBDF0BB2363EE82C0A78D7C15F226F3EFFD46D8B067E"
"ColegaTeste","Assets\RecursosUnificados\ColegaTeste\PlatformerSet1\Map Assets\TileplateLevel1Background\Level1Background_69.asset","Level1Background_69.asset",".asset","862","9C6AFAFE5D7473088F8C97C980892A0EC56E4FC8E61347B0826EB4A3E6EBEF94"
"ColegaTeste","Assets\RecursosUnificados\ColegaTeste\PlatformerSet1\Map Assets\TileplateLevel1Background\Level1Background_7.asset","Level1Background_7.asset",".asset","861","EF000F5F47830BAD4C8A4FB742653DCD14D589309C2588B8F6FFCCD10AE4868F"
"ColegaTeste","Assets\RecursosUnificados\ColegaTeste\PlatformerSet1\Map Assets\TileplateLevel1Background\Level1Background_70.asset","Level1Background_70.asset",".asset","863","4884A7FEC860638FEF90D94B7F6E913687C9269CFB005825AC363563F4484B58"
"ColegaTeste","Assets\RecursosUnificados\ColegaTeste\PlatformerSet1\Map Assets\TileplateLevel1Background\Level1Background_71.asset","Level1Background_71.asset",".asset","862","12B7E393516DB899B7087957CD094D983890A3D956B4CB329C1AC3909E7D8C50"
"ColegaTeste","Assets\RecursosUnificados\ColegaTeste\PlatformerSet1\Map Assets\TileplateLevel1Background\Level1Background_72.asset","Level1Background_72.asset",".asset","863","14EEE94464AE00D55C7A3400BE2D758B467E1128C31FB461264EF31207C9F689"
"ColegaTeste","Assets\RecursosUnificados\ColegaTeste\PlatformerSet1\Map Assets\TileplateLevel1Background\Level1Background_73.asset","Level1Background_73.asset",".asset","863","BCE0E0D4A19D114EF1684963EB20EDCC986CA8D0715175D661B23BC51D75DAE7"
"ColegaTeste","Assets\RecursosUnificados\ColegaTeste\PlatformerSet1\Map Assets\TileplateLevel1Background\Level1Background_74.asset","Level1Background_74.asset",".asset","862","DDFEA7601B2C1C06CDCF17E926A3582C3862D506668DB120A23B39A6BB4F1BFF"
"ColegaTeste","Assets\RecursosUnificados\ColegaTeste\PlatformerSet1\Map Assets\TileplateLevel1Background\Level1Background_75.asset","Level1Background_75.asset",".asset","863","122B0F0605D34B2B8867F69C5E9BEACA3CE9DB8D087AACE8FD5B885AD81B9166"
"ColegaTeste","Assets\RecursosUnificados\ColegaTeste\PlatformerSet1\Map Assets\TileplateLevel1Background\Level1Background_76.asset","Level1Background_76.asset",".asset","862","F5D11BFB5395A13B70492C1AD55DE681B95B9AB82FA6048485DC6946DF69C3E1"
"ColegaTeste","Assets\RecursosUnificados\ColegaTeste\PlatformerSet1\Map Assets\TileplateLevel1Background\Level1Background_77.asset","Level1Background_77.asset",".asset","863","BE6866AA07362D1260E55AB701FAC71ED55F2F330F2C2E3E26790B70EB3A7B45"
"ColegaTeste","Assets\RecursosUnificados\ColegaTeste\PlatformerSet1\Map Assets\TileplateLevel1Background\Level1Background_78.asset","Level1Background_78.asset",".asset","862","F57028DA5FB3A58BDE3A57392AD627DD45582BF6D3B653998DE90CF6356EFBDD"
"ColegaTeste","Assets\RecursosUnificados\ColegaTeste\PlatformerSet1\Map Assets\TileplateLevel1Background\Level1Background_79.asset","Level1Background_79.asset",".asset","862","3751CB8886D9AF37D059271B140B4F7C0048BD6DD58CF9948269877595F432A3"
"ColegaTeste","Assets\RecursosUnificados\ColegaTeste\PlatformerSet1\Map Assets\TileplateLevel1Background\Level1Background_8.asset","Level1Background_8.asset",".asset","861","91FFA22FA7D1719CE533A7B6D21B8F619F7B7B067F69B834BF0889B0A33C103A"
"ColegaTeste","Assets\RecursosUnificados\ColegaTeste\PlatformerSet1\Map Assets\TileplateLevel1Background\Level1Background_80.asset","Level1Background_80.asset",".asset","862","D6BAB63A97FD5E2F39F8409F0A66F2C31467A943D5FD185DE6A49D794FEBC42A"
"ColegaTeste","Assets\RecursosUnificados\ColegaTeste\PlatformerSet1\Map Assets\TileplateLevel1Background\Level1Background_81.asset","Level1Background_81.asset",".asset","863","373DAF22D5BFA8F3F3C0E3C87E1D9558B4E17BE1C136A51470E65450D097B906"
"ColegaTeste","Assets\RecursosUnificados\ColegaTeste\PlatformerSet1\Map Assets\TileplateLevel1Background\Level1Background_82.asset","Level1Background_82.asset",".asset","861","E8CEEE168DD5BE8B4CB5E77D2058112082EB1139D79F5E0029A9240C9030C8CA"
"ColegaTeste","Assets\RecursosUnificados\ColegaTeste\PlatformerSet1\Map Assets\TileplateLevel1Background\Level1Background_83.asset","Level1Background_83.asset",".asset","861","0BDB953CB8987523726F8B6B1524810C3AD0A154F3D0DD4FDCEDDA2BE07AAE37"
"ColegaTeste","Assets\RecursosUnificados\ColegaTeste\PlatformerSet1\Map Assets\TileplateLevel1Background\Level1Background_84.asset","Level1Background_84.asset",".asset","862","C7A575AF205E3DB44EC782B65E1214731335A95CBF97C70771D5D35C163692BF"
"ColegaTeste","Assets\RecursosUnificados\ColegaTeste\PlatformerSet1\Map Assets\TileplateLevel1Background\Level1Background_85.asset","Level1Background_85.asset",".asset","862","F4A5628D8DCC09AB9B9CD91512ECC4C99A4E491FCEBDE2A0271827175E66D774"
"ColegaTeste","Assets\RecursosUnificados\ColegaTeste\PlatformerSet1\Map Assets\TileplateLevel1Background\Level1Background_86.asset","Level1Background_86.asset",".asset","863","69A2CC3698416E5130BBDE7146C9958402B2E6FB10ECEDD90C326D6062A72D8A"
"ColegaTeste","Assets\RecursosUnificados\ColegaTeste\PlatformerSet1\Map Assets\TileplateLevel1Background\Level1Background_87.asset","Level1Background_87.asset",".asset","862","627C7FFDE61209FC6E71662CB03EB45B6E614EDE1E7344C91BB28D524589830A"
"ColegaTeste","Assets\RecursosUnificados\ColegaTeste\PlatformerSet1\Map Assets\TileplateLevel1Background\Level1Background_88.asset","Level1Background_88.asset",".asset","863","904171785B3B0053C475D9423187F76B79871578B9DCB383C6FA60145564F8A7"
"ColegaTeste","Assets\RecursosUnificados\ColegaTeste\PlatformerSet1\Map Assets\TileplateLevel1Background\Level1Background_89.asset","Level1Background_89.asset",".asset","863","2A60D311A9A2405A8483FA70AED13D7E27F55B265779D51C09469D9AB72DEB94"
"ColegaTeste","Assets\RecursosUnificados\ColegaTeste\PlatformerSet1\Map Assets\TileplateLevel1Background\Level1Background_9.asset","Level1Background_9.asset",".asset","861","B123779A3439E07F4D34FDEFB4CFF7455109C62A047CEE53D81C3BFA1E5926FC"
"ColegaTeste","Assets\RecursosUnificados\ColegaTeste\PlatformerSet1\Map Assets\TileplateLevel1Background\Level1Background_90.asset","Level1Background_90.asset",".asset","863","52FB8A9F3750711C732983660A2B9558CAF373B1EB8F79E30E16A95267AC4377"
"ColegaTeste","Assets\RecursosUnificados\ColegaTeste\PlatformerSet1\Map Assets\TileplateLevel1Background\Level1Background_91.asset","Level1Background_91.asset",".asset","862","9E43EBE5E262CED63D2D656752EE48D674D35A2DF28CFC0DC12FC5CD6E546B2A"
"ColegaTeste","Assets\RecursosUnificados\ColegaTeste\PlatformerSet1\Map Assets\TileplateLevel1Background\Level1Background_92.asset","Level1Background_92.asset",".asset","861","BC96783CD0313BB993754F0A6B260EA3EC91D1ABE390C2497DC14C4B67E200A1"
"ColegaTeste","Assets\RecursosUnificados\ColegaTeste\PlatformerSet1\Map Assets\TileplateLevel1Background\Level1Background_93.asset","Level1Background_93.asset",".asset","863","32369C0DAF28DCDEFAFCC5B2F6CEDCA7264974342F0F740D16A338D4C4FD0D5E"
"ColegaTeste","Assets\RecursosUnificados\ColegaTeste\PlatformerSet1\Map Assets\TileplateLevel1Background\Level1Background_94.asset","Level1Background_94.asset",".asset","860","EF4331D30100078AD555F87ADE341267A9062B152B4EE552E1E07A7EF50F75B6"
"ColegaTeste","Assets\RecursosUnificados\ColegaTeste\PlatformerSet1\Map Assets\TileplateLevel1Background\Level1Background_95.asset","Level1Background_95.asset",".asset","863","9F5896C0BC6993BC76B9FBAF29FB47F573E1D1305F872A0B3A94A836640D9B04"
"ColegaTeste","Assets\RecursosUnificados\ColegaTeste\PlatformerSet1\Map Assets\TileplateLevel1Background\Level1Background_96.asset","Level1Background_96.asset",".asset","862","D8CBA698E9264B7309DA162F2612F97DEACAC0069DCA84A7BE116F6F5521BFB9"
"ColegaTeste","Assets\RecursosUnificados\ColegaTeste\PlatformerSet1\Map Assets\TileplateLevel1Background\Level1Background_97.asset","Level1Background_97.asset",".asset","863","31D18E7D5FFA44304ADA0FE440A66BD081D8CE735BF7CCC1722E4945FE6B5349"
"ColegaTeste","Assets\RecursosUnificados\ColegaTeste\PlatformerSet1\Map Assets\TileplateLevel1Background\Level1Background_98.asset","Level1Background_98.asset",".asset","863","32C14E092D75287FC465C8688BCFF7E5E81F6A49792AA63D06ABD8DCA047C610"
"ColegaTeste","Assets\RecursosUnificados\ColegaTeste\PlatformerSet1\Map Assets\TileplateLevel1Background\Level1Background_99.asset","Level1Background_99.asset",".asset","863","439EEBBB075E2CCC56979C8848C8470DBC42E143ED761A33CB11E1FE54A0ECFA"
"ColegaTeste","Assets\RecursosUnificados\ColegaTeste\PlatformerSet1\Scene\Demo.unity","Demo.unity",".unity","12362","7367616C8ABF153BA59AEDE56F776B3C9D0F09DB22ECC08F84F4BA44E0F672B0"
"ColegaTeste","Assets\RecursosUnificados\ColegaTeste\PlatformerSet1\Scene\DemoSettings.lighting","DemoSettings.lighting",".lighting","2042","9991B453765F78701F6BDEE175A0FEA543ECEF9559FF7CE2C4A5E1E78EBF9D2C"
"ColegaTeste","Assets\RecursosUnificados\ColegaTeste\ProjetoPlayerJhonas\Scenes\bla.unity","bla.unity",".unity","35121","33E59B184A057ECF861E97955BF6BF09B68628ABCCBFCC3487935C6A708EA7A6"
"ColegaTeste","Assets\RecursosUnificados\ColegaTeste\ProjetoPlayerJhonas\Settings\Lit2DSceneTemplate.scenetemplate","Lit2DSceneTemplate.scenetemplate",".scenetemplate","3942880","EA8BBD3D1010935A8A64A7E9924D708ABB481D693B08008CDC13F1470C7CBCAF"
"ColegaTeste","Assets\RecursosUnificados\ColegaTeste\ProjetoPlayerJhonas\Settings\Renderer2D.asset","Renderer2D.asset",".asset","3698","833A5DE0B047BFF1327D3E97656EBFB7F595B4693CA5B8F652B676C5D8CC89AF"
"ColegaTeste","Assets\RecursosUnificados\ColegaTeste\ProjetoPlayerJhonas\Settings\Scenes\URP2DSceneTemplate.unity","URP2DSceneTemplate.unity",".unity","10231","55E315E1A1075331A3D70941B870F39529B1FFE7A01534539DBF290F89A11AA3"
"ColegaTeste","Assets\RecursosUnificados\ColegaTeste\ProjetoPlayerJhonas\Sprites\Player 1\Ataque\ATTK-1\ATTK-1_0001.png","ATTK-1_0001.png",".png","5635","32CDED434F8FDCDC5D43BDBA80437BC463071549B7D0F9C7B50B50375EF5EA20"
"ColegaTeste","Assets\RecursosUnificados\ColegaTeste\ProjetoPlayerJhonas\Sprites\Player 1\Ataque\ATTK-1\ATTK-1_0002.png","ATTK-1_0002.png",".png","6713","AC184DFB019725FA57C3A4BABFD410FDD9FF33C6C4B67E666ED01DEA423BE388"
"ColegaTeste","Assets\RecursosUnificados\ColegaTeste\ProjetoPlayerJhonas\Sprites\Player 1\Ataque\ATTK-1\ATTK-1_0003.png","ATTK-1_0003.png",".png","6842","A86FDAA520845F498CFDB19680472643806DA8352C47A569EC38ECF8D68A51A5"
"ColegaTeste","Assets\RecursosUnificados\ColegaTeste\ProjetoPlayerJhonas\Sprites\Player 1\Ataque\ATTK-1\ATTK-1_0004.png","ATTK-1_0004.png",".png","7437","825FB785A78441B67E9F1F4748749BF194F660726A52B8F6BB86AF37B9FDFF18"
"ColegaTeste","Assets\RecursosUnificados\ColegaTeste\ProjetoPlayerJhonas\Sprites\Player 1\Ataque\ATTK-1\ATTK-1_0005.png","ATTK-1_0005.png",".png","7895","9216AD50CD48012A46B37D417E7920019D7B7784EE3575D832115A8407DEC0E9"
"ColegaTeste","Assets\RecursosUnificados\ColegaTeste\ProjetoPlayerJhonas\Sprites\Player 1\Ataque\ATTK-1\ATTK-1_0006.png","ATTK-1_0006.png",".png","10263","C64B29AC08583AE752E34EE3242E11270E8BD8420A4ED41257FA17B0ECD3BEA0"
"ColegaTeste","Assets\RecursosUnificados\ColegaTeste\ProjetoPlayerJhonas\Sprites\Player 1\Ataque\ATTK-1\ATTK-1_0007.png","ATTK-1_0007.png",".png","8751","C7841E31C9552EA93F6CF7244D3394B0EC22A51773F4BE566B5A33A2FD6E33C6"
"ColegaTeste","Assets\RecursosUnificados\ColegaTeste\ProjetoPlayerJhonas\Sprites\Player 1\Ataque\JUMP-ATTK\ATTK-1_0002.png","ATTK-1_0002.png",".png","7896","C073FCB54E4DA9B4DA265142A27ECF4FD79025F0EACE93625F47B9AF5B6A2384"
"ColegaTeste","Assets\RecursosUnificados\ColegaTeste\ProjetoPlayerJhonas\Sprites\Player 1\Ataque\JUMP-ATTK\ATTK-1_0003.png","ATTK-1_0003.png",".png","6946","76DBC53302CCAB4DE239D793F0E663AA88151B9F67765E1E236E00843FDFCE91"
"ColegaTeste","Assets\RecursosUnificados\ColegaTeste\ProjetoPlayerJhonas\Sprites\Player 1\Ataque\JUMP-ATTK\ATTK-1_0004.png","ATTK-1_0004.png",".png","8338","CD243AA161F9DF9A69DB40304C62E067EB0100053BEDCAEF8A7B4850A2EC8D22"
"ColegaTeste","Assets\RecursosUnificados\ColegaTeste\ProjetoPlayerJhonas\Sprites\Player 1\Ataque\JUMP-ATTK\ATTK-1_0005.png","ATTK-1_0005.png",".png","10036","0B6622167C238D239C44678FBC83268385A40127397DC2FE36DF99E8E7A5B088"
"ColegaTeste","Assets\RecursosUnificados\ColegaTeste\ProjetoPlayerJhonas\Sprites\Player 1\Ataque\JUMP-ATTK\ATTK-1_0006.png","ATTK-1_0006.png",".png","12273","EE01C535CA2AEE29C6617132D1EECC245A5B2C9F727102C9EF83804188250AE2"
"ColegaTeste","Assets\RecursosUnificados\ColegaTeste\ProjetoPlayerJhonas\Sprites\Player 1\Ataque\JUMP-ATTK\ATTK-1_0007.png","ATTK-1_0007.png",".png","9801","D3761BC1FE87FF986A5AB070CF33E9FE274550DE85165DC66ECE885103F206E1"
"ColegaTeste","Assets\RecursosUnificados\ColegaTeste\ProjetoPlayerJhonas\TextMesh Pro\Fonts\LiberationSans - OFL.txt","LiberationSans - OFL.txt",".txt","4514","A130E89B7B2326B599C4B2BBD873EAAE63FEDA407541A2899CB8ACB306723DE6"
"ColegaTeste","Assets\RecursosUnificados\ColegaTeste\ProjetoPlayerJhonas\TextMesh Pro\Resources\TMP Settings.asset","TMP Settings.asset",".asset","1904","DAFD957B416FDAD34F611C30EE60D5F603497099F847B83FD688F883A56A3E72"
"ColegaTeste","Assets\RecursosUnificados\ColegaTeste\ProjetoPlayerJhonas\TextMesh Pro\Resources\Fonts & Materials\LiberationSans SDF - Drop Shadow.mat","LiberationSans SDF - Drop Shadow.mat",".mat","3081","73F941D7702C761483BB184FAD6E262648032969F0F310344155758B8FAD764F"
"ColegaTeste","Assets\RecursosUnificados\ColegaTeste\ProjetoPlayerJhonas\TextMesh Pro\Resources\Fonts & Materials\LiberationSans SDF - Fallback.asset","LiberationSans SDF - Fallback.asset",".asset","9713","6CD2FAA131F346F601036104691F0223744C5806A51CEEC454E6D4FF3BB6831D"
"ColegaTeste","Assets\RecursosUnificados\ColegaTeste\ProjetoPlayerJhonas\TextMesh Pro\Resources\Fonts & Materials\LiberationSans SDF - Outline.mat","LiberationSans SDF - Outline.mat",".mat","2993","4A07F16FCFA697F984D78B7ACC005985FE45A256B4BF8B7907FAEA08075B4961"
"ColegaTeste","Assets\RecursosUnificados\ColegaTeste\ProjetoPlayerJhonas\TextMesh Pro\Resources\Sprite Assets\EmojiOne.asset","EmojiOne.asset",".asset","14100","73802F0C67F6E13BF226FCAD8511477ACD5EA1E2263387003FE561D3211664F9"
"ColegaTeste","Assets\RecursosUnificados\ColegaTeste\ProjetoPlayerJhonas\TextMesh Pro\Resources\Style Sheets\Default Style Sheet.asset","Default Style Sheet.asset",".asset","5620","49C813B42FF25580E3934554E3550E7BDB78BCFB2C3562BF1191F0D42F4DA141"
"ColegaTeste","Assets\RecursosUnificados\ColegaTeste\ProjetoPlayerJhonas\TextMesh Pro\Shaders\SDFFunctions.hlsl","SDFFunctions.hlsl",".hlsl","6199","AA8B32660F8BFD9C1166D94539034437BB0332DB6062122D074CD8645FBB98F4"
"ColegaTeste","Assets\RecursosUnificados\ColegaTeste\ProjetoPlayerJhonas\TextMesh Pro\Shaders\TMPro.cginc","TMPro.cginc",".cginc","2361","7B5E42E957E80DDAC2C42CD49D15DC48C50B97A0E263248BE8A074D1B3C79543"
"ColegaTeste","Assets\RecursosUnificados\ColegaTeste\ProjetoPlayerJhonas\TextMesh Pro\Shaders\TMPro_Mobile.cginc","TMPro_Mobile.cginc",".cginc","5618","E3D42E5E7C32DAD5B41FFB4F03D4E7D9382924AFF35D470F46E31D291230385A"
"ColegaTeste","Assets\RecursosUnificados\ColegaTeste\ProjetoPlayerJhonas\TextMesh Pro\Shaders\TMPro_Properties.cginc","TMPro_Properties.cginc",".cginc","2787","18D4FA11C9B205459B6BC217B703C5FDEA9875D7A022F6394A0DD18AC3CD0BE4"
"ColegaTeste","Assets\RecursosUnificados\ColegaTeste\ProjetoPlayerJhonas\TextMesh Pro\Shaders\TMPro_Surface.cginc","TMPro_Surface.cginc",".cginc","3614","3441F62BFB1F6F186118296F5CFD73E84F84776D0551B5195F18542E459B8F4B"
"ColegaTeste","Assets\RecursosUnificados\ColegaTeste\ProjetoPlayerJhonas\TextMesh Pro\Shaders\TMP_Bitmap-Custom-Atlas.shader","TMP_Bitmap-Custom-Atlas.shader",".shader","3981","4FDE41F9B01DF2F31D54C5DDFA7703CA63EC89BBA6615EA439C63E76F84F7B4B"
"ColegaTeste","Assets\RecursosUnificados\ColegaTeste\ProjetoPlayerJhonas\TextMesh Pro\Shaders\TMP_Bitmap-Mobile.shader","TMP_Bitmap-Mobile.shader",".shader","4226","D90E395A82303E7C048FE708F8CC76D2C4B304D723C942E8C1C85C30A28ACDFF"
"ColegaTeste","Assets\RecursosUnificados\ColegaTeste\ProjetoPlayerJhonas\TextMesh Pro\Shaders\TMP_Bitmap.shader","TMP_Bitmap.shader",".shader","3984","1D88CBC0FD9F6D1189E6883B6A41433397A8D7FA2C6C267664AF89F87687F050"
"ColegaTeste","Assets\RecursosUnificados\ColegaTeste\ProjetoPlayerJhonas\TextMesh Pro\Shaders\TMP_SDF Overlay.shader","TMP_SDF Overlay.shader",".shader","11380","09602D3DD3834E7495FA233EE09A32C0AF2E072DB6F832B882C2B72014C56D6D"
"ColegaTeste","Assets\RecursosUnificados\ColegaTeste\ProjetoPlayerJhonas\TextMesh Pro\Shaders\TMP_SDF SSD.shader","TMP_SDF SSD.shader",".shader","12759","02651D722125000A33EF3EEDB32773038F878F6D8563B3E2B45AF1E38859CDF4"
"ColegaTeste","Assets\RecursosUnificados\ColegaTeste\ProjetoPlayerJhonas\TextMesh Pro\Shaders\TMP_SDF-HDRP LIT.shadergraph","TMP_SDF-HDRP LIT.shadergraph",".shadergraph","299501","5D6BC7A7E8C31CF498E54C9828435815F18E044B898139EB9B491F08461F80A1"
"ColegaTeste","Assets\RecursosUnificados\ColegaTeste\ProjetoPlayerJhonas\TextMesh Pro\Shaders\TMP_SDF-HDRP UNLIT.shadergraph","TMP_SDF-HDRP UNLIT.shadergraph",".shadergraph","291668","2506122540A83F3FBD7FECC073CA4EB6ED43A58A9D8B59CAA135E66580B0C956"
"ColegaTeste","Assets\RecursosUnificados\ColegaTeste\ProjetoPlayerJhonas\TextMesh Pro\Shaders\TMP_SDF-Mobile Masking.shader","TMP_SDF-Mobile Masking.shader",".shader","8531","B3EAE5BE517F376299ED9152D78FBD6879E2C9A8F35A4B9A133B65BB9254CE18"
"ColegaTeste","Assets\RecursosUnificados\ColegaTeste\ProjetoPlayerJhonas\TextMesh Pro\Shaders\TMP_SDF-Mobile Overlay.shader","TMP_SDF-Mobile Overlay.shader",".shader","8333","2AB40B8067E36D4B6F262BB3485203788B6B0E9C7521BAE69CC47B2A05FB2B0A"
"ColegaTeste","Assets\RecursosUnificados\ColegaTeste\ProjetoPlayerJhonas\TextMesh Pro\Shaders\TMP_SDF-Mobile SSD.shader","TMP_SDF-Mobile SSD.shader",".shader","3170","C8DE13A7886EDDFC4F6994EA40B4042721F1238EEE89A0FF4C29E32D33FAEFA2"
"ColegaTeste","Assets\RecursosUnificados\ColegaTeste\ProjetoPlayerJhonas\TextMesh Pro\Shaders\TMP_SDF-Mobile-2-Pass.shader","TMP_SDF-Mobile-2-Pass.shader",".shader","12184","58F1BA5A662FC0F432E4BCDEA9E1656A80352C5613F3339D4A8D3DAB0003AEB8"
"ColegaTeste","Assets\RecursosUnificados\ColegaTeste\ProjetoPlayerJhonas\TextMesh Pro\Shaders\TMP_SDF-Mobile.shader","TMP_SDF-Mobile.shader",".shader","8324","EA5BB3F5540DE2FBA59704D7F31382CF884595980E0B99C05A083873B9E26E3B"
"ColegaTeste","Assets\RecursosUnificados\ColegaTeste\ProjetoPlayerJhonas\TextMesh Pro\Shaders\TMP_SDF-Surface-Mobile.shader","TMP_SDF-Surface-Mobile.shader",".shader","3662","0C2DB2EA36E79E533E52AB847BC39BEBAB06285246955A4B2FF6EA546EE7A1B3"
"ColegaTeste","Assets\RecursosUnificados\ColegaTeste\ProjetoPlayerJhonas\TextMesh Pro\Shaders\TMP_SDF-Surface.shader","TMP_SDF-Surface.shader",".shader","4512","F10ECE0FCE4433A45F601FD84B79B74AE82B275910BE8D9AA7C09390AA58A668"
"ColegaTeste","Assets\RecursosUnificados\ColegaTeste\ProjetoPlayerJhonas\TextMesh Pro\Shaders\TMP_SDF-URP Lit.shadergraph","TMP_SDF-URP Lit.shadergraph",".shadergraph","295798","D7816AC9C8E4C6BFB579B3101C1826C46F333279C96F69F5734160FC8F68E80A"
"ColegaTeste","Assets\RecursosUnificados\ColegaTeste\ProjetoPlayerJhonas\TextMesh Pro\Shaders\TMP_SDF-URP Unlit.shadergraph","TMP_SDF-URP Unlit.shadergraph",".shadergraph","288641","73C1CC198DE82CB5B7522618D29FFC47A307F0DFB5CB34AB9C86BF9A84D26E4D"
"ColegaTeste","Assets\RecursosUnificados\ColegaTeste\ProjetoPlayerJhonas\TextMesh Pro\Shaders\TMP_SDF.shader","TMP_SDF.shader",".shader","11353","142C6E313F6731976CAD18CFB5B283B3942CCE97DD6345AC4FE5A7CF572E7FD5"
"ColegaTeste","Assets\RecursosUnificados\ColegaTeste\ProjetoPlayerJhonas\TextMesh Pro\Shaders\TMP_Sprite.shader","TMP_Sprite.shader",".shader","3577","B8606378647FC693029A0AD8EA7C3D162E1BFE1FF54F2F53F4AB158C9DDB6199"
"ColegaTeste","Assets\RecursosUnificados\ColegaTeste\ProjetoPlayerJhonas\TextMesh Pro\Sprites\EmojiOne Attribution.txt","EmojiOne Attribution.txt",".txt","187","095907D2631301D08DBFF9388FC0C278904FD86E18BA76BB0D401A790ADE8F83"
"ColegaTeste","Assets\RecursosUnificados\ColegaTeste\ProjetoPlayerJhonas\TextMesh Pro\Sprites\EmojiOne.json","EmojiOne.json",".json","4122","FA35C4A1B7CFC12E872BCBA7D0D20702077A5478472B87D619B2C72BF5BB48D0"
"ColegaTeste","Assets\RecursosUnificados\ColegaTeste\ProjetoTesteAssets\267590104_150270120673638_5470962951629744253_n.jpg","267590104_150270120673638_5470962951629744253_n.jpg",".jpg","74336","417FD7872090CBD3DC9110C318FB818F7BBEA996A6EB595FED87F67483BE9C14"
"ColegaTeste","Assets\RecursosUnificados\ColegaTeste\ProjetoTesteAssets\Brick.asset","Brick.asset",".asset","4387","04F1C3839CB2B7372E347C698E22B003D014DD44269202E15762EDA627F440AD"
"ColegaTeste","Assets\RecursosUnificados\ColegaTeste\ProjetoTesteAssets\Dungeon Tile Set.png","Dungeon Tile Set.png",".png","13275","315508F7745691A1927FAB2DF06E27CD7FA51B8FBA47D713D4FFB3CBBF0A6A89"
"ColegaTeste","Assets\RecursosUnificados\ColegaTeste\ProjetoTesteAssets\sprite_de_chao.png","sprite_de_chao.png",".png","1231581","5C22FD6C57A526A39D7F3C7A15CBBCA010B06E4C411F5C2A97A75C24774718B7"
"ColegaTeste","Assets\RecursosUnificados\ColegaTeste\ProjetoTesteAssets\TileMap.prefab","TileMap.prefab",".prefab","72603","3D9817F78134D96AFD87E547195A6A9631291849316D99507F7BF898DAF949D1"
"ColegaTeste","Assets\RecursosUnificados\ColegaTeste\ProjetoTesteAssets\UniversalRenderPipelineGlobalSettings.asset","UniversalRenderPipelineGlobalSettings.asset",".asset","25727","F09713170795944C8907E5BEE0ED874FD1D39CC3C266682F389CF4925B20189E"
"ColegaTeste","Assets\RecursosUnificados\ColegaTeste\ProjetoTesteAssets\Tiles\Dungeon Tile Set_0.asset","Dungeon Tile Set_0.asset",".asset","870","9F0A2C9420DE0F538561B4D7B78767196804A4C51A24B0B59827093AE3C3181A"
"ColegaTeste","Assets\RecursosUnificados\ColegaTeste\ProjetoTesteAssets\Tiles\Dungeon Tile Set_1.asset","Dungeon Tile Set_1.asset",".asset","871","30F67026CA9D6E5E2F411C18872B359C332FAC07D37B8FDDD5AA5D034985027E"
"ColegaTeste","Assets\RecursosUnificados\ColegaTeste\ProjetoTesteAssets\Tiles\Dungeon Tile Set_10.asset","Dungeon Tile Set_10.asset",".asset","871","625FBC184911B73D5C5BD68588779414C889F9CC2B447CA366A9A59568F57185"
"ColegaTeste","Assets\RecursosUnificados\ColegaTeste\ProjetoTesteAssets\Tiles\Dungeon Tile Set_100.asset","Dungeon Tile Set_100.asset",".asset","863","4A95D9F962347996CAE5D93738AC9EFE267C4B2FA273CE37AFF185DB41AC1481"
"ColegaTeste","Assets\RecursosUnificados\ColegaTeste\ProjetoTesteAssets\Tiles\Dungeon Tile Set_101.asset","Dungeon Tile Set_101.asset",".asset","863","01A5C0741DF174AA924EE2F37401FEA0EA1E2854A34F23FFDC2AB590BE207BCA"
"ColegaTeste","Assets\RecursosUnificados\ColegaTeste\ProjetoTesteAssets\Tiles\Dungeon Tile Set_102.asset","Dungeon Tile Set_102.asset",".asset","863","891617AE4AFFE29AFBDCC01CA537E7F64C5D8EE9BB894E6A7109362268AD01A1"
"ColegaTeste","Assets\RecursosUnificados\ColegaTeste\ProjetoTesteAssets\Tiles\Dungeon Tile Set_103.asset","Dungeon Tile Set_103.asset",".asset","862","F1EE46D6785B326E4F077091021548DEAD13AE0B31C8B4952E02EDF952F05174"
"ColegaTeste","Assets\RecursosUnificados\ColegaTeste\ProjetoTesteAssets\Tiles\Dungeon Tile Set_104.asset","Dungeon Tile Set_104.asset",".asset","862","09B86F0A4B82E4B64B1195F6899ABB94517084AE03921FBCDFC2A2C5672E1384"
"ColegaTeste","Assets\RecursosUnificados\ColegaTeste\ProjetoTesteAssets\Tiles\Dungeon Tile Set_105.asset","Dungeon Tile Set_105.asset",".asset","863","C71377B82EAB71DA5465F5E2699F610B2BA49440E5E22B7A76E2878803EBDA6B"
"ColegaTeste","Assets\RecursosUnificados\ColegaTeste\ProjetoTesteAssets\Tiles\Dungeon Tile Set_106.asset","Dungeon Tile Set_106.asset",".asset","864","7D8F9526016FBACF2BA47170BDAAC152581A6D61CBA4E00489BC60513E51C1AC"
"ColegaTeste","Assets\RecursosUnificados\ColegaTeste\ProjetoTesteAssets\Tiles\Dungeon Tile Set_107.asset","Dungeon Tile Set_107.asset",".asset","861","573901D2B3D8161BC7E99C90E5F57F747D50466CD7A8E993DB0F81B0323D369E"
"ColegaTeste","Assets\RecursosUnificados\ColegaTeste\ProjetoTesteAssets\Tiles\Dungeon Tile Set_108.asset","Dungeon Tile Set_108.asset",".asset","862","7BC5CCCE53E6FEC31355558FC68523AB96A04F44962890487BFF433B7C10341B"
"ColegaTeste","Assets\RecursosUnificados\ColegaTeste\ProjetoTesteAssets\Tiles\Dungeon Tile Set_109.asset","Dungeon Tile Set_109.asset",".asset","862","F552A792B0C3807E99328F3CF43E8648939D5637BED9AC47FEFE32A3355A51C2"
"ColegaTeste","Assets\RecursosUnificados\ColegaTeste\ProjetoTesteAssets\Tiles\Dungeon Tile Set_11.asset","Dungeon Tile Set_11.asset",".asset","871","0F089CEA4CA1FB8E1D95E23C6006B93F2C55C284D09E696679159B5AB1F031DD"
"ColegaTeste","Assets\RecursosUnificados\ColegaTeste\ProjetoTesteAssets\Tiles\Dungeon Tile Set_110.asset","Dungeon Tile Set_110.asset",".asset","863","8FB8F22D47E594DA7EA7AC3BB96B2794094429764A3DB7C77B18032C8DC514A9"
"ColegaTeste","Assets\RecursosUnificados\ColegaTeste\ProjetoTesteAssets\Tiles\Dungeon Tile Set_111 1.asset","Dungeon Tile Set_111 1.asset",".asset","889","3372A09F9B1BA91183198E65FF19BAFBD1BFF20F99C6E782B205EA92ACDABFDB"
"ColegaTeste","Assets\RecursosUnificados\ColegaTeste\ProjetoTesteAssets\Tiles\Dungeon Tile Set_111.asset","Dungeon Tile Set_111.asset",".asset","863","84BAC78DBDEFA9C7235467DE732514CF8A4C4297929E7990DF53868754D6F773"
"ColegaTeste","Assets\RecursosUnificados\ColegaTeste\ProjetoTesteAssets\Tiles\Dungeon Tile Set_112 1.asset","Dungeon Tile Set_112 1.asset",".asset","892","FA73A0D6D83985A70CAE1682FA94168CB9751D33827D958AAAA4688E1C8ECE39"
"ColegaTeste","Assets\RecursosUnificados\ColegaTeste\ProjetoTesteAssets\Tiles\Dungeon Tile Set_112.asset","Dungeon Tile Set_112.asset",".asset","863","28395D14BD72297BC1F6428AD7ABEF09205B0C0F8CFB3E1D1E6C7479461252B1"
"ColegaTeste","Assets\RecursosUnificados\ColegaTeste\ProjetoTesteAssets\Tiles\Dungeon Tile Set_113 1.asset","Dungeon Tile Set_113 1.asset",".asset","892","CB4A5DAFB3B63C236DF2A5FD4475A4D3B518A5423ED18136DA1CB4350A3D133F"
"ColegaTeste","Assets\RecursosUnificados\ColegaTeste\ProjetoTesteAssets\Tiles\Dungeon Tile Set_113.asset","Dungeon Tile Set_113.asset",".asset","863","70E61130FB182CE9872B1156EBDFE348D8AF07F238BCE942140F9DCB95C7C825"
"ColegaTeste","Assets\RecursosUnificados\ColegaTeste\ProjetoTesteAssets\Tiles\Dungeon Tile Set_114.asset","Dungeon Tile Set_114.asset",".asset","862","7E5593E2CC414B6D1D74B42EFD42DB017149508550AB9CD84CA6A49009CB6E5D"
"ColegaTeste","Assets\RecursosUnificados\ColegaTeste\ProjetoTesteAssets\Tiles\Dungeon Tile Set_115.asset","Dungeon Tile Set_115.asset",".asset","863","6EAD22C32F43DBAF5D55BD2A330993147A475A48E7DB7E1C9600B9DD1AA12791"
"ColegaTeste","Assets\RecursosUnificados\ColegaTeste\ProjetoTesteAssets\Tiles\Dungeon Tile Set_116.asset","Dungeon Tile Set_116.asset",".asset","863","A7DE061B874AC79C5E786D37181A2357058F375C179794D89997916036AE76A1"
"ColegaTeste","Assets\RecursosUnificados\ColegaTeste\ProjetoTesteAssets\Tiles\Dungeon Tile Set_117.asset","Dungeon Tile Set_117.asset",".asset","863","BD86DBD3547AB55E1572B502A9D845DC1F476FFF9204EE5C48C83FC0941BD69F"
"ColegaTeste","Assets\RecursosUnificados\ColegaTeste\ProjetoTesteAssets\Tiles\Dungeon Tile Set_118.asset","Dungeon Tile Set_118.asset",".asset","864","B831A104233D1FBE84FAF7C9D78AF15F59068C4BD412048DF55B4FF765735F61"
"ColegaTeste","Assets\RecursosUnificados\ColegaTeste\ProjetoTesteAssets\Tiles\Dungeon Tile Set_119.asset","Dungeon Tile Set_119.asset",".asset","863","22B40FCD715AD5DE3EA87E92257D29A240C57B80C41D46A4B607914B32D6B065"
"ColegaTeste","Assets\RecursosUnificados\ColegaTeste\ProjetoTesteAssets\Tiles\Dungeon Tile Set_12.asset","Dungeon Tile Set_12.asset",".asset","871","DAD18002CC40B2A0FA09D6CC5F2197382489AD02452C747E3623B1BF98E0899F"
"ColegaTeste","Assets\RecursosUnificados\ColegaTeste\ProjetoTesteAssets\Tiles\Dungeon Tile Set_120.asset","Dungeon Tile Set_120.asset",".asset","863","1B06CD4AFF0A44B36A11E9CE7288CC615C0BE64EB59A677ECA82778371686BC7"
"ColegaTeste","Assets\RecursosUnificados\ColegaTeste\ProjetoTesteAssets\Tiles\Dungeon Tile Set_121.asset","Dungeon Tile Set_121.asset",".asset","863","64246B9E6F3EDC006AFABA52047A31A1AC29CDD30B7E47F138ECD1A123C04F5D"
"ColegaTeste","Assets\RecursosUnificados\ColegaTeste\ProjetoTesteAssets\Tiles\Dungeon Tile Set_122.asset","Dungeon Tile Set_122.asset",".asset","863","7196778CF4F1DC9713EC5A86CFEF44C25FC265F7487ACC3FAD5283FE66342190"
"ColegaTeste","Assets\RecursosUnificados\ColegaTeste\ProjetoTesteAssets\Tiles\Dungeon Tile Set_123.asset","Dungeon Tile Set_123.asset",".asset","863","47894C5820E06D99F451A3CE8B91FA45612FFCA0CFF0560122D389DA7558E464"
"ColegaTeste","Assets\RecursosUnificados\ColegaTeste\ProjetoTesteAssets\Tiles\Dungeon Tile Set_124.asset","Dungeon Tile Set_124.asset",".asset","863","6EC11FE8FDCFDA7F10ACA9D612D471E2F506390A39EA9EEE8DF75716D4AA59EF"
"ColegaTeste","Assets\RecursosUnificados\ColegaTeste\ProjetoTesteAssets\Tiles\Dungeon Tile Set_125.asset","Dungeon Tile Set_125.asset",".asset","863","244323D5C7D6378371A00918A2C66D8CAC7B4D6D17B8E81AE393F75288A9A643"
"ColegaTeste","Assets\RecursosUnificados\ColegaTeste\ProjetoTesteAssets\Tiles\Dungeon Tile Set_126.asset","Dungeon Tile Set_126.asset",".asset","864","95954365419A1082E9DA79BCEC6FD80E098F13C376AD26010B6FFE6290D93F3A"
"ColegaTeste","Assets\RecursosUnificados\ColegaTeste\ProjetoTesteAssets\Tiles\Dungeon Tile Set_127.asset","Dungeon Tile Set_127.asset",".asset","862","ADF3B172239F170CF972AAF258250026193FF6750BF2860A5A5C6A576953C596"
"ColegaTeste","Assets\RecursosUnificados\ColegaTeste\ProjetoTesteAssets\Tiles\Dungeon Tile Set_128.asset","Dungeon Tile Set_128.asset",".asset","863","168E20CEC192C99E5FFE1C619F1B6C9D8B5402F4182558D6F61CEC078789FF6A"
"ColegaTeste","Assets\RecursosUnificados\ColegaTeste\ProjetoTesteAssets\Tiles\Dungeon Tile Set_129.asset","Dungeon Tile Set_129.asset",".asset","862","51ECBA2A244A458444C79C453B4BFBC92FE64B118DD6E12C617C55CCFC464067"
"ColegaTeste","Assets\RecursosUnificados\ColegaTeste\ProjetoTesteAssets\Tiles\Dungeon Tile Set_13.asset","Dungeon Tile Set_13.asset",".asset","872","EE4221F28410B964E159C055400A01C242EA8A45C1348BF1C419A13BD7C535DA"
"ColegaTeste","Assets\RecursosUnificados\ColegaTeste\ProjetoTesteAssets\Tiles\Dungeon Tile Set_130.asset","Dungeon Tile Set_130.asset",".asset","863","C8C7381867D7AA7FB1D05FB3AD9903D88479FF9D0C21F936F1A620ABD44D759A"
"ColegaTeste","Assets\RecursosUnificados\ColegaTeste\ProjetoTesteAssets\Tiles\Dungeon Tile Set_131.asset","Dungeon Tile Set_131.asset",".asset","862","DBD0F96EBEF196AB424D38A97BE302F47E602F2591344560B3FC0ED7346E4F8F"
"ColegaTeste","Assets\RecursosUnificados\ColegaTeste\ProjetoTesteAssets\Tiles\Dungeon Tile Set_132.asset","Dungeon Tile Set_132.asset",".asset","862","7DF03378859F2B16788A293D2CE7538A8436086AD70765B14C066FF5E8E16259"
"ColegaTeste","Assets\RecursosUnificados\ColegaTeste\ProjetoTesteAssets\Tiles\Dungeon Tile Set_14.asset","Dungeon Tile Set_14.asset",".asset","872","D8FC70F1F3960F4BB9A914CB493AE5BD2190F0AE6AC2D835F1BABBDE0877ED1F"
"ColegaTeste","Assets\RecursosUnificados\ColegaTeste\ProjetoTesteAssets\Tiles\Dungeon Tile Set_15.asset","Dungeon Tile Set_15.asset",".asset","871","A0E04758CBC7FF2B9544AC229893D51C179BC8283E5C661C761786FD349EDF51"
"ColegaTeste","Assets\RecursosUnificados\ColegaTeste\ProjetoTesteAssets\Tiles\Dungeon Tile Set_16.asset","Dungeon Tile Set_16.asset",".asset","872","D622769C2C57CE82BDB9D7CC45E25D89A03785B5251F6EECD07F2A359BB07BF7"
"ColegaTeste","Assets\RecursosUnificados\ColegaTeste\ProjetoTesteAssets\Tiles\Dungeon Tile Set_17.asset","Dungeon Tile Set_17.asset",".asset","870","4392E73608E3387CCA101F59BCC4AFCD1EB5F52BE4EBD5915F4EAEC2A9368081"
"ColegaTeste","Assets\RecursosUnificados\ColegaTeste\ProjetoTesteAssets\Tiles\Dungeon Tile Set_18.asset","Dungeon Tile Set_18.asset",".asset","872","519FCA7D4B28579174A29DBFF0B8560CF0993535892954138BB7584D4D74714B"
"ColegaTeste","Assets\RecursosUnificados\ColegaTeste\ProjetoTesteAssets\Tiles\Dungeon Tile Set_19.asset","Dungeon Tile Set_19.asset",".asset","872","BABE529C29397AAAC7B30D5B7AEB008A2D87BA04A6D5CF21F3B05340C12E088B"
"ColegaTeste","Assets\RecursosUnificados\ColegaTeste\ProjetoTesteAssets\Tiles\Dungeon Tile Set_2.asset","Dungeon Tile Set_2.asset",".asset","870","FDD4CED9F956092DE8D248C4EAEC45555CF9741AC69CE0978DFF3B1803BC7A6F"
"ColegaTeste","Assets\RecursosUnificados\ColegaTeste\ProjetoTesteAssets\Tiles\Dungeon Tile Set_20.asset","Dungeon Tile Set_20.asset",".asset","871","84574C96C195D6FF8AC220CAD6093F0D041F2912FA7AB0B823EF48F71B819C40"
"ColegaTeste","Assets\RecursosUnificados\ColegaTeste\ProjetoTesteAssets\Tiles\Dungeon Tile Set_21.asset","Dungeon Tile Set_21.asset",".asset","872","01BEAD8797B650594BFC739EDD2147AA405241DB8FE67212E214A5B8593B8167"
"ColegaTeste","Assets\RecursosUnificados\ColegaTeste\ProjetoTesteAssets\Tiles\Dungeon Tile Set_22.asset","Dungeon Tile Set_22.asset",".asset","871","F59EBCFD9E5E966651BEC542807064304CC5506D6926F1AD767FF7353BB4AF41"
"ColegaTeste","Assets\RecursosUnificados\ColegaTeste\ProjetoTesteAssets\Tiles\Dungeon Tile Set_23.asset","Dungeon Tile Set_23.asset",".asset","871","D5F83EB62F0C7ACB1CDF9492C8A547D40CD2E4C7E58405D28FFDE28FB53FD98C"
"ColegaTeste","Assets\RecursosUnificados\ColegaTeste\ProjetoTesteAssets\Tiles\Dungeon Tile Set_24.asset","Dungeon Tile Set_24.asset",".asset","872","F91FACBFA1DA9FF88704A088BB1CBF96480AE2677B2A701E5DA054FA5F5024D0"
"ColegaTeste","Assets\RecursosUnificados\ColegaTeste\ProjetoTesteAssets\Tiles\Dungeon Tile Set_25.asset","Dungeon Tile Set_25.asset",".asset","871","6E39297D5FCA1392B99DC139B64644C0DCA957DB3E6A876095A010E8A0C4B663"
"ColegaTeste","Assets\RecursosUnificados\ColegaTeste\ProjetoTesteAssets\Tiles\Dungeon Tile Set_26.asset","Dungeon Tile Set_26.asset",".asset","871","0387DFAC9326CD5ECECA9E62449997F4AF370490BDF720D13E57D88B02C53A61"
"ColegaTeste","Assets\RecursosUnificados\ColegaTeste\ProjetoTesteAssets\Tiles\Dungeon Tile Set_27.asset","Dungeon Tile Set_27.asset",".asset","871","0009B02CB206A6B6AFF2C805FA06B6D731FA5AEC8ED4C7AA38A6A8D19A9F165D"
"ColegaTeste","Assets\RecursosUnificados\ColegaTeste\ProjetoTesteAssets\Tiles\Dungeon Tile Set_28.asset","Dungeon Tile Set_28.asset",".asset","872","DB4FF0AA8DD5165FCA35DADC0D93A2013A90D97A6F2301CADA4FB98C791BBB2B"
"ColegaTeste","Assets\RecursosUnificados\ColegaTeste\ProjetoTesteAssets\Tiles\Dungeon Tile Set_29.asset","Dungeon Tile Set_29.asset",".asset","863","C30184B401CEE2270D79325119B6EAC12DCAF08E42C4D37FE3422863FC368C2D"
"ColegaTeste","Assets\RecursosUnificados\ColegaTeste\ProjetoTesteAssets\Tiles\Dungeon Tile Set_3.asset","Dungeon Tile Set_3.asset",".asset","871","F492408AC6EEA6E1F589E5F77200EA111DDEF14BEC1F30748E53AA4ED7E26E92"
"ColegaTeste","Assets\RecursosUnificados\ColegaTeste\ProjetoTesteAssets\Tiles\Dungeon Tile Set_30.asset","Dungeon Tile Set_30.asset",".asset","862","B50A45090DFA39357972A6E1890F9CAD2C16790440E3E747104D56B98468E919"
"ColegaTeste","Assets\RecursosUnificados\ColegaTeste\ProjetoTesteAssets\Tiles\Dungeon Tile Set_31.asset","Dungeon Tile Set_31.asset",".asset","862","4C9ACF10763256C2B83B0FC59D85FD6B17BCECA96100335603078CC38F821564"
"ColegaTeste","Assets\RecursosUnificados\ColegaTeste\ProjetoTesteAssets\Tiles\Dungeon Tile Set_32.asset","Dungeon Tile Set_32.asset",".asset","862","6B7E984F28CCD3B6DC9581A6C4CFA045684B781A583E94C53349953C033BD910"
"ColegaTeste","Assets\RecursosUnificados\ColegaTeste\ProjetoTesteAssets\Tiles\Dungeon Tile Set_33.asset","Dungeon Tile Set_33.asset",".asset","863","3F91CBC747B0E623DC99435AA4739E50A30BD793025E9DAF88AD0FF6B6FFF39E"
"ColegaTeste","Assets\RecursosUnificados\ColegaTeste\ProjetoTesteAssets\Tiles\Dungeon Tile Set_34.asset","Dungeon Tile Set_34.asset",".asset","863","549A29429B88F5DE6A93CD233124F05A1502234641AC399137269E3F1CB3D74D"
"ColegaTeste","Assets\RecursosUnificados\ColegaTeste\ProjetoTesteAssets\Tiles\Dungeon Tile Set_35.asset","Dungeon Tile Set_35.asset",".asset","861","D4DDA380D494865554F35497D311D4E45EC46CE3901253E1577FD6BC28CDABC3"
"ColegaTeste","Assets\RecursosUnificados\ColegaTeste\ProjetoTesteAssets\Tiles\Dungeon Tile Set_36.asset","Dungeon Tile Set_36.asset",".asset","861","EF6FED5B46E5F5515D2394EFE66756A4AF978DC1188E8663FE51CE2C10F48202"
"ColegaTeste","Assets\RecursosUnificados\ColegaTeste\ProjetoTesteAssets\Tiles\Dungeon Tile Set_37.asset","Dungeon Tile Set_37.asset",".asset","862","32D15A4CDEB1FDB409A74D60C6C538D350EC83306325558E52C4B5E40A840FAA"
"ColegaTeste","Assets\RecursosUnificados\ColegaTeste\ProjetoTesteAssets\Tiles\Dungeon Tile Set_38.asset","Dungeon Tile Set_38.asset",".asset","862","3BDF1B18CA61D22EAC62B8EDFC055FEBBA941DF56F1EB175A04ACBA83C390981"
"ColegaTeste","Assets\RecursosUnificados\ColegaTeste\ProjetoTesteAssets\Tiles\Dungeon Tile Set_39.asset","Dungeon Tile Set_39.asset",".asset","861","CADC0E2B24B99842DA7E16B7D90C6B93DA0E71032C298ACA61FF619633E4B2FF"
"ColegaTeste","Assets\RecursosUnificados\ColegaTeste\ProjetoTesteAssets\Tiles\Dungeon Tile Set_4.asset","Dungeon Tile Set_4.asset",".asset","871","B1BD724205B38F6157C34D66D0CE971B4CB7140B2B05D3AFD83D6FD8D4C46ED1"
"ColegaTeste","Assets\RecursosUnificados\ColegaTeste\ProjetoTesteAssets\Tiles\Dungeon Tile Set_40.asset","Dungeon Tile Set_40.asset",".asset","863","CC960CD16DB9E5E6CB21D62ECFD7FA28F6D18C48D5CEC962A6703A0CC060DCD9"
"ColegaTeste","Assets\RecursosUnificados\ColegaTeste\ProjetoTesteAssets\Tiles\Dungeon Tile Set_41.asset","Dungeon Tile Set_41.asset",".asset","862","AB29891C4C8F9BE9FAB0396ACCD416AB19E18269FAC3713766CB03DEA639DCD9"
"ColegaTeste","Assets\RecursosUnificados\ColegaTeste\ProjetoTesteAssets\Tiles\Dungeon Tile Set_42.asset","Dungeon Tile Set_42.asset",".asset","863","38C6441299463797E43966535D6616EB73400B6D1E1C7DA424048F8BF38EBAAF"
"ColegaTeste","Assets\RecursosUnificados\ColegaTeste\ProjetoTesteAssets\Tiles\Dungeon Tile Set_43.asset","Dungeon Tile Set_43.asset",".asset","863","F31B79A8D2D8B9F526A5C2A1CB02718B3F53C282BD1B470F1FB66F447F8C4A41"
"ColegaTeste","Assets\RecursosUnificados\ColegaTeste\ProjetoTesteAssets\Tiles\Dungeon Tile Set_44.asset","Dungeon Tile Set_44.asset",".asset","862","CC5ADB2A40F346E0872B2B1209505B3D93D964D031ABC74372BCB92D2D94EAAF"
"ColegaTeste","Assets\RecursosUnificados\ColegaTeste\ProjetoTesteAssets\Tiles\Dungeon Tile Set_45.asset","Dungeon Tile Set_45.asset",".asset","862","65E4555444B55BF1F2B3F2F8CB7E416937ED13F86459BC34D83F1F210D8515BD"
"ColegaTeste","Assets\RecursosUnificados\ColegaTeste\ProjetoTesteAssets\Tiles\Dungeon Tile Set_46.asset","Dungeon Tile Set_46.asset",".asset","862","61BBA9021703ABF438F7AECD65A81705088DADAD2A1BD0DD65626A93F617EC27"
"ColegaTeste","Assets\RecursosUnificados\ColegaTeste\ProjetoTesteAssets\Tiles\Dungeon Tile Set_47.asset","Dungeon Tile Set_47.asset",".asset","862","0C9E60D4E50D3DDE2933E1A447B0F57869DB0303EF349B2A359D4616792A53B9"
"ColegaTeste","Assets\RecursosUnificados\ColegaTeste\ProjetoTesteAssets\Tiles\Dungeon Tile Set_48.asset","Dungeon Tile Set_48.asset",".asset","862","8E3599757FA94F653F306707D411A5E685655EC20EEF61C800BB789BBB457DFF"
"ColegaTeste","Assets\RecursosUnificados\ColegaTeste\ProjetoTesteAssets\Tiles\Dungeon Tile Set_49.asset","Dungeon Tile Set_49.asset",".asset","862","AC904CDC3E81A725680B8BB659677DAB33863F20B3A5D24FC45B3FB41F1810B6"
"ColegaTeste","Assets\RecursosUnificados\ColegaTeste\ProjetoTesteAssets\Tiles\Dungeon Tile Set_5.asset","Dungeon Tile Set_5.asset",".asset","870","681223EA241639D92ED68A313E46E84B608FD1314E570952B011F386D46D510A"
"ColegaTeste","Assets\RecursosUnificados\ColegaTeste\ProjetoTesteAssets\Tiles\Dungeon Tile Set_50.asset","Dungeon Tile Set_50.asset",".asset","862","4D27BF8272139615577E8B12D5658FB1CA307DCE52AC83C8C44D29CC946541DA"
"ColegaTeste","Assets\RecursosUnificados\ColegaTeste\ProjetoTesteAssets\Tiles\Dungeon Tile Set_51.asset","Dungeon Tile Set_51.asset",".asset","862","837B1A792F400196C3E198DF8A52B26FA21FA7EBBBD23DB5EAEF1BA056613FD0"
"ColegaTeste","Assets\RecursosUnificados\ColegaTeste\ProjetoTesteAssets\Tiles\Dungeon Tile Set_52.asset","Dungeon Tile Set_52.asset",".asset","861","E439690906466692558BE97D9A622760D5AC9D164B0D4124DB407B54D9FADBE2"
"ColegaTeste","Assets\RecursosUnificados\ColegaTeste\ProjetoTesteAssets\Tiles\Dungeon Tile Set_53.asset","Dungeon Tile Set_53.asset",".asset","861","2AB8E0AFA1219AC77FF510142F19A0BE613E5D3B08D94887FE66F1179BA4772E"
"ColegaTeste","Assets\RecursosUnificados\ColegaTeste\ProjetoTesteAssets\Tiles\Dungeon Tile Set_54.asset","Dungeon Tile Set_54.asset",".asset","862","75EF05F1EBBB285ECFFF3FCE577ACF1E806A6A4D1B4758D96EECB8E38BDE0F20"
"ColegaTeste","Assets\RecursosUnificados\ColegaTeste\ProjetoTesteAssets\Tiles\Dungeon Tile Set_55.asset","Dungeon Tile Set_55.asset",".asset","862","49E31514A8CCC4D363F22A947E37FC146A35C4269357AF4C51A9A24C3584C521"
"ColegaTeste","Assets\RecursosUnificados\ColegaTeste\ProjetoTesteAssets\Tiles\Dungeon Tile Set_56.asset","Dungeon Tile Set_56.asset",".asset","861","3ECC69E6A9981919CE844D0B71C73CBC4C1723587F5EFFE61928314EA9F9B17B"
"ColegaTeste","Assets\RecursosUnificados\ColegaTeste\ProjetoTesteAssets\Tiles\Dungeon Tile Set_57.asset","Dungeon Tile Set_57.asset",".asset","861","F25E8AEBBD4149EEF7D26FBE9BA241BB70A8F3734A74E7D7BCF49D5D06596ED2"
"ColegaTeste","Assets\RecursosUnificados\ColegaTeste\ProjetoTesteAssets\Tiles\Dungeon Tile Set_58.asset","Dungeon Tile Set_58.asset",".asset","862","63BACD3AA009D9FB4626375DCAC6BD3192E81F2E3150D3B597968E04F09DA74A"
"ColegaTeste","Assets\RecursosUnificados\ColegaTeste\ProjetoTesteAssets\Tiles\Dungeon Tile Set_59.asset","Dungeon Tile Set_59.asset",".asset","862","D3207A45F8E0D8E118E60890C7E01740C74963D4965F3CF50810B1B0CABA5855"
"ColegaTeste","Assets\RecursosUnificados\ColegaTeste\ProjetoTesteAssets\Tiles\Dungeon Tile Set_6.asset","Dungeon Tile Set_6.asset",".asset","870","CC2FBD5040D1F486763DE08A2D10E308AD333B57CBD56161FD4C732FB8FFE7F2"
"ColegaTeste","Assets\RecursosUnificados\ColegaTeste\ProjetoTesteAssets\Tiles\Dungeon Tile Set_60.asset","Dungeon Tile Set_60.asset",".asset","863","F575C59A80CC3874CBE6A4E891AA6FD9D63EF20FBFE8AE20EEFC69FE0A8FF02C"
"ColegaTeste","Assets\RecursosUnificados\ColegaTeste\ProjetoTesteAssets\Tiles\Dungeon Tile Set_61.asset","Dungeon Tile Set_61.asset",".asset","863","B546FD111302756E80BEDD60876F02F9BA4E8616A0AEAA4A97F0E9F2DF204256"
"ColegaTeste","Assets\RecursosUnificados\ColegaTeste\ProjetoTesteAssets\Tiles\Dungeon Tile Set_62.asset","Dungeon Tile Set_62.asset",".asset","861","81A264613FB200C4D57F0268E5CB92640F9E9302051B4A380D3075572A7C5413"
"ColegaTeste","Assets\RecursosUnificados\ColegaTeste\ProjetoTesteAssets\Tiles\Dungeon Tile Set_63.asset","Dungeon Tile Set_63.asset",".asset","862","B61C8797E0650B9E1D91B607ED30B04B728AB423C90E782CAB21ED0242D12C3D"
"ColegaTeste","Assets\RecursosUnificados\ColegaTeste\ProjetoTesteAssets\Tiles\Dungeon Tile Set_64.asset","Dungeon Tile Set_64.asset",".asset","862","D7A9C2185D7BCC87D840405A09238ACBE4CC4445763248B8C89467AF3BA76DE9"
"ColegaTeste","Assets\RecursosUnificados\ColegaTeste\ProjetoTesteAssets\Tiles\Dungeon Tile Set_65.asset","Dungeon Tile Set_65.asset",".asset","863","B932876E067CD73A82A2F60F562C16AAFFB5EDC180DED15D437C0B6CAAF35858"
"ColegaTeste","Assets\RecursosUnificados\ColegaTeste\ProjetoTesteAssets\Tiles\Dungeon Tile Set_66.asset","Dungeon Tile Set_66.asset",".asset","862","206279B86F8044F4B53387BFEC79A754433FA4218C6ADA97030B69EEF98792A7"
"ColegaTeste","Assets\RecursosUnificados\ColegaTeste\ProjetoTesteAssets\Tiles\Dungeon Tile Set_67.asset","Dungeon Tile Set_67.asset",".asset","861","9B1A74D4A50B5D05C8C0445C0B2FF11C58BD9C935A3F0662390D7AA6A445E02E"
"ColegaTeste","Assets\RecursosUnificados\ColegaTeste\ProjetoTesteAssets\Tiles\Dungeon Tile Set_68.asset","Dungeon Tile Set_68.asset",".asset","862","4921DE190336D9A2092E7E6A87A313121E85B5A20E5A9F4B5024C7DA0B6F9D2C"
"ColegaTeste","Assets\RecursosUnificados\ColegaTeste\ProjetoTesteAssets\Tiles\Dungeon Tile Set_69.asset","Dungeon Tile Set_69.asset",".asset","862","442E8D5EC73FE1171A73BC30677AE3ABEA91C8A7464172B048660DB0574615D3"
"ColegaTeste","Assets\RecursosUnificados\ColegaTeste\ProjetoTesteAssets\Tiles\Dungeon Tile Set_7.asset","Dungeon Tile Set_7.asset",".asset","871","3EE61AC4AF43421F01013E26D09C82289B75879C9779E3DD8D46328D1EB59E2E"
"ColegaTeste","Assets\RecursosUnificados\ColegaTeste\ProjetoTesteAssets\Tiles\Dungeon Tile Set_70.asset","Dungeon Tile Set_70.asset",".asset","862","F8B33EDB8548088DB614605D500E3AD10248966ACCBF5DD3466F378052B3B2D7"
"ColegaTeste","Assets\RecursosUnificados\ColegaTeste\ProjetoTesteAssets\Tiles\Dungeon Tile Set_71.asset","Dungeon Tile Set_71.asset",".asset","862","9AE1F550F7DCDA03A5A0A7EE87C1FC2FA31D4023EB62CD4325534FDF10866990"
"ColegaTeste","Assets\RecursosUnificados\ColegaTeste\ProjetoTesteAssets\Tiles\Dungeon Tile Set_72.asset","Dungeon Tile Set_72.asset",".asset","861","B98D5A11138745FE1CEDD4C8AD788B63CF588DA9A2DBC6F4E7FA0E49CB10FBE8"
"ColegaTeste","Assets\RecursosUnificados\ColegaTeste\ProjetoTesteAssets\Tiles\Dungeon Tile Set_73.asset","Dungeon Tile Set_73.asset",".asset","862","09441A6D9300CAAA1572C3074D5EFE46BD50F1CF64A0DACCA1223D66150EDE4F"
"ColegaTeste","Assets\RecursosUnificados\ColegaTeste\ProjetoTesteAssets\Tiles\Dungeon Tile Set_74.asset","Dungeon Tile Set_74.asset",".asset","860","F1218A8BAA830A98221A36196D137CA50E0775ED6F0DA96A55C490E4B2ECFCB4"
"ColegaTeste","Assets\RecursosUnificados\ColegaTeste\ProjetoTesteAssets\Tiles\Dungeon Tile Set_75.asset","Dungeon Tile Set_75.asset",".asset","861","E11C7660191598FC7F81A7D660924A29ECDAD85CC09B349FFD72EA30E8638EB2"
"ColegaTeste","Assets\RecursosUnificados\ColegaTeste\ProjetoTesteAssets\Tiles\Dungeon Tile Set_76.asset","Dungeon Tile Set_76.asset",".asset","862","2895E518EEC13BD0C1FBF8C7885CDBBBE67ACD2EE59A14C9A2B0E29ED9DCE4A5"
"ColegaTeste","Assets\RecursosUnificados\ColegaTeste\ProjetoTesteAssets\Tiles\Dungeon Tile Set_77.asset","Dungeon Tile Set_77.asset",".asset","861","3F6B1C359B41C04AD4FBA03D8839E4C008157DBD6D5D52B153702892C6DCBCF6"
"ColegaTeste","Assets\RecursosUnificados\ColegaTeste\ProjetoTesteAssets\Tiles\Dungeon Tile Set_78.asset","Dungeon Tile Set_78.asset",".asset","861","E6419EF37E015BBEAED5203F7BE3706F3EC5E998C0F519A9AA4C3EBE67B89B66"
"ColegaTeste","Assets\RecursosUnificados\ColegaTeste\ProjetoTesteAssets\Tiles\Dungeon Tile Set_79.asset","Dungeon Tile Set_79.asset",".asset","862","E391CBD7C4715DAFF81B71F40CCE5CFAD5808DFBF8E4C2AC585B2F0E1356A4FA"
"ColegaTeste","Assets\RecursosUnificados\ColegaTeste\ProjetoTesteAssets\Tiles\Dungeon Tile Set_8.asset","Dungeon Tile Set_8.asset",".asset","870","6CF15FD5CE59435F9D8DBA3EDC0FA54DB48B015C896BE4D349C2BAD3D019AD99"
"ColegaTeste","Assets\RecursosUnificados\ColegaTeste\ProjetoTesteAssets\Tiles\Dungeon Tile Set_80.asset","Dungeon Tile Set_80.asset",".asset","862","57441831A62E245195A8CCEFCE3BEA91446979CAC8834A72653B25D058F8354D"
"ColegaTeste","Assets\RecursosUnificados\ColegaTeste\ProjetoTesteAssets\Tiles\Dungeon Tile Set_81.asset","Dungeon Tile Set_81.asset",".asset","863","C156B2BB7EFDC8114981F5DAFE2183B7001F25CB25C9B0E4653BF8927D2ABB88"
"ColegaTeste","Assets\RecursosUnificados\ColegaTeste\ProjetoTesteAssets\Tiles\Dungeon Tile Set_82.asset","Dungeon Tile Set_82.asset",".asset","861","D6A1F47F4E3DC594944D1562C034C7651C27AF662EB0E547003D82816D6FEDC6"
"ColegaTeste","Assets\RecursosUnificados\ColegaTeste\ProjetoTesteAssets\Tiles\Dungeon Tile Set_83.asset","Dungeon Tile Set_83.asset",".asset","862","D98F0EF76C98CB19AFF3F40FB7115239C997243932DC4202AFFE7E8340AE9942"
"ColegaTeste","Assets\RecursosUnificados\ColegaTeste\ProjetoTesteAssets\Tiles\Dungeon Tile Set_84.asset","Dungeon Tile Set_84.asset",".asset","863","FBE7A05CED799B8A37A413E63FAED2018E052DC157BB9016C8C38C6254FDDFCE"
"ColegaTeste","Assets\RecursosUnificados\ColegaTeste\ProjetoTesteAssets\Tiles\Dungeon Tile Set_85.asset","Dungeon Tile Set_85.asset",".asset","863","84EEB717ABEE382D27D3A7CDDEF2FEF855A51184A2C838AC74DA721755192C34"
"ColegaTeste","Assets\RecursosUnificados\ColegaTeste\ProjetoTesteAssets\Tiles\Dungeon Tile Set_86.asset","Dungeon Tile Set_86.asset",".asset","861","6B182115A575298FC1D82E0119246D5EEDFE6FA46C808FA4D56B2C237B749478"
"ColegaTeste","Assets\RecursosUnificados\ColegaTeste\ProjetoTesteAssets\Tiles\Dungeon Tile Set_87.asset","Dungeon Tile Set_87.asset",".asset","861","7B2498FBF874570D84A1F663AED675DE7A934A43A1F420F9BEBB01EB1AFBD1EB"
"ColegaTeste","Assets\RecursosUnificados\ColegaTeste\ProjetoTesteAssets\Tiles\Dungeon Tile Set_88.asset","Dungeon Tile Set_88.asset",".asset","860","526535409B3739870DC035C6847B4E098C6E66517F0E1521953C4BCB64A4B6D8"
"ColegaTeste","Assets\RecursosUnificados\ColegaTeste\ProjetoTesteAssets\Tiles\Dungeon Tile Set_89.asset","Dungeon Tile Set_89.asset",".asset","862","B76F4D1E09F559D2616E86AD2EC992D3A847E7D715F3951E79046718404ABBDB"
"ColegaTeste","Assets\RecursosUnificados\ColegaTeste\ProjetoTesteAssets\Tiles\Dungeon Tile Set_9.asset","Dungeon Tile Set_9.asset",".asset","870","36A8F3BB3EEFA9FFCC733BE1E2F21305B72F821D4EF6E32B2FD9CBA13286C15B"
"ColegaTeste","Assets\RecursosUnificados\ColegaTeste\ProjetoTesteAssets\Tiles\Dungeon Tile Set_90.asset","Dungeon Tile Set_90.asset",".asset","863","7F4749BC75510E16381B614DF5EDB7DF6DEBC0865D740D00F1CF61EE9CB4AE3B"
"ColegaTeste","Assets\RecursosUnificados\ColegaTeste\ProjetoTesteAssets\Tiles\Dungeon Tile Set_91.asset","Dungeon Tile Set_91.asset",".asset","861","A3393E5177C6374A1AB85626DEEFBB97084ED75DCC9E918B389668103385170E"
"ColegaTeste","Assets\RecursosUnificados\ColegaTeste\ProjetoTesteAssets\Tiles\Dungeon Tile Set_92.asset","Dungeon Tile Set_92.asset",".asset","862","1D10A938A6AA6307070BEA8976CF0737A15AB0B9081519333CEF8E1C4E10EF96"
"ColegaTeste","Assets\RecursosUnificados\ColegaTeste\ProjetoTesteAssets\Tiles\Dungeon Tile Set_93.asset","Dungeon Tile Set_93.asset",".asset","863","1BE2178FFE75173622532093E7CEC16605B43B1F8C59927791DE009D14D93967"
"ColegaTeste","Assets\RecursosUnificados\ColegaTeste\ProjetoTesteAssets\Tiles\Dungeon Tile Set_94.asset","Dungeon Tile Set_94.asset",".asset","862","FA227525B1FAF09E5724C2A5C4F1405DDB12844533CA38B6892650F6B8C79B01"
"ColegaTeste","Assets\RecursosUnificados\ColegaTeste\ProjetoTesteAssets\Tiles\Dungeon Tile Set_95.asset","Dungeon Tile Set_95.asset",".asset","862","41EDA09D8F363836A6E325A223184A6AE413E2CE582EDDDC68A578AF8ACC9E58"
"ColegaTeste","Assets\RecursosUnificados\ColegaTeste\ProjetoTesteAssets\Tiles\Dungeon Tile Set_96.asset","Dungeon Tile Set_96.asset",".asset","862","BC7F8ECB095BF4DF1D7D1FE4F90D85424D9938D38E30AAE09EFEA04549AE042A"
"ColegaTeste","Assets\RecursosUnificados\ColegaTeste\ProjetoTesteAssets\Tiles\Dungeon Tile Set_97.asset","Dungeon Tile Set_97.asset",".asset","861","F2FC51861DFADB2A3B7FB5E260E50C23135D210043213CBD09D40758EA36D83E"
"ColegaTeste","Assets\RecursosUnificados\ColegaTeste\ProjetoTesteAssets\Tiles\Dungeon Tile Set_98.asset","Dungeon Tile Set_98.asset",".asset","861","A33934994CE9FFA7B9F35E593B6151DB50D19D7FF58CF0CE5834C33870567E70"
"ColegaTeste","Assets\RecursosUnificados\ColegaTeste\ProjetoTesteAssets\Tiles\Dungeon Tile Set_99.asset","Dungeon Tile Set_99.asset",".asset","863","2CBEA636296979EF42DECC567B6CC1FE2C7FE476B8F4C12AA27C6C9BAF254D9D"
"ColegaTeste","Assets\RecursosUnificados\ColegaTeste\Scenes\CenaDoColega.unity","CenaDoColega.unity",".unity","7488763","4305B84217CB9508702E4471B0FE0CC6387E943E3012F582B27CA68696B7B4FE"
"ColegaTeste","Assets\RecursosUnificados\ColegaTeste\Scenes\CenaDoCT.unity","CenaDoCT.unity",".unity","57663","8D9F4546F4EA622669F1244A52BEE707A5FB9CE572AF124FAAA5E10022C24E6E"
"ColegaTeste","Assets\RecursosUnificados\ColegaTeste\Scenes\Mapa_Base.unity","Mapa_Base.unity",".unity","6012","20EC167A8AF5415FC623EB1B2B817D4B019DF9F010074BD11E79C8F7D5057D79"
"ColegaTeste","Assets\RecursosUnificados\ColegaTeste\Scenes\SampleScene.unity","SampleScene.unity",".unity","4000462","30DDC19164810FC57AAAD120BB03DE728EF525B6107927B28CF07CC637C148A3"
"ColegaTeste","Assets\RecursosUnificados\ColegaTeste\_Recovery\0.unity","0.unity",".unity","174302","C2FD48832B14BAC69E84CA4D1360671A9112B5C43B861B0B6AAE658D04F23D88"
